algorithm,message_size_bytes,iteration,latency_ns
chacha20-poly1305,128,0,32900
chacha20-poly1305,128,1,35100
chacha20-poly1305,128,2,32500
chacha20-poly1305,128,3,32800
chacha20-poly1305,128,4,32300
chacha20-poly1305,128,5,32600
chacha20-poly1305,128,6,32300
chacha20-poly1305,128,7,32400
chacha20-poly1305,128,8,32000
chacha20-poly1305,128,9,32300
chacha20-poly1305,128,10,32100
chacha20-poly1305,128,11,32200
chacha20-poly1305,128,12,32600
chacha20-poly1305,128,13,32100
chacha20-poly1305,128,14,32700
chacha20-poly1305,128,15,32200
chacha20-poly1305,128,16,32300
chacha20-poly1305,128,17,34000
chacha20-poly1305,128,18,32100
chacha20-poly1305,128,19,32300
chacha20-poly1305,128,20,32200
chacha20-poly1305,128,21,32300
chacha20-poly1305,128,22,33000
chacha20-poly1305,128,23,32500
chacha20-poly1305,128,24,32300
chacha20-poly1305,128,25,32300
chacha20-poly1305,128,26,31900
chacha20-poly1305,128,27,32100
chacha20-poly1305,128,28,32500
chacha20-poly1305,128,29,32300
chacha20-poly1305,128,30,32200
chacha20-poly1305,128,31,32200
chacha20-poly1305,128,32,32300
chacha20-poly1305,128,33,32300
chacha20-poly1305,128,34,32400
chacha20-poly1305,128,35,32200
chacha20-poly1305,128,36,32100
chacha20-poly1305,128,37,32300
chacha20-poly1305,128,38,32300
chacha20-poly1305,128,39,32400
chacha20-poly1305,128,40,32100
chacha20-poly1305,128,41,32500
chacha20-poly1305,128,42,32100
chacha20-poly1305,128,43,32200
chacha20-poly1305,128,44,32200
chacha20-poly1305,128,45,32100
chacha20-poly1305,128,46,32300
chacha20-poly1305,128,47,32200
chacha20-poly1305,128,48,32200
chacha20-poly1305,128,49,32200
chacha20-poly1305,128,50,32300
chacha20-poly1305,128,51,32100
chacha20-poly1305,128,52,33000
chacha20-poly1305,128,53,32400
chacha20-poly1305,128,54,32300
chacha20-poly1305,128,55,32400
chacha20-poly1305,128,56,32500
chacha20-poly1305,128,57,32500
chacha20-poly1305,128,58,31900
chacha20-poly1305,128,59,32500
chacha20-poly1305,128,60,32300
chacha20-poly1305,128,61,32300
chacha20-poly1305,128,62,32800
chacha20-poly1305,128,63,98800
chacha20-poly1305,128,64,146900
chacha20-poly1305,128,65,71100
chacha20-poly1305,128,66,36300
chacha20-poly1305,128,67,32900
chacha20-poly1305,128,68,32500
chacha20-poly1305,128,69,32400
chacha20-poly1305,128,70,32300
chacha20-poly1305,128,71,32200
chacha20-poly1305,128,72,32300
chacha20-poly1305,128,73,33000
chacha20-poly1305,128,74,32500
chacha20-poly1305,128,75,32600
chacha20-poly1305,128,76,32100
chacha20-poly1305,128,77,32500
chacha20-poly1305,128,78,32200
chacha20-poly1305,128,79,32500
chacha20-poly1305,128,80,32100
chacha20-poly1305,128,81,32400
chacha20-poly1305,128,82,32400
chacha20-poly1305,128,83,32000
chacha20-poly1305,128,84,32600
chacha20-poly1305,128,85,32100
chacha20-poly1305,128,86,32800
chacha20-poly1305,128,87,32600
chacha20-poly1305,128,88,32900
chacha20-poly1305,128,89,32700
chacha20-poly1305,128,90,32600
chacha20-poly1305,128,91,32800
chacha20-poly1305,128,92,32900
chacha20-poly1305,128,93,32800
chacha20-poly1305,128,94,32900
chacha20-poly1305,128,95,32600
chacha20-poly1305,128,96,32300
chacha20-poly1305,128,97,32200
chacha20-poly1305,128,98,32300
chacha20-poly1305,128,99,32400
chacha20-poly1305,128,100,32300
chacha20-poly1305,128,101,31700
chacha20-poly1305,128,102,32500
chacha20-poly1305,128,103,31700
chacha20-poly1305,128,104,32900
chacha20-poly1305,128,105,32400
chacha20-poly1305,128,106,32100
chacha20-poly1305,128,107,31800
chacha20-poly1305,128,108,32100
chacha20-poly1305,128,109,32000
chacha20-poly1305,128,110,32300
chacha20-poly1305,128,111,32400
chacha20-poly1305,128,112,32100
chacha20-poly1305,128,113,32200
chacha20-poly1305,128,114,32600
chacha20-poly1305,128,115,32300
chacha20-poly1305,128,116,34400
chacha20-poly1305,128,117,32700
chacha20-poly1305,128,118,32800
chacha20-poly1305,128,119,32000
chacha20-poly1305,128,120,32000
chacha20-poly1305,128,121,32200
chacha20-poly1305,128,122,32300
chacha20-poly1305,128,123,31800
chacha20-poly1305,128,124,32800
chacha20-poly1305,128,125,31900
chacha20-poly1305,128,126,32200
chacha20-poly1305,128,127,32300
chacha20-poly1305,128,128,32000
chacha20-poly1305,128,129,32500
chacha20-poly1305,128,130,32300
chacha20-poly1305,128,131,32400
chacha20-poly1305,128,132,31400
chacha20-poly1305,128,133,32200
chacha20-poly1305,128,134,32200
chacha20-poly1305,128,135,32300
chacha20-poly1305,128,136,32200
chacha20-poly1305,128,137,32000
chacha20-poly1305,128,138,32400
chacha20-poly1305,128,139,32400
chacha20-poly1305,128,140,31800
chacha20-poly1305,128,141,32300
chacha20-poly1305,128,142,32500
chacha20-poly1305,128,143,31700
chacha20-poly1305,128,144,32500
chacha20-poly1305,128,145,32300
chacha20-poly1305,128,146,32000
chacha20-poly1305,128,147,35200
chacha20-poly1305,128,148,209900
chacha20-poly1305,128,149,173700
chacha20-poly1305,128,150,143500
chacha20-poly1305,128,151,157700
chacha20-poly1305,128,152,65500
chacha20-poly1305,128,153,85900
chacha20-poly1305,128,154,127100
chacha20-poly1305,128,155,62200
chacha20-poly1305,128,156,36500
chacha20-poly1305,128,157,33100
chacha20-poly1305,128,158,33000
chacha20-poly1305,128,159,32500
chacha20-poly1305,128,160,31600
chacha20-poly1305,128,161,32300
chacha20-poly1305,128,162,32400
chacha20-poly1305,128,163,32400
chacha20-poly1305,128,164,32500
chacha20-poly1305,128,165,32400
chacha20-poly1305,128,166,31900
chacha20-poly1305,128,167,32900
chacha20-poly1305,128,168,32200
chacha20-poly1305,128,169,32200
chacha20-poly1305,128,170,32100
chacha20-poly1305,128,171,32100
chacha20-poly1305,128,172,32500
chacha20-poly1305,128,173,32000
chacha20-poly1305,128,174,32100
chacha20-poly1305,128,175,32200
chacha20-poly1305,128,176,32500
chacha20-poly1305,128,177,31700
chacha20-poly1305,128,178,32400
chacha20-poly1305,128,179,32300
chacha20-poly1305,128,180,33700
chacha20-poly1305,128,181,32300
chacha20-poly1305,128,182,32500
chacha20-poly1305,128,183,32800
chacha20-poly1305,128,184,32000
chacha20-poly1305,128,185,32700
chacha20-poly1305,128,186,32100
chacha20-poly1305,128,187,32100
chacha20-poly1305,128,188,32400
chacha20-poly1305,128,189,32300
chacha20-poly1305,128,190,31600
chacha20-poly1305,128,191,32100
chacha20-poly1305,128,192,32300
chacha20-poly1305,128,193,32100
chacha20-poly1305,128,194,32300
chacha20-poly1305,128,195,31600
chacha20-poly1305,128,196,32400
chacha20-poly1305,128,197,32500
chacha20-poly1305,128,198,32200
chacha20-poly1305,128,199,32500
chacha20-poly1305,128,200,31600
chacha20-poly1305,128,201,33100
chacha20-poly1305,128,202,32200
chacha20-poly1305,128,203,34100
chacha20-poly1305,128,204,32600
chacha20-poly1305,128,205,32500
chacha20-poly1305,128,206,32100
chacha20-poly1305,128,207,31900
chacha20-poly1305,128,208,32300
chacha20-poly1305,128,209,32300
chacha20-poly1305,128,210,31800
chacha20-poly1305,128,211,32000
chacha20-poly1305,128,212,32500
chacha20-poly1305,128,213,31200
chacha20-poly1305,128,214,34700
chacha20-poly1305,128,215,33400
chacha20-poly1305,128,216,32400
chacha20-poly1305,128,217,32600
chacha20-poly1305,128,218,31000
chacha20-poly1305,128,219,32400
chacha20-poly1305,128,220,32100
chacha20-poly1305,128,221,31900
chacha20-poly1305,128,222,32300
chacha20-poly1305,128,223,32100
chacha20-poly1305,128,224,32500
chacha20-poly1305,128,225,31900
chacha20-poly1305,128,226,32100
chacha20-poly1305,128,227,32500
chacha20-poly1305,128,228,32300
chacha20-poly1305,128,229,31800
chacha20-poly1305,128,230,32300
chacha20-poly1305,128,231,32100
chacha20-poly1305,128,232,31900
chacha20-poly1305,128,233,32500
chacha20-poly1305,128,234,32200
chacha20-poly1305,128,235,31400
chacha20-poly1305,128,236,32200
chacha20-poly1305,128,237,54300
chacha20-poly1305,128,238,31300
chacha20-poly1305,128,239,31000
chacha20-poly1305,128,240,31100
chacha20-poly1305,128,241,30900
chacha20-poly1305,128,242,30200
chacha20-poly1305,128,243,31700
chacha20-poly1305,128,244,32100
chacha20-poly1305,128,245,32300
chacha20-poly1305,128,246,31100
chacha20-poly1305,128,247,30200
chacha20-poly1305,128,248,30800
chacha20-poly1305,128,249,30500
chacha20-poly1305,128,250,30700
chacha20-poly1305,128,251,29800
chacha20-poly1305,128,252,30900
chacha20-poly1305,128,253,30600
chacha20-poly1305,128,254,30400
chacha20-poly1305,128,255,30900
chacha20-poly1305,128,256,30100
chacha20-poly1305,128,257,30900
chacha20-poly1305,128,258,30500
chacha20-poly1305,128,259,31200
chacha20-poly1305,128,260,30000
chacha20-poly1305,128,261,30700
chacha20-poly1305,128,262,30400
chacha20-poly1305,128,263,30500
chacha20-poly1305,128,264,30700
chacha20-poly1305,128,265,30400
chacha20-poly1305,128,266,130600
chacha20-poly1305,128,267,84100
chacha20-poly1305,128,268,40600
chacha20-poly1305,128,269,32100
chacha20-poly1305,128,270,31800
chacha20-poly1305,128,271,82400
chacha20-poly1305,128,272,121300
chacha20-poly1305,128,273,63400
chacha20-poly1305,128,274,34100
chacha20-poly1305,128,275,32400
chacha20-poly1305,128,276,31500
chacha20-poly1305,128,277,31100
chacha20-poly1305,128,278,30800
chacha20-poly1305,128,279,31200
chacha20-poly1305,128,280,30900
chacha20-poly1305,128,281,30100
chacha20-poly1305,128,282,31100
chacha20-poly1305,128,283,30300
chacha20-poly1305,128,284,31100
chacha20-poly1305,128,285,30600
chacha20-poly1305,128,286,30900
chacha20-poly1305,128,287,30400
chacha20-poly1305,128,288,30800
chacha20-poly1305,128,289,30700
chacha20-poly1305,128,290,30500
chacha20-poly1305,128,291,30700
chacha20-poly1305,128,292,37400
chacha20-poly1305,128,293,34600
chacha20-poly1305,128,294,33900
chacha20-poly1305,128,295,86700
chacha20-poly1305,128,296,239900
chacha20-poly1305,128,297,341500
chacha20-poly1305,128,298,71600
chacha20-poly1305,128,299,44400
chacha20-poly1305,128,300,33100
chacha20-poly1305,128,301,30500
chacha20-poly1305,128,302,31300
chacha20-poly1305,128,303,31000
chacha20-poly1305,128,304,31100
chacha20-poly1305,128,305,30200
chacha20-poly1305,128,306,30900
chacha20-poly1305,128,307,33300
chacha20-poly1305,128,308,30600
chacha20-poly1305,128,309,32500
chacha20-poly1305,128,310,30500
chacha20-poly1305,128,311,30700
chacha20-poly1305,128,312,30800
chacha20-poly1305,128,313,64400
chacha20-poly1305,128,314,69700
chacha20-poly1305,128,315,106900
chacha20-poly1305,128,316,65200
chacha20-poly1305,128,317,34600
chacha20-poly1305,128,318,31700
chacha20-poly1305,128,319,31200
chacha20-poly1305,128,320,30600
chacha20-poly1305,128,321,30900
chacha20-poly1305,128,322,30800
chacha20-poly1305,128,323,31100
chacha20-poly1305,128,324,31000
chacha20-poly1305,128,325,30900
chacha20-poly1305,128,326,30000
chacha20-poly1305,128,327,31200
chacha20-poly1305,128,328,30800
chacha20-poly1305,128,329,30900
chacha20-poly1305,128,330,32700
chacha20-poly1305,128,331,30900
chacha20-poly1305,128,332,30200
chacha20-poly1305,128,333,31000
chacha20-poly1305,128,334,30900
chacha20-poly1305,128,335,31600
chacha20-poly1305,128,336,31100
chacha20-poly1305,128,337,30800
chacha20-poly1305,128,338,30200
chacha20-poly1305,128,339,31000
chacha20-poly1305,128,340,30500
chacha20-poly1305,128,341,30600
chacha20-poly1305,128,342,30400
chacha20-poly1305,128,343,31000
chacha20-poly1305,128,344,30700
chacha20-poly1305,128,345,30800
chacha20-poly1305,128,346,30200
chacha20-poly1305,128,347,30900
chacha20-poly1305,128,348,30400
chacha20-poly1305,128,349,31000
chacha20-poly1305,128,350,30100
chacha20-poly1305,128,351,30600
chacha20-poly1305,128,352,30700
chacha20-poly1305,128,353,31300
chacha20-poly1305,128,354,31100
chacha20-poly1305,128,355,30700
chacha20-poly1305,128,356,30700
chacha20-poly1305,128,357,30800
chacha20-poly1305,128,358,31000
chacha20-poly1305,128,359,30500
chacha20-poly1305,128,360,31100
chacha20-poly1305,128,361,30600
chacha20-poly1305,128,362,30700
chacha20-poly1305,128,363,30900
chacha20-poly1305,128,364,30700
chacha20-poly1305,128,365,30400
chacha20-poly1305,128,366,30700
chacha20-poly1305,128,367,32500
chacha20-poly1305,128,368,30700
chacha20-poly1305,128,369,30900
chacha20-poly1305,128,370,30600
chacha20-poly1305,128,371,31300
chacha20-poly1305,128,372,30800
chacha20-poly1305,128,373,30800
chacha20-poly1305,128,374,30600
chacha20-poly1305,128,375,30600
chacha20-poly1305,128,376,30800
chacha20-poly1305,128,377,30600
chacha20-poly1305,128,378,30400
chacha20-poly1305,128,379,31000
chacha20-poly1305,128,380,30000
chacha20-poly1305,128,381,31100
chacha20-poly1305,128,382,30400
chacha20-poly1305,128,383,30900
chacha20-poly1305,128,384,30500
chacha20-poly1305,128,385,31000
chacha20-poly1305,128,386,30200
chacha20-poly1305,128,387,31000
chacha20-poly1305,128,388,30400
chacha20-poly1305,128,389,30500
chacha20-poly1305,128,390,30600
chacha20-poly1305,128,391,30500
chacha20-poly1305,128,392,30600
chacha20-poly1305,128,393,30800
chacha20-poly1305,128,394,31400
chacha20-poly1305,128,395,30400
chacha20-poly1305,128,396,30300
chacha20-poly1305,128,397,31100
chacha20-poly1305,128,398,30000
chacha20-poly1305,128,399,31000
chacha20-poly1305,128,400,31800
chacha20-poly1305,128,401,31100
chacha20-poly1305,128,402,31000
chacha20-poly1305,128,403,31300
chacha20-poly1305,128,404,30300
chacha20-poly1305,128,405,30800
chacha20-poly1305,128,406,31400
chacha20-poly1305,128,407,30600
chacha20-poly1305,128,408,31200
chacha20-poly1305,128,409,30600
chacha20-poly1305,128,410,30200
chacha20-poly1305,128,411,30700
chacha20-poly1305,128,412,30600
chacha20-poly1305,128,413,30600
chacha20-poly1305,128,414,30500
chacha20-poly1305,128,415,30400
chacha20-poly1305,128,416,30400
chacha20-poly1305,128,417,30700
chacha20-poly1305,128,418,30700
chacha20-poly1305,128,419,30600
chacha20-poly1305,128,420,30700
chacha20-poly1305,128,421,30500
chacha20-poly1305,128,422,30500
chacha20-poly1305,128,423,30400
chacha20-poly1305,128,424,31300
chacha20-poly1305,128,425,30100
chacha20-poly1305,128,426,30800
chacha20-poly1305,128,427,30500
chacha20-poly1305,128,428,30700
chacha20-poly1305,128,429,30700
chacha20-poly1305,128,430,30800
chacha20-poly1305,128,431,29900
chacha20-poly1305,128,432,30800
chacha20-poly1305,128,433,30400
chacha20-poly1305,128,434,30500
chacha20-poly1305,128,435,31500
chacha20-poly1305,128,436,30800
chacha20-poly1305,128,437,30600
chacha20-poly1305,128,438,31100
chacha20-poly1305,128,439,30900
chacha20-poly1305,128,440,30700
chacha20-poly1305,128,441,30500
chacha20-poly1305,128,442,30800
chacha20-poly1305,128,443,29900
chacha20-poly1305,128,444,31000
chacha20-poly1305,128,445,30500
chacha20-poly1305,128,446,30500
chacha20-poly1305,128,447,30300
chacha20-poly1305,128,448,30900
chacha20-poly1305,128,449,30200
chacha20-poly1305,128,450,30600
chacha20-poly1305,128,451,30800
chacha20-poly1305,128,452,30400
chacha20-poly1305,128,453,30600
chacha20-poly1305,128,454,30800
chacha20-poly1305,128,455,30100
chacha20-poly1305,128,456,30800
chacha20-poly1305,128,457,30600
chacha20-poly1305,128,458,31300
chacha20-poly1305,128,459,30500
chacha20-poly1305,128,460,30900
chacha20-poly1305,128,461,49000
chacha20-poly1305,128,462,66200
chacha20-poly1305,128,463,50500
chacha20-poly1305,128,464,33000
chacha20-poly1305,128,465,31300
chacha20-poly1305,128,466,31100
chacha20-poly1305,128,467,31000
chacha20-poly1305,128,468,31000
chacha20-poly1305,128,469,31000
chacha20-poly1305,128,470,30100
chacha20-poly1305,128,471,30900
chacha20-poly1305,128,472,30700
chacha20-poly1305,128,473,31400
chacha20-poly1305,128,474,30700
chacha20-poly1305,128,475,30700
chacha20-poly1305,128,476,30400
chacha20-poly1305,128,477,30600
chacha20-poly1305,128,478,30700
chacha20-poly1305,128,479,30200
chacha20-poly1305,128,480,30900
chacha20-poly1305,128,481,30400
chacha20-poly1305,128,482,30900
chacha20-poly1305,128,483,30400
chacha20-poly1305,128,484,31300
chacha20-poly1305,128,485,30400
chacha20-poly1305,128,486,30800
chacha20-poly1305,128,487,30500
chacha20-poly1305,128,488,30600
chacha20-poly1305,128,489,30600
chacha20-poly1305,128,490,30500
chacha20-poly1305,128,491,30200
chacha20-poly1305,128,492,30800
chacha20-poly1305,128,493,30100
chacha20-poly1305,128,494,30800
chacha20-poly1305,128,495,30500
chacha20-poly1305,128,496,30600
chacha20-poly1305,128,497,30200
chacha20-poly1305,128,498,31100
chacha20-poly1305,128,499,30400
chacha20-poly1305,128,500,30400
chacha20-poly1305,128,501,30300
chacha20-poly1305,128,502,30500
chacha20-poly1305,128,503,30100
chacha20-poly1305,128,504,30800
chacha20-poly1305,128,505,30600
chacha20-poly1305,128,506,30100
chacha20-poly1305,128,507,30800
chacha20-poly1305,128,508,30400
chacha20-poly1305,128,509,30600
chacha20-poly1305,128,510,30400
chacha20-poly1305,128,511,30500
chacha20-poly1305,128,512,30300
chacha20-poly1305,128,513,30300
chacha20-poly1305,128,514,30600
chacha20-poly1305,128,515,30000
chacha20-poly1305,128,516,30600
chacha20-poly1305,128,517,30400
chacha20-poly1305,128,518,30300
chacha20-poly1305,128,519,30500
chacha20-poly1305,128,520,30700
chacha20-poly1305,128,521,30900
chacha20-poly1305,128,522,30600
chacha20-poly1305,128,523,30500
chacha20-poly1305,128,524,30300
chacha20-poly1305,128,525,30600
chacha20-poly1305,128,526,32200
chacha20-poly1305,128,527,31300
chacha20-poly1305,128,528,30400
chacha20-poly1305,128,529,30400
chacha20-poly1305,128,530,29900
chacha20-poly1305,128,531,30300
chacha20-poly1305,128,532,30500
chacha20-poly1305,128,533,29800
chacha20-poly1305,128,534,30700
chacha20-poly1305,128,535,30300
chacha20-poly1305,128,536,30400
chacha20-poly1305,128,537,30600
chacha20-poly1305,128,538,30500
chacha20-poly1305,128,539,30300
chacha20-poly1305,128,540,30400
chacha20-poly1305,128,541,30900
chacha20-poly1305,128,542,30200
chacha20-poly1305,128,543,30500
chacha20-poly1305,128,544,30500
chacha20-poly1305,128,545,30400
chacha20-poly1305,128,546,32500
chacha20-poly1305,128,547,30700
chacha20-poly1305,128,548,30400
chacha20-poly1305,128,549,30300
chacha20-poly1305,128,550,30300
chacha20-poly1305,128,551,30000
chacha20-poly1305,128,552,30900
chacha20-poly1305,128,553,30200
chacha20-poly1305,128,554,30500
chacha20-poly1305,128,555,30300
chacha20-poly1305,128,556,30700
chacha20-poly1305,128,557,30200
chacha20-poly1305,128,558,30500
chacha20-poly1305,128,559,32800
chacha20-poly1305,128,560,32100
chacha20-poly1305,128,561,30800
chacha20-poly1305,128,562,31200
chacha20-poly1305,128,563,30600
chacha20-poly1305,128,564,30700
chacha20-poly1305,128,565,30500
chacha20-poly1305,128,566,30200
chacha20-poly1305,128,567,30600
chacha20-poly1305,128,568,30600
chacha20-poly1305,128,569,30300
chacha20-poly1305,128,570,30600
chacha20-poly1305,128,571,30400
chacha20-poly1305,128,572,30500
chacha20-poly1305,128,573,30500
chacha20-poly1305,128,574,30600
chacha20-poly1305,128,575,30000
chacha20-poly1305,128,576,30400
chacha20-poly1305,128,577,30500
chacha20-poly1305,128,578,30000
chacha20-poly1305,128,579,30600
chacha20-poly1305,128,580,30700
chacha20-poly1305,128,581,30300
chacha20-poly1305,128,582,30400
chacha20-poly1305,128,583,30600
chacha20-poly1305,128,584,30500
chacha20-poly1305,128,585,31200
chacha20-poly1305,128,586,30600
chacha20-poly1305,128,587,30300
chacha20-poly1305,128,588,30700
chacha20-poly1305,128,589,30300
chacha20-poly1305,128,590,30500
chacha20-poly1305,128,591,32200
chacha20-poly1305,128,592,75600
chacha20-poly1305,128,593,36500
chacha20-poly1305,128,594,34100
chacha20-poly1305,128,595,138600
chacha20-poly1305,128,596,68000
chacha20-poly1305,128,597,88000
chacha20-poly1305,128,598,39900
chacha20-poly1305,128,599,32600
chacha20-poly1305,128,600,31400
chacha20-poly1305,128,601,30700
chacha20-poly1305,128,602,34300
chacha20-poly1305,128,603,30400
chacha20-poly1305,128,604,30700
chacha20-poly1305,128,605,30000
chacha20-poly1305,128,606,30600
chacha20-poly1305,128,607,30800
chacha20-poly1305,128,608,30300
chacha20-poly1305,128,609,30400
chacha20-poly1305,128,610,30700
chacha20-poly1305,128,611,29800
chacha20-poly1305,128,612,97200
chacha20-poly1305,128,613,126400
chacha20-poly1305,128,614,58400
chacha20-poly1305,128,615,34500
chacha20-poly1305,128,616,31300
chacha20-poly1305,128,617,30700
chacha20-poly1305,128,618,31200
chacha20-poly1305,128,619,30900
chacha20-poly1305,128,620,30100
chacha20-poly1305,128,621,30400
chacha20-poly1305,128,622,30700
chacha20-poly1305,128,623,30400
chacha20-poly1305,128,624,30800
chacha20-poly1305,128,625,30300
chacha20-poly1305,128,626,32300
chacha20-poly1305,128,627,30700
chacha20-poly1305,128,628,33100
chacha20-poly1305,128,629,30500
chacha20-poly1305,128,630,30800
chacha20-poly1305,128,631,30600
chacha20-poly1305,128,632,30300
chacha20-poly1305,128,633,30500
chacha20-poly1305,128,634,30600
chacha20-poly1305,128,635,30400
chacha20-poly1305,128,636,30400
chacha20-poly1305,128,637,30600
chacha20-poly1305,128,638,30200
chacha20-poly1305,128,639,30700
chacha20-poly1305,128,640,30500
chacha20-poly1305,128,641,30100
chacha20-poly1305,128,642,30700
chacha20-poly1305,128,643,30200
chacha20-poly1305,128,644,30400
chacha20-poly1305,128,645,30600
chacha20-poly1305,128,646,30500
chacha20-poly1305,128,647,30200
chacha20-poly1305,128,648,30300
chacha20-poly1305,128,649,31300
chacha20-poly1305,128,650,30400
chacha20-poly1305,128,651,30600
chacha20-poly1305,128,652,30400
chacha20-poly1305,128,653,30400
chacha20-poly1305,128,654,30300
chacha20-poly1305,128,655,30600
chacha20-poly1305,128,656,30100
chacha20-poly1305,128,657,30300
chacha20-poly1305,128,658,30400
chacha20-poly1305,128,659,30400
chacha20-poly1305,128,660,30600
chacha20-poly1305,128,661,30300
chacha20-poly1305,128,662,30500
chacha20-poly1305,128,663,30200
chacha20-poly1305,128,664,30500
chacha20-poly1305,128,665,30100
chacha20-poly1305,128,666,30600
chacha20-poly1305,128,667,30700
chacha20-poly1305,128,668,30100
chacha20-poly1305,128,669,30800
chacha20-poly1305,128,670,30400
chacha20-poly1305,128,671,30500
chacha20-poly1305,128,672,30400
chacha20-poly1305,128,673,30400
chacha20-poly1305,128,674,30200
chacha20-poly1305,128,675,30300
chacha20-poly1305,128,676,30500
chacha20-poly1305,128,677,30300
chacha20-poly1305,128,678,30800
chacha20-poly1305,128,679,30400
chacha20-poly1305,128,680,30200
chacha20-poly1305,128,681,30400
chacha20-poly1305,128,682,30800
chacha20-poly1305,128,683,30000
chacha20-poly1305,128,684,30500
chacha20-poly1305,128,685,30500
chacha20-poly1305,128,686,30200
chacha20-poly1305,128,687,30900
chacha20-poly1305,128,688,30200
chacha20-poly1305,128,689,30400
chacha20-poly1305,128,690,31600
chacha20-poly1305,128,691,30400
chacha20-poly1305,128,692,30900
chacha20-poly1305,128,693,30500
chacha20-poly1305,128,694,30600
chacha20-poly1305,128,695,30100
chacha20-poly1305,128,696,30600
chacha20-poly1305,128,697,30300
chacha20-poly1305,128,698,30400
chacha20-poly1305,128,699,30300
chacha20-poly1305,128,700,30400
chacha20-poly1305,128,701,29900
chacha20-poly1305,128,702,30400
chacha20-poly1305,128,703,30600
chacha20-poly1305,128,704,30300
chacha20-poly1305,128,705,30600
chacha20-poly1305,128,706,30300
chacha20-poly1305,128,707,30300
chacha20-poly1305,128,708,30700
chacha20-poly1305,128,709,30600
chacha20-poly1305,128,710,30300
chacha20-poly1305,128,711,30400
chacha20-poly1305,128,712,30500
chacha20-poly1305,128,713,31000
chacha20-poly1305,128,714,31000
chacha20-poly1305,128,715,30300
chacha20-poly1305,128,716,30400
chacha20-poly1305,128,717,30200
chacha20-poly1305,128,718,30500
chacha20-poly1305,128,719,30400
chacha20-poly1305,128,720,30500
chacha20-poly1305,128,721,30500
chacha20-poly1305,128,722,30200
chacha20-poly1305,128,723,30500
chacha20-poly1305,128,724,30700
chacha20-poly1305,128,725,30400
chacha20-poly1305,128,726,30400
chacha20-poly1305,128,727,30400
chacha20-poly1305,128,728,30200
chacha20-poly1305,128,729,30600
chacha20-poly1305,128,730,30900
chacha20-poly1305,128,731,30000
chacha20-poly1305,128,732,30500
chacha20-poly1305,128,733,30200
chacha20-poly1305,128,734,30300
chacha20-poly1305,128,735,30300
chacha20-poly1305,128,736,30500
chacha20-poly1305,128,737,30000
chacha20-poly1305,128,738,30200
chacha20-poly1305,128,739,30700
chacha20-poly1305,128,740,30000
chacha20-poly1305,128,741,30600
chacha20-poly1305,128,742,30900
chacha20-poly1305,128,743,30400
chacha20-poly1305,128,744,30400
chacha20-poly1305,128,745,30500
chacha20-poly1305,128,746,30200
chacha20-poly1305,128,747,30400
chacha20-poly1305,128,748,30500
chacha20-poly1305,128,749,30200
chacha20-poly1305,128,750,30500
chacha20-poly1305,128,751,30400
chacha20-poly1305,128,752,30500
chacha20-poly1305,128,753,31100
chacha20-poly1305,128,754,30400
chacha20-poly1305,128,755,30200
chacha20-poly1305,128,756,30500
chacha20-poly1305,128,757,30800
chacha20-poly1305,128,758,30100
chacha20-poly1305,128,759,30600
chacha20-poly1305,128,760,30300
chacha20-poly1305,128,761,30200
chacha20-poly1305,128,762,30700
chacha20-poly1305,128,763,30500
chacha20-poly1305,128,764,30200
chacha20-poly1305,128,765,30400
chacha20-poly1305,128,766,30400
chacha20-poly1305,128,767,30200
chacha20-poly1305,128,768,30900
chacha20-poly1305,128,769,30400
chacha20-poly1305,128,770,50300
chacha20-poly1305,128,771,55000
chacha20-poly1305,128,772,45800
chacha20-poly1305,128,773,43900
chacha20-poly1305,128,774,39900
chacha20-poly1305,128,775,32700
chacha20-poly1305,128,776,31200
chacha20-poly1305,128,777,30600
chacha20-poly1305,128,778,30500
chacha20-poly1305,128,779,30600
chacha20-poly1305,128,780,30400
chacha20-poly1305,128,781,30400
chacha20-poly1305,128,782,30500
chacha20-poly1305,128,783,30400
chacha20-poly1305,128,784,30600
chacha20-poly1305,128,785,29900
chacha20-poly1305,128,786,30700
chacha20-poly1305,128,787,30300
chacha20-poly1305,128,788,30200
chacha20-poly1305,128,789,30600
chacha20-poly1305,128,790,30600
chacha20-poly1305,128,791,29900
chacha20-poly1305,128,792,30400
chacha20-poly1305,128,793,30600
chacha20-poly1305,128,794,30700
chacha20-poly1305,128,795,30400
chacha20-poly1305,128,796,30200
chacha20-poly1305,128,797,30200
chacha20-poly1305,128,798,30200
chacha20-poly1305,128,799,30600
chacha20-poly1305,128,800,30000
chacha20-poly1305,128,801,30100
chacha20-poly1305,128,802,30800
chacha20-poly1305,128,803,30300
chacha20-poly1305,128,804,30600
chacha20-poly1305,128,805,30200
chacha20-poly1305,128,806,30400
chacha20-poly1305,128,807,30300
chacha20-poly1305,128,808,30400
chacha20-poly1305,128,809,30300
chacha20-poly1305,128,810,30700
chacha20-poly1305,128,811,30500
chacha20-poly1305,128,812,30100
chacha20-poly1305,128,813,30500
chacha20-poly1305,128,814,30500
chacha20-poly1305,128,815,30500
chacha20-poly1305,128,816,30400
chacha20-poly1305,128,817,31200
chacha20-poly1305,128,818,30100
chacha20-poly1305,128,819,30600
chacha20-poly1305,128,820,30500
chacha20-poly1305,128,821,30100
chacha20-poly1305,128,822,30700
chacha20-poly1305,128,823,30100
chacha20-poly1305,128,824,30400
chacha20-poly1305,128,825,30400
chacha20-poly1305,128,826,30900
chacha20-poly1305,128,827,30200
chacha20-poly1305,128,828,30400
chacha20-poly1305,128,829,30600
chacha20-poly1305,128,830,30100
chacha20-poly1305,128,831,30500
chacha20-poly1305,128,832,30300
chacha20-poly1305,128,833,30100
chacha20-poly1305,128,834,30300
chacha20-poly1305,128,835,30500
chacha20-poly1305,128,836,30000
chacha20-poly1305,128,837,30400
chacha20-poly1305,128,838,30400
chacha20-poly1305,128,839,30400
chacha20-poly1305,128,840,31400
chacha20-poly1305,128,841,30300
chacha20-poly1305,128,842,30700
chacha20-poly1305,128,843,30200
chacha20-poly1305,128,844,30500
chacha20-poly1305,128,845,30100
chacha20-poly1305,128,846,30400
chacha20-poly1305,128,847,30500
chacha20-poly1305,128,848,30000
chacha20-poly1305,128,849,30900
chacha20-poly1305,128,850,30200
chacha20-poly1305,128,851,30200
chacha20-poly1305,128,852,30300
chacha20-poly1305,128,853,30400
chacha20-poly1305,128,854,30100
chacha20-poly1305,128,855,30300
chacha20-poly1305,128,856,30400
chacha20-poly1305,128,857,30200
chacha20-poly1305,128,858,30800
chacha20-poly1305,128,859,30400
chacha20-poly1305,128,860,30300
chacha20-poly1305,128,861,30200
chacha20-poly1305,128,862,30700
chacha20-poly1305,128,863,29900
chacha20-poly1305,128,864,30400
chacha20-poly1305,128,865,30400
chacha20-poly1305,128,866,30100
chacha20-poly1305,128,867,30700
chacha20-poly1305,128,868,30300
chacha20-poly1305,128,869,30700
chacha20-poly1305,128,870,30400
chacha20-poly1305,128,871,30300
chacha20-poly1305,128,872,30100
chacha20-poly1305,128,873,30400
chacha20-poly1305,128,874,30800
chacha20-poly1305,128,875,30000
chacha20-poly1305,128,876,30400
chacha20-poly1305,128,877,30200
chacha20-poly1305,128,878,30300
chacha20-poly1305,128,879,30500
chacha20-poly1305,128,880,30600
chacha20-poly1305,128,881,30800
chacha20-poly1305,128,882,30400
chacha20-poly1305,128,883,30500
chacha20-poly1305,128,884,30200
chacha20-poly1305,128,885,30400
chacha20-poly1305,128,886,30300
chacha20-poly1305,128,887,30400
chacha20-poly1305,128,888,30300
chacha20-poly1305,128,889,30800
chacha20-poly1305,128,890,30300
chacha20-poly1305,128,891,30200
chacha20-poly1305,128,892,30600
chacha20-poly1305,128,893,29900
chacha20-poly1305,128,894,30600
chacha20-poly1305,128,895,30400
chacha20-poly1305,128,896,30300
chacha20-poly1305,128,897,30300
chacha20-poly1305,128,898,30400
chacha20-poly1305,128,899,30300
chacha20-poly1305,128,900,30300
chacha20-poly1305,128,901,30400
chacha20-poly1305,128,902,30100
chacha20-poly1305,128,903,30400
chacha20-poly1305,128,904,31100
chacha20-poly1305,128,905,30200
chacha20-poly1305,128,906,30700
chacha20-poly1305,128,907,30600
chacha20-poly1305,128,908,30200
chacha20-poly1305,128,909,30700
chacha20-poly1305,128,910,30700
chacha20-poly1305,128,911,30100
chacha20-poly1305,128,912,30700
chacha20-poly1305,128,913,30400
chacha20-poly1305,128,914,30200
chacha20-poly1305,128,915,30400
chacha20-poly1305,128,916,30400
chacha20-poly1305,128,917,30100
chacha20-poly1305,128,918,30600
chacha20-poly1305,128,919,30700
chacha20-poly1305,128,920,30200
chacha20-poly1305,128,921,30800
chacha20-poly1305,128,922,30800
chacha20-poly1305,128,923,30200
chacha20-poly1305,128,924,30500
chacha20-poly1305,128,925,30400
chacha20-poly1305,128,926,30200
chacha20-poly1305,128,927,30500
chacha20-poly1305,128,928,30500
chacha20-poly1305,128,929,30700
chacha20-poly1305,128,930,30900
chacha20-poly1305,128,931,30400
chacha20-poly1305,128,932,30300
chacha20-poly1305,128,933,30400
chacha20-poly1305,128,934,30600
chacha20-poly1305,128,935,30000
chacha20-poly1305,128,936,30300
chacha20-poly1305,128,937,30400
chacha20-poly1305,128,938,30100
chacha20-poly1305,128,939,30700
chacha20-poly1305,128,940,30400
chacha20-poly1305,128,941,30200
chacha20-poly1305,128,942,30500
chacha20-poly1305,128,943,30500
chacha20-poly1305,128,944,30300
chacha20-poly1305,128,945,35200
chacha20-poly1305,128,946,30800
chacha20-poly1305,128,947,30200
chacha20-poly1305,128,948,30600
chacha20-poly1305,128,949,30600
chacha20-poly1305,128,950,30400
chacha20-poly1305,128,951,30300
chacha20-poly1305,128,952,30500
chacha20-poly1305,128,953,30200
chacha20-poly1305,128,954,30600
chacha20-poly1305,128,955,30300
chacha20-poly1305,128,956,29900
chacha20-poly1305,128,957,30500
chacha20-poly1305,128,958,30200
chacha20-poly1305,128,959,30400
chacha20-poly1305,128,960,30300
chacha20-poly1305,128,961,30500
chacha20-poly1305,128,962,30200
chacha20-poly1305,128,963,30500
chacha20-poly1305,128,964,30500
chacha20-poly1305,128,965,30300
chacha20-poly1305,128,966,30400
chacha20-poly1305,128,967,30200
chacha20-poly1305,128,968,31400
chacha20-poly1305,128,969,30900
chacha20-poly1305,128,970,30700
chacha20-poly1305,128,971,30000
chacha20-poly1305,128,972,30400
chacha20-poly1305,128,973,30500
chacha20-poly1305,128,974,30300
chacha20-poly1305,128,975,30600
chacha20-poly1305,128,976,30100
chacha20-poly1305,128,977,30200
chacha20-poly1305,128,978,30200
chacha20-poly1305,128,979,30600
chacha20-poly1305,128,980,30000
chacha20-poly1305,128,981,30100
chacha20-poly1305,128,982,30600
chacha20-poly1305,128,983,30000
chacha20-poly1305,128,984,30800
chacha20-poly1305,128,985,30400
chacha20-poly1305,128,986,30400
chacha20-poly1305,128,987,30400
chacha20-poly1305,128,988,30400
chacha20-poly1305,128,989,30300
chacha20-poly1305,128,990,30400
chacha20-poly1305,128,991,30400
chacha20-poly1305,128,992,30100
chacha20-poly1305,128,993,30400
chacha20-poly1305,128,994,30500
chacha20-poly1305,128,995,30600
chacha20-poly1305,128,996,30400
chacha20-poly1305,128,997,30700
chacha20-poly1305,128,998,30100
chacha20-poly1305,128,999,30600
chacha20-poly1305,128,1000,30500
chacha20-poly1305,128,1001,29900
chacha20-poly1305,128,1002,30900
chacha20-poly1305,128,1003,30200
chacha20-poly1305,128,1004,30400
chacha20-poly1305,128,1005,30100
chacha20-poly1305,128,1006,30400
chacha20-poly1305,128,1007,30300
chacha20-poly1305,128,1008,31000
chacha20-poly1305,128,1009,30900
chacha20-poly1305,128,1010,30000
chacha20-poly1305,128,1011,30600
chacha20-poly1305,128,1012,30400
chacha20-poly1305,128,1013,30400
chacha20-poly1305,128,1014,30400
chacha20-poly1305,128,1015,30400
chacha20-poly1305,128,1016,29900
chacha20-poly1305,128,1017,30400
chacha20-poly1305,128,1018,30800
chacha20-poly1305,128,1019,30300
chacha20-poly1305,128,1020,30700
chacha20-poly1305,128,1021,30100
chacha20-poly1305,128,1022,30400
chacha20-poly1305,128,1023,30200
chacha20-poly1305,128,1024,30400
chacha20-poly1305,128,1025,30100
chacha20-poly1305,128,1026,30400
chacha20-poly1305,128,1027,27200
chacha20-poly1305,128,1028,30100
chacha20-poly1305,128,1029,31000
chacha20-poly1305,128,1030,30100
chacha20-poly1305,128,1031,31000
chacha20-poly1305,128,1032,30400
chacha20-poly1305,128,1033,30400
chacha20-poly1305,128,1034,30100
chacha20-poly1305,128,1035,30300
chacha20-poly1305,128,1036,30400
chacha20-poly1305,128,1037,29900
chacha20-poly1305,128,1038,30500
chacha20-poly1305,128,1039,30600
chacha20-poly1305,128,1040,30300
chacha20-poly1305,128,1041,30300
chacha20-poly1305,128,1042,30500
chacha20-poly1305,128,1043,30000
chacha20-poly1305,128,1044,30500
chacha20-poly1305,128,1045,30600
chacha20-poly1305,128,1046,30000
chacha20-poly1305,128,1047,30700
chacha20-poly1305,128,1048,30300
chacha20-poly1305,128,1049,30600
chacha20-poly1305,128,1050,30400
chacha20-poly1305,128,1051,30600
chacha20-poly1305,128,1052,30000
chacha20-poly1305,128,1053,30200
chacha20-poly1305,128,1054,30500
chacha20-poly1305,128,1055,30000
chacha20-poly1305,128,1056,30600
chacha20-poly1305,128,1057,30300
chacha20-poly1305,128,1058,30600
chacha20-poly1305,128,1059,30700
chacha20-poly1305,128,1060,30300
chacha20-poly1305,128,1061,30200
chacha20-poly1305,128,1062,30500
chacha20-poly1305,128,1063,30300
chacha20-poly1305,128,1064,30000
chacha20-poly1305,128,1065,30500
chacha20-poly1305,128,1066,30500
chacha20-poly1305,128,1067,30700
chacha20-poly1305,128,1068,30300
chacha20-poly1305,128,1069,30900
chacha20-poly1305,128,1070,30300
chacha20-poly1305,128,1071,30300
chacha20-poly1305,128,1072,31200
chacha20-poly1305,128,1073,30100
chacha20-poly1305,128,1074,30700
chacha20-poly1305,128,1075,30200
chacha20-poly1305,128,1076,30100
chacha20-poly1305,128,1077,30300
chacha20-poly1305,128,1078,30300
chacha20-poly1305,128,1079,30300
chacha20-poly1305,128,1080,30300
chacha20-poly1305,128,1081,30500
chacha20-poly1305,128,1082,30300
chacha20-poly1305,128,1083,30700
chacha20-poly1305,128,1084,30300
chacha20-poly1305,128,1085,30300
chacha20-poly1305,128,1086,30100
chacha20-poly1305,128,1087,30500
chacha20-poly1305,128,1088,30100
chacha20-poly1305,128,1089,30500
chacha20-poly1305,128,1090,30300
chacha20-poly1305,128,1091,30100
chacha20-poly1305,128,1092,54500
chacha20-poly1305,128,1093,172700
chacha20-poly1305,128,1094,179800
chacha20-poly1305,128,1095,92900
chacha20-poly1305,128,1096,40500
chacha20-poly1305,128,1097,31900
chacha20-poly1305,128,1098,31000
chacha20-poly1305,128,1099,30800
chacha20-poly1305,128,1100,30900
chacha20-poly1305,128,1101,31000
chacha20-poly1305,128,1102,30400
chacha20-poly1305,128,1103,30800
chacha20-poly1305,128,1104,30400
chacha20-poly1305,128,1105,30500
chacha20-poly1305,128,1106,30000
chacha20-poly1305,128,1107,30500
chacha20-poly1305,128,1108,30500
chacha20-poly1305,128,1109,30100
chacha20-poly1305,128,1110,30700
chacha20-poly1305,128,1111,30600
chacha20-poly1305,128,1112,30600
chacha20-poly1305,128,1113,30400
chacha20-poly1305,128,1114,30600
chacha20-poly1305,128,1115,30000
chacha20-poly1305,128,1116,30400
chacha20-poly1305,128,1117,30900
chacha20-poly1305,128,1118,30100
chacha20-poly1305,128,1119,30400
chacha20-poly1305,128,1120,30100
chacha20-poly1305,128,1121,30300
chacha20-poly1305,128,1122,30100
chacha20-poly1305,128,1123,30400
chacha20-poly1305,128,1124,30300
chacha20-poly1305,128,1125,30300
chacha20-poly1305,128,1126,30300
chacha20-poly1305,128,1127,30100
chacha20-poly1305,128,1128,30500
chacha20-poly1305,128,1129,30300
chacha20-poly1305,128,1130,30400
chacha20-poly1305,128,1131,30800
chacha20-poly1305,128,1132,30600
chacha20-poly1305,128,1133,29900
chacha20-poly1305,128,1134,30400
chacha20-poly1305,128,1135,30600
chacha20-poly1305,128,1136,30800
chacha20-poly1305,128,1137,30500
chacha20-poly1305,128,1138,30400
chacha20-poly1305,128,1139,30300
chacha20-poly1305,128,1140,30500
chacha20-poly1305,128,1141,30700
chacha20-poly1305,128,1142,30300
chacha20-poly1305,128,1143,30400
chacha20-poly1305,128,1144,30600
chacha20-poly1305,128,1145,30000
chacha20-poly1305,128,1146,30700
chacha20-poly1305,128,1147,30500
chacha20-poly1305,128,1148,30200
chacha20-poly1305,128,1149,30500
chacha20-poly1305,128,1150,30400
chacha20-poly1305,128,1151,30100
chacha20-poly1305,128,1152,30300
chacha20-poly1305,128,1153,30400
chacha20-poly1305,128,1154,30000
chacha20-poly1305,128,1155,30400
chacha20-poly1305,128,1156,30300
chacha20-poly1305,128,1157,30500
chacha20-poly1305,128,1158,30400
chacha20-poly1305,128,1159,31200
chacha20-poly1305,128,1160,30200
chacha20-poly1305,128,1161,30400
chacha20-poly1305,128,1162,30500
chacha20-poly1305,128,1163,30000
chacha20-poly1305,128,1164,30700
chacha20-poly1305,128,1165,30200
chacha20-poly1305,128,1166,30200
chacha20-poly1305,128,1167,30500
chacha20-poly1305,128,1168,30400
chacha20-poly1305,128,1169,30300
chacha20-poly1305,128,1170,30400
chacha20-poly1305,128,1171,30500
chacha20-poly1305,128,1172,30200
chacha20-poly1305,128,1173,30500
chacha20-poly1305,128,1174,30400
chacha20-poly1305,128,1175,30200
chacha20-poly1305,128,1176,30300
chacha20-poly1305,128,1177,30300
chacha20-poly1305,128,1178,30100
chacha20-poly1305,128,1179,30400
chacha20-poly1305,128,1180,30500
chacha20-poly1305,128,1181,30300
chacha20-poly1305,128,1182,30500
chacha20-poly1305,128,1183,30100
chacha20-poly1305,128,1184,30300
chacha20-poly1305,128,1185,30400
chacha20-poly1305,128,1186,30600
chacha20-poly1305,128,1187,30400
chacha20-poly1305,128,1188,30500
chacha20-poly1305,128,1189,30400
chacha20-poly1305,128,1190,30100
chacha20-poly1305,128,1191,30500
chacha20-poly1305,128,1192,30300
chacha20-poly1305,128,1193,30300
chacha20-poly1305,128,1194,30500
chacha20-poly1305,128,1195,30500
chacha20-poly1305,128,1196,29900
chacha20-poly1305,128,1197,30400
chacha20-poly1305,128,1198,30300
chacha20-poly1305,128,1199,30300
chacha20-poly1305,128,1200,31400
chacha20-poly1305,128,1201,30300
chacha20-poly1305,128,1202,30500
chacha20-poly1305,128,1203,30400
chacha20-poly1305,128,1204,30600
chacha20-poly1305,128,1205,30000
chacha20-poly1305,128,1206,30400
chacha20-poly1305,128,1207,30600
chacha20-poly1305,128,1208,29900
chacha20-poly1305,128,1209,30600
chacha20-poly1305,128,1210,33600
chacha20-poly1305,128,1211,30200
chacha20-poly1305,128,1212,30300
chacha20-poly1305,128,1213,30500
chacha20-poly1305,128,1214,30200
chacha20-poly1305,128,1215,30300
chacha20-poly1305,128,1216,30300
chacha20-poly1305,128,1217,30600
chacha20-poly1305,128,1218,30500
chacha20-poly1305,128,1219,30100
chacha20-poly1305,128,1220,30400
chacha20-poly1305,128,1221,30300
chacha20-poly1305,128,1222,30400
chacha20-poly1305,128,1223,30900
chacha20-poly1305,128,1224,30600
chacha20-poly1305,128,1225,30500
chacha20-poly1305,128,1226,30100
chacha20-poly1305,128,1227,30500
chacha20-poly1305,128,1228,30300
chacha20-poly1305,128,1229,30400
chacha20-poly1305,128,1230,30400
chacha20-poly1305,128,1231,30700
chacha20-poly1305,128,1232,30100
chacha20-poly1305,128,1233,30200
chacha20-poly1305,128,1234,30400
chacha20-poly1305,128,1235,30000
chacha20-poly1305,128,1236,30500
chacha20-poly1305,128,1237,30300
chacha20-poly1305,128,1238,30400
chacha20-poly1305,128,1239,30300
chacha20-poly1305,128,1240,30500
chacha20-poly1305,128,1241,30000
chacha20-poly1305,128,1242,30400
chacha20-poly1305,128,1243,31500
chacha20-poly1305,128,1244,30300
chacha20-poly1305,128,1245,31000
chacha20-poly1305,128,1246,30400
chacha20-poly1305,128,1247,30400
chacha20-poly1305,128,1248,30300
chacha20-poly1305,128,1249,30700
chacha20-poly1305,128,1250,30200
chacha20-poly1305,128,1251,30400
chacha20-poly1305,128,1252,30700
chacha20-poly1305,128,1253,30100
chacha20-poly1305,128,1254,30800
chacha20-poly1305,128,1255,30200
chacha20-poly1305,128,1256,30200
chacha20-poly1305,128,1257,30300
chacha20-poly1305,128,1258,30400
chacha20-poly1305,128,1259,30300
chacha20-poly1305,128,1260,30300
chacha20-poly1305,128,1261,30500
chacha20-poly1305,128,1262,30300
chacha20-poly1305,128,1263,31400
chacha20-poly1305,128,1264,30300
chacha20-poly1305,128,1265,30300
chacha20-poly1305,128,1266,30100
chacha20-poly1305,128,1267,30500
chacha20-poly1305,128,1268,30000
chacha20-poly1305,128,1269,30500
chacha20-poly1305,128,1270,30800
chacha20-poly1305,128,1271,30200
chacha20-poly1305,128,1272,30500
chacha20-poly1305,128,1273,30200
chacha20-poly1305,128,1274,30300
chacha20-poly1305,128,1275,30300
chacha20-poly1305,128,1276,30400
chacha20-poly1305,128,1277,30100
chacha20-poly1305,128,1278,30200
chacha20-poly1305,128,1279,30400
chacha20-poly1305,128,1280,30100
chacha20-poly1305,128,1281,30700
chacha20-poly1305,128,1282,30300
chacha20-poly1305,128,1283,30200
chacha20-poly1305,128,1284,30600
chacha20-poly1305,128,1285,30500
chacha20-poly1305,128,1286,30900
chacha20-poly1305,128,1287,30300
chacha20-poly1305,128,1288,30400
chacha20-poly1305,128,1289,30000
chacha20-poly1305,128,1290,30600
chacha20-poly1305,128,1291,30400
chacha20-poly1305,128,1292,30500
chacha20-poly1305,128,1293,30200
chacha20-poly1305,128,1294,30300
chacha20-poly1305,128,1295,30100
chacha20-poly1305,128,1296,30400
chacha20-poly1305,128,1297,30500
chacha20-poly1305,128,1298,30000
chacha20-poly1305,128,1299,30700
chacha20-poly1305,128,1300,30300
chacha20-poly1305,128,1301,34000
chacha20-poly1305,128,1302,31200
chacha20-poly1305,128,1303,30600
chacha20-poly1305,128,1304,30200
chacha20-poly1305,128,1305,30000
chacha20-poly1305,128,1306,30700
chacha20-poly1305,128,1307,30100
chacha20-poly1305,128,1308,30500
chacha20-poly1305,128,1309,30500
chacha20-poly1305,128,1310,30400
chacha20-poly1305,128,1311,30300
chacha20-poly1305,128,1312,30700
chacha20-poly1305,128,1313,30200
chacha20-poly1305,128,1314,30300
chacha20-poly1305,128,1315,30400
chacha20-poly1305,128,1316,30100
chacha20-poly1305,128,1317,30600
chacha20-poly1305,128,1318,30200
chacha20-poly1305,128,1319,30200
chacha20-poly1305,128,1320,30300
chacha20-poly1305,128,1321,30500
chacha20-poly1305,128,1322,30100
chacha20-poly1305,128,1323,30600
chacha20-poly1305,128,1324,30800
chacha20-poly1305,128,1325,30100
chacha20-poly1305,128,1326,30700
chacha20-poly1305,128,1327,31500
chacha20-poly1305,128,1328,30300
chacha20-poly1305,128,1329,30500
chacha20-poly1305,128,1330,30500
chacha20-poly1305,128,1331,30200
chacha20-poly1305,128,1332,30300
chacha20-poly1305,128,1333,30500
chacha20-poly1305,128,1334,30300
chacha20-poly1305,128,1335,30400
chacha20-poly1305,128,1336,30200
chacha20-poly1305,128,1337,30300
chacha20-poly1305,128,1338,30500
chacha20-poly1305,128,1339,30900
chacha20-poly1305,128,1340,30200
chacha20-poly1305,128,1341,30400
chacha20-poly1305,128,1342,30400
chacha20-poly1305,128,1343,30000
chacha20-poly1305,128,1344,30600
chacha20-poly1305,128,1345,30300
chacha20-poly1305,128,1346,30100
chacha20-poly1305,128,1347,30500
chacha20-poly1305,128,1348,30600
chacha20-poly1305,128,1349,30300
chacha20-poly1305,128,1350,31200
chacha20-poly1305,128,1351,30600
chacha20-poly1305,128,1352,30200
chacha20-poly1305,128,1353,30600
chacha20-poly1305,128,1354,30300
chacha20-poly1305,128,1355,30300
chacha20-poly1305,128,1356,30500
chacha20-poly1305,128,1357,30300
chacha20-poly1305,128,1358,30100
chacha20-poly1305,128,1359,30600
chacha20-poly1305,128,1360,30300
chacha20-poly1305,128,1361,30000
chacha20-poly1305,128,1362,30700
chacha20-poly1305,128,1363,30300
chacha20-poly1305,128,1364,30500
chacha20-poly1305,128,1365,30400
chacha20-poly1305,128,1366,30500
chacha20-poly1305,128,1367,30300
chacha20-poly1305,128,1368,30300
chacha20-poly1305,128,1369,30500
chacha20-poly1305,128,1370,30300
chacha20-poly1305,128,1371,30600
chacha20-poly1305,128,1372,30300
chacha20-poly1305,128,1373,30400
chacha20-poly1305,128,1374,30400
chacha20-poly1305,128,1375,30400
chacha20-poly1305,128,1376,29900
chacha20-poly1305,128,1377,30500
chacha20-poly1305,128,1378,30300
chacha20-poly1305,128,1379,30000
chacha20-poly1305,128,1380,30600
chacha20-poly1305,128,1381,30300
chacha20-poly1305,128,1382,30400
chacha20-poly1305,128,1383,30400
chacha20-poly1305,128,1384,30600
chacha20-poly1305,128,1385,30100
chacha20-poly1305,128,1386,30300
chacha20-poly1305,128,1387,30700
chacha20-poly1305,128,1388,30300
chacha20-poly1305,128,1389,30700
chacha20-poly1305,128,1390,30500
chacha20-poly1305,128,1391,31400
chacha20-poly1305,128,1392,30500
chacha20-poly1305,128,1393,30400
chacha20-poly1305,128,1394,30200
chacha20-poly1305,128,1395,30200
chacha20-poly1305,128,1396,30500
chacha20-poly1305,128,1397,30100
chacha20-poly1305,128,1398,30500
chacha20-poly1305,128,1399,30200
chacha20-poly1305,128,1400,30300
chacha20-poly1305,128,1401,30500
chacha20-poly1305,128,1402,30800
chacha20-poly1305,128,1403,31100
chacha20-poly1305,128,1404,30500
chacha20-poly1305,128,1405,30500
chacha20-poly1305,128,1406,30100
chacha20-poly1305,128,1407,30400
chacha20-poly1305,128,1408,30200
chacha20-poly1305,128,1409,30600
chacha20-poly1305,128,1410,30300
chacha20-poly1305,128,1411,30600
chacha20-poly1305,128,1412,30400
chacha20-poly1305,128,1413,30400
chacha20-poly1305,128,1414,31300
chacha20-poly1305,128,1415,30000
chacha20-poly1305,128,1416,30500
chacha20-poly1305,128,1417,30300
chacha20-poly1305,128,1418,30200
chacha20-poly1305,128,1419,30300
chacha20-poly1305,128,1420,30600
chacha20-poly1305,128,1421,30000
chacha20-poly1305,128,1422,30300
chacha20-poly1305,128,1423,30500
chacha20-poly1305,128,1424,30200
chacha20-poly1305,128,1425,30700
chacha20-poly1305,128,1426,30200
chacha20-poly1305,128,1427,30300
chacha20-poly1305,128,1428,30200
chacha20-poly1305,128,1429,30600
chacha20-poly1305,128,1430,30400
chacha20-poly1305,128,1431,30400
chacha20-poly1305,128,1432,30700
chacha20-poly1305,128,1433,30000
chacha20-poly1305,128,1434,30600
chacha20-poly1305,128,1435,30200
chacha20-poly1305,128,1436,30300
chacha20-poly1305,128,1437,30400
chacha20-poly1305,128,1438,30500
chacha20-poly1305,128,1439,30100
chacha20-poly1305,128,1440,30400
chacha20-poly1305,128,1441,30500
chacha20-poly1305,128,1442,30000
chacha20-poly1305,128,1443,30700
chacha20-poly1305,128,1444,30500
chacha20-poly1305,128,1445,30300
chacha20-poly1305,128,1446,30400
chacha20-poly1305,128,1447,30600
chacha20-poly1305,128,1448,30100
chacha20-poly1305,128,1449,30400
chacha20-poly1305,128,1450,30500
chacha20-poly1305,128,1451,30400
chacha20-poly1305,128,1452,30800
chacha20-poly1305,128,1453,30100
chacha20-poly1305,128,1454,30400
chacha20-poly1305,128,1455,31200
chacha20-poly1305,128,1456,30500
chacha20-poly1305,128,1457,30300
chacha20-poly1305,128,1458,30500
chacha20-poly1305,128,1459,30500
chacha20-poly1305,128,1460,29900
chacha20-poly1305,128,1461,30600
chacha20-poly1305,128,1462,30600
chacha20-poly1305,128,1463,30300
chacha20-poly1305,128,1464,30500
chacha20-poly1305,128,1465,30200
chacha20-poly1305,128,1466,30100
chacha20-poly1305,128,1467,30500
chacha20-poly1305,128,1468,30300
chacha20-poly1305,128,1469,30300
chacha20-poly1305,128,1470,30600
chacha20-poly1305,128,1471,30400
chacha20-poly1305,128,1472,30200
chacha20-poly1305,128,1473,30400
chacha20-poly1305,128,1474,30500
chacha20-poly1305,128,1475,30100
chacha20-poly1305,128,1476,30400
chacha20-poly1305,128,1477,30600
chacha20-poly1305,128,1478,30900
chacha20-poly1305,128,1479,30500
chacha20-poly1305,128,1480,30300
chacha20-poly1305,128,1481,30300
chacha20-poly1305,128,1482,30300
chacha20-poly1305,128,1483,30300
chacha20-poly1305,128,1484,30300
chacha20-poly1305,128,1485,30300
chacha20-poly1305,128,1486,30600
chacha20-poly1305,128,1487,30300
chacha20-poly1305,128,1488,30500
chacha20-poly1305,128,1489,30200
chacha20-poly1305,128,1490,30500
chacha20-poly1305,128,1491,30500
chacha20-poly1305,128,1492,30600
chacha20-poly1305,128,1493,30000
chacha20-poly1305,128,1494,30600
chacha20-poly1305,128,1495,30500
chacha20-poly1305,128,1496,30100
chacha20-poly1305,128,1497,30500
chacha20-poly1305,128,1498,30400
chacha20-poly1305,128,1499,30400
chacha20-poly1305,128,1500,42400
chacha20-poly1305,128,1501,30900
chacha20-poly1305,128,1502,30100
chacha20-poly1305,128,1503,30400
chacha20-poly1305,128,1504,30500
chacha20-poly1305,128,1505,30200
chacha20-poly1305,128,1506,30500
chacha20-poly1305,128,1507,30300
chacha20-poly1305,128,1508,30300
chacha20-poly1305,128,1509,30500
chacha20-poly1305,128,1510,30600
chacha20-poly1305,128,1511,30300
chacha20-poly1305,128,1512,30400
chacha20-poly1305,128,1513,30300
chacha20-poly1305,128,1514,30200
chacha20-poly1305,128,1515,30600
chacha20-poly1305,128,1516,30200
chacha20-poly1305,128,1517,30200
chacha20-poly1305,128,1518,31200
chacha20-poly1305,128,1519,30700
chacha20-poly1305,128,1520,30000
chacha20-poly1305,128,1521,30400
chacha20-poly1305,128,1522,30500
chacha20-poly1305,128,1523,30000
chacha20-poly1305,128,1524,30600
chacha20-poly1305,128,1525,30400
chacha20-poly1305,128,1526,30400
chacha20-poly1305,128,1527,30500
chacha20-poly1305,128,1528,30300
chacha20-poly1305,128,1529,30200
chacha20-poly1305,128,1530,30600
chacha20-poly1305,128,1531,30800
chacha20-poly1305,128,1532,30200
chacha20-poly1305,128,1533,30600
chacha20-poly1305,128,1534,30300
chacha20-poly1305,128,1535,30200
chacha20-poly1305,128,1536,30400
chacha20-poly1305,128,1537,30700
chacha20-poly1305,128,1538,30100
chacha20-poly1305,128,1539,30400
chacha20-poly1305,128,1540,30700
chacha20-poly1305,128,1541,30900
chacha20-poly1305,128,1542,30700
chacha20-poly1305,128,1543,30300
chacha20-poly1305,128,1544,30400
chacha20-poly1305,128,1545,30300
chacha20-poly1305,128,1546,30500
chacha20-poly1305,128,1547,30100
chacha20-poly1305,128,1548,30600
chacha20-poly1305,128,1549,30600
chacha20-poly1305,128,1550,30100
chacha20-poly1305,128,1551,30800
chacha20-poly1305,128,1552,30300
chacha20-poly1305,128,1553,30300
chacha20-poly1305,128,1554,30400
chacha20-poly1305,128,1555,30500
chacha20-poly1305,128,1556,30100
chacha20-poly1305,128,1557,30400
chacha20-poly1305,128,1558,30600
chacha20-poly1305,128,1559,30000
chacha20-poly1305,128,1560,30600
chacha20-poly1305,128,1561,30300
chacha20-poly1305,128,1562,30800
chacha20-poly1305,128,1563,30400
chacha20-poly1305,128,1564,30800
chacha20-poly1305,128,1565,98900
chacha20-poly1305,128,1566,174800
chacha20-poly1305,128,1567,87300
chacha20-poly1305,128,1568,60500
chacha20-poly1305,128,1569,170500
chacha20-poly1305,128,1570,64500
chacha20-poly1305,128,1571,38700
chacha20-poly1305,128,1572,35200
chacha20-poly1305,128,1573,50500
chacha20-poly1305,128,1574,80900
chacha20-poly1305,128,1575,40200
chacha20-poly1305,128,1576,32700
chacha20-poly1305,128,1577,31200
chacha20-poly1305,128,1578,30900
chacha20-poly1305,128,1579,58800
chacha20-poly1305,128,1580,82200
chacha20-poly1305,128,1581,69200
chacha20-poly1305,128,1582,42400
chacha20-poly1305,128,1583,32400
chacha20-poly1305,128,1584,31000
chacha20-poly1305,128,1585,31000
chacha20-poly1305,128,1586,30300
chacha20-poly1305,128,1587,30800
chacha20-poly1305,128,1588,30400
chacha20-poly1305,128,1589,30800
chacha20-poly1305,128,1590,30500
chacha20-poly1305,128,1591,30300
chacha20-poly1305,128,1592,30000
chacha20-poly1305,128,1593,30700
chacha20-poly1305,128,1594,30700
chacha20-poly1305,128,1595,30300
chacha20-poly1305,128,1596,30400
chacha20-poly1305,128,1597,30400
chacha20-poly1305,128,1598,30300
chacha20-poly1305,128,1599,30700
chacha20-poly1305,128,1600,30500
chacha20-poly1305,128,1601,30300
chacha20-poly1305,128,1602,30300
chacha20-poly1305,128,1603,30500
chacha20-poly1305,128,1604,30400
chacha20-poly1305,128,1605,31500
chacha20-poly1305,128,1606,30300
chacha20-poly1305,128,1607,30200
chacha20-poly1305,128,1608,30400
chacha20-poly1305,128,1609,30800
chacha20-poly1305,128,1610,30400
chacha20-poly1305,128,1611,30600
chacha20-poly1305,128,1612,30400
chacha20-poly1305,128,1613,30100
chacha20-poly1305,128,1614,30800
chacha20-poly1305,128,1615,30200
chacha20-poly1305,128,1616,30400
chacha20-poly1305,128,1617,30400
chacha20-poly1305,128,1618,30500
chacha20-poly1305,128,1619,30300
chacha20-poly1305,128,1620,30500
chacha20-poly1305,128,1621,30800
chacha20-poly1305,128,1622,30300
chacha20-poly1305,128,1623,30700
chacha20-poly1305,128,1624,30200
chacha20-poly1305,128,1625,30600
chacha20-poly1305,128,1626,30500
chacha20-poly1305,128,1627,30500
chacha20-poly1305,128,1628,30000
chacha20-poly1305,128,1629,30500
chacha20-poly1305,128,1630,30600
chacha20-poly1305,128,1631,30100
chacha20-poly1305,128,1632,30800
chacha20-poly1305,128,1633,30400
chacha20-poly1305,128,1634,30500
chacha20-poly1305,128,1635,30400
chacha20-poly1305,128,1636,30700
chacha20-poly1305,128,1637,30100
chacha20-poly1305,128,1638,30600
chacha20-poly1305,128,1639,30500
chacha20-poly1305,128,1640,32700
chacha20-poly1305,128,1641,30400
chacha20-poly1305,128,1642,30500
chacha20-poly1305,128,1643,30100
chacha20-poly1305,128,1644,30400
chacha20-poly1305,128,1645,30300
chacha20-poly1305,128,1646,31100
chacha20-poly1305,128,1647,30400
chacha20-poly1305,128,1648,30500
chacha20-poly1305,128,1649,30200
chacha20-poly1305,128,1650,30500
chacha20-poly1305,128,1651,30300
chacha20-poly1305,128,1652,30300
chacha20-poly1305,128,1653,30600
chacha20-poly1305,128,1654,30700
chacha20-poly1305,128,1655,30300
chacha20-poly1305,128,1656,30500
chacha20-poly1305,128,1657,30700
chacha20-poly1305,128,1658,30100
chacha20-poly1305,128,1659,30600
chacha20-poly1305,128,1660,30400
chacha20-poly1305,128,1661,30300
chacha20-poly1305,128,1662,30500
chacha20-poly1305,128,1663,30700
chacha20-poly1305,128,1664,30200
chacha20-poly1305,128,1665,30200
chacha20-poly1305,128,1666,30500
chacha20-poly1305,128,1667,30000
chacha20-poly1305,128,1668,30700
chacha20-poly1305,128,1669,31100
chacha20-poly1305,128,1670,30500
chacha20-poly1305,128,1671,30300
chacha20-poly1305,128,1672,30500
chacha20-poly1305,128,1673,30000
chacha20-poly1305,128,1674,30600
chacha20-poly1305,128,1675,30500
chacha20-poly1305,128,1676,29900
chacha20-poly1305,128,1677,30500
chacha20-poly1305,128,1678,30300
chacha20-poly1305,128,1679,30400
chacha20-poly1305,128,1680,30500
chacha20-poly1305,128,1681,30400
chacha20-poly1305,128,1682,30200
chacha20-poly1305,128,1683,30300
chacha20-poly1305,128,1684,30500
chacha20-poly1305,128,1685,30100
chacha20-poly1305,128,1686,30600
chacha20-poly1305,128,1687,30400
chacha20-poly1305,128,1688,30200
chacha20-poly1305,128,1689,30700
chacha20-poly1305,128,1690,30400
chacha20-poly1305,128,1691,30000
chacha20-poly1305,128,1692,30500
chacha20-poly1305,128,1693,30500
chacha20-poly1305,128,1694,30100
chacha20-poly1305,128,1695,30700
chacha20-poly1305,128,1696,30200
chacha20-poly1305,128,1697,30400
chacha20-poly1305,128,1698,30500
chacha20-poly1305,128,1699,30700
chacha20-poly1305,128,1700,30300
chacha20-poly1305,128,1701,30400
chacha20-poly1305,128,1702,30700
chacha20-poly1305,128,1703,33100
chacha20-poly1305,128,1704,30500
chacha20-poly1305,128,1705,30400
chacha20-poly1305,128,1706,30600
chacha20-poly1305,128,1707,30400
chacha20-poly1305,128,1708,30500
chacha20-poly1305,128,1709,30100
chacha20-poly1305,128,1710,31400
chacha20-poly1305,128,1711,30400
chacha20-poly1305,128,1712,30500
chacha20-poly1305,128,1713,30600
chacha20-poly1305,128,1714,30400
chacha20-poly1305,128,1715,30400
chacha20-poly1305,128,1716,30500
chacha20-poly1305,128,1717,30700
chacha20-poly1305,128,1718,30300
chacha20-poly1305,128,1719,30600
chacha20-poly1305,128,1720,30700
chacha20-poly1305,128,1721,30100
chacha20-poly1305,128,1722,30600
chacha20-poly1305,128,1723,30400
chacha20-poly1305,128,1724,30300
chacha20-poly1305,128,1725,30600
chacha20-poly1305,128,1726,30400
chacha20-poly1305,128,1727,30200
chacha20-poly1305,128,1728,30400
chacha20-poly1305,128,1729,30400
chacha20-poly1305,128,1730,30100
chacha20-poly1305,128,1731,30500
chacha20-poly1305,128,1732,30600
chacha20-poly1305,128,1733,31200
chacha20-poly1305,128,1734,30500
chacha20-poly1305,128,1735,30500
chacha20-poly1305,128,1736,30100
chacha20-poly1305,128,1737,30200
chacha20-poly1305,128,1738,30600
chacha20-poly1305,128,1739,30300
chacha20-poly1305,128,1740,30700
chacha20-poly1305,128,1741,30300
chacha20-poly1305,128,1742,30400
chacha20-poly1305,128,1743,30200
chacha20-poly1305,128,1744,30600
chacha20-poly1305,128,1745,30000
chacha20-poly1305,128,1746,30100
chacha20-poly1305,128,1747,30600
chacha20-poly1305,128,1748,30200
chacha20-poly1305,128,1749,30600
chacha20-poly1305,128,1750,30500
chacha20-poly1305,128,1751,30300
chacha20-poly1305,128,1752,30500
chacha20-poly1305,128,1753,30600
chacha20-poly1305,128,1754,30300
chacha20-poly1305,128,1755,30400
chacha20-poly1305,128,1756,30500
chacha20-poly1305,128,1757,30300
chacha20-poly1305,128,1758,30700
chacha20-poly1305,128,1759,30600
chacha20-poly1305,128,1760,30300
chacha20-poly1305,128,1761,30300
chacha20-poly1305,128,1762,30600
chacha20-poly1305,128,1763,30100
chacha20-poly1305,128,1764,30700
chacha20-poly1305,128,1765,30600
chacha20-poly1305,128,1766,30200
chacha20-poly1305,128,1767,30600
chacha20-poly1305,128,1768,30300
chacha20-poly1305,128,1769,30400
chacha20-poly1305,128,1770,30500
chacha20-poly1305,128,1771,30600
chacha20-poly1305,128,1772,30200
chacha20-poly1305,128,1773,31200
chacha20-poly1305,128,1774,30700
chacha20-poly1305,128,1775,30200
chacha20-poly1305,128,1776,31000
chacha20-poly1305,128,1777,30400
chacha20-poly1305,128,1778,30300
chacha20-poly1305,128,1779,30500
chacha20-poly1305,128,1780,30600
chacha20-poly1305,128,1781,30200
chacha20-poly1305,128,1782,30800
chacha20-poly1305,128,1783,30500
chacha20-poly1305,128,1784,30200
chacha20-poly1305,128,1785,30600
chacha20-poly1305,128,1786,30200
chacha20-poly1305,128,1787,30300
chacha20-poly1305,128,1788,30400
chacha20-poly1305,128,1789,30600
chacha20-poly1305,128,1790,30200
chacha20-poly1305,128,1791,30500
chacha20-poly1305,128,1792,30500
chacha20-poly1305,128,1793,30100
chacha20-poly1305,128,1794,30800
chacha20-poly1305,128,1795,30300
chacha20-poly1305,128,1796,31100
chacha20-poly1305,128,1797,30400
chacha20-poly1305,128,1798,30600
chacha20-poly1305,128,1799,30300
chacha20-poly1305,128,1800,30300
chacha20-poly1305,128,1801,30600
chacha20-poly1305,128,1802,30200
chacha20-poly1305,128,1803,30600
chacha20-poly1305,128,1804,30400
chacha20-poly1305,128,1805,30600
chacha20-poly1305,128,1806,30600
chacha20-poly1305,128,1807,30500
chacha20-poly1305,128,1808,30200
chacha20-poly1305,128,1809,30400
chacha20-poly1305,128,1810,30400
chacha20-poly1305,128,1811,30000
chacha20-poly1305,128,1812,30600
chacha20-poly1305,128,1813,30500
chacha20-poly1305,128,1814,30500
chacha20-poly1305,128,1815,30400
chacha20-poly1305,128,1816,30600
chacha20-poly1305,128,1817,30400
chacha20-poly1305,128,1818,30300
chacha20-poly1305,128,1819,30500
chacha20-poly1305,128,1820,30100
chacha20-poly1305,128,1821,30500
chacha20-poly1305,128,1822,30300
chacha20-poly1305,128,1823,30200
chacha20-poly1305,128,1824,30600
chacha20-poly1305,128,1825,30400
chacha20-poly1305,128,1826,30000
chacha20-poly1305,128,1827,30400
chacha20-poly1305,128,1828,30700
chacha20-poly1305,128,1829,30200
chacha20-poly1305,128,1830,30800
chacha20-poly1305,128,1831,30300
chacha20-poly1305,128,1832,30200
chacha20-poly1305,128,1833,30300
chacha20-poly1305,128,1834,30800
chacha20-poly1305,128,1835,30100
chacha20-poly1305,128,1836,30500
chacha20-poly1305,128,1837,31300
chacha20-poly1305,128,1838,30200
chacha20-poly1305,128,1839,30600
chacha20-poly1305,128,1840,30500
chacha20-poly1305,128,1841,30300
chacha20-poly1305,128,1842,30400
chacha20-poly1305,128,1843,30500
chacha20-poly1305,128,1844,30300
chacha20-poly1305,128,1845,30600
chacha20-poly1305,128,1846,30500
chacha20-poly1305,128,1847,30100
chacha20-poly1305,128,1848,30700
chacha20-poly1305,128,1849,30600
chacha20-poly1305,128,1850,30300
chacha20-poly1305,128,1851,30300
chacha20-poly1305,128,1852,30500
chacha20-poly1305,128,1853,30300
chacha20-poly1305,128,1854,30500
chacha20-poly1305,128,1855,30900
chacha20-poly1305,128,1856,30100
chacha20-poly1305,128,1857,30600
chacha20-poly1305,128,1858,30300
chacha20-poly1305,128,1859,30400
chacha20-poly1305,128,1860,31400
chacha20-poly1305,128,1861,30400
chacha20-poly1305,128,1862,30100
chacha20-poly1305,128,1863,30400
chacha20-poly1305,128,1864,30600
chacha20-poly1305,128,1865,30200
chacha20-poly1305,128,1866,30700
chacha20-poly1305,128,1867,30200
chacha20-poly1305,128,1868,30300
chacha20-poly1305,128,1869,30300
chacha20-poly1305,128,1870,30900
chacha20-poly1305,128,1871,30100
chacha20-poly1305,128,1872,30500
chacha20-poly1305,128,1873,30400
chacha20-poly1305,128,1874,30100
chacha20-poly1305,128,1875,30700
chacha20-poly1305,128,1876,30300
chacha20-poly1305,128,1877,30500
chacha20-poly1305,128,1878,30400
chacha20-poly1305,128,1879,30500
chacha20-poly1305,128,1880,30100
chacha20-poly1305,128,1881,30500
chacha20-poly1305,128,1882,30600
chacha20-poly1305,128,1883,30000
chacha20-poly1305,128,1884,30700
chacha20-poly1305,128,1885,30400
chacha20-poly1305,128,1886,30300
chacha20-poly1305,128,1887,30400
chacha20-poly1305,128,1888,30400
chacha20-poly1305,128,1889,30200
chacha20-poly1305,128,1890,30400
chacha20-poly1305,128,1891,30500
chacha20-poly1305,128,1892,30200
chacha20-poly1305,128,1893,30500
chacha20-poly1305,128,1894,30800
chacha20-poly1305,128,1895,30300
chacha20-poly1305,128,1896,30200
chacha20-poly1305,128,1897,30500
chacha20-poly1305,128,1898,30100
chacha20-poly1305,128,1899,30600
chacha20-poly1305,128,1900,30700
chacha20-poly1305,128,1901,30700
chacha20-poly1305,128,1902,30700
chacha20-poly1305,128,1903,30300
chacha20-poly1305,128,1904,30600
chacha20-poly1305,128,1905,30300
chacha20-poly1305,128,1906,30400
chacha20-poly1305,128,1907,30200
chacha20-poly1305,128,1908,30400
chacha20-poly1305,128,1909,30600
chacha20-poly1305,128,1910,30100
chacha20-poly1305,128,1911,30500
chacha20-poly1305,128,1912,30500
chacha20-poly1305,128,1913,30400
chacha20-poly1305,128,1914,30300
chacha20-poly1305,128,1915,30600
chacha20-poly1305,128,1916,30100
chacha20-poly1305,128,1917,30400
chacha20-poly1305,128,1918,30500
chacha20-poly1305,128,1919,30200
chacha20-poly1305,128,1920,30600
chacha20-poly1305,128,1921,30400
chacha20-poly1305,128,1922,30400
chacha20-poly1305,128,1923,30200
chacha20-poly1305,128,1924,31400
chacha20-poly1305,128,1925,30100
chacha20-poly1305,128,1926,30400
chacha20-poly1305,128,1927,30500
chacha20-poly1305,128,1928,30000
chacha20-poly1305,128,1929,30500
chacha20-poly1305,128,1930,30400
chacha20-poly1305,128,1931,30400
chacha20-poly1305,128,1932,30300
chacha20-poly1305,128,1933,30500
chacha20-poly1305,128,1934,30400
chacha20-poly1305,128,1935,30400
chacha20-poly1305,128,1936,30800
chacha20-poly1305,128,1937,30200
chacha20-poly1305,128,1938,30500
chacha20-poly1305,128,1939,30300
chacha20-poly1305,128,1940,30400
chacha20-poly1305,128,1941,31200
chacha20-poly1305,128,1942,30800
chacha20-poly1305,128,1943,30100
chacha20-poly1305,128,1944,30500
chacha20-poly1305,128,1945,30700
chacha20-poly1305,128,1946,30300
chacha20-poly1305,128,1947,30500
chacha20-poly1305,128,1948,30300
chacha20-poly1305,128,1949,30300
chacha20-poly1305,128,1950,30300
chacha20-poly1305,128,1951,30500
chacha20-poly1305,128,1952,30200
chacha20-poly1305,128,1953,30300
chacha20-poly1305,128,1954,30700
chacha20-poly1305,128,1955,30200
chacha20-poly1305,128,1956,30600
chacha20-poly1305,128,1957,30200
chacha20-poly1305,128,1958,30400
chacha20-poly1305,128,1959,30500
chacha20-poly1305,128,1960,30500
chacha20-poly1305,128,1961,30100
chacha20-poly1305,128,1962,30400
chacha20-poly1305,128,1963,30400
chacha20-poly1305,128,1964,30200
chacha20-poly1305,128,1965,27100
chacha20-poly1305,128,1966,30900
chacha20-poly1305,128,1967,30600
chacha20-poly1305,128,1968,30400
chacha20-poly1305,128,1969,30700
chacha20-poly1305,128,1970,30400
chacha20-poly1305,128,1971,30400
chacha20-poly1305,128,1972,30600
chacha20-poly1305,128,1973,30100
chacha20-poly1305,128,1974,30700
chacha20-poly1305,128,1975,30400
chacha20-poly1305,128,1976,30400
chacha20-poly1305,128,1977,30600
chacha20-poly1305,128,1978,30500
chacha20-poly1305,128,1979,30200
chacha20-poly1305,128,1980,30400
chacha20-poly1305,128,1981,30800
chacha20-poly1305,128,1982,30200
chacha20-poly1305,128,1983,30700
chacha20-poly1305,128,1984,30400
chacha20-poly1305,128,1985,30300
chacha20-poly1305,128,1986,30400
chacha20-poly1305,128,1987,30600
chacha20-poly1305,128,1988,31100
chacha20-poly1305,128,1989,30300
chacha20-poly1305,128,1990,30500
chacha20-poly1305,128,1991,30200
chacha20-poly1305,128,1992,30600
chacha20-poly1305,128,1993,30200
chacha20-poly1305,128,1994,30500
chacha20-poly1305,128,1995,30500
chacha20-poly1305,128,1996,30500
chacha20-poly1305,128,1997,30300
chacha20-poly1305,128,1998,30500
chacha20-poly1305,128,1999,30600
chacha20-poly1305,512,0,31600
chacha20-poly1305,512,1,31300
chacha20-poly1305,512,2,31300
chacha20-poly1305,512,3,31000
chacha20-poly1305,512,4,31500
chacha20-poly1305,512,5,31300
chacha20-poly1305,512,6,31000
chacha20-poly1305,512,7,31700
chacha20-poly1305,512,8,30900
chacha20-poly1305,512,9,31400
chacha20-poly1305,512,10,31200
chacha20-poly1305,512,11,31100
chacha20-poly1305,512,12,31200
chacha20-poly1305,512,13,31100
chacha20-poly1305,512,14,31500
chacha20-poly1305,512,15,31200
chacha20-poly1305,512,16,31200
chacha20-poly1305,512,17,30800
chacha20-poly1305,512,18,31300
chacha20-poly1305,512,19,31000
chacha20-poly1305,512,20,31200
chacha20-poly1305,512,21,31100
chacha20-poly1305,512,22,31400
chacha20-poly1305,512,23,30700
chacha20-poly1305,512,24,31300
chacha20-poly1305,512,25,31000
chacha20-poly1305,512,26,31000
chacha20-poly1305,512,27,31400
chacha20-poly1305,512,28,31800
chacha20-poly1305,512,29,31200
chacha20-poly1305,512,30,31200
chacha20-poly1305,512,31,31200
chacha20-poly1305,512,32,31000
chacha20-poly1305,512,33,31000
chacha20-poly1305,512,34,31500
chacha20-poly1305,512,35,30800
chacha20-poly1305,512,36,31300
chacha20-poly1305,512,37,31600
chacha20-poly1305,512,38,31100
chacha20-poly1305,512,39,31200
chacha20-poly1305,512,40,31200
chacha20-poly1305,512,41,31000
chacha20-poly1305,512,42,31600
chacha20-poly1305,512,43,31100
chacha20-poly1305,512,44,31400
chacha20-poly1305,512,45,31300
chacha20-poly1305,512,46,31100
chacha20-poly1305,512,47,31400
chacha20-poly1305,512,48,31300
chacha20-poly1305,512,49,31400
chacha20-poly1305,512,50,30900
chacha20-poly1305,512,51,31000
chacha20-poly1305,512,52,31500
chacha20-poly1305,512,53,31000
chacha20-poly1305,512,54,31500
chacha20-poly1305,512,55,30900
chacha20-poly1305,512,56,31100
chacha20-poly1305,512,57,31200
chacha20-poly1305,512,58,31400
chacha20-poly1305,512,59,31000
chacha20-poly1305,512,60,30900
chacha20-poly1305,512,61,31200
chacha20-poly1305,512,62,31100
chacha20-poly1305,512,63,31500
chacha20-poly1305,512,64,31200
chacha20-poly1305,512,65,31100
chacha20-poly1305,512,66,31000
chacha20-poly1305,512,67,31300
chacha20-poly1305,512,68,31100
chacha20-poly1305,512,69,31300
chacha20-poly1305,512,70,31600
chacha20-poly1305,512,71,30800
chacha20-poly1305,512,72,31400
chacha20-poly1305,512,73,31200
chacha20-poly1305,512,74,31400
chacha20-poly1305,512,75,31000
chacha20-poly1305,512,76,31200
chacha20-poly1305,512,77,31000
chacha20-poly1305,512,78,31100
chacha20-poly1305,512,79,31500
chacha20-poly1305,512,80,30800
chacha20-poly1305,512,81,31200
chacha20-poly1305,512,82,31200
chacha20-poly1305,512,83,31100
chacha20-poly1305,512,84,31300
chacha20-poly1305,512,85,31200
chacha20-poly1305,512,86,30900
chacha20-poly1305,512,87,31300
chacha20-poly1305,512,88,31200
chacha20-poly1305,512,89,30800
chacha20-poly1305,512,90,31400
chacha20-poly1305,512,91,31000
chacha20-poly1305,512,92,31900
chacha20-poly1305,512,93,30800
chacha20-poly1305,512,94,31800
chacha20-poly1305,512,95,30800
chacha20-poly1305,512,96,31000
chacha20-poly1305,512,97,31300
chacha20-poly1305,512,98,31200
chacha20-poly1305,512,99,31300
chacha20-poly1305,512,100,31200
chacha20-poly1305,512,101,31300
chacha20-poly1305,512,102,31200
chacha20-poly1305,512,103,31800
chacha20-poly1305,512,104,31400
chacha20-poly1305,512,105,30900
chacha20-poly1305,512,106,31200
chacha20-poly1305,512,107,30900
chacha20-poly1305,512,108,31300
chacha20-poly1305,512,109,31000
chacha20-poly1305,512,110,31100
chacha20-poly1305,512,111,31000
chacha20-poly1305,512,112,31300
chacha20-poly1305,512,113,30700
chacha20-poly1305,512,114,31300
chacha20-poly1305,512,115,31200
chacha20-poly1305,512,116,31100
chacha20-poly1305,512,117,31600
chacha20-poly1305,512,118,31100
chacha20-poly1305,512,119,31000
chacha20-poly1305,512,120,31100
chacha20-poly1305,512,121,31400
chacha20-poly1305,512,122,31200
chacha20-poly1305,512,123,31100
chacha20-poly1305,512,124,31500
chacha20-poly1305,512,125,30800
chacha20-poly1305,512,126,31700
chacha20-poly1305,512,127,31400
chacha20-poly1305,512,128,31100
chacha20-poly1305,512,129,31100
chacha20-poly1305,512,130,31300
chacha20-poly1305,512,131,30800
chacha20-poly1305,512,132,31200
chacha20-poly1305,512,133,31400
chacha20-poly1305,512,134,31000
chacha20-poly1305,512,135,31300
chacha20-poly1305,512,136,31100
chacha20-poly1305,512,137,31200
chacha20-poly1305,512,138,31400
chacha20-poly1305,512,139,31500
chacha20-poly1305,512,140,30800
chacha20-poly1305,512,141,31000
chacha20-poly1305,512,142,31300
chacha20-poly1305,512,143,31200
chacha20-poly1305,512,144,31700
chacha20-poly1305,512,145,30900
chacha20-poly1305,512,146,31200
chacha20-poly1305,512,147,31300
chacha20-poly1305,512,148,31500
chacha20-poly1305,512,149,30900
chacha20-poly1305,512,150,31000
chacha20-poly1305,512,151,31200
chacha20-poly1305,512,152,30900
chacha20-poly1305,512,153,31100
chacha20-poly1305,512,154,31600
chacha20-poly1305,512,155,30900
chacha20-poly1305,512,156,31700
chacha20-poly1305,512,157,31300
chacha20-poly1305,512,158,31100
chacha20-poly1305,512,159,31100
chacha20-poly1305,512,160,31100
chacha20-poly1305,512,161,30800
chacha20-poly1305,512,162,31300
chacha20-poly1305,512,163,31000
chacha20-poly1305,512,164,31300
chacha20-poly1305,512,165,31200
chacha20-poly1305,512,166,31100
chacha20-poly1305,512,167,31100
chacha20-poly1305,512,168,31100
chacha20-poly1305,512,169,31500
chacha20-poly1305,512,170,30800
chacha20-poly1305,512,171,31300
chacha20-poly1305,512,172,30900
chacha20-poly1305,512,173,31200
chacha20-poly1305,512,174,31200
chacha20-poly1305,512,175,31400
chacha20-poly1305,512,176,30800
chacha20-poly1305,512,177,31200
chacha20-poly1305,512,178,31300
chacha20-poly1305,512,179,30800
chacha20-poly1305,512,180,31400
chacha20-poly1305,512,181,31300
chacha20-poly1305,512,182,31600
chacha20-poly1305,512,183,31100
chacha20-poly1305,512,184,31500
chacha20-poly1305,512,185,30800
chacha20-poly1305,512,186,31200
chacha20-poly1305,512,187,31500
chacha20-poly1305,512,188,31000
chacha20-poly1305,512,189,31200
chacha20-poly1305,512,190,31100
chacha20-poly1305,512,191,31200
chacha20-poly1305,512,192,31000
chacha20-poly1305,512,193,31100
chacha20-poly1305,512,194,31000
chacha20-poly1305,512,195,31200
chacha20-poly1305,512,196,31400
chacha20-poly1305,512,197,31300
chacha20-poly1305,512,198,31300
chacha20-poly1305,512,199,31000
chacha20-poly1305,512,200,30900
chacha20-poly1305,512,201,31000
chacha20-poly1305,512,202,31200
chacha20-poly1305,512,203,30900
chacha20-poly1305,512,204,31300
chacha20-poly1305,512,205,31200
chacha20-poly1305,512,206,30900
chacha20-poly1305,512,207,31600
chacha20-poly1305,512,208,30900
chacha20-poly1305,512,209,31200
chacha20-poly1305,512,210,31700
chacha20-poly1305,512,211,31100
chacha20-poly1305,512,212,31100
chacha20-poly1305,512,213,30900
chacha20-poly1305,512,214,31400
chacha20-poly1305,512,215,30900
chacha20-poly1305,512,216,31300
chacha20-poly1305,512,217,31100
chacha20-poly1305,512,218,31100
chacha20-poly1305,512,219,31300
chacha20-poly1305,512,220,31900
chacha20-poly1305,512,221,30900
chacha20-poly1305,512,222,31300
chacha20-poly1305,512,223,31300
chacha20-poly1305,512,224,31000
chacha20-poly1305,512,225,31300
chacha20-poly1305,512,226,31100
chacha20-poly1305,512,227,31000
chacha20-poly1305,512,228,31000
chacha20-poly1305,512,229,31400
chacha20-poly1305,512,230,30700
chacha20-poly1305,512,231,31600
chacha20-poly1305,512,232,31300
chacha20-poly1305,512,233,30900
chacha20-poly1305,512,234,31400
chacha20-poly1305,512,235,30900
chacha20-poly1305,512,236,30800
chacha20-poly1305,512,237,31200
chacha20-poly1305,512,238,31500
chacha20-poly1305,512,239,31500
chacha20-poly1305,512,240,31000
chacha20-poly1305,512,241,31100
chacha20-poly1305,512,242,30900
chacha20-poly1305,512,243,31100
chacha20-poly1305,512,244,31400
chacha20-poly1305,512,245,31300
chacha20-poly1305,512,246,31000
chacha20-poly1305,512,247,31300
chacha20-poly1305,512,248,30800
chacha20-poly1305,512,249,31100
chacha20-poly1305,512,250,31300
chacha20-poly1305,512,251,30700
chacha20-poly1305,512,252,31300
chacha20-poly1305,512,253,30900
chacha20-poly1305,512,254,31600
chacha20-poly1305,512,255,30900
chacha20-poly1305,512,256,31100
chacha20-poly1305,512,257,30900
chacha20-poly1305,512,258,31000
chacha20-poly1305,512,259,31300
chacha20-poly1305,512,260,30900
chacha20-poly1305,512,261,31300
chacha20-poly1305,512,262,30900
chacha20-poly1305,512,263,30900
chacha20-poly1305,512,264,31200
chacha20-poly1305,512,265,31300
chacha20-poly1305,512,266,31100
chacha20-poly1305,512,267,31100
chacha20-poly1305,512,268,31200
chacha20-poly1305,512,269,30700
chacha20-poly1305,512,270,31400
chacha20-poly1305,512,271,31200
chacha20-poly1305,512,272,31100
chacha20-poly1305,512,273,30800
chacha20-poly1305,512,274,31300
chacha20-poly1305,512,275,30800
chacha20-poly1305,512,276,31100
chacha20-poly1305,512,277,31600
chacha20-poly1305,512,278,30900
chacha20-poly1305,512,279,31400
chacha20-poly1305,512,280,30900
chacha20-poly1305,512,281,31200
chacha20-poly1305,512,282,31200
chacha20-poly1305,512,283,31700
chacha20-poly1305,512,284,30800
chacha20-poly1305,512,285,31000
chacha20-poly1305,512,286,31700
chacha20-poly1305,512,287,30800
chacha20-poly1305,512,288,31200
chacha20-poly1305,512,289,31000
chacha20-poly1305,512,290,31000
chacha20-poly1305,512,291,30800
chacha20-poly1305,512,292,31200
chacha20-poly1305,512,293,30900
chacha20-poly1305,512,294,50200
chacha20-poly1305,512,295,100400
chacha20-poly1305,512,296,60900
chacha20-poly1305,512,297,36600
chacha20-poly1305,512,298,32800
chacha20-poly1305,512,299,31800
chacha20-poly1305,512,300,31300
chacha20-poly1305,512,301,31500
chacha20-poly1305,512,302,31300
chacha20-poly1305,512,303,31100
chacha20-poly1305,512,304,31500
chacha20-poly1305,512,305,31100
chacha20-poly1305,512,306,31300
chacha20-poly1305,512,307,31500
chacha20-poly1305,512,308,31300
chacha20-poly1305,512,309,31700
chacha20-poly1305,512,310,31200
chacha20-poly1305,512,311,30900
chacha20-poly1305,512,312,31100
chacha20-poly1305,512,313,31200
chacha20-poly1305,512,314,31000
chacha20-poly1305,512,315,31300
chacha20-poly1305,512,316,31200
chacha20-poly1305,512,317,31200
chacha20-poly1305,512,318,31300
chacha20-poly1305,512,319,31600
chacha20-poly1305,512,320,30900
chacha20-poly1305,512,321,31100
chacha20-poly1305,512,322,31800
chacha20-poly1305,512,323,27000
chacha20-poly1305,512,324,31600
chacha20-poly1305,512,325,31000
chacha20-poly1305,512,326,31000
chacha20-poly1305,512,327,31300
chacha20-poly1305,512,328,31400
chacha20-poly1305,512,329,31100
chacha20-poly1305,512,330,31000
chacha20-poly1305,512,331,31300
chacha20-poly1305,512,332,30800
chacha20-poly1305,512,333,31200
chacha20-poly1305,512,334,31100
chacha20-poly1305,512,335,30900
chacha20-poly1305,512,336,31000
chacha20-poly1305,512,337,31500
chacha20-poly1305,512,338,30900
chacha20-poly1305,512,339,31200
chacha20-poly1305,512,340,31300
chacha20-poly1305,512,341,30800
chacha20-poly1305,512,342,31300
chacha20-poly1305,512,343,30900
chacha20-poly1305,512,344,31200
chacha20-poly1305,512,345,31000
chacha20-poly1305,512,346,31200
chacha20-poly1305,512,347,31700
chacha20-poly1305,512,348,31100
chacha20-poly1305,512,349,31300
chacha20-poly1305,512,350,31200
chacha20-poly1305,512,351,31300
chacha20-poly1305,512,352,31300
chacha20-poly1305,512,353,31000
chacha20-poly1305,512,354,31300
chacha20-poly1305,512,355,31300
chacha20-poly1305,512,356,30800
chacha20-poly1305,512,357,31000
chacha20-poly1305,512,358,31400
chacha20-poly1305,512,359,31000
chacha20-poly1305,512,360,31200
chacha20-poly1305,512,361,31000
chacha20-poly1305,512,362,31200
chacha20-poly1305,512,363,31200
chacha20-poly1305,512,364,31300
chacha20-poly1305,512,365,30900
chacha20-poly1305,512,366,30900
chacha20-poly1305,512,367,31300
chacha20-poly1305,512,368,30900
chacha20-poly1305,512,369,31600
chacha20-poly1305,512,370,31000
chacha20-poly1305,512,371,31100
chacha20-poly1305,512,372,31400
chacha20-poly1305,512,373,31300
chacha20-poly1305,512,374,30900
chacha20-poly1305,512,375,31100
chacha20-poly1305,512,376,31300
chacha20-poly1305,512,377,30900
chacha20-poly1305,512,378,31700
chacha20-poly1305,512,379,31200
chacha20-poly1305,512,380,31300
chacha20-poly1305,512,381,30900
chacha20-poly1305,512,382,31600
chacha20-poly1305,512,383,30900
chacha20-poly1305,512,384,31200
chacha20-poly1305,512,385,31200
chacha20-poly1305,512,386,30700
chacha20-poly1305,512,387,31200
chacha20-poly1305,512,388,31100
chacha20-poly1305,512,389,31100
chacha20-poly1305,512,390,31100
chacha20-poly1305,512,391,31300
chacha20-poly1305,512,392,31200
chacha20-poly1305,512,393,31300
chacha20-poly1305,512,394,31300
chacha20-poly1305,512,395,30800
chacha20-poly1305,512,396,31100
chacha20-poly1305,512,397,31100
chacha20-poly1305,512,398,31200
chacha20-poly1305,512,399,31000
chacha20-poly1305,512,400,31200
chacha20-poly1305,512,401,30800
chacha20-poly1305,512,402,31300
chacha20-poly1305,512,403,31300
chacha20-poly1305,512,404,31200
chacha20-poly1305,512,405,31300
chacha20-poly1305,512,406,31300
chacha20-poly1305,512,407,31100
chacha20-poly1305,512,408,31100
chacha20-poly1305,512,409,31200
chacha20-poly1305,512,410,30800
chacha20-poly1305,512,411,31600
chacha20-poly1305,512,412,31600
chacha20-poly1305,512,413,30900
chacha20-poly1305,512,414,31400
chacha20-poly1305,512,415,31000
chacha20-poly1305,512,416,31000
chacha20-poly1305,512,417,31100
chacha20-poly1305,512,418,31300
chacha20-poly1305,512,419,30800
chacha20-poly1305,512,420,31000
chacha20-poly1305,512,421,31100
chacha20-poly1305,512,422,30900
chacha20-poly1305,512,423,31400
chacha20-poly1305,512,424,31300
chacha20-poly1305,512,425,31100
chacha20-poly1305,512,426,30800
chacha20-poly1305,512,427,31500
chacha20-poly1305,512,428,30800
chacha20-poly1305,512,429,31100
chacha20-poly1305,512,430,31300
chacha20-poly1305,512,431,30800
chacha20-poly1305,512,432,31300
chacha20-poly1305,512,433,31100
chacha20-poly1305,512,434,31500
chacha20-poly1305,512,435,31100
chacha20-poly1305,512,436,31600
chacha20-poly1305,512,437,30800
chacha20-poly1305,512,438,31100
chacha20-poly1305,512,439,31400
chacha20-poly1305,512,440,30900
chacha20-poly1305,512,441,31200
chacha20-poly1305,512,442,31200
chacha20-poly1305,512,443,30900
chacha20-poly1305,512,444,31300
chacha20-poly1305,512,445,31100
chacha20-poly1305,512,446,31100
chacha20-poly1305,512,447,31000
chacha20-poly1305,512,448,31500
chacha20-poly1305,512,449,30900
chacha20-poly1305,512,450,91700
chacha20-poly1305,512,451,126500
chacha20-poly1305,512,452,83300
chacha20-poly1305,512,453,110800
chacha20-poly1305,512,454,91000
chacha20-poly1305,512,455,57400
chacha20-poly1305,512,456,34800
chacha20-poly1305,512,457,33000
chacha20-poly1305,512,458,31500
chacha20-poly1305,512,459,31700
chacha20-poly1305,512,460,31400
chacha20-poly1305,512,461,31800
chacha20-poly1305,512,462,31800
chacha20-poly1305,512,463,31400
chacha20-poly1305,512,464,31200
chacha20-poly1305,512,465,31300
chacha20-poly1305,512,466,31600
chacha20-poly1305,512,467,31200
chacha20-poly1305,512,468,31400
chacha20-poly1305,512,469,31300
chacha20-poly1305,512,470,30900
chacha20-poly1305,512,471,30900
chacha20-poly1305,512,472,31500
chacha20-poly1305,512,473,30700
chacha20-poly1305,512,474,31100
chacha20-poly1305,512,475,32400
chacha20-poly1305,512,476,31200
chacha20-poly1305,512,477,31500
chacha20-poly1305,512,478,31400
chacha20-poly1305,512,479,31200
chacha20-poly1305,512,480,31300
chacha20-poly1305,512,481,31200
chacha20-poly1305,512,482,31200
chacha20-poly1305,512,483,30900
chacha20-poly1305,512,484,31400
chacha20-poly1305,512,485,30900
chacha20-poly1305,512,486,31500
chacha20-poly1305,512,487,31000
chacha20-poly1305,512,488,31000
chacha20-poly1305,512,489,31200
chacha20-poly1305,512,490,31700
chacha20-poly1305,512,491,31100
chacha20-poly1305,512,492,31200
chacha20-poly1305,512,493,31300
chacha20-poly1305,512,494,31100
chacha20-poly1305,512,495,31300
chacha20-poly1305,512,496,31100
chacha20-poly1305,512,497,31100
chacha20-poly1305,512,498,31100
chacha20-poly1305,512,499,31300
chacha20-poly1305,512,500,30900
chacha20-poly1305,512,501,32500
chacha20-poly1305,512,502,31600
chacha20-poly1305,512,503,31000
chacha20-poly1305,512,504,31500
chacha20-poly1305,512,505,31000
chacha20-poly1305,512,506,31000
chacha20-poly1305,512,507,31200
chacha20-poly1305,512,508,31000
chacha20-poly1305,512,509,30800
chacha20-poly1305,512,510,31200
chacha20-poly1305,512,511,31200
chacha20-poly1305,512,512,30900
chacha20-poly1305,512,513,31000
chacha20-poly1305,512,514,31200
chacha20-poly1305,512,515,31200
chacha20-poly1305,512,516,31000
chacha20-poly1305,512,517,31300
chacha20-poly1305,512,518,31200
chacha20-poly1305,512,519,31100
chacha20-poly1305,512,520,31300
chacha20-poly1305,512,521,31100
chacha20-poly1305,512,522,31500
chacha20-poly1305,512,523,31100
chacha20-poly1305,512,524,31100
chacha20-poly1305,512,525,31100
chacha20-poly1305,512,526,31500
chacha20-poly1305,512,527,31000
chacha20-poly1305,512,528,31100
chacha20-poly1305,512,529,31200
chacha20-poly1305,512,530,30700
chacha20-poly1305,512,531,31400
chacha20-poly1305,512,532,31000
chacha20-poly1305,512,533,30900
chacha20-poly1305,512,534,31200
chacha20-poly1305,512,535,31200
chacha20-poly1305,512,536,31000
chacha20-poly1305,512,537,31100
chacha20-poly1305,512,538,31900
chacha20-poly1305,512,539,31000
chacha20-poly1305,512,540,31200
chacha20-poly1305,512,541,31100
chacha20-poly1305,512,542,31500
chacha20-poly1305,512,543,30900
chacha20-poly1305,512,544,31200
chacha20-poly1305,512,545,30800
chacha20-poly1305,512,546,31500
chacha20-poly1305,512,547,31300
chacha20-poly1305,512,548,30800
chacha20-poly1305,512,549,31400
chacha20-poly1305,512,550,31000
chacha20-poly1305,512,551,31000
chacha20-poly1305,512,552,31100
chacha20-poly1305,512,553,31500
chacha20-poly1305,512,554,31000
chacha20-poly1305,512,555,31200
chacha20-poly1305,512,556,31200
chacha20-poly1305,512,557,31100
chacha20-poly1305,512,558,31100
chacha20-poly1305,512,559,31100
chacha20-poly1305,512,560,31200
chacha20-poly1305,512,561,31200
chacha20-poly1305,512,562,31300
chacha20-poly1305,512,563,30900
chacha20-poly1305,512,564,31100
chacha20-poly1305,512,565,31300
chacha20-poly1305,512,566,31100
chacha20-poly1305,512,567,31300
chacha20-poly1305,512,568,31200
chacha20-poly1305,512,569,31300
chacha20-poly1305,512,570,31100
chacha20-poly1305,512,571,31200
chacha20-poly1305,512,572,31100
chacha20-poly1305,512,573,31100
chacha20-poly1305,512,574,31900
chacha20-poly1305,512,575,30800
chacha20-poly1305,512,576,31300
chacha20-poly1305,512,577,31000
chacha20-poly1305,512,578,31300
chacha20-poly1305,512,579,31300
chacha20-poly1305,512,580,31200
chacha20-poly1305,512,581,31300
chacha20-poly1305,512,582,31300
chacha20-poly1305,512,583,31200
chacha20-poly1305,512,584,30900
chacha20-poly1305,512,585,31300
chacha20-poly1305,512,586,31200
chacha20-poly1305,512,587,31100
chacha20-poly1305,512,588,31000
chacha20-poly1305,512,589,31300
chacha20-poly1305,512,590,30600
chacha20-poly1305,512,591,31100
chacha20-poly1305,512,592,31300
chacha20-poly1305,512,593,30800
chacha20-poly1305,512,594,31300
chacha20-poly1305,512,595,31000
chacha20-poly1305,512,596,30900
chacha20-poly1305,512,597,31200
chacha20-poly1305,512,598,31400
chacha20-poly1305,512,599,30800
chacha20-poly1305,512,600,31100
chacha20-poly1305,512,601,31300
chacha20-poly1305,512,602,31900
chacha20-poly1305,512,603,31200
chacha20-poly1305,512,604,31300
chacha20-poly1305,512,605,31000
chacha20-poly1305,512,606,31300
chacha20-poly1305,512,607,31300
chacha20-poly1305,512,608,30800
chacha20-poly1305,512,609,31300
chacha20-poly1305,512,610,31300
chacha20-poly1305,512,611,30800
chacha20-poly1305,512,612,31300
chacha20-poly1305,512,613,30900
chacha20-poly1305,512,614,31200
chacha20-poly1305,512,615,31000
chacha20-poly1305,512,616,31400
chacha20-poly1305,512,617,31000
chacha20-poly1305,512,618,31000
chacha20-poly1305,512,619,31300
chacha20-poly1305,512,620,30800
chacha20-poly1305,512,621,31700
chacha20-poly1305,512,622,31200
chacha20-poly1305,512,623,31000
chacha20-poly1305,512,624,31200
chacha20-poly1305,512,625,31200
chacha20-poly1305,512,626,31000
chacha20-poly1305,512,627,31300
chacha20-poly1305,512,628,31200
chacha20-poly1305,512,629,30800
chacha20-poly1305,512,630,31600
chacha20-poly1305,512,631,30900
chacha20-poly1305,512,632,31400
chacha20-poly1305,512,633,30900
chacha20-poly1305,512,634,31400
chacha20-poly1305,512,635,30800
chacha20-poly1305,512,636,31100
chacha20-poly1305,512,637,31200
chacha20-poly1305,512,638,30900
chacha20-poly1305,512,639,31300
chacha20-poly1305,512,640,31200
chacha20-poly1305,512,641,31100
chacha20-poly1305,512,642,31400
chacha20-poly1305,512,643,31300
chacha20-poly1305,512,644,30900
chacha20-poly1305,512,645,31000
chacha20-poly1305,512,646,31400
chacha20-poly1305,512,647,30900
chacha20-poly1305,512,648,31300
chacha20-poly1305,512,649,31300
chacha20-poly1305,512,650,31200
chacha20-poly1305,512,651,31100
chacha20-poly1305,512,652,31500
chacha20-poly1305,512,653,31000
chacha20-poly1305,512,654,31200
chacha20-poly1305,512,655,31200
chacha20-poly1305,512,656,30900
chacha20-poly1305,512,657,31500
chacha20-poly1305,512,658,31400
chacha20-poly1305,512,659,31400
chacha20-poly1305,512,660,30900
chacha20-poly1305,512,661,31400
chacha20-poly1305,512,662,31000
chacha20-poly1305,512,663,30800
chacha20-poly1305,512,664,31600
chacha20-poly1305,512,665,30900
chacha20-poly1305,512,666,32100
chacha20-poly1305,512,667,31200
chacha20-poly1305,512,668,31000
chacha20-poly1305,512,669,31200
chacha20-poly1305,512,670,31600
chacha20-poly1305,512,671,30800
chacha20-poly1305,512,672,31000
chacha20-poly1305,512,673,31300
chacha20-poly1305,512,674,31100
chacha20-poly1305,512,675,31300
chacha20-poly1305,512,676,31000
chacha20-poly1305,512,677,31100
chacha20-poly1305,512,678,31000
chacha20-poly1305,512,679,31300
chacha20-poly1305,512,680,30900
chacha20-poly1305,512,681,31300
chacha20-poly1305,512,682,31300
chacha20-poly1305,512,683,30900
chacha20-poly1305,512,684,31500
chacha20-poly1305,512,685,31100
chacha20-poly1305,512,686,31400
chacha20-poly1305,512,687,31100
chacha20-poly1305,512,688,31300
chacha20-poly1305,512,689,31000
chacha20-poly1305,512,690,31500
chacha20-poly1305,512,691,31500
chacha20-poly1305,512,692,31000
chacha20-poly1305,512,693,31200
chacha20-poly1305,512,694,31300
chacha20-poly1305,512,695,31000
chacha20-poly1305,512,696,31300
chacha20-poly1305,512,697,31200
chacha20-poly1305,512,698,30700
chacha20-poly1305,512,699,31200
chacha20-poly1305,512,700,31400
chacha20-poly1305,512,701,30900
chacha20-poly1305,512,702,31500
chacha20-poly1305,512,703,30900
chacha20-poly1305,512,704,31200
chacha20-poly1305,512,705,31100
chacha20-poly1305,512,706,31600
chacha20-poly1305,512,707,31100
chacha20-poly1305,512,708,31100
chacha20-poly1305,512,709,31300
chacha20-poly1305,512,710,30800
chacha20-poly1305,512,711,31400
chacha20-poly1305,512,712,31200
chacha20-poly1305,512,713,31000
chacha20-poly1305,512,714,31400
chacha20-poly1305,512,715,31000
chacha20-poly1305,512,716,30700
chacha20-poly1305,512,717,31100
chacha20-poly1305,512,718,31300
chacha20-poly1305,512,719,31000
chacha20-poly1305,512,720,31100
chacha20-poly1305,512,721,31100
chacha20-poly1305,512,722,31300
chacha20-poly1305,512,723,31500
chacha20-poly1305,512,724,31400
chacha20-poly1305,512,725,30800
chacha20-poly1305,512,726,31200
chacha20-poly1305,512,727,31400
chacha20-poly1305,512,728,31100
chacha20-poly1305,512,729,31300
chacha20-poly1305,512,730,31900
chacha20-poly1305,512,731,31200
chacha20-poly1305,512,732,31200
chacha20-poly1305,512,733,31300
chacha20-poly1305,512,734,31100
chacha20-poly1305,512,735,30900
chacha20-poly1305,512,736,31400
chacha20-poly1305,512,737,30900
chacha20-poly1305,512,738,31500
chacha20-poly1305,512,739,31100
chacha20-poly1305,512,740,31100
chacha20-poly1305,512,741,31000
chacha20-poly1305,512,742,31800
chacha20-poly1305,512,743,30700
chacha20-poly1305,512,744,31300
chacha20-poly1305,512,745,31300
chacha20-poly1305,512,746,31000
chacha20-poly1305,512,747,31300
chacha20-poly1305,512,748,31000
chacha20-poly1305,512,749,31300
chacha20-poly1305,512,750,31200
chacha20-poly1305,512,751,31300
chacha20-poly1305,512,752,31000
chacha20-poly1305,512,753,31000
chacha20-poly1305,512,754,31300
chacha20-poly1305,512,755,31000
chacha20-poly1305,512,756,31400
chacha20-poly1305,512,757,31000
chacha20-poly1305,512,758,31400
chacha20-poly1305,512,759,31200
chacha20-poly1305,512,760,31600
chacha20-poly1305,512,761,30800
chacha20-poly1305,512,762,31100
chacha20-poly1305,512,763,31100
chacha20-poly1305,512,764,31000
chacha20-poly1305,512,765,31300
chacha20-poly1305,512,766,31300
chacha20-poly1305,512,767,31200
chacha20-poly1305,512,768,31000
chacha20-poly1305,512,769,31300
chacha20-poly1305,512,770,31300
chacha20-poly1305,512,771,31300
chacha20-poly1305,512,772,31400
chacha20-poly1305,512,773,30700
chacha20-poly1305,512,774,31500
chacha20-poly1305,512,775,31000
chacha20-poly1305,512,776,31200
chacha20-poly1305,512,777,31200
chacha20-poly1305,512,778,31300
chacha20-poly1305,512,779,30900
chacha20-poly1305,512,780,31100
chacha20-poly1305,512,781,31800
chacha20-poly1305,512,782,30900
chacha20-poly1305,512,783,31300
chacha20-poly1305,512,784,31300
chacha20-poly1305,512,785,31000
chacha20-poly1305,512,786,31200
chacha20-poly1305,512,787,36400
chacha20-poly1305,512,788,30900
chacha20-poly1305,512,789,31100
chacha20-poly1305,512,790,31400
chacha20-poly1305,512,791,30900
chacha20-poly1305,512,792,31800
chacha20-poly1305,512,793,31600
chacha20-poly1305,512,794,31300
chacha20-poly1305,512,795,30900
chacha20-poly1305,512,796,31400
chacha20-poly1305,512,797,31000
chacha20-poly1305,512,798,31600
chacha20-poly1305,512,799,31400
chacha20-poly1305,512,800,30800
chacha20-poly1305,512,801,31200
chacha20-poly1305,512,802,31300
chacha20-poly1305,512,803,31100
chacha20-poly1305,512,804,31300
chacha20-poly1305,512,805,31200
chacha20-poly1305,512,806,31100
chacha20-poly1305,512,807,31200
chacha20-poly1305,512,808,31200
chacha20-poly1305,512,809,31100
chacha20-poly1305,512,810,31100
chacha20-poly1305,512,811,31100
chacha20-poly1305,512,812,31200
chacha20-poly1305,512,813,31000
chacha20-poly1305,512,814,31400
chacha20-poly1305,512,815,30600
chacha20-poly1305,512,816,31100
chacha20-poly1305,512,817,31300
chacha20-poly1305,512,818,30700
chacha20-poly1305,512,819,31400
chacha20-poly1305,512,820,31100
chacha20-poly1305,512,821,31100
chacha20-poly1305,512,822,31500
chacha20-poly1305,512,823,31300
chacha20-poly1305,512,824,31200
chacha20-poly1305,512,825,30900
chacha20-poly1305,512,826,31600
chacha20-poly1305,512,827,31000
chacha20-poly1305,512,828,31200
chacha20-poly1305,512,829,31100
chacha20-poly1305,512,830,31000
chacha20-poly1305,512,831,31200
chacha20-poly1305,512,832,31400
chacha20-poly1305,512,833,30800
chacha20-poly1305,512,834,31200
chacha20-poly1305,512,835,31300
chacha20-poly1305,512,836,30900
chacha20-poly1305,512,837,31300
chacha20-poly1305,512,838,31300
chacha20-poly1305,512,839,31100
chacha20-poly1305,512,840,31100
chacha20-poly1305,512,841,31500
chacha20-poly1305,512,842,31000
chacha20-poly1305,512,843,31000
chacha20-poly1305,512,844,31300
chacha20-poly1305,512,845,30900
chacha20-poly1305,512,846,31300
chacha20-poly1305,512,847,31300
chacha20-poly1305,512,848,31100
chacha20-poly1305,512,849,31100
chacha20-poly1305,512,850,31400
chacha20-poly1305,512,851,31200
chacha20-poly1305,512,852,31200
chacha20-poly1305,512,853,31200
chacha20-poly1305,512,854,31400
chacha20-poly1305,512,855,31100
chacha20-poly1305,512,856,31300
chacha20-poly1305,512,857,31700
chacha20-poly1305,512,858,31100
chacha20-poly1305,512,859,31300
chacha20-poly1305,512,860,30900
chacha20-poly1305,512,861,31100
chacha20-poly1305,512,862,31500
chacha20-poly1305,512,863,30700
chacha20-poly1305,512,864,31400
chacha20-poly1305,512,865,31000
chacha20-poly1305,512,866,31400
chacha20-poly1305,512,867,31300
chacha20-poly1305,512,868,31200
chacha20-poly1305,512,869,30900
chacha20-poly1305,512,870,31100
chacha20-poly1305,512,871,31300
chacha20-poly1305,512,872,30900
chacha20-poly1305,512,873,31400
chacha20-poly1305,512,874,31100
chacha20-poly1305,512,875,31100
chacha20-poly1305,512,876,31000
chacha20-poly1305,512,877,31600
chacha20-poly1305,512,878,30900
chacha20-poly1305,512,879,31100
chacha20-poly1305,512,880,31400
chacha20-poly1305,512,881,31000
chacha20-poly1305,512,882,31600
chacha20-poly1305,512,883,31300
chacha20-poly1305,512,884,31300
chacha20-poly1305,512,885,31000
chacha20-poly1305,512,886,31500
chacha20-poly1305,512,887,31100
chacha20-poly1305,512,888,31200
chacha20-poly1305,512,889,31300
chacha20-poly1305,512,890,30700
chacha20-poly1305,512,891,31300
chacha20-poly1305,512,892,31100
chacha20-poly1305,512,893,31000
chacha20-poly1305,512,894,31200
chacha20-poly1305,512,895,31100
chacha20-poly1305,512,896,30900
chacha20-poly1305,512,897,31200
chacha20-poly1305,512,898,31500
chacha20-poly1305,512,899,31100
chacha20-poly1305,512,900,31600
chacha20-poly1305,512,901,31100
chacha20-poly1305,512,902,31300
chacha20-poly1305,512,903,31000
chacha20-poly1305,512,904,31400
chacha20-poly1305,512,905,30900
chacha20-poly1305,512,906,31200
chacha20-poly1305,512,907,31400
chacha20-poly1305,512,908,30900
chacha20-poly1305,512,909,31600
chacha20-poly1305,512,910,31300
chacha20-poly1305,512,911,31200
chacha20-poly1305,512,912,31300
chacha20-poly1305,512,913,31100
chacha20-poly1305,512,914,30900
chacha20-poly1305,512,915,31200
chacha20-poly1305,512,916,31100
chacha20-poly1305,512,917,31000
chacha20-poly1305,512,918,31400
chacha20-poly1305,512,919,31100
chacha20-poly1305,512,920,31300
chacha20-poly1305,512,921,31700
chacha20-poly1305,512,922,31300
chacha20-poly1305,512,923,30800
chacha20-poly1305,512,924,31300
chacha20-poly1305,512,925,31300
chacha20-poly1305,512,926,31200
chacha20-poly1305,512,927,31500
chacha20-poly1305,512,928,30900
chacha20-poly1305,512,929,31100
chacha20-poly1305,512,930,31200
chacha20-poly1305,512,931,31400
chacha20-poly1305,512,932,30900
chacha20-poly1305,512,933,31000
chacha20-poly1305,512,934,31300
chacha20-poly1305,512,935,30800
chacha20-poly1305,512,936,31400
chacha20-poly1305,512,937,31100
chacha20-poly1305,512,938,31400
chacha20-poly1305,512,939,31300
chacha20-poly1305,512,940,31300
chacha20-poly1305,512,941,31100
chacha20-poly1305,512,942,31200
chacha20-poly1305,512,943,31300
chacha20-poly1305,512,944,31000
chacha20-poly1305,512,945,51200
chacha20-poly1305,512,946,133700
chacha20-poly1305,512,947,124500
chacha20-poly1305,512,948,95400
chacha20-poly1305,512,949,39200
chacha20-poly1305,512,950,59000
chacha20-poly1305,512,951,60200
chacha20-poly1305,512,952,36000
chacha20-poly1305,512,953,32000
chacha20-poly1305,512,954,32400
chacha20-poly1305,512,955,31300
chacha20-poly1305,512,956,31300
chacha20-poly1305,512,957,31200
chacha20-poly1305,512,958,31400
chacha20-poly1305,512,959,31600
chacha20-poly1305,512,960,31600
chacha20-poly1305,512,961,31300
chacha20-poly1305,512,962,30900
chacha20-poly1305,512,963,31400
chacha20-poly1305,512,964,31100
chacha20-poly1305,512,965,31300
chacha20-poly1305,512,966,34100
chacha20-poly1305,512,967,31200
chacha20-poly1305,512,968,30900
chacha20-poly1305,512,969,31000
chacha20-poly1305,512,970,31700
chacha20-poly1305,512,971,30700
chacha20-poly1305,512,972,31400
chacha20-poly1305,512,973,31000
chacha20-poly1305,512,974,31200
chacha20-poly1305,512,975,30800
chacha20-poly1305,512,976,31200
chacha20-poly1305,512,977,30900
chacha20-poly1305,512,978,31000
chacha20-poly1305,512,979,31300
chacha20-poly1305,512,980,31000
chacha20-poly1305,512,981,31600
chacha20-poly1305,512,982,31200
chacha20-poly1305,512,983,31100
chacha20-poly1305,512,984,31100
chacha20-poly1305,512,985,32000
chacha20-poly1305,512,986,30900
chacha20-poly1305,512,987,31200
chacha20-poly1305,512,988,31300
chacha20-poly1305,512,989,30800
chacha20-poly1305,512,990,31300
chacha20-poly1305,512,991,31100
chacha20-poly1305,512,992,31300
chacha20-poly1305,512,993,31000
chacha20-poly1305,512,994,31700
chacha20-poly1305,512,995,30600
chacha20-poly1305,512,996,31000
chacha20-poly1305,512,997,31200
chacha20-poly1305,512,998,86800
chacha20-poly1305,512,999,75600
chacha20-poly1305,512,1000,59200
chacha20-poly1305,512,1001,35100
chacha20-poly1305,512,1002,33000
chacha20-poly1305,512,1003,31800
chacha20-poly1305,512,1004,31500
chacha20-poly1305,512,1005,31400
chacha20-poly1305,512,1006,31900
chacha20-poly1305,512,1007,31000
chacha20-poly1305,512,1008,31400
chacha20-poly1305,512,1009,31400
chacha20-poly1305,512,1010,31400
chacha20-poly1305,512,1011,31100
chacha20-poly1305,512,1012,31300
chacha20-poly1305,512,1013,30800
chacha20-poly1305,512,1014,31100
chacha20-poly1305,512,1015,31500
chacha20-poly1305,512,1016,31000
chacha20-poly1305,512,1017,31300
chacha20-poly1305,512,1018,31300
chacha20-poly1305,512,1019,31200
chacha20-poly1305,512,1020,31200
chacha20-poly1305,512,1021,31100
chacha20-poly1305,512,1022,31400
chacha20-poly1305,512,1023,31000
chacha20-poly1305,512,1024,31100
chacha20-poly1305,512,1025,31100
chacha20-poly1305,512,1026,31400
chacha20-poly1305,512,1027,31300
chacha20-poly1305,512,1028,31300
chacha20-poly1305,512,1029,31000
chacha20-poly1305,512,1030,31600
chacha20-poly1305,512,1031,31300
chacha20-poly1305,512,1032,31300
chacha20-poly1305,512,1033,31300
chacha20-poly1305,512,1034,31100
chacha20-poly1305,512,1035,31300
chacha20-poly1305,512,1036,31300
chacha20-poly1305,512,1037,30800
chacha20-poly1305,512,1038,31300
chacha20-poly1305,512,1039,31100
chacha20-poly1305,512,1040,30900
chacha20-poly1305,512,1041,31000
chacha20-poly1305,512,1042,31200
chacha20-poly1305,512,1043,30700
chacha20-poly1305,512,1044,31300
chacha20-poly1305,512,1045,31000
chacha20-poly1305,512,1046,31100
chacha20-poly1305,512,1047,31100
chacha20-poly1305,512,1048,32000
chacha20-poly1305,512,1049,30800
chacha20-poly1305,512,1050,31500
chacha20-poly1305,512,1051,31100
chacha20-poly1305,512,1052,31000
chacha20-poly1305,512,1053,31200
chacha20-poly1305,512,1054,31000
chacha20-poly1305,512,1055,31200
chacha20-poly1305,512,1056,30900
chacha20-poly1305,512,1057,31200
chacha20-poly1305,512,1058,30700
chacha20-poly1305,512,1059,31100
chacha20-poly1305,512,1060,31300
chacha20-poly1305,512,1061,30700
chacha20-poly1305,512,1062,31400
chacha20-poly1305,512,1063,31000
chacha20-poly1305,512,1064,31300
chacha20-poly1305,512,1065,31100
chacha20-poly1305,512,1066,31400
chacha20-poly1305,512,1067,30800
chacha20-poly1305,512,1068,31100
chacha20-poly1305,512,1069,31400
chacha20-poly1305,512,1070,31100
chacha20-poly1305,512,1071,31400
chacha20-poly1305,512,1072,31100
chacha20-poly1305,512,1073,31300
chacha20-poly1305,512,1074,31200
chacha20-poly1305,512,1075,31200
chacha20-poly1305,512,1076,30900
chacha20-poly1305,512,1077,31100
chacha20-poly1305,512,1078,31700
chacha20-poly1305,512,1079,31000
chacha20-poly1305,512,1080,31400
chacha20-poly1305,512,1081,30900
chacha20-poly1305,512,1082,31500
chacha20-poly1305,512,1083,31000
chacha20-poly1305,512,1084,31400
chacha20-poly1305,512,1085,31000
chacha20-poly1305,512,1086,31100
chacha20-poly1305,512,1087,31100
chacha20-poly1305,512,1088,30800
chacha20-poly1305,512,1089,31600
chacha20-poly1305,512,1090,31200
chacha20-poly1305,512,1091,31200
chacha20-poly1305,512,1092,31200
chacha20-poly1305,512,1093,31100
chacha20-poly1305,512,1094,31100
chacha20-poly1305,512,1095,31100
chacha20-poly1305,512,1096,31500
chacha20-poly1305,512,1097,31000
chacha20-poly1305,512,1098,31300
chacha20-poly1305,512,1099,30900
chacha20-poly1305,512,1100,31100
chacha20-poly1305,512,1101,30800
chacha20-poly1305,512,1102,31400
chacha20-poly1305,512,1103,31100
chacha20-poly1305,512,1104,31400
chacha20-poly1305,512,1105,31400
chacha20-poly1305,512,1106,31200
chacha20-poly1305,512,1107,31400
chacha20-poly1305,512,1108,31200
chacha20-poly1305,512,1109,31100
chacha20-poly1305,512,1110,31200
chacha20-poly1305,512,1111,31200
chacha20-poly1305,512,1112,31700
chacha20-poly1305,512,1113,31000
chacha20-poly1305,512,1114,31500
chacha20-poly1305,512,1115,30800
chacha20-poly1305,512,1116,31500
chacha20-poly1305,512,1117,31000
chacha20-poly1305,512,1118,31100
chacha20-poly1305,512,1119,31300
chacha20-poly1305,512,1120,31300
chacha20-poly1305,512,1121,30900
chacha20-poly1305,512,1122,31200
chacha20-poly1305,512,1123,31300
chacha20-poly1305,512,1124,30900
chacha20-poly1305,512,1125,31300
chacha20-poly1305,512,1126,31200
chacha20-poly1305,512,1127,31600
chacha20-poly1305,512,1128,31200
chacha20-poly1305,512,1129,31400
chacha20-poly1305,512,1130,31000
chacha20-poly1305,512,1131,31000
chacha20-poly1305,512,1132,31200
chacha20-poly1305,512,1133,30700
chacha20-poly1305,512,1134,31800
chacha20-poly1305,512,1135,31000
chacha20-poly1305,512,1136,31200
chacha20-poly1305,512,1137,31300
chacha20-poly1305,512,1138,31200
chacha20-poly1305,512,1139,30900
chacha20-poly1305,512,1140,31200
chacha20-poly1305,512,1141,31000
chacha20-poly1305,512,1142,31000
chacha20-poly1305,512,1143,31300
chacha20-poly1305,512,1144,31400
chacha20-poly1305,512,1145,31200
chacha20-poly1305,512,1146,31200
chacha20-poly1305,512,1147,31300
chacha20-poly1305,512,1148,31100
chacha20-poly1305,512,1149,31100
chacha20-poly1305,512,1150,31300
chacha20-poly1305,512,1151,30800
chacha20-poly1305,512,1152,31200
chacha20-poly1305,512,1153,31000
chacha20-poly1305,512,1154,31200
chacha20-poly1305,512,1155,31200
chacha20-poly1305,512,1156,31400
chacha20-poly1305,512,1157,31100
chacha20-poly1305,512,1158,31100
chacha20-poly1305,512,1159,31400
chacha20-poly1305,512,1160,30900
chacha20-poly1305,512,1161,31200
chacha20-poly1305,512,1162,31400
chacha20-poly1305,512,1163,31000
chacha20-poly1305,512,1164,31200
chacha20-poly1305,512,1165,31300
chacha20-poly1305,512,1166,31100
chacha20-poly1305,512,1167,31300
chacha20-poly1305,512,1168,31300
chacha20-poly1305,512,1169,31000
chacha20-poly1305,512,1170,31400
chacha20-poly1305,512,1171,31100
chacha20-poly1305,512,1172,31400
chacha20-poly1305,512,1173,30900
chacha20-poly1305,512,1174,31400
chacha20-poly1305,512,1175,31000
chacha20-poly1305,512,1176,31900
chacha20-poly1305,512,1177,31200
chacha20-poly1305,512,1178,31000
chacha20-poly1305,512,1179,31400
chacha20-poly1305,512,1180,31200
chacha20-poly1305,512,1181,31000
chacha20-poly1305,512,1182,31200
chacha20-poly1305,512,1183,31200
chacha20-poly1305,512,1184,31000
chacha20-poly1305,512,1185,31100
chacha20-poly1305,512,1186,31400
chacha20-poly1305,512,1187,31100
chacha20-poly1305,512,1188,31500
chacha20-poly1305,512,1189,31200
chacha20-poly1305,512,1190,31600
chacha20-poly1305,512,1191,31200
chacha20-poly1305,512,1192,31300
chacha20-poly1305,512,1193,30900
chacha20-poly1305,512,1194,31200
chacha20-poly1305,512,1195,31400
chacha20-poly1305,512,1196,30900
chacha20-poly1305,512,1197,31300
chacha20-poly1305,512,1198,31200
chacha20-poly1305,512,1199,31300
chacha20-poly1305,512,1200,31100
chacha20-poly1305,512,1201,31300
chacha20-poly1305,512,1202,31000
chacha20-poly1305,512,1203,31100
chacha20-poly1305,512,1204,31400
chacha20-poly1305,512,1205,31000
chacha20-poly1305,512,1206,31500
chacha20-poly1305,512,1207,31100
chacha20-poly1305,512,1208,31100
chacha20-poly1305,512,1209,31200
chacha20-poly1305,512,1210,31400
chacha20-poly1305,512,1211,30900
chacha20-poly1305,512,1212,31400
chacha20-poly1305,512,1213,31400
chacha20-poly1305,512,1214,30900
chacha20-poly1305,512,1215,31300
chacha20-poly1305,512,1216,31300
chacha20-poly1305,512,1217,31200
chacha20-poly1305,512,1218,31600
chacha20-poly1305,512,1219,31500
chacha20-poly1305,512,1220,30900
chacha20-poly1305,512,1221,31100
chacha20-poly1305,512,1222,31500
chacha20-poly1305,512,1223,31000
chacha20-poly1305,512,1224,31400
chacha20-poly1305,512,1225,31100
chacha20-poly1305,512,1226,31500
chacha20-poly1305,512,1227,31000
chacha20-poly1305,512,1228,31200
chacha20-poly1305,512,1229,30900
chacha20-poly1305,512,1230,31100
chacha20-poly1305,512,1231,31200
chacha20-poly1305,512,1232,31000
chacha20-poly1305,512,1233,31400
chacha20-poly1305,512,1234,31100
chacha20-poly1305,512,1235,31100
chacha20-poly1305,512,1236,31200
chacha20-poly1305,512,1237,31200
chacha20-poly1305,512,1238,30800
chacha20-poly1305,512,1239,31200
chacha20-poly1305,512,1240,32300
chacha20-poly1305,512,1241,30800
chacha20-poly1305,512,1242,31500
chacha20-poly1305,512,1243,31200
chacha20-poly1305,512,1244,31500
chacha20-poly1305,512,1245,31000
chacha20-poly1305,512,1246,31500
chacha20-poly1305,512,1247,26000
chacha20-poly1305,512,1248,31200
chacha20-poly1305,512,1249,31400
chacha20-poly1305,512,1250,30900
chacha20-poly1305,512,1251,31200
chacha20-poly1305,512,1252,31200
chacha20-poly1305,512,1253,30800
chacha20-poly1305,512,1254,31300
chacha20-poly1305,512,1255,31400
chacha20-poly1305,512,1256,30900
chacha20-poly1305,512,1257,31000
chacha20-poly1305,512,1258,31100
chacha20-poly1305,512,1259,31000
chacha20-poly1305,512,1260,31300
chacha20-poly1305,512,1261,30800
chacha20-poly1305,512,1262,31600
chacha20-poly1305,512,1263,31000
chacha20-poly1305,512,1264,31300
chacha20-poly1305,512,1265,31000
chacha20-poly1305,512,1266,31200
chacha20-poly1305,512,1267,31400
chacha20-poly1305,512,1268,30900
chacha20-poly1305,512,1269,31100
chacha20-poly1305,512,1270,31400
chacha20-poly1305,512,1271,31000
chacha20-poly1305,512,1272,31400
chacha20-poly1305,512,1273,31200
chacha20-poly1305,512,1274,31300
chacha20-poly1305,512,1275,31100
chacha20-poly1305,512,1276,31500
chacha20-poly1305,512,1277,30700
chacha20-poly1305,512,1278,31000
chacha20-poly1305,512,1279,31100
chacha20-poly1305,512,1280,31100
chacha20-poly1305,512,1281,30900
chacha20-poly1305,512,1282,31400
chacha20-poly1305,512,1283,30900
chacha20-poly1305,512,1284,31200
chacha20-poly1305,512,1285,31200
chacha20-poly1305,512,1286,31000
chacha20-poly1305,512,1287,31400
chacha20-poly1305,512,1288,31100
chacha20-poly1305,512,1289,31100
chacha20-poly1305,512,1290,31000
chacha20-poly1305,512,1291,31100
chacha20-poly1305,512,1292,30900
chacha20-poly1305,512,1293,31000
chacha20-poly1305,512,1294,31400
chacha20-poly1305,512,1295,30800
chacha20-poly1305,512,1296,31200
chacha20-poly1305,512,1297,31200
chacha20-poly1305,512,1298,30900
chacha20-poly1305,512,1299,31100
chacha20-poly1305,512,1300,31100
chacha20-poly1305,512,1301,30500
chacha20-poly1305,512,1302,40600
chacha20-poly1305,512,1303,33000
chacha20-poly1305,512,1304,31500
chacha20-poly1305,512,1305,31400
chacha20-poly1305,512,1306,31300
chacha20-poly1305,512,1307,36400
chacha20-poly1305,512,1308,45300
chacha20-poly1305,512,1309,45300
chacha20-poly1305,512,1310,45300
chacha20-poly1305,512,1311,45200
chacha20-poly1305,512,1312,45300
chacha20-poly1305,512,1313,44600
chacha20-poly1305,512,1314,45600
chacha20-poly1305,512,1315,45000
chacha20-poly1305,512,1316,44800
chacha20-poly1305,512,1317,45000
chacha20-poly1305,512,1318,45800
chacha20-poly1305,512,1319,44900
chacha20-poly1305,512,1320,45300
chacha20-poly1305,512,1321,45300
chacha20-poly1305,512,1322,45000
chacha20-poly1305,512,1323,45400
chacha20-poly1305,512,1324,45100
chacha20-poly1305,512,1325,45300
chacha20-poly1305,512,1326,45300
chacha20-poly1305,512,1327,45700
chacha20-poly1305,512,1328,45100
chacha20-poly1305,512,1329,40400
chacha20-poly1305,512,1330,31900
chacha20-poly1305,512,1331,30900
chacha20-poly1305,512,1332,31500
chacha20-poly1305,512,1333,31100
chacha20-poly1305,512,1334,31200
chacha20-poly1305,512,1335,31300
chacha20-poly1305,512,1336,31400
chacha20-poly1305,512,1337,31000
chacha20-poly1305,512,1338,31000
chacha20-poly1305,512,1339,31300
chacha20-poly1305,512,1340,31000
chacha20-poly1305,512,1341,31200
chacha20-poly1305,512,1342,31200
chacha20-poly1305,512,1343,30900
chacha20-poly1305,512,1344,31100
chacha20-poly1305,512,1345,31400
chacha20-poly1305,512,1346,30900
chacha20-poly1305,512,1347,31200
chacha20-poly1305,512,1348,31300
chacha20-poly1305,512,1349,30900
chacha20-poly1305,512,1350,31600
chacha20-poly1305,512,1351,31200
chacha20-poly1305,512,1352,31200
chacha20-poly1305,512,1353,30900
chacha20-poly1305,512,1354,31400
chacha20-poly1305,512,1355,30900
chacha20-poly1305,512,1356,31200
chacha20-poly1305,512,1357,31500
chacha20-poly1305,512,1358,31400
chacha20-poly1305,512,1359,31200
chacha20-poly1305,512,1360,31200
chacha20-poly1305,512,1361,31300
chacha20-poly1305,512,1362,31100
chacha20-poly1305,512,1363,31200
chacha20-poly1305,512,1364,31100
chacha20-poly1305,512,1365,31300
chacha20-poly1305,512,1366,31300
chacha20-poly1305,512,1367,31800
chacha20-poly1305,512,1368,31500
chacha20-poly1305,512,1369,31100
chacha20-poly1305,512,1370,31200
chacha20-poly1305,512,1371,31100
chacha20-poly1305,512,1372,31600
chacha20-poly1305,512,1373,30900
chacha20-poly1305,512,1374,31200
chacha20-poly1305,512,1375,31300
chacha20-poly1305,512,1376,31000
chacha20-poly1305,512,1377,31400
chacha20-poly1305,512,1378,31000
chacha20-poly1305,512,1379,31500
chacha20-poly1305,512,1380,31300
chacha20-poly1305,512,1381,31200
chacha20-poly1305,512,1382,31100
chacha20-poly1305,512,1383,31200
chacha20-poly1305,512,1384,31500
chacha20-poly1305,512,1385,30800
chacha20-poly1305,512,1386,31500
chacha20-poly1305,512,1387,31200
chacha20-poly1305,512,1388,31200
chacha20-poly1305,512,1389,31000
chacha20-poly1305,512,1390,31500
chacha20-poly1305,512,1391,31000
chacha20-poly1305,512,1392,33600
chacha20-poly1305,512,1393,123600
chacha20-poly1305,512,1394,142900
chacha20-poly1305,512,1395,70900
chacha20-poly1305,512,1396,138800
chacha20-poly1305,512,1397,46600
chacha20-poly1305,512,1398,35400
chacha20-poly1305,512,1399,32700
chacha20-poly1305,512,1400,34100
chacha20-poly1305,512,1401,30800
chacha20-poly1305,512,1402,31200
chacha20-poly1305,512,1403,30800
chacha20-poly1305,512,1404,30900
chacha20-poly1305,512,1405,30600
chacha20-poly1305,512,1406,30600
chacha20-poly1305,512,1407,30600
chacha20-poly1305,512,1408,30600
chacha20-poly1305,512,1409,30300
chacha20-poly1305,512,1410,30700
chacha20-poly1305,512,1411,30700
chacha20-poly1305,512,1412,33700
chacha20-poly1305,512,1413,30100
chacha20-poly1305,512,1414,31200
chacha20-poly1305,512,1415,30500
chacha20-poly1305,512,1416,30300
chacha20-poly1305,512,1417,30600
chacha20-poly1305,512,1418,30000
chacha20-poly1305,512,1419,30300
chacha20-poly1305,512,1420,30700
chacha20-poly1305,512,1421,30200
chacha20-poly1305,512,1422,30700
chacha20-poly1305,512,1423,30400
chacha20-poly1305,512,1424,30600
chacha20-poly1305,512,1425,30500
chacha20-poly1305,512,1426,30600
chacha20-poly1305,512,1427,30600
chacha20-poly1305,512,1428,30400
chacha20-poly1305,512,1429,30500
chacha20-poly1305,512,1430,30400
chacha20-poly1305,512,1431,31400
chacha20-poly1305,512,1432,30800
chacha20-poly1305,512,1433,30500
chacha20-poly1305,512,1434,30600
chacha20-poly1305,512,1435,30500
chacha20-poly1305,512,1436,30300
chacha20-poly1305,512,1437,30300
chacha20-poly1305,512,1438,30600
chacha20-poly1305,512,1439,30300
chacha20-poly1305,512,1440,30800
chacha20-poly1305,512,1441,30200
chacha20-poly1305,512,1442,31200
chacha20-poly1305,512,1443,30500
chacha20-poly1305,512,1444,82900
chacha20-poly1305,512,1445,67500
chacha20-poly1305,512,1446,35200
chacha20-poly1305,512,1447,32300
chacha20-poly1305,512,1448,31300
chacha20-poly1305,512,1449,31300
chacha20-poly1305,512,1450,30800
chacha20-poly1305,512,1451,30900
chacha20-poly1305,512,1452,30700
chacha20-poly1305,512,1453,30500
chacha20-poly1305,512,1454,30400
chacha20-poly1305,512,1455,30600
chacha20-poly1305,512,1456,30200
chacha20-poly1305,512,1457,30200
chacha20-poly1305,512,1458,30400
chacha20-poly1305,512,1459,30700
chacha20-poly1305,512,1460,30500
chacha20-poly1305,512,1461,30500
chacha20-poly1305,512,1462,30500
chacha20-poly1305,512,1463,30200
chacha20-poly1305,512,1464,30400
chacha20-poly1305,512,1465,31000
chacha20-poly1305,512,1466,30000
chacha20-poly1305,512,1467,30800
chacha20-poly1305,512,1468,30200
chacha20-poly1305,512,1469,31000
chacha20-poly1305,512,1470,30700
chacha20-poly1305,512,1471,30800
chacha20-poly1305,512,1472,30200
chacha20-poly1305,512,1473,32000
chacha20-poly1305,512,1474,37900
chacha20-poly1305,512,1475,30200
chacha20-poly1305,512,1476,30900
chacha20-poly1305,512,1477,30200
chacha20-poly1305,512,1478,30500
chacha20-poly1305,512,1479,30500
chacha20-poly1305,512,1480,30700
chacha20-poly1305,512,1481,30200
chacha20-poly1305,512,1482,30600
chacha20-poly1305,512,1483,30500
chacha20-poly1305,512,1484,30200
chacha20-poly1305,512,1485,30500
chacha20-poly1305,512,1486,30400
chacha20-poly1305,512,1487,36200
chacha20-poly1305,512,1488,34000
chacha20-poly1305,512,1489,31900
chacha20-poly1305,512,1490,31100
chacha20-poly1305,512,1491,31100
chacha20-poly1305,512,1492,31600
chacha20-poly1305,512,1493,30800
chacha20-poly1305,512,1494,31800
chacha20-poly1305,512,1495,31800
chacha20-poly1305,512,1496,31400
chacha20-poly1305,512,1497,31300
chacha20-poly1305,512,1498,31600
chacha20-poly1305,512,1499,31000
chacha20-poly1305,512,1500,31200
chacha20-poly1305,512,1501,31300
chacha20-poly1305,512,1502,30900
chacha20-poly1305,512,1503,31400
chacha20-poly1305,512,1504,31300
chacha20-poly1305,512,1505,31400
chacha20-poly1305,512,1506,31200
chacha20-poly1305,512,1507,31500
chacha20-poly1305,512,1508,31100
chacha20-poly1305,512,1509,31500
chacha20-poly1305,512,1510,31300
chacha20-poly1305,512,1511,31000
chacha20-poly1305,512,1512,31500
chacha20-poly1305,512,1513,30900
chacha20-poly1305,512,1514,31300
chacha20-poly1305,512,1515,31000
chacha20-poly1305,512,1516,31600
chacha20-poly1305,512,1517,31000
chacha20-poly1305,512,1518,31100
chacha20-poly1305,512,1519,31700
chacha20-poly1305,512,1520,30900
chacha20-poly1305,512,1521,31300
chacha20-poly1305,512,1522,31400
chacha20-poly1305,512,1523,31000
chacha20-poly1305,512,1524,31400
chacha20-poly1305,512,1525,31400
chacha20-poly1305,512,1526,31400
chacha20-poly1305,512,1527,31200
chacha20-poly1305,512,1528,31200
chacha20-poly1305,512,1529,31300
chacha20-poly1305,512,1530,31400
chacha20-poly1305,512,1531,31200
chacha20-poly1305,512,1532,31300
chacha20-poly1305,512,1533,31200
chacha20-poly1305,512,1534,31400
chacha20-poly1305,512,1535,30900
chacha20-poly1305,512,1536,31000
chacha20-poly1305,512,1537,31500
chacha20-poly1305,512,1538,30900
chacha20-poly1305,512,1539,31400
chacha20-poly1305,512,1540,31400
chacha20-poly1305,512,1541,31200
chacha20-poly1305,512,1542,31400
chacha20-poly1305,512,1543,31300
chacha20-poly1305,512,1544,31100
chacha20-poly1305,512,1545,31000
chacha20-poly1305,512,1546,31300
chacha20-poly1305,512,1547,31000
chacha20-poly1305,512,1548,31600
chacha20-poly1305,512,1549,31300
chacha20-poly1305,512,1550,31300
chacha20-poly1305,512,1551,31300
chacha20-poly1305,512,1552,31600
chacha20-poly1305,512,1553,31000
chacha20-poly1305,512,1554,31600
chacha20-poly1305,512,1555,31400
chacha20-poly1305,512,1556,30900
chacha20-poly1305,512,1557,31500
chacha20-poly1305,512,1558,31800
chacha20-poly1305,512,1559,31200
chacha20-poly1305,512,1560,31300
chacha20-poly1305,512,1561,31300
chacha20-poly1305,512,1562,31100
chacha20-poly1305,512,1563,31000
chacha20-poly1305,512,1564,31400
chacha20-poly1305,512,1565,30900
chacha20-poly1305,512,1566,31400
chacha20-poly1305,512,1567,31200
chacha20-poly1305,512,1568,31000
chacha20-poly1305,512,1569,31300
chacha20-poly1305,512,1570,33400
chacha20-poly1305,512,1571,34100
chacha20-poly1305,512,1572,31600
chacha20-poly1305,512,1573,31400
chacha20-poly1305,512,1574,31200
chacha20-poly1305,512,1575,31400
chacha20-poly1305,512,1576,31000
chacha20-poly1305,512,1577,31200
chacha20-poly1305,512,1578,31100
chacha20-poly1305,512,1579,31300
chacha20-poly1305,512,1580,31000
chacha20-poly1305,512,1581,31100
chacha20-poly1305,512,1582,31700
chacha20-poly1305,512,1583,31000
chacha20-poly1305,512,1584,31500
chacha20-poly1305,512,1585,31100
chacha20-poly1305,512,1586,31100
chacha20-poly1305,512,1587,31100
chacha20-poly1305,512,1588,31400
chacha20-poly1305,512,1589,31000
chacha20-poly1305,512,1590,31300
chacha20-poly1305,512,1591,31600
chacha20-poly1305,512,1592,30800
chacha20-poly1305,512,1593,31300
chacha20-poly1305,512,1594,31200
chacha20-poly1305,512,1595,31000
chacha20-poly1305,512,1596,31200
chacha20-poly1305,512,1597,31400
chacha20-poly1305,512,1598,31000
chacha20-poly1305,512,1599,31200
chacha20-poly1305,512,1600,31300
chacha20-poly1305,512,1601,30900
chacha20-poly1305,512,1602,31600
chacha20-poly1305,512,1603,31100
chacha20-poly1305,512,1604,31400
chacha20-poly1305,512,1605,31100
chacha20-poly1305,512,1606,31400
chacha20-poly1305,512,1607,30800
chacha20-poly1305,512,1608,31400
chacha20-poly1305,512,1609,31300
chacha20-poly1305,512,1610,31300
chacha20-poly1305,512,1611,31400
chacha20-poly1305,512,1612,31200
chacha20-poly1305,512,1613,31500
chacha20-poly1305,512,1614,31300
chacha20-poly1305,512,1615,31400
chacha20-poly1305,512,1616,30900
chacha20-poly1305,512,1617,31200
chacha20-poly1305,512,1618,31300
chacha20-poly1305,512,1619,30900
chacha20-poly1305,512,1620,31200
chacha20-poly1305,512,1621,31000
chacha20-poly1305,512,1622,31900
chacha20-poly1305,512,1623,31200
chacha20-poly1305,512,1624,31500
chacha20-poly1305,512,1625,31000
chacha20-poly1305,512,1626,31100
chacha20-poly1305,512,1627,31500
chacha20-poly1305,512,1628,31000
chacha20-poly1305,512,1629,31600
chacha20-poly1305,512,1630,31400
chacha20-poly1305,512,1631,31200
chacha20-poly1305,512,1632,31200
chacha20-poly1305,512,1633,31300
chacha20-poly1305,512,1634,31200
chacha20-poly1305,512,1635,31200
chacha20-poly1305,512,1636,31500
chacha20-poly1305,512,1637,30900
chacha20-poly1305,512,1638,31800
chacha20-poly1305,512,1639,31100
chacha20-poly1305,512,1640,31400
chacha20-poly1305,512,1641,31100
chacha20-poly1305,512,1642,31500
chacha20-poly1305,512,1643,30700
chacha20-poly1305,512,1644,31300
chacha20-poly1305,512,1645,31500
chacha20-poly1305,512,1646,31100
chacha20-poly1305,512,1647,31500
chacha20-poly1305,512,1648,31100
chacha20-poly1305,512,1649,31300
chacha20-poly1305,512,1650,31200
chacha20-poly1305,512,1651,31500
chacha20-poly1305,512,1652,31100
chacha20-poly1305,512,1653,31100
chacha20-poly1305,512,1654,31600
chacha20-poly1305,512,1655,30900
chacha20-poly1305,512,1656,31300
chacha20-poly1305,512,1657,31200
chacha20-poly1305,512,1658,31000
chacha20-poly1305,512,1659,31600
chacha20-poly1305,512,1660,31400
chacha20-poly1305,512,1661,31100
chacha20-poly1305,512,1662,31300
chacha20-poly1305,512,1663,32300
chacha20-poly1305,512,1664,26700
chacha20-poly1305,512,1665,31400
chacha20-poly1305,512,1666,31600
chacha20-poly1305,512,1667,31100
chacha20-poly1305,512,1668,31100
chacha20-poly1305,512,1669,31300
chacha20-poly1305,512,1670,31000
chacha20-poly1305,512,1671,31300
chacha20-poly1305,512,1672,31500
chacha20-poly1305,512,1673,30800
chacha20-poly1305,512,1674,31400
chacha20-poly1305,512,1675,31100
chacha20-poly1305,512,1676,31100
chacha20-poly1305,512,1677,31500
chacha20-poly1305,512,1678,31300
chacha20-poly1305,512,1679,31000
chacha20-poly1305,512,1680,31300
chacha20-poly1305,512,1681,31500
chacha20-poly1305,512,1682,31100
chacha20-poly1305,512,1683,31300
chacha20-poly1305,512,1684,31300
chacha20-poly1305,512,1685,31100
chacha20-poly1305,512,1686,31800
chacha20-poly1305,512,1687,31600
chacha20-poly1305,512,1688,31000
chacha20-poly1305,512,1689,31500
chacha20-poly1305,512,1690,31500
chacha20-poly1305,512,1691,31000
chacha20-poly1305,512,1692,31400
chacha20-poly1305,512,1693,31100
chacha20-poly1305,512,1694,31800
chacha20-poly1305,512,1695,31100
chacha20-poly1305,512,1696,31400
chacha20-poly1305,512,1697,31000
chacha20-poly1305,512,1698,31400
chacha20-poly1305,512,1699,31400
chacha20-poly1305,512,1700,31200
chacha20-poly1305,512,1701,31500
chacha20-poly1305,512,1702,31300
chacha20-poly1305,512,1703,31200
chacha20-poly1305,512,1704,31500
chacha20-poly1305,512,1705,31400
chacha20-poly1305,512,1706,31000
chacha20-poly1305,512,1707,31400
chacha20-poly1305,512,1708,31400
chacha20-poly1305,512,1709,31200
chacha20-poly1305,512,1710,31600
chacha20-poly1305,512,1711,31300
chacha20-poly1305,512,1712,31400
chacha20-poly1305,512,1713,31100
chacha20-poly1305,512,1714,31400
chacha20-poly1305,512,1715,30900
chacha20-poly1305,512,1716,31200
chacha20-poly1305,512,1717,31500
chacha20-poly1305,512,1718,30900
chacha20-poly1305,512,1719,31600
chacha20-poly1305,512,1720,31400
chacha20-poly1305,512,1721,31600
chacha20-poly1305,512,1722,31400
chacha20-poly1305,512,1723,31300
chacha20-poly1305,512,1724,31300
chacha20-poly1305,512,1725,31200
chacha20-poly1305,512,1726,31500
chacha20-poly1305,512,1727,31800
chacha20-poly1305,512,1728,31400
chacha20-poly1305,512,1729,31500
chacha20-poly1305,512,1730,31500
chacha20-poly1305,512,1731,31400
chacha20-poly1305,512,1732,31600
chacha20-poly1305,512,1733,30900
chacha20-poly1305,512,1734,31300
chacha20-poly1305,512,1735,31400
chacha20-poly1305,512,1736,31000
chacha20-poly1305,512,1737,31700
chacha20-poly1305,512,1738,31200
chacha20-poly1305,512,1739,31200
chacha20-poly1305,512,1740,31100
chacha20-poly1305,512,1741,31500
chacha20-poly1305,512,1742,31000
chacha20-poly1305,512,1743,31200
chacha20-poly1305,512,1744,31500
chacha20-poly1305,512,1745,31000
chacha20-poly1305,512,1746,31400
chacha20-poly1305,512,1747,31100
chacha20-poly1305,512,1748,31200
chacha20-poly1305,512,1749,31100
chacha20-poly1305,512,1750,32500
chacha20-poly1305,512,1751,31400
chacha20-poly1305,512,1752,31200
chacha20-poly1305,512,1753,31600
chacha20-poly1305,512,1754,31000
chacha20-poly1305,512,1755,31200
chacha20-poly1305,512,1756,30900
chacha20-poly1305,512,1757,31100
chacha20-poly1305,512,1758,31200
chacha20-poly1305,512,1759,31400
chacha20-poly1305,512,1760,31000
chacha20-poly1305,512,1761,31100
chacha20-poly1305,512,1762,31600
chacha20-poly1305,512,1763,30900
chacha20-poly1305,512,1764,32000
chacha20-poly1305,512,1765,31000
chacha20-poly1305,512,1766,31200
chacha20-poly1305,512,1767,31200
chacha20-poly1305,512,1768,31300
chacha20-poly1305,512,1769,31000
chacha20-poly1305,512,1770,31200
chacha20-poly1305,512,1771,31300
chacha20-poly1305,512,1772,31200
chacha20-poly1305,512,1773,31400
chacha20-poly1305,512,1774,31200
chacha20-poly1305,512,1775,31200
chacha20-poly1305,512,1776,31200
chacha20-poly1305,512,1777,31500
chacha20-poly1305,512,1778,31200
chacha20-poly1305,512,1779,31300
chacha20-poly1305,512,1780,31600
chacha20-poly1305,512,1781,31100
chacha20-poly1305,512,1782,31400
chacha20-poly1305,512,1783,31300
chacha20-poly1305,512,1784,31300
chacha20-poly1305,512,1785,31300
chacha20-poly1305,512,1786,31400
chacha20-poly1305,512,1787,31200
chacha20-poly1305,512,1788,31300
chacha20-poly1305,512,1789,31300
chacha20-poly1305,512,1790,31200
chacha20-poly1305,512,1791,31400
chacha20-poly1305,512,1792,31100
chacha20-poly1305,512,1793,31100
chacha20-poly1305,512,1794,31400
chacha20-poly1305,512,1795,31400
chacha20-poly1305,512,1796,31100
chacha20-poly1305,512,1797,31300
chacha20-poly1305,512,1798,31200
chacha20-poly1305,512,1799,31200
chacha20-poly1305,512,1800,31400
chacha20-poly1305,512,1801,31200
chacha20-poly1305,512,1802,31300
chacha20-poly1305,512,1803,31200
chacha20-poly1305,512,1804,31600
chacha20-poly1305,512,1805,31000
chacha20-poly1305,512,1806,31400
chacha20-poly1305,512,1807,31600
chacha20-poly1305,512,1808,31100
chacha20-poly1305,512,1809,31500
chacha20-poly1305,512,1810,31100
chacha20-poly1305,512,1811,31300
chacha20-poly1305,512,1812,31100
chacha20-poly1305,512,1813,31900
chacha20-poly1305,512,1814,31100
chacha20-poly1305,512,1815,31200
chacha20-poly1305,512,1816,31400
chacha20-poly1305,512,1817,31100
chacha20-poly1305,512,1818,31400
chacha20-poly1305,512,1819,31100
chacha20-poly1305,512,1820,31100
chacha20-poly1305,512,1821,31200
chacha20-poly1305,512,1822,31400
chacha20-poly1305,512,1823,30900
chacha20-poly1305,512,1824,31300
chacha20-poly1305,512,1825,31200
chacha20-poly1305,512,1826,31000
chacha20-poly1305,512,1827,31400
chacha20-poly1305,512,1828,31300
chacha20-poly1305,512,1829,31200
chacha20-poly1305,512,1830,31300
chacha20-poly1305,512,1831,31500
chacha20-poly1305,512,1832,31100
chacha20-poly1305,512,1833,30900
chacha20-poly1305,512,1834,31700
chacha20-poly1305,512,1835,30600
chacha20-poly1305,512,1836,31300
chacha20-poly1305,512,1837,31300
chacha20-poly1305,512,1838,31000
chacha20-poly1305,512,1839,31400
chacha20-poly1305,512,1840,31300
chacha20-poly1305,512,1841,31000
chacha20-poly1305,512,1842,31300
chacha20-poly1305,512,1843,31400
chacha20-poly1305,512,1844,31100
chacha20-poly1305,512,1845,31300
chacha20-poly1305,512,1846,31100
chacha20-poly1305,512,1847,31400
chacha20-poly1305,512,1848,31200
chacha20-poly1305,512,1849,31500
chacha20-poly1305,512,1850,31000
chacha20-poly1305,512,1851,31300
chacha20-poly1305,512,1852,31700
chacha20-poly1305,512,1853,30900
chacha20-poly1305,512,1854,31400
chacha20-poly1305,512,1855,31000
chacha20-poly1305,512,1856,31300
chacha20-poly1305,512,1857,31200
chacha20-poly1305,512,1858,31400
chacha20-poly1305,512,1859,30900
chacha20-poly1305,512,1860,31200
chacha20-poly1305,512,1861,31400
chacha20-poly1305,512,1862,31300
chacha20-poly1305,512,1863,31400
chacha20-poly1305,512,1864,31100
chacha20-poly1305,512,1865,31200
chacha20-poly1305,512,1866,31000
chacha20-poly1305,512,1867,31500
chacha20-poly1305,512,1868,31100
chacha20-poly1305,512,1869,31300
chacha20-poly1305,512,1870,31400
chacha20-poly1305,512,1871,31300
chacha20-poly1305,512,1872,31400
chacha20-poly1305,512,1873,31100
chacha20-poly1305,512,1874,31200
chacha20-poly1305,512,1875,31000
chacha20-poly1305,512,1876,31200
chacha20-poly1305,512,1877,31500
chacha20-poly1305,512,1878,31000
chacha20-poly1305,512,1879,31500
chacha20-poly1305,512,1880,30900
chacha20-poly1305,512,1881,31500
chacha20-poly1305,512,1882,31200
chacha20-poly1305,512,1883,31300
chacha20-poly1305,512,1884,31300
chacha20-poly1305,512,1885,55400
chacha20-poly1305,512,1886,104400
chacha20-poly1305,512,1887,65300
chacha20-poly1305,512,1888,34600
chacha20-poly1305,512,1889,32500
chacha20-poly1305,512,1890,148100
chacha20-poly1305,512,1891,64400
chacha20-poly1305,512,1892,43500
chacha20-poly1305,512,1893,30700
chacha20-poly1305,512,1894,31500
chacha20-poly1305,512,1895,30200
chacha20-poly1305,512,1896,31100
chacha20-poly1305,512,1897,30800
chacha20-poly1305,512,1898,30400
chacha20-poly1305,512,1899,31400
chacha20-poly1305,512,1900,30500
chacha20-poly1305,512,1901,30500
chacha20-poly1305,512,1902,91700
chacha20-poly1305,512,1903,61000
chacha20-poly1305,512,1904,38200
chacha20-poly1305,512,1905,33000
chacha20-poly1305,512,1906,31900
chacha20-poly1305,512,1907,32000
chacha20-poly1305,512,1908,32200
chacha20-poly1305,512,1909,31400
chacha20-poly1305,512,1910,31100
chacha20-poly1305,512,1911,31000
chacha20-poly1305,512,1912,31600
chacha20-poly1305,512,1913,30800
chacha20-poly1305,512,1914,31200
chacha20-poly1305,512,1915,31200
chacha20-poly1305,512,1916,31000
chacha20-poly1305,512,1917,31700
chacha20-poly1305,512,1918,31700
chacha20-poly1305,512,1919,31600
chacha20-poly1305,512,1920,31200
chacha20-poly1305,512,1921,31300
chacha20-poly1305,512,1922,31000
chacha20-poly1305,512,1923,31000
chacha20-poly1305,512,1924,31500
chacha20-poly1305,512,1925,30700
chacha20-poly1305,512,1926,31100
chacha20-poly1305,512,1927,31100
chacha20-poly1305,512,1928,31300
chacha20-poly1305,512,1929,31200
chacha20-poly1305,512,1930,31700
chacha20-poly1305,512,1931,30800
chacha20-poly1305,512,1932,31500
chacha20-poly1305,512,1933,31200
chacha20-poly1305,512,1934,30800
chacha20-poly1305,512,1935,31300
chacha20-poly1305,512,1936,31100
chacha20-poly1305,512,1937,31300
chacha20-poly1305,512,1938,31100
chacha20-poly1305,512,1939,31400
chacha20-poly1305,512,1940,31000
chacha20-poly1305,512,1941,31600
chacha20-poly1305,512,1942,31400
chacha20-poly1305,512,1943,30800
chacha20-poly1305,512,1944,31300
chacha20-poly1305,512,1945,31000
chacha20-poly1305,512,1946,31400
chacha20-poly1305,512,1947,31300
chacha20-poly1305,512,1948,31400
chacha20-poly1305,512,1949,30700
chacha20-poly1305,512,1950,31100
chacha20-poly1305,512,1951,31200
chacha20-poly1305,512,1952,30900
chacha20-poly1305,512,1953,31500
chacha20-poly1305,512,1954,31100
chacha20-poly1305,512,1955,31000
chacha20-poly1305,512,1956,31000
chacha20-poly1305,512,1957,31000
chacha20-poly1305,512,1958,31000
chacha20-poly1305,512,1959,31000
chacha20-poly1305,512,1960,31200
chacha20-poly1305,512,1961,31000
chacha20-poly1305,512,1962,31500
chacha20-poly1305,512,1963,30900
chacha20-poly1305,512,1964,31100
chacha20-poly1305,512,1965,31200
chacha20-poly1305,512,1966,31000
chacha20-poly1305,512,1967,31000
chacha20-poly1305,512,1968,31100
chacha20-poly1305,512,1969,31300
chacha20-poly1305,512,1970,31000
chacha20-poly1305,512,1971,31200
chacha20-poly1305,512,1972,31400
chacha20-poly1305,512,1973,31000
chacha20-poly1305,512,1974,31300
chacha20-poly1305,512,1975,31000
chacha20-poly1305,512,1976,30700
chacha20-poly1305,512,1977,31300
chacha20-poly1305,512,1978,31500
chacha20-poly1305,512,1979,31000
chacha20-poly1305,512,1980,31300
chacha20-poly1305,512,1981,31300
chacha20-poly1305,512,1982,31400
chacha20-poly1305,512,1983,31200
chacha20-poly1305,512,1984,31300
chacha20-poly1305,512,1985,30700
chacha20-poly1305,512,1986,31000
chacha20-poly1305,512,1987,31300
chacha20-poly1305,512,1988,30800
chacha20-poly1305,512,1989,31300
chacha20-poly1305,512,1990,30900
chacha20-poly1305,512,1991,31100
chacha20-poly1305,512,1992,31500
chacha20-poly1305,512,1993,31500
chacha20-poly1305,512,1994,31000
chacha20-poly1305,512,1995,30900
chacha20-poly1305,512,1996,31300
chacha20-poly1305,512,1997,31000
chacha20-poly1305,512,1998,31100
chacha20-poly1305,512,1999,30900
chacha20-poly1305,2048,0,32100
chacha20-poly1305,2048,1,32200
chacha20-poly1305,2048,2,31900
chacha20-poly1305,2048,3,36400
chacha20-poly1305,2048,4,32300
chacha20-poly1305,2048,5,34400
chacha20-poly1305,2048,6,32100
chacha20-poly1305,2048,7,32300
chacha20-poly1305,2048,8,31800
chacha20-poly1305,2048,9,31900
chacha20-poly1305,2048,10,32100
chacha20-poly1305,2048,11,31800
chacha20-poly1305,2048,12,32100
chacha20-poly1305,2048,13,32100
chacha20-poly1305,2048,14,31600
chacha20-poly1305,2048,15,32000
chacha20-poly1305,2048,16,31900
chacha20-poly1305,2048,17,32000
chacha20-poly1305,2048,18,31900
chacha20-poly1305,2048,19,32200
chacha20-poly1305,2048,20,31800
chacha20-poly1305,2048,21,32100
chacha20-poly1305,2048,22,33400
chacha20-poly1305,2048,23,27200
chacha20-poly1305,2048,24,32500
chacha20-poly1305,2048,25,31900
chacha20-poly1305,2048,26,32000
chacha20-poly1305,2048,27,32100
chacha20-poly1305,2048,28,32300
chacha20-poly1305,2048,29,31800
chacha20-poly1305,2048,30,31800
chacha20-poly1305,2048,31,32200
chacha20-poly1305,2048,32,31900
chacha20-poly1305,2048,33,32200
chacha20-poly1305,2048,34,32000
chacha20-poly1305,2048,35,31800
chacha20-poly1305,2048,36,36000
chacha20-poly1305,2048,37,32400
chacha20-poly1305,2048,38,31700
chacha20-poly1305,2048,39,32000
chacha20-poly1305,2048,40,31900
chacha20-poly1305,2048,41,31600
chacha20-poly1305,2048,42,32300
chacha20-poly1305,2048,43,32000
chacha20-poly1305,2048,44,31900
chacha20-poly1305,2048,45,31900
chacha20-poly1305,2048,46,32400
chacha20-poly1305,2048,47,32100
chacha20-poly1305,2048,48,31900
chacha20-poly1305,2048,49,32300
chacha20-poly1305,2048,50,31600
chacha20-poly1305,2048,51,32200
chacha20-poly1305,2048,52,32200
chacha20-poly1305,2048,53,32000
chacha20-poly1305,2048,54,32100
chacha20-poly1305,2048,55,32200
chacha20-poly1305,2048,56,31600
chacha20-poly1305,2048,57,32100
chacha20-poly1305,2048,58,32800
chacha20-poly1305,2048,59,31700
chacha20-poly1305,2048,60,32000
chacha20-poly1305,2048,61,32000
chacha20-poly1305,2048,62,32100
chacha20-poly1305,2048,63,32300
chacha20-poly1305,2048,64,32300
chacha20-poly1305,2048,65,31600
chacha20-poly1305,2048,66,31900
chacha20-poly1305,2048,67,32400
chacha20-poly1305,2048,68,32200
chacha20-poly1305,2048,69,36000
chacha20-poly1305,2048,70,31900
chacha20-poly1305,2048,71,32000
chacha20-poly1305,2048,72,31900
chacha20-poly1305,2048,73,32000
chacha20-poly1305,2048,74,31800
chacha20-poly1305,2048,75,31800
chacha20-poly1305,2048,76,32000
chacha20-poly1305,2048,77,32000
chacha20-poly1305,2048,78,32200
chacha20-poly1305,2048,79,32100
chacha20-poly1305,2048,80,32100
chacha20-poly1305,2048,81,31900
chacha20-poly1305,2048,82,32300
chacha20-poly1305,2048,83,31700
chacha20-poly1305,2048,84,32000
chacha20-poly1305,2048,85,33200
chacha20-poly1305,2048,86,31600
chacha20-poly1305,2048,87,32600
chacha20-poly1305,2048,88,32000
chacha20-poly1305,2048,89,32000
chacha20-poly1305,2048,90,31600
chacha20-poly1305,2048,91,32000
chacha20-poly1305,2048,92,31800
chacha20-poly1305,2048,93,31900
chacha20-poly1305,2048,94,32200
chacha20-poly1305,2048,95,31500
chacha20-poly1305,2048,96,32100
chacha20-poly1305,2048,97,32100
chacha20-poly1305,2048,98,31700
chacha20-poly1305,2048,99,31800
chacha20-poly1305,2048,100,32300
chacha20-poly1305,2048,101,31700
chacha20-poly1305,2048,102,35600
chacha20-poly1305,2048,103,32200
chacha20-poly1305,2048,104,31700
chacha20-poly1305,2048,105,31900
chacha20-poly1305,2048,106,31900
chacha20-poly1305,2048,107,32200
chacha20-poly1305,2048,108,31900
chacha20-poly1305,2048,109,31900
chacha20-poly1305,2048,110,31700
chacha20-poly1305,2048,111,31700
chacha20-poly1305,2048,112,32300
chacha20-poly1305,2048,113,31700
chacha20-poly1305,2048,114,32200
chacha20-poly1305,2048,115,31900
chacha20-poly1305,2048,116,32200
chacha20-poly1305,2048,117,32100
chacha20-poly1305,2048,118,32300
chacha20-poly1305,2048,119,31800
chacha20-poly1305,2048,120,31800
chacha20-poly1305,2048,121,32200
chacha20-poly1305,2048,122,31900
chacha20-poly1305,2048,123,32200
chacha20-poly1305,2048,124,32000
chacha20-poly1305,2048,125,32000
chacha20-poly1305,2048,126,31800
chacha20-poly1305,2048,127,32600
chacha20-poly1305,2048,128,31800
chacha20-poly1305,2048,129,31800
chacha20-poly1305,2048,130,31900
chacha20-poly1305,2048,131,31700
chacha20-poly1305,2048,132,32600
chacha20-poly1305,2048,133,31900
chacha20-poly1305,2048,134,31900
chacha20-poly1305,2048,135,35200
chacha20-poly1305,2048,136,32100
chacha20-poly1305,2048,137,31800
chacha20-poly1305,2048,138,31700
chacha20-poly1305,2048,139,32200
chacha20-poly1305,2048,140,31400
chacha20-poly1305,2048,141,32100
chacha20-poly1305,2048,142,32000
chacha20-poly1305,2048,143,31900
chacha20-poly1305,2048,144,32000
chacha20-poly1305,2048,145,32200
chacha20-poly1305,2048,146,32000
chacha20-poly1305,2048,147,31900
chacha20-poly1305,2048,148,32200
chacha20-poly1305,2048,149,31800
chacha20-poly1305,2048,150,32300
chacha20-poly1305,2048,151,32100
chacha20-poly1305,2048,152,32100
chacha20-poly1305,2048,153,32000
chacha20-poly1305,2048,154,32000
chacha20-poly1305,2048,155,31500
chacha20-poly1305,2048,156,31900
chacha20-poly1305,2048,157,32400
chacha20-poly1305,2048,158,31700
chacha20-poly1305,2048,159,32400
chacha20-poly1305,2048,160,32000
chacha20-poly1305,2048,161,31800
chacha20-poly1305,2048,162,32000
chacha20-poly1305,2048,163,32100
chacha20-poly1305,2048,164,31800
chacha20-poly1305,2048,165,31900
chacha20-poly1305,2048,166,32100
chacha20-poly1305,2048,167,31900
chacha20-poly1305,2048,168,35500
chacha20-poly1305,2048,169,32200
chacha20-poly1305,2048,170,32000
chacha20-poly1305,2048,171,31900
chacha20-poly1305,2048,172,32400
chacha20-poly1305,2048,173,31700
chacha20-poly1305,2048,174,32000
chacha20-poly1305,2048,175,31900
chacha20-poly1305,2048,176,31600
chacha20-poly1305,2048,177,32500
chacha20-poly1305,2048,178,32100
chacha20-poly1305,2048,179,31900
chacha20-poly1305,2048,180,32000
chacha20-poly1305,2048,181,32400
chacha20-poly1305,2048,182,32400
chacha20-poly1305,2048,183,32000
chacha20-poly1305,2048,184,32200
chacha20-poly1305,2048,185,31800
chacha20-poly1305,2048,186,32800
chacha20-poly1305,2048,187,32000
chacha20-poly1305,2048,188,32100
chacha20-poly1305,2048,189,32100
chacha20-poly1305,2048,190,32100
chacha20-poly1305,2048,191,32600
chacha20-poly1305,2048,192,32200
chacha20-poly1305,2048,193,32100
chacha20-poly1305,2048,194,31700
chacha20-poly1305,2048,195,32100
chacha20-poly1305,2048,196,32400
chacha20-poly1305,2048,197,32000
chacha20-poly1305,2048,198,31900
chacha20-poly1305,2048,199,32100
chacha20-poly1305,2048,200,31700
chacha20-poly1305,2048,201,35200
chacha20-poly1305,2048,202,32600
chacha20-poly1305,2048,203,31800
chacha20-poly1305,2048,204,32100
chacha20-poly1305,2048,205,31600
chacha20-poly1305,2048,206,31800
chacha20-poly1305,2048,207,31900
chacha20-poly1305,2048,208,31800
chacha20-poly1305,2048,209,31900
chacha20-poly1305,2048,210,31900
chacha20-poly1305,2048,211,32300
chacha20-poly1305,2048,212,32100
chacha20-poly1305,2048,213,32400
chacha20-poly1305,2048,214,32100
chacha20-poly1305,2048,215,32200
chacha20-poly1305,2048,216,32000
chacha20-poly1305,2048,217,32400
chacha20-poly1305,2048,218,31700
chacha20-poly1305,2048,219,32000
chacha20-poly1305,2048,220,32000
chacha20-poly1305,2048,221,31700
chacha20-poly1305,2048,222,32600
chacha20-poly1305,2048,223,32100
chacha20-poly1305,2048,224,32300
chacha20-poly1305,2048,225,31800
chacha20-poly1305,2048,226,32200
chacha20-poly1305,2048,227,31800
chacha20-poly1305,2048,228,31800
chacha20-poly1305,2048,229,32100
chacha20-poly1305,2048,230,31600
chacha20-poly1305,2048,231,32100
chacha20-poly1305,2048,232,31900
chacha20-poly1305,2048,233,31900
chacha20-poly1305,2048,234,35600
chacha20-poly1305,2048,235,32300
chacha20-poly1305,2048,236,31500
chacha20-poly1305,2048,237,31900
chacha20-poly1305,2048,238,32000
chacha20-poly1305,2048,239,32700
chacha20-poly1305,2048,240,32000
chacha20-poly1305,2048,241,31800
chacha20-poly1305,2048,242,32100
chacha20-poly1305,2048,243,31800
chacha20-poly1305,2048,244,32400
chacha20-poly1305,2048,245,31800
chacha20-poly1305,2048,246,32200
chacha20-poly1305,2048,247,32500
chacha20-poly1305,2048,248,31600
chacha20-poly1305,2048,249,32200
chacha20-poly1305,2048,250,31900
chacha20-poly1305,2048,251,31800
chacha20-poly1305,2048,252,32000
chacha20-poly1305,2048,253,32200
chacha20-poly1305,2048,254,31900
chacha20-poly1305,2048,255,32000
chacha20-poly1305,2048,256,32100
chacha20-poly1305,2048,257,31900
chacha20-poly1305,2048,258,32200
chacha20-poly1305,2048,259,32200
chacha20-poly1305,2048,260,32600
chacha20-poly1305,2048,261,31900
chacha20-poly1305,2048,262,32400
chacha20-poly1305,2048,263,31800
chacha20-poly1305,2048,264,32000
chacha20-poly1305,2048,265,32100
chacha20-poly1305,2048,266,31800
chacha20-poly1305,2048,267,35800
chacha20-poly1305,2048,268,32100
chacha20-poly1305,2048,269,42300
chacha20-poly1305,2048,270,112700
chacha20-poly1305,2048,271,189000
chacha20-poly1305,2048,272,103200
chacha20-poly1305,2048,273,39600
chacha20-poly1305,2048,274,33800
chacha20-poly1305,2048,275,32500
chacha20-poly1305,2048,276,32500
chacha20-poly1305,2048,277,32600
chacha20-poly1305,2048,278,32800
chacha20-poly1305,2048,279,33000
chacha20-poly1305,2048,280,32300
chacha20-poly1305,2048,281,32100
chacha20-poly1305,2048,282,32000
chacha20-poly1305,2048,283,32300
chacha20-poly1305,2048,284,31800
chacha20-poly1305,2048,285,33200
chacha20-poly1305,2048,286,32100
chacha20-poly1305,2048,287,31900
chacha20-poly1305,2048,288,31900
chacha20-poly1305,2048,289,32700
chacha20-poly1305,2048,290,32100
chacha20-poly1305,2048,291,31900
chacha20-poly1305,2048,292,32200
chacha20-poly1305,2048,293,31600
chacha20-poly1305,2048,294,32000
chacha20-poly1305,2048,295,31800
chacha20-poly1305,2048,296,31900
chacha20-poly1305,2048,297,32000
chacha20-poly1305,2048,298,31900
chacha20-poly1305,2048,299,31800
chacha20-poly1305,2048,300,40900
chacha20-poly1305,2048,301,32600
chacha20-poly1305,2048,302,31700
chacha20-poly1305,2048,303,32100
chacha20-poly1305,2048,304,31800
chacha20-poly1305,2048,305,31700
chacha20-poly1305,2048,306,31900
chacha20-poly1305,2048,307,32100
chacha20-poly1305,2048,308,31600
chacha20-poly1305,2048,309,32100
chacha20-poly1305,2048,310,32400
chacha20-poly1305,2048,311,32000
chacha20-poly1305,2048,312,31900
chacha20-poly1305,2048,313,32100
chacha20-poly1305,2048,314,31900
chacha20-poly1305,2048,315,31900
chacha20-poly1305,2048,316,32300
chacha20-poly1305,2048,317,31600
chacha20-poly1305,2048,318,32000
chacha20-poly1305,2048,319,32300
chacha20-poly1305,2048,320,31700
chacha20-poly1305,2048,321,32200
chacha20-poly1305,2048,322,32100
chacha20-poly1305,2048,323,32800
chacha20-poly1305,2048,324,32100
chacha20-poly1305,2048,325,32000
chacha20-poly1305,2048,326,31600
chacha20-poly1305,2048,327,32100
chacha20-poly1305,2048,328,32100
chacha20-poly1305,2048,329,31900
chacha20-poly1305,2048,330,32000
chacha20-poly1305,2048,331,31800
chacha20-poly1305,2048,332,32000
chacha20-poly1305,2048,333,36200
chacha20-poly1305,2048,334,32500
chacha20-poly1305,2048,335,31500
chacha20-poly1305,2048,336,31800
chacha20-poly1305,2048,337,32200
chacha20-poly1305,2048,338,31400
chacha20-poly1305,2048,339,32100
chacha20-poly1305,2048,340,31700
chacha20-poly1305,2048,341,31900
chacha20-poly1305,2048,342,31900
chacha20-poly1305,2048,343,32300
chacha20-poly1305,2048,344,31900
chacha20-poly1305,2048,345,32200
chacha20-poly1305,2048,346,32100
chacha20-poly1305,2048,347,31800
chacha20-poly1305,2048,348,32800
chacha20-poly1305,2048,349,32100
chacha20-poly1305,2048,350,31900
chacha20-poly1305,2048,351,31700
chacha20-poly1305,2048,352,32000
chacha20-poly1305,2048,353,31900
chacha20-poly1305,2048,354,32300
chacha20-poly1305,2048,355,32200
chacha20-poly1305,2048,356,31700
chacha20-poly1305,2048,357,31900
chacha20-poly1305,2048,358,31800
chacha20-poly1305,2048,359,32100
chacha20-poly1305,2048,360,31600
chacha20-poly1305,2048,361,31900
chacha20-poly1305,2048,362,31700
chacha20-poly1305,2048,363,31800
chacha20-poly1305,2048,364,32200
chacha20-poly1305,2048,365,31700
chacha20-poly1305,2048,366,36000
chacha20-poly1305,2048,367,31900
chacha20-poly1305,2048,368,31900
chacha20-poly1305,2048,369,31900
chacha20-poly1305,2048,370,31900
chacha20-poly1305,2048,371,31400
chacha20-poly1305,2048,372,31800
chacha20-poly1305,2048,373,31900
chacha20-poly1305,2048,374,31900
chacha20-poly1305,2048,375,32400
chacha20-poly1305,2048,376,31800
chacha20-poly1305,2048,377,32100
chacha20-poly1305,2048,378,32000
chacha20-poly1305,2048,379,32200
chacha20-poly1305,2048,380,31600
chacha20-poly1305,2048,381,31800
chacha20-poly1305,2048,382,92300
chacha20-poly1305,2048,383,92800
chacha20-poly1305,2048,384,44400
chacha20-poly1305,2048,385,34000
chacha20-poly1305,2048,386,33000
chacha20-poly1305,2048,387,34400
chacha20-poly1305,2048,388,32500
chacha20-poly1305,2048,389,32300
chacha20-poly1305,2048,390,33000
chacha20-poly1305,2048,391,32600
chacha20-poly1305,2048,392,32000
chacha20-poly1305,2048,393,32600
chacha20-poly1305,2048,394,32300
chacha20-poly1305,2048,395,32200
chacha20-poly1305,2048,396,32200
chacha20-poly1305,2048,397,32100
chacha20-poly1305,2048,398,32000
chacha20-poly1305,2048,399,42600
chacha20-poly1305,2048,400,32700
chacha20-poly1305,2048,401,31800
chacha20-poly1305,2048,402,32000
chacha20-poly1305,2048,403,32100
chacha20-poly1305,2048,404,32000
chacha20-poly1305,2048,405,31900
chacha20-poly1305,2048,406,32200
chacha20-poly1305,2048,407,32100
chacha20-poly1305,2048,408,32200
chacha20-poly1305,2048,409,32300
chacha20-poly1305,2048,410,32300
chacha20-poly1305,2048,411,32200
chacha20-poly1305,2048,412,33000
chacha20-poly1305,2048,413,32200
chacha20-poly1305,2048,414,32500
chacha20-poly1305,2048,415,32200
chacha20-poly1305,2048,416,31700
chacha20-poly1305,2048,417,32000
chacha20-poly1305,2048,418,32400
chacha20-poly1305,2048,419,31700
chacha20-poly1305,2048,420,32000
chacha20-poly1305,2048,421,31900
chacha20-poly1305,2048,422,32300
chacha20-poly1305,2048,423,32000
chacha20-poly1305,2048,424,32400
chacha20-poly1305,2048,425,31900
chacha20-poly1305,2048,426,32000
chacha20-poly1305,2048,427,32100
chacha20-poly1305,2048,428,31900
chacha20-poly1305,2048,429,32200
chacha20-poly1305,2048,430,32200
chacha20-poly1305,2048,431,32100
chacha20-poly1305,2048,432,38000
chacha20-poly1305,2048,433,32700
chacha20-poly1305,2048,434,31800
chacha20-poly1305,2048,435,31900
chacha20-poly1305,2048,436,32100
chacha20-poly1305,2048,437,31600
chacha20-poly1305,2048,438,31900
chacha20-poly1305,2048,439,32000
chacha20-poly1305,2048,440,32000
chacha20-poly1305,2048,441,32000
chacha20-poly1305,2048,442,32500
chacha20-poly1305,2048,443,31700
chacha20-poly1305,2048,444,32200
chacha20-poly1305,2048,445,32000
chacha20-poly1305,2048,446,31900
chacha20-poly1305,2048,447,32100
chacha20-poly1305,2048,448,32000
chacha20-poly1305,2048,449,32100
chacha20-poly1305,2048,450,32100
chacha20-poly1305,2048,451,32800
chacha20-poly1305,2048,452,32000
chacha20-poly1305,2048,453,32300
chacha20-poly1305,2048,454,32400
chacha20-poly1305,2048,455,32000
chacha20-poly1305,2048,456,32100
chacha20-poly1305,2048,457,32400
chacha20-poly1305,2048,458,31900
chacha20-poly1305,2048,459,31900
chacha20-poly1305,2048,460,32200
chacha20-poly1305,2048,461,31700
chacha20-poly1305,2048,462,31900
chacha20-poly1305,2048,463,32200
chacha20-poly1305,2048,464,31900
chacha20-poly1305,2048,465,37000
chacha20-poly1305,2048,466,32300
chacha20-poly1305,2048,467,32000
chacha20-poly1305,2048,468,31900
chacha20-poly1305,2048,469,36700
chacha20-poly1305,2048,470,48800
chacha20-poly1305,2048,471,32300
chacha20-poly1305,2048,472,32100
chacha20-poly1305,2048,473,31900
chacha20-poly1305,2048,474,32500
chacha20-poly1305,2048,475,32000
chacha20-poly1305,2048,476,33100
chacha20-poly1305,2048,477,31900
chacha20-poly1305,2048,478,32100
chacha20-poly1305,2048,479,32000
chacha20-poly1305,2048,480,32000
chacha20-poly1305,2048,481,32100
chacha20-poly1305,2048,482,31900
chacha20-poly1305,2048,483,32400
chacha20-poly1305,2048,484,31900
chacha20-poly1305,2048,485,31800
chacha20-poly1305,2048,486,32200
chacha20-poly1305,2048,487,32200
chacha20-poly1305,2048,488,31800
chacha20-poly1305,2048,489,32100
chacha20-poly1305,2048,490,32400
chacha20-poly1305,2048,491,31700
chacha20-poly1305,2048,492,32100
chacha20-poly1305,2048,493,32100
chacha20-poly1305,2048,494,32100
chacha20-poly1305,2048,495,31800
chacha20-poly1305,2048,496,32300
chacha20-poly1305,2048,497,31800
chacha20-poly1305,2048,498,36400
chacha20-poly1305,2048,499,32500
chacha20-poly1305,2048,500,31600
chacha20-poly1305,2048,501,31900
chacha20-poly1305,2048,502,31900
chacha20-poly1305,2048,503,31900
chacha20-poly1305,2048,504,32400
chacha20-poly1305,2048,505,32000
chacha20-poly1305,2048,506,31900
chacha20-poly1305,2048,507,32100
chacha20-poly1305,2048,508,32400
chacha20-poly1305,2048,509,31800
chacha20-poly1305,2048,510,32600
chacha20-poly1305,2048,511,32100
chacha20-poly1305,2048,512,31900
chacha20-poly1305,2048,513,31800
chacha20-poly1305,2048,514,32300
chacha20-poly1305,2048,515,32500
chacha20-poly1305,2048,516,32200
chacha20-poly1305,2048,517,32500
chacha20-poly1305,2048,518,32000
chacha20-poly1305,2048,519,32300
chacha20-poly1305,2048,520,31900
chacha20-poly1305,2048,521,32100
chacha20-poly1305,2048,522,32000
chacha20-poly1305,2048,523,32200
chacha20-poly1305,2048,524,31700
chacha20-poly1305,2048,525,31800
chacha20-poly1305,2048,526,32300
chacha20-poly1305,2048,527,31600
chacha20-poly1305,2048,528,32100
chacha20-poly1305,2048,529,32000
chacha20-poly1305,2048,530,32300
chacha20-poly1305,2048,531,36000
chacha20-poly1305,2048,532,32500
chacha20-poly1305,2048,533,31500
chacha20-poly1305,2048,534,32000
chacha20-poly1305,2048,535,32100
chacha20-poly1305,2048,536,31500
chacha20-poly1305,2048,537,32100
chacha20-poly1305,2048,538,32200
chacha20-poly1305,2048,539,32000
chacha20-poly1305,2048,540,33000
chacha20-poly1305,2048,541,32500
chacha20-poly1305,2048,542,32200
chacha20-poly1305,2048,543,32100
chacha20-poly1305,2048,544,32200
chacha20-poly1305,2048,545,31900
chacha20-poly1305,2048,546,32300
chacha20-poly1305,2048,547,32100
chacha20-poly1305,2048,548,32200
chacha20-poly1305,2048,549,32300
chacha20-poly1305,2048,550,32400
chacha20-poly1305,2048,551,31700
chacha20-poly1305,2048,552,32000
chacha20-poly1305,2048,553,32400
chacha20-poly1305,2048,554,32100
chacha20-poly1305,2048,555,32000
chacha20-poly1305,2048,556,32100
chacha20-poly1305,2048,557,31800
chacha20-poly1305,2048,558,31800
chacha20-poly1305,2048,559,32300
chacha20-poly1305,2048,560,31700
chacha20-poly1305,2048,561,32100
chacha20-poly1305,2048,562,32200
chacha20-poly1305,2048,563,31800
chacha20-poly1305,2048,564,35700
chacha20-poly1305,2048,565,32000
chacha20-poly1305,2048,566,31700
chacha20-poly1305,2048,567,32200
chacha20-poly1305,2048,568,32000
chacha20-poly1305,2048,569,31800
chacha20-poly1305,2048,570,31900
chacha20-poly1305,2048,571,32000
chacha20-poly1305,2048,572,32000
chacha20-poly1305,2048,573,32100
chacha20-poly1305,2048,574,32400
chacha20-poly1305,2048,575,31800
chacha20-poly1305,2048,576,31700
chacha20-poly1305,2048,577,32100
chacha20-poly1305,2048,578,32300
chacha20-poly1305,2048,579,32000
chacha20-poly1305,2048,580,32200
chacha20-poly1305,2048,581,31500
chacha20-poly1305,2048,582,32400
chacha20-poly1305,2048,583,32200
chacha20-poly1305,2048,584,32000
chacha20-poly1305,2048,585,32000
chacha20-poly1305,2048,586,32000
chacha20-poly1305,2048,587,31600
chacha20-poly1305,2048,588,31900
chacha20-poly1305,2048,589,32200
chacha20-poly1305,2048,590,31600
chacha20-poly1305,2048,591,32200
chacha20-poly1305,2048,592,32200
chacha20-poly1305,2048,593,32000
chacha20-poly1305,2048,594,32100
chacha20-poly1305,2048,595,32200
chacha20-poly1305,2048,596,31700
chacha20-poly1305,2048,597,35400
chacha20-poly1305,2048,598,32200
chacha20-poly1305,2048,599,31700
chacha20-poly1305,2048,600,32100
chacha20-poly1305,2048,601,31900
chacha20-poly1305,2048,602,32300
chacha20-poly1305,2048,603,32700
chacha20-poly1305,2048,604,32300
chacha20-poly1305,2048,605,31800
chacha20-poly1305,2048,606,32100
chacha20-poly1305,2048,607,32300
chacha20-poly1305,2048,608,31900
chacha20-poly1305,2048,609,32400
chacha20-poly1305,2048,610,32100
chacha20-poly1305,2048,611,32000
chacha20-poly1305,2048,612,32100
chacha20-poly1305,2048,613,32500
chacha20-poly1305,2048,614,32200
chacha20-poly1305,2048,615,32200
chacha20-poly1305,2048,616,32000
chacha20-poly1305,2048,617,32000
chacha20-poly1305,2048,618,32200
chacha20-poly1305,2048,619,32000
chacha20-poly1305,2048,620,32100
chacha20-poly1305,2048,621,31800
chacha20-poly1305,2048,622,32200
chacha20-poly1305,2048,623,31900
chacha20-poly1305,2048,624,32000
chacha20-poly1305,2048,625,32300
chacha20-poly1305,2048,626,31800
chacha20-poly1305,2048,627,32200
chacha20-poly1305,2048,628,31900
chacha20-poly1305,2048,629,32100
chacha20-poly1305,2048,630,35200
chacha20-poly1305,2048,631,32400
chacha20-poly1305,2048,632,31600
chacha20-poly1305,2048,633,31800
chacha20-poly1305,2048,634,32200
chacha20-poly1305,2048,635,31300
chacha20-poly1305,2048,636,32000
chacha20-poly1305,2048,637,32100
chacha20-poly1305,2048,638,32000
chacha20-poly1305,2048,639,32100
chacha20-poly1305,2048,640,32300
chacha20-poly1305,2048,641,31800
chacha20-poly1305,2048,642,32600
chacha20-poly1305,2048,643,32100
chacha20-poly1305,2048,644,32100
chacha20-poly1305,2048,645,32200
chacha20-poly1305,2048,646,32000
chacha20-poly1305,2048,647,31900
chacha20-poly1305,2048,648,32100
chacha20-poly1305,2048,649,32400
chacha20-poly1305,2048,650,31900
chacha20-poly1305,2048,651,31900
chacha20-poly1305,2048,652,32100
chacha20-poly1305,2048,653,31700
chacha20-poly1305,2048,654,32300
chacha20-poly1305,2048,655,32000
chacha20-poly1305,2048,656,31800
chacha20-poly1305,2048,657,32100
chacha20-poly1305,2048,658,32000
chacha20-poly1305,2048,659,31900
chacha20-poly1305,2048,660,31800
chacha20-poly1305,2048,661,31900
chacha20-poly1305,2048,662,31700
chacha20-poly1305,2048,663,35600
chacha20-poly1305,2048,664,32300
chacha20-poly1305,2048,665,31700
chacha20-poly1305,2048,666,32000
chacha20-poly1305,2048,667,32700
chacha20-poly1305,2048,668,32000
chacha20-poly1305,2048,669,32000
chacha20-poly1305,2048,670,32100
chacha20-poly1305,2048,671,31600
chacha20-poly1305,2048,672,32000
chacha20-poly1305,2048,673,32200
chacha20-poly1305,2048,674,32200
chacha20-poly1305,2048,675,31800
chacha20-poly1305,2048,676,32300
chacha20-poly1305,2048,677,31700
chacha20-poly1305,2048,678,32100
chacha20-poly1305,2048,679,32200
chacha20-poly1305,2048,680,31700
chacha20-poly1305,2048,681,32400
chacha20-poly1305,2048,682,32200
chacha20-poly1305,2048,683,32100
chacha20-poly1305,2048,684,32000
chacha20-poly1305,2048,685,32100
chacha20-poly1305,2048,686,31500
chacha20-poly1305,2048,687,31900
chacha20-poly1305,2048,688,32300
chacha20-poly1305,2048,689,32000
chacha20-poly1305,2048,690,32200
chacha20-poly1305,2048,691,32200
chacha20-poly1305,2048,692,32100
chacha20-poly1305,2048,693,32000
chacha20-poly1305,2048,694,32200
chacha20-poly1305,2048,695,31600
chacha20-poly1305,2048,696,35200
chacha20-poly1305,2048,697,32300
chacha20-poly1305,2048,698,31800
chacha20-poly1305,2048,699,32000
chacha20-poly1305,2048,700,32000
chacha20-poly1305,2048,701,31800
chacha20-poly1305,2048,702,32100
chacha20-poly1305,2048,703,32100
chacha20-poly1305,2048,704,31900
chacha20-poly1305,2048,705,31900
chacha20-poly1305,2048,706,33000
chacha20-poly1305,2048,707,31800
chacha20-poly1305,2048,708,32100
chacha20-poly1305,2048,709,32000
chacha20-poly1305,2048,710,32200
chacha20-poly1305,2048,711,31900
chacha20-poly1305,2048,712,32100
chacha20-poly1305,2048,713,31800
chacha20-poly1305,2048,714,32400
chacha20-poly1305,2048,715,101100
chacha20-poly1305,2048,716,160700
chacha20-poly1305,2048,717,187200
chacha20-poly1305,2048,718,54200
chacha20-poly1305,2048,719,148200
chacha20-poly1305,2048,720,96600
chacha20-poly1305,2048,721,42800
chacha20-poly1305,2048,722,33800
chacha20-poly1305,2048,723,32000
chacha20-poly1305,2048,724,32200
chacha20-poly1305,2048,725,32300
chacha20-poly1305,2048,726,31700
chacha20-poly1305,2048,727,31500
chacha20-poly1305,2048,728,38000
chacha20-poly1305,2048,729,42500
chacha20-poly1305,2048,730,32000
chacha20-poly1305,2048,731,31500
chacha20-poly1305,2048,732,31300
chacha20-poly1305,2048,733,31600
chacha20-poly1305,2048,734,31100
chacha20-poly1305,2048,735,31200
chacha20-poly1305,2048,736,31100
chacha20-poly1305,2048,737,31800
chacha20-poly1305,2048,738,31400
chacha20-poly1305,2048,739,31900
chacha20-poly1305,2048,740,31000
chacha20-poly1305,2048,741,31200
chacha20-poly1305,2048,742,31900
chacha20-poly1305,2048,743,31100
chacha20-poly1305,2048,744,31600
chacha20-poly1305,2048,745,31700
chacha20-poly1305,2048,746,31700
chacha20-poly1305,2048,747,31300
chacha20-poly1305,2048,748,31400
chacha20-poly1305,2048,749,31500
chacha20-poly1305,2048,750,31400
chacha20-poly1305,2048,751,31100
chacha20-poly1305,2048,752,31500
chacha20-poly1305,2048,753,31800
chacha20-poly1305,2048,754,31100
chacha20-poly1305,2048,755,31100
chacha20-poly1305,2048,756,31200
chacha20-poly1305,2048,757,31600
chacha20-poly1305,2048,758,31400
chacha20-poly1305,2048,759,30600
chacha20-poly1305,2048,760,33800
chacha20-poly1305,2048,761,31100
chacha20-poly1305,2048,762,37800
chacha20-poly1305,2048,763,31400
chacha20-poly1305,2048,764,31100
chacha20-poly1305,2048,765,31100
chacha20-poly1305,2048,766,31400
chacha20-poly1305,2048,767,31000
chacha20-poly1305,2048,768,31300
chacha20-poly1305,2048,769,31300
chacha20-poly1305,2048,770,32000
chacha20-poly1305,2048,771,31400
chacha20-poly1305,2048,772,31300
chacha20-poly1305,2048,773,31700
chacha20-poly1305,2048,774,31600
chacha20-poly1305,2048,775,31500
chacha20-poly1305,2048,776,31100
chacha20-poly1305,2048,777,31300
chacha20-poly1305,2048,778,31700
chacha20-poly1305,2048,779,31000
chacha20-poly1305,2048,780,31400
chacha20-poly1305,2048,781,31300
chacha20-poly1305,2048,782,31800
chacha20-poly1305,2048,783,31000
chacha20-poly1305,2048,784,31400
chacha20-poly1305,2048,785,31100
chacha20-poly1305,2048,786,31400
chacha20-poly1305,2048,787,31400
chacha20-poly1305,2048,788,30900
chacha20-poly1305,2048,789,31800
chacha20-poly1305,2048,790,31300
chacha20-poly1305,2048,791,31800
chacha20-poly1305,2048,792,31700
chacha20-poly1305,2048,793,31400
chacha20-poly1305,2048,794,31200
chacha20-poly1305,2048,795,37200
chacha20-poly1305,2048,796,31900
chacha20-poly1305,2048,797,30800
chacha20-poly1305,2048,798,31300
chacha20-poly1305,2048,799,31200
chacha20-poly1305,2048,800,31300
chacha20-poly1305,2048,801,31000
chacha20-poly1305,2048,802,31500
chacha20-poly1305,2048,803,31200
chacha20-poly1305,2048,804,31500
chacha20-poly1305,2048,805,31500
chacha20-poly1305,2048,806,31400
chacha20-poly1305,2048,807,31500
chacha20-poly1305,2048,808,31200
chacha20-poly1305,2048,809,31300
chacha20-poly1305,2048,810,31600
chacha20-poly1305,2048,811,31600
chacha20-poly1305,2048,812,31200
chacha20-poly1305,2048,813,31600
chacha20-poly1305,2048,814,31600
chacha20-poly1305,2048,815,31100
chacha20-poly1305,2048,816,31300
chacha20-poly1305,2048,817,31600
chacha20-poly1305,2048,818,31400
chacha20-poly1305,2048,819,31500
chacha20-poly1305,2048,820,31500
chacha20-poly1305,2048,821,31200
chacha20-poly1305,2048,822,80200
chacha20-poly1305,2048,823,68000
chacha20-poly1305,2048,824,36500
chacha20-poly1305,2048,825,33500
chacha20-poly1305,2048,826,32000
chacha20-poly1305,2048,827,32700
chacha20-poly1305,2048,828,39900
chacha20-poly1305,2048,829,31900
chacha20-poly1305,2048,830,30900
chacha20-poly1305,2048,831,30900
chacha20-poly1305,2048,832,31500
chacha20-poly1305,2048,833,33000
chacha20-poly1305,2048,834,31700
chacha20-poly1305,2048,835,30900
chacha20-poly1305,2048,836,31900
chacha20-poly1305,2048,837,31800
chacha20-poly1305,2048,838,32100
chacha20-poly1305,2048,839,31200
chacha20-poly1305,2048,840,31400
chacha20-poly1305,2048,841,31600
chacha20-poly1305,2048,842,31200
chacha20-poly1305,2048,843,31800
chacha20-poly1305,2048,844,31300
chacha20-poly1305,2048,845,31400
chacha20-poly1305,2048,846,31600
chacha20-poly1305,2048,847,31600
chacha20-poly1305,2048,848,31400
chacha20-poly1305,2048,849,31400
chacha20-poly1305,2048,850,33400
chacha20-poly1305,2048,851,36200
chacha20-poly1305,2048,852,32200
chacha20-poly1305,2048,853,31100
chacha20-poly1305,2048,854,55400
chacha20-poly1305,2048,855,51300
chacha20-poly1305,2048,856,35300
chacha20-poly1305,2048,857,33600
chacha20-poly1305,2048,858,34600
chacha20-poly1305,2048,859,32300
chacha20-poly1305,2048,860,32000
chacha20-poly1305,2048,861,37400
chacha20-poly1305,2048,862,32900
chacha20-poly1305,2048,863,31800
chacha20-poly1305,2048,864,32100
chacha20-poly1305,2048,865,32200
chacha20-poly1305,2048,866,31900
chacha20-poly1305,2048,867,32000
chacha20-poly1305,2048,868,32600
chacha20-poly1305,2048,869,32300
chacha20-poly1305,2048,870,32400
chacha20-poly1305,2048,871,32600
chacha20-poly1305,2048,872,32600
chacha20-poly1305,2048,873,32300
chacha20-poly1305,2048,874,32700
chacha20-poly1305,2048,875,31900
chacha20-poly1305,2048,876,32100
chacha20-poly1305,2048,877,32400
chacha20-poly1305,2048,878,32000
chacha20-poly1305,2048,879,32500
chacha20-poly1305,2048,880,31900
chacha20-poly1305,2048,881,32300
chacha20-poly1305,2048,882,32100
chacha20-poly1305,2048,883,32200
chacha20-poly1305,2048,884,32100
chacha20-poly1305,2048,885,32200
chacha20-poly1305,2048,886,32500
chacha20-poly1305,2048,887,32500
chacha20-poly1305,2048,888,32200
chacha20-poly1305,2048,889,32400
chacha20-poly1305,2048,890,32200
chacha20-poly1305,2048,891,32100
chacha20-poly1305,2048,892,32500
chacha20-poly1305,2048,893,32000
chacha20-poly1305,2048,894,36200
chacha20-poly1305,2048,895,32200
chacha20-poly1305,2048,896,31800
chacha20-poly1305,2048,897,32900
chacha20-poly1305,2048,898,32100
chacha20-poly1305,2048,899,31800
chacha20-poly1305,2048,900,32100
chacha20-poly1305,2048,901,32000
chacha20-poly1305,2048,902,32000
chacha20-poly1305,2048,903,31800
chacha20-poly1305,2048,904,32400
chacha20-poly1305,2048,905,31700
chacha20-poly1305,2048,906,32200
chacha20-poly1305,2048,907,32100
chacha20-poly1305,2048,908,32000
chacha20-poly1305,2048,909,32000
chacha20-poly1305,2048,910,44700
chacha20-poly1305,2048,911,32000
chacha20-poly1305,2048,912,32400
chacha20-poly1305,2048,913,32300
chacha20-poly1305,2048,914,32100
chacha20-poly1305,2048,915,32200
chacha20-poly1305,2048,916,31900
chacha20-poly1305,2048,917,32100
chacha20-poly1305,2048,918,32000
chacha20-poly1305,2048,919,32200
chacha20-poly1305,2048,920,31700
chacha20-poly1305,2048,921,32200
chacha20-poly1305,2048,922,33000
chacha20-poly1305,2048,923,31800
chacha20-poly1305,2048,924,32600
chacha20-poly1305,2048,925,31900
chacha20-poly1305,2048,926,32100
chacha20-poly1305,2048,927,36000
chacha20-poly1305,2048,928,32300
chacha20-poly1305,2048,929,31700
chacha20-poly1305,2048,930,31800
chacha20-poly1305,2048,931,32200
chacha20-poly1305,2048,932,32200
chacha20-poly1305,2048,933,32200
chacha20-poly1305,2048,934,32000
chacha20-poly1305,2048,935,32200
chacha20-poly1305,2048,936,31800
chacha20-poly1305,2048,937,32300
chacha20-poly1305,2048,938,31900
chacha20-poly1305,2048,939,32000
chacha20-poly1305,2048,940,32100
chacha20-poly1305,2048,941,31500
chacha20-poly1305,2048,942,32600
chacha20-poly1305,2048,943,32000
chacha20-poly1305,2048,944,32200
chacha20-poly1305,2048,945,32000
chacha20-poly1305,2048,946,32500
chacha20-poly1305,2048,947,31800
chacha20-poly1305,2048,948,32000
chacha20-poly1305,2048,949,32200
chacha20-poly1305,2048,950,31900
chacha20-poly1305,2048,951,32200
chacha20-poly1305,2048,952,32600
chacha20-poly1305,2048,953,32500
chacha20-poly1305,2048,954,32100
chacha20-poly1305,2048,955,32000
chacha20-poly1305,2048,956,32100
chacha20-poly1305,2048,957,32100
chacha20-poly1305,2048,958,32100
chacha20-poly1305,2048,959,31700
chacha20-poly1305,2048,960,35500
chacha20-poly1305,2048,961,32600
chacha20-poly1305,2048,962,32300
chacha20-poly1305,2048,963,31900
chacha20-poly1305,2048,964,32500
chacha20-poly1305,2048,965,31600
chacha20-poly1305,2048,966,31900
chacha20-poly1305,2048,967,32100
chacha20-poly1305,2048,968,31800
chacha20-poly1305,2048,969,32400
chacha20-poly1305,2048,970,32100
chacha20-poly1305,2048,971,32100
chacha20-poly1305,2048,972,32300
chacha20-poly1305,2048,973,32500
chacha20-poly1305,2048,974,32200
chacha20-poly1305,2048,975,32000
chacha20-poly1305,2048,976,32200
chacha20-poly1305,2048,977,32000
chacha20-poly1305,2048,978,32200
chacha20-poly1305,2048,979,32000
chacha20-poly1305,2048,980,31900
chacha20-poly1305,2048,981,31900
chacha20-poly1305,2048,982,32400
chacha20-poly1305,2048,983,31800
chacha20-poly1305,2048,984,32000
chacha20-poly1305,2048,985,32500
chacha20-poly1305,2048,986,32400
chacha20-poly1305,2048,987,32300
chacha20-poly1305,2048,988,32000
chacha20-poly1305,2048,989,32000
chacha20-poly1305,2048,990,31900
chacha20-poly1305,2048,991,32100
chacha20-poly1305,2048,992,32200
chacha20-poly1305,2048,993,35600
chacha20-poly1305,2048,994,32500
chacha20-poly1305,2048,995,31800
chacha20-poly1305,2048,996,32400
chacha20-poly1305,2048,997,31900
chacha20-poly1305,2048,998,31700
chacha20-poly1305,2048,999,32200
chacha20-poly1305,2048,1000,31900
chacha20-poly1305,2048,1001,31700
chacha20-poly1305,2048,1002,32200
chacha20-poly1305,2048,1003,32300
chacha20-poly1305,2048,1004,31900
chacha20-poly1305,2048,1005,32300
chacha20-poly1305,2048,1006,32300
chacha20-poly1305,2048,1007,32100
chacha20-poly1305,2048,1008,31900
chacha20-poly1305,2048,1009,32200
chacha20-poly1305,2048,1010,31600
chacha20-poly1305,2048,1011,31600
chacha20-poly1305,2048,1012,32200
chacha20-poly1305,2048,1013,31500
chacha20-poly1305,2048,1014,31800
chacha20-poly1305,2048,1015,31400
chacha20-poly1305,2048,1016,31600
chacha20-poly1305,2048,1017,32000
chacha20-poly1305,2048,1018,31700
chacha20-poly1305,2048,1019,31400
chacha20-poly1305,2048,1020,31500
chacha20-poly1305,2048,1021,31800
chacha20-poly1305,2048,1022,31400
chacha20-poly1305,2048,1023,31600
chacha20-poly1305,2048,1024,31600
chacha20-poly1305,2048,1025,32500
chacha20-poly1305,2048,1026,35000
chacha20-poly1305,2048,1027,32000
chacha20-poly1305,2048,1028,31500
chacha20-poly1305,2048,1029,31400
chacha20-poly1305,2048,1030,31500
chacha20-poly1305,2048,1031,31100
chacha20-poly1305,2048,1032,32100
chacha20-poly1305,2048,1033,31800
chacha20-poly1305,2048,1034,31800
chacha20-poly1305,2048,1035,31500
chacha20-poly1305,2048,1036,31800
chacha20-poly1305,2048,1037,31500
chacha20-poly1305,2048,1038,31700
chacha20-poly1305,2048,1039,31700
chacha20-poly1305,2048,1040,31300
chacha20-poly1305,2048,1041,31700
chacha20-poly1305,2048,1042,31800
chacha20-poly1305,2048,1043,31700
chacha20-poly1305,2048,1044,31500
chacha20-poly1305,2048,1045,31800
chacha20-poly1305,2048,1046,31400
chacha20-poly1305,2048,1047,31600
chacha20-poly1305,2048,1048,31700
chacha20-poly1305,2048,1049,31800
chacha20-poly1305,2048,1050,36300
chacha20-poly1305,2048,1051,31700
chacha20-poly1305,2048,1052,31900
chacha20-poly1305,2048,1053,31600
chacha20-poly1305,2048,1054,31800
chacha20-poly1305,2048,1055,31400
chacha20-poly1305,2048,1056,31300
chacha20-poly1305,2048,1057,31800
chacha20-poly1305,2048,1058,31400
chacha20-poly1305,2048,1059,35100
chacha20-poly1305,2048,1060,31800
chacha20-poly1305,2048,1061,31400
chacha20-poly1305,2048,1062,31500
chacha20-poly1305,2048,1063,31500
chacha20-poly1305,2048,1064,31600
chacha20-poly1305,2048,1065,31500
chacha20-poly1305,2048,1066,31600
chacha20-poly1305,2048,1067,31300
chacha20-poly1305,2048,1068,31700
chacha20-poly1305,2048,1069,31900
chacha20-poly1305,2048,1070,31900
chacha20-poly1305,2048,1071,31400
chacha20-poly1305,2048,1072,32000
chacha20-poly1305,2048,1073,31400
chacha20-poly1305,2048,1074,31700
chacha20-poly1305,2048,1075,31900
chacha20-poly1305,2048,1076,31400
chacha20-poly1305,2048,1077,32000
chacha20-poly1305,2048,1078,31400
chacha20-poly1305,2048,1079,31700
chacha20-poly1305,2048,1080,31400
chacha20-poly1305,2048,1081,32200
chacha20-poly1305,2048,1082,31700
chacha20-poly1305,2048,1083,31500
chacha20-poly1305,2048,1084,31900
chacha20-poly1305,2048,1085,31300
chacha20-poly1305,2048,1086,31700
chacha20-poly1305,2048,1087,31600
chacha20-poly1305,2048,1088,32300
chacha20-poly1305,2048,1089,31600
chacha20-poly1305,2048,1090,31900
chacha20-poly1305,2048,1091,31300
chacha20-poly1305,2048,1092,35300
chacha20-poly1305,2048,1093,31900
chacha20-poly1305,2048,1094,31400
chacha20-poly1305,2048,1095,31600
chacha20-poly1305,2048,1096,31600
chacha20-poly1305,2048,1097,31800
chacha20-poly1305,2048,1098,31400
chacha20-poly1305,2048,1099,31700
chacha20-poly1305,2048,1100,31200
chacha20-poly1305,2048,1101,31400
chacha20-poly1305,2048,1102,32500
chacha20-poly1305,2048,1103,31100
chacha20-poly1305,2048,1104,31700
chacha20-poly1305,2048,1105,31400
chacha20-poly1305,2048,1106,31500
chacha20-poly1305,2048,1107,31500
chacha20-poly1305,2048,1108,31700
chacha20-poly1305,2048,1109,31300
chacha20-poly1305,2048,1110,31500
chacha20-poly1305,2048,1111,31700
chacha20-poly1305,2048,1112,31400
chacha20-poly1305,2048,1113,32600
chacha20-poly1305,2048,1114,31600
chacha20-poly1305,2048,1115,31700
chacha20-poly1305,2048,1116,31600
chacha20-poly1305,2048,1117,32000
chacha20-poly1305,2048,1118,31300
chacha20-poly1305,2048,1119,31400
chacha20-poly1305,2048,1120,31600
chacha20-poly1305,2048,1121,31200
chacha20-poly1305,2048,1122,31800
chacha20-poly1305,2048,1123,31500
chacha20-poly1305,2048,1124,31800
chacha20-poly1305,2048,1125,34800
chacha20-poly1305,2048,1126,31800
chacha20-poly1305,2048,1127,31200
chacha20-poly1305,2048,1128,31500
chacha20-poly1305,2048,1129,31500
chacha20-poly1305,2048,1130,31100
chacha20-poly1305,2048,1131,31600
chacha20-poly1305,2048,1132,31600
chacha20-poly1305,2048,1133,31500
chacha20-poly1305,2048,1134,31900
chacha20-poly1305,2048,1135,31900
chacha20-poly1305,2048,1136,31600
chacha20-poly1305,2048,1137,31600
chacha20-poly1305,2048,1138,31800
chacha20-poly1305,2048,1139,31400
chacha20-poly1305,2048,1140,31800
chacha20-poly1305,2048,1141,31500
chacha20-poly1305,2048,1142,31800
chacha20-poly1305,2048,1143,31600
chacha20-poly1305,2048,1144,31800
chacha20-poly1305,2048,1145,31700
chacha20-poly1305,2048,1146,31500
chacha20-poly1305,2048,1147,31700
chacha20-poly1305,2048,1148,31300
chacha20-poly1305,2048,1149,31600
chacha20-poly1305,2048,1150,31400
chacha20-poly1305,2048,1151,31500
chacha20-poly1305,2048,1152,32400
chacha20-poly1305,2048,1153,31700
chacha20-poly1305,2048,1154,31800
chacha20-poly1305,2048,1155,31500
chacha20-poly1305,2048,1156,32100
chacha20-poly1305,2048,1157,31400
chacha20-poly1305,2048,1158,34700
chacha20-poly1305,2048,1159,31700
chacha20-poly1305,2048,1160,31500
chacha20-poly1305,2048,1161,31300
chacha20-poly1305,2048,1162,31800
chacha20-poly1305,2048,1163,31100
chacha20-poly1305,2048,1164,31300
chacha20-poly1305,2048,1165,31500
chacha20-poly1305,2048,1166,31700
chacha20-poly1305,2048,1167,31800
chacha20-poly1305,2048,1168,31700
chacha20-poly1305,2048,1169,31600
chacha20-poly1305,2048,1170,31500
chacha20-poly1305,2048,1171,31700
chacha20-poly1305,2048,1172,31500
chacha20-poly1305,2048,1173,31600
chacha20-poly1305,2048,1174,31800
chacha20-poly1305,2048,1175,31300
chacha20-poly1305,2048,1176,31800
chacha20-poly1305,2048,1177,32600
chacha20-poly1305,2048,1178,31600
chacha20-poly1305,2048,1179,31500
chacha20-poly1305,2048,1180,31600
chacha20-poly1305,2048,1181,31400
chacha20-poly1305,2048,1182,31800
chacha20-poly1305,2048,1183,31700
chacha20-poly1305,2048,1184,31300
chacha20-poly1305,2048,1185,31600
chacha20-poly1305,2048,1186,31500
chacha20-poly1305,2048,1187,31800
chacha20-poly1305,2048,1188,31700
chacha20-poly1305,2048,1189,102700
chacha20-poly1305,2048,1190,183300
chacha20-poly1305,2048,1191,117400
chacha20-poly1305,2048,1192,53900
chacha20-poly1305,2048,1193,37500
chacha20-poly1305,2048,1194,33500
chacha20-poly1305,2048,1195,31900
chacha20-poly1305,2048,1196,31600
chacha20-poly1305,2048,1197,32600
chacha20-poly1305,2048,1198,32000
chacha20-poly1305,2048,1199,32300
chacha20-poly1305,2048,1200,32100
chacha20-poly1305,2048,1201,32500
chacha20-poly1305,2048,1202,31700
chacha20-poly1305,2048,1203,31800
chacha20-poly1305,2048,1204,32000
chacha20-poly1305,2048,1205,31500
chacha20-poly1305,2048,1206,31700
chacha20-poly1305,2048,1207,32000
chacha20-poly1305,2048,1208,31500
chacha20-poly1305,2048,1209,31700
chacha20-poly1305,2048,1210,36200
chacha20-poly1305,2048,1211,31600
chacha20-poly1305,2048,1212,32000
chacha20-poly1305,2048,1213,31700
chacha20-poly1305,2048,1214,32200
chacha20-poly1305,2048,1215,31600
chacha20-poly1305,2048,1216,32800
chacha20-poly1305,2048,1217,31400
chacha20-poly1305,2048,1218,31800
chacha20-poly1305,2048,1219,31900
chacha20-poly1305,2048,1220,31300
chacha20-poly1305,2048,1221,31700
chacha20-poly1305,2048,1222,31900
chacha20-poly1305,2048,1223,31600
chacha20-poly1305,2048,1224,36000
chacha20-poly1305,2048,1225,31900
chacha20-poly1305,2048,1226,31300
chacha20-poly1305,2048,1227,31400
chacha20-poly1305,2048,1228,31700
chacha20-poly1305,2048,1229,31500
chacha20-poly1305,2048,1230,31800
chacha20-poly1305,2048,1231,31500
chacha20-poly1305,2048,1232,31700
chacha20-poly1305,2048,1233,31500
chacha20-poly1305,2048,1234,32000
chacha20-poly1305,2048,1235,31300
chacha20-poly1305,2048,1236,31500
chacha20-poly1305,2048,1237,31800
chacha20-poly1305,2048,1238,31500
chacha20-poly1305,2048,1239,31600
chacha20-poly1305,2048,1240,31800
chacha20-poly1305,2048,1241,32200
chacha20-poly1305,2048,1242,31800
chacha20-poly1305,2048,1243,31900
chacha20-poly1305,2048,1244,31700
chacha20-poly1305,2048,1245,31000
chacha20-poly1305,2048,1246,31400
chacha20-poly1305,2048,1247,31200
chacha20-poly1305,2048,1248,31300
chacha20-poly1305,2048,1249,31400
chacha20-poly1305,2048,1250,31100
chacha20-poly1305,2048,1251,31400
chacha20-poly1305,2048,1252,31900
chacha20-poly1305,2048,1253,31500
chacha20-poly1305,2048,1254,32000
chacha20-poly1305,2048,1255,31700
chacha20-poly1305,2048,1256,31300
chacha20-poly1305,2048,1257,35700
chacha20-poly1305,2048,1258,31800
chacha20-poly1305,2048,1259,31400
chacha20-poly1305,2048,1260,31300
chacha20-poly1305,2048,1261,31600
chacha20-poly1305,2048,1262,31300
chacha20-poly1305,2048,1263,31400
chacha20-poly1305,2048,1264,31700
chacha20-poly1305,2048,1265,31500
chacha20-poly1305,2048,1266,31600
chacha20-poly1305,2048,1267,31600
chacha20-poly1305,2048,1268,31100
chacha20-poly1305,2048,1269,31200
chacha20-poly1305,2048,1270,31500
chacha20-poly1305,2048,1271,30800
chacha20-poly1305,2048,1272,31500
chacha20-poly1305,2048,1273,31400
chacha20-poly1305,2048,1274,31100
chacha20-poly1305,2048,1275,31500
chacha20-poly1305,2048,1276,31000
chacha20-poly1305,2048,1277,31200
chacha20-poly1305,2048,1278,31000
chacha20-poly1305,2048,1279,31300
chacha20-poly1305,2048,1280,31800
chacha20-poly1305,2048,1281,30800
chacha20-poly1305,2048,1282,32000
chacha20-poly1305,2048,1283,31100
chacha20-poly1305,2048,1284,31300
chacha20-poly1305,2048,1285,31200
chacha20-poly1305,2048,1286,31200
chacha20-poly1305,2048,1287,31100
chacha20-poly1305,2048,1288,31200
chacha20-poly1305,2048,1289,30900
chacha20-poly1305,2048,1290,34600
chacha20-poly1305,2048,1291,31200
chacha20-poly1305,2048,1292,30900
chacha20-poly1305,2048,1293,31300
chacha20-poly1305,2048,1294,31200
chacha20-poly1305,2048,1295,30900
chacha20-poly1305,2048,1296,31000
chacha20-poly1305,2048,1297,31400
chacha20-poly1305,2048,1298,30900
chacha20-poly1305,2048,1299,31100
chacha20-poly1305,2048,1300,31400
chacha20-poly1305,2048,1301,30900
chacha20-poly1305,2048,1302,31500
chacha20-poly1305,2048,1303,31000
chacha20-poly1305,2048,1304,31700
chacha20-poly1305,2048,1305,32000
chacha20-poly1305,2048,1306,31300
chacha20-poly1305,2048,1307,31100
chacha20-poly1305,2048,1308,31300
chacha20-poly1305,2048,1309,31400
chacha20-poly1305,2048,1310,31100
chacha20-poly1305,2048,1311,31200
chacha20-poly1305,2048,1312,31200
chacha20-poly1305,2048,1313,31200
chacha20-poly1305,2048,1314,31400
chacha20-poly1305,2048,1315,31500
chacha20-poly1305,2048,1316,30900
chacha20-poly1305,2048,1317,31200
chacha20-poly1305,2048,1318,31300
chacha20-poly1305,2048,1319,31100
chacha20-poly1305,2048,1320,31300
chacha20-poly1305,2048,1321,31000
chacha20-poly1305,2048,1322,31400
chacha20-poly1305,2048,1323,34500
chacha20-poly1305,2048,1324,31600
chacha20-poly1305,2048,1325,31000
chacha20-poly1305,2048,1326,31100
chacha20-poly1305,2048,1327,31300
chacha20-poly1305,2048,1328,30700
chacha20-poly1305,2048,1329,31500
chacha20-poly1305,2048,1330,31100
chacha20-poly1305,2048,1331,30900
chacha20-poly1305,2048,1332,31200
chacha20-poly1305,2048,1333,31500
chacha20-poly1305,2048,1334,31300
chacha20-poly1305,2048,1335,31000
chacha20-poly1305,2048,1336,31400
chacha20-poly1305,2048,1337,30800
chacha20-poly1305,2048,1338,31400
chacha20-poly1305,2048,1339,31300
chacha20-poly1305,2048,1340,31200
chacha20-poly1305,2048,1341,31000
chacha20-poly1305,2048,1342,31500
chacha20-poly1305,2048,1343,31600
chacha20-poly1305,2048,1344,31200
chacha20-poly1305,2048,1345,31400
chacha20-poly1305,2048,1346,31000
chacha20-poly1305,2048,1347,31500
chacha20-poly1305,2048,1348,31400
chacha20-poly1305,2048,1349,31100
chacha20-poly1305,2048,1350,31300
chacha20-poly1305,2048,1351,44300
chacha20-poly1305,2048,1352,31500
chacha20-poly1305,2048,1353,31100
chacha20-poly1305,2048,1354,31600
chacha20-poly1305,2048,1355,30800
chacha20-poly1305,2048,1356,35100
chacha20-poly1305,2048,1357,31400
chacha20-poly1305,2048,1358,31000
chacha20-poly1305,2048,1359,30900
chacha20-poly1305,2048,1360,31300
chacha20-poly1305,2048,1361,30800
chacha20-poly1305,2048,1362,31300
chacha20-poly1305,2048,1363,31200
chacha20-poly1305,2048,1364,31100
chacha20-poly1305,2048,1365,31400
chacha20-poly1305,2048,1366,31200
chacha20-poly1305,2048,1367,31300
chacha20-poly1305,2048,1368,32100
chacha20-poly1305,2048,1369,31200
chacha20-poly1305,2048,1370,31000
chacha20-poly1305,2048,1371,31200
chacha20-poly1305,2048,1372,31500
chacha20-poly1305,2048,1373,30900
chacha20-poly1305,2048,1374,31800
chacha20-poly1305,2048,1375,31100
chacha20-poly1305,2048,1376,31200
chacha20-poly1305,2048,1377,31000
chacha20-poly1305,2048,1378,31100
chacha20-poly1305,2048,1379,31000
chacha20-poly1305,2048,1380,31200
chacha20-poly1305,2048,1381,31300
chacha20-poly1305,2048,1382,31300
chacha20-poly1305,2048,1383,31100
chacha20-poly1305,2048,1384,31200
chacha20-poly1305,2048,1385,31100
chacha20-poly1305,2048,1386,31100
chacha20-poly1305,2048,1387,31300
chacha20-poly1305,2048,1388,31000
chacha20-poly1305,2048,1389,34900
chacha20-poly1305,2048,1390,31600
chacha20-poly1305,2048,1391,30800
chacha20-poly1305,2048,1392,31400
chacha20-poly1305,2048,1393,31400
chacha20-poly1305,2048,1394,31300
chacha20-poly1305,2048,1395,31200
chacha20-poly1305,2048,1396,31000
chacha20-poly1305,2048,1397,30900
chacha20-poly1305,2048,1398,31000
chacha20-poly1305,2048,1399,31500
chacha20-poly1305,2048,1400,31200
chacha20-poly1305,2048,1401,31300
chacha20-poly1305,2048,1402,31300
chacha20-poly1305,2048,1403,31200
chacha20-poly1305,2048,1404,31100
chacha20-poly1305,2048,1405,31400
chacha20-poly1305,2048,1406,30900
chacha20-poly1305,2048,1407,31900
chacha20-poly1305,2048,1408,31300
chacha20-poly1305,2048,1409,31000
chacha20-poly1305,2048,1410,31500
chacha20-poly1305,2048,1411,31100
chacha20-poly1305,2048,1412,31400
chacha20-poly1305,2048,1413,31000
chacha20-poly1305,2048,1414,31700
chacha20-poly1305,2048,1415,30700
chacha20-poly1305,2048,1416,31200
chacha20-poly1305,2048,1417,31400
chacha20-poly1305,2048,1418,30900
chacha20-poly1305,2048,1419,31400
chacha20-poly1305,2048,1420,31000
chacha20-poly1305,2048,1421,31100
chacha20-poly1305,2048,1422,34800
chacha20-poly1305,2048,1423,31600
chacha20-poly1305,2048,1424,31000
chacha20-poly1305,2048,1425,31000
chacha20-poly1305,2048,1426,31000
chacha20-poly1305,2048,1427,30800
chacha20-poly1305,2048,1428,31200
chacha20-poly1305,2048,1429,30800
chacha20-poly1305,2048,1430,31100
chacha20-poly1305,2048,1431,31000
chacha20-poly1305,2048,1432,32400
chacha20-poly1305,2048,1433,30800
chacha20-poly1305,2048,1434,31600
chacha20-poly1305,2048,1435,31500
chacha20-poly1305,2048,1436,30900
chacha20-poly1305,2048,1437,31400
chacha20-poly1305,2048,1438,31300
chacha20-poly1305,2048,1439,31100
chacha20-poly1305,2048,1440,31100
chacha20-poly1305,2048,1441,31300
chacha20-poly1305,2048,1442,31200
chacha20-poly1305,2048,1443,31200
chacha20-poly1305,2048,1444,31600
chacha20-poly1305,2048,1445,30900
chacha20-poly1305,2048,1446,31300
chacha20-poly1305,2048,1447,31300
chacha20-poly1305,2048,1448,31200
chacha20-poly1305,2048,1449,31400
chacha20-poly1305,2048,1450,31300
chacha20-poly1305,2048,1451,30900
chacha20-poly1305,2048,1452,31500
chacha20-poly1305,2048,1453,31600
chacha20-poly1305,2048,1454,31400
chacha20-poly1305,2048,1455,34900
chacha20-poly1305,2048,1456,31300
chacha20-poly1305,2048,1457,31100
chacha20-poly1305,2048,1458,30900
chacha20-poly1305,2048,1459,31100
chacha20-poly1305,2048,1460,30700
chacha20-poly1305,2048,1461,30900
chacha20-poly1305,2048,1462,31500
chacha20-poly1305,2048,1463,30900
chacha20-poly1305,2048,1464,31400
chacha20-poly1305,2048,1465,31000
chacha20-poly1305,2048,1466,31400
chacha20-poly1305,2048,1467,31200
chacha20-poly1305,2048,1468,31400
chacha20-poly1305,2048,1469,30900
chacha20-poly1305,2048,1470,31300
chacha20-poly1305,2048,1471,31800
chacha20-poly1305,2048,1472,31100
chacha20-poly1305,2048,1473,31200
chacha20-poly1305,2048,1474,31400
chacha20-poly1305,2048,1475,31300
chacha20-poly1305,2048,1476,31000
chacha20-poly1305,2048,1477,31300
chacha20-poly1305,2048,1478,31100
chacha20-poly1305,2048,1479,31200
chacha20-poly1305,2048,1480,31500
chacha20-poly1305,2048,1481,30800
chacha20-poly1305,2048,1482,31400
chacha20-poly1305,2048,1483,31000
chacha20-poly1305,2048,1484,31500
chacha20-poly1305,2048,1485,31300
chacha20-poly1305,2048,1486,31400
chacha20-poly1305,2048,1487,31000
chacha20-poly1305,2048,1488,34400
chacha20-poly1305,2048,1489,31900
chacha20-poly1305,2048,1490,30800
chacha20-poly1305,2048,1491,31200
chacha20-poly1305,2048,1492,31300
chacha20-poly1305,2048,1493,31100
chacha20-poly1305,2048,1494,31300
chacha20-poly1305,2048,1495,31200
chacha20-poly1305,2048,1496,31600
chacha20-poly1305,2048,1497,31200
chacha20-poly1305,2048,1498,31500
chacha20-poly1305,2048,1499,31000
chacha20-poly1305,2048,1500,31200
chacha20-poly1305,2048,1501,31000
chacha20-poly1305,2048,1502,31400
chacha20-poly1305,2048,1503,31000
chacha20-poly1305,2048,1504,31400
chacha20-poly1305,2048,1505,31000
chacha20-poly1305,2048,1506,31500
chacha20-poly1305,2048,1507,31500
chacha20-poly1305,2048,1508,31000
chacha20-poly1305,2048,1509,31400
chacha20-poly1305,2048,1510,31500
chacha20-poly1305,2048,1511,31100
chacha20-poly1305,2048,1512,31200
chacha20-poly1305,2048,1513,31300
chacha20-poly1305,2048,1514,31200
chacha20-poly1305,2048,1515,31100
chacha20-poly1305,2048,1516,31100
chacha20-poly1305,2048,1517,31300
chacha20-poly1305,2048,1518,31400
chacha20-poly1305,2048,1519,31200
chacha20-poly1305,2048,1520,31200
chacha20-poly1305,2048,1521,34900
chacha20-poly1305,2048,1522,31800
chacha20-poly1305,2048,1523,30600
chacha20-poly1305,2048,1524,31200
chacha20-poly1305,2048,1525,31200
chacha20-poly1305,2048,1526,30600
chacha20-poly1305,2048,1527,31400
chacha20-poly1305,2048,1528,31300
chacha20-poly1305,2048,1529,31200
chacha20-poly1305,2048,1530,31100
chacha20-poly1305,2048,1531,31600
chacha20-poly1305,2048,1532,31100
chacha20-poly1305,2048,1533,31100
chacha20-poly1305,2048,1534,31800
chacha20-poly1305,2048,1535,31700
chacha20-poly1305,2048,1536,31400
chacha20-poly1305,2048,1537,31300
chacha20-poly1305,2048,1538,31100
chacha20-poly1305,2048,1539,31300
chacha20-poly1305,2048,1540,31300
chacha20-poly1305,2048,1541,30900
chacha20-poly1305,2048,1542,31400
chacha20-poly1305,2048,1543,31200
chacha20-poly1305,2048,1544,31000
chacha20-poly1305,2048,1545,31300
chacha20-poly1305,2048,1546,31100
chacha20-poly1305,2048,1547,31300
chacha20-poly1305,2048,1548,30900
chacha20-poly1305,2048,1549,31500
chacha20-poly1305,2048,1550,31000
chacha20-poly1305,2048,1551,31000
chacha20-poly1305,2048,1552,31400
chacha20-poly1305,2048,1553,31100
chacha20-poly1305,2048,1554,35300
chacha20-poly1305,2048,1555,31100
chacha20-poly1305,2048,1556,31100
chacha20-poly1305,2048,1557,31000
chacha20-poly1305,2048,1558,31200
chacha20-poly1305,2048,1559,30800
chacha20-poly1305,2048,1560,32000
chacha20-poly1305,2048,1561,31100
chacha20-poly1305,2048,1562,31200
chacha20-poly1305,2048,1563,31500
chacha20-poly1305,2048,1564,31400
chacha20-poly1305,2048,1565,31200
chacha20-poly1305,2048,1566,31300
chacha20-poly1305,2048,1567,31400
chacha20-poly1305,2048,1568,30900
chacha20-poly1305,2048,1569,31200
chacha20-poly1305,2048,1570,31300
chacha20-poly1305,2048,1571,31000
chacha20-poly1305,2048,1572,31400
chacha20-poly1305,2048,1573,31100
chacha20-poly1305,2048,1574,31800
chacha20-poly1305,2048,1575,31000
chacha20-poly1305,2048,1576,31200
chacha20-poly1305,2048,1577,31000
chacha20-poly1305,2048,1578,31000
chacha20-poly1305,2048,1579,31300
chacha20-poly1305,2048,1580,30800
chacha20-poly1305,2048,1581,31300
chacha20-poly1305,2048,1582,31300
chacha20-poly1305,2048,1583,31200
chacha20-poly1305,2048,1584,31200
chacha20-poly1305,2048,1585,31300
chacha20-poly1305,2048,1586,31000
chacha20-poly1305,2048,1587,34700
chacha20-poly1305,2048,1588,31400
chacha20-poly1305,2048,1589,30800
chacha20-poly1305,2048,1590,31200
chacha20-poly1305,2048,1591,30900
chacha20-poly1305,2048,1592,31200
chacha20-poly1305,2048,1593,30900
chacha20-poly1305,2048,1594,31400
chacha20-poly1305,2048,1595,31200
chacha20-poly1305,2048,1596,31000
chacha20-poly1305,2048,1597,31300
chacha20-poly1305,2048,1598,31800
chacha20-poly1305,2048,1599,31400
chacha20-poly1305,2048,1600,31000
chacha20-poly1305,2048,1601,31000
chacha20-poly1305,2048,1602,31400
chacha20-poly1305,2048,1603,31500
chacha20-poly1305,2048,1604,31000
chacha20-poly1305,2048,1605,31000
chacha20-poly1305,2048,1606,31500
chacha20-poly1305,2048,1607,31000
chacha20-poly1305,2048,1608,31300
chacha20-poly1305,2048,1609,31200
chacha20-poly1305,2048,1610,31200
chacha20-poly1305,2048,1611,31100
chacha20-poly1305,2048,1612,31500
chacha20-poly1305,2048,1613,31100
chacha20-poly1305,2048,1614,31400
chacha20-poly1305,2048,1615,31400
chacha20-poly1305,2048,1616,30800
chacha20-poly1305,2048,1617,31500
chacha20-poly1305,2048,1618,31000
chacha20-poly1305,2048,1619,31100
chacha20-poly1305,2048,1620,34600
chacha20-poly1305,2048,1621,31600
chacha20-poly1305,2048,1622,31100
chacha20-poly1305,2048,1623,31600
chacha20-poly1305,2048,1624,31700
chacha20-poly1305,2048,1625,30700
chacha20-poly1305,2048,1626,31200
chacha20-poly1305,2048,1627,31200
chacha20-poly1305,2048,1628,31100
chacha20-poly1305,2048,1629,31400
chacha20-poly1305,2048,1630,31600
chacha20-poly1305,2048,1631,30900
chacha20-poly1305,2048,1632,31300
chacha20-poly1305,2048,1633,31400
chacha20-poly1305,2048,1634,31200
chacha20-poly1305,2048,1635,31400
chacha20-poly1305,2048,1636,31000
chacha20-poly1305,2048,1637,31200
chacha20-poly1305,2048,1638,31200
chacha20-poly1305,2048,1639,31200
chacha20-poly1305,2048,1640,31000
chacha20-poly1305,2048,1641,31300
chacha20-poly1305,2048,1642,31400
chacha20-poly1305,2048,1643,30800
chacha20-poly1305,2048,1644,31500
chacha20-poly1305,2048,1645,31200
chacha20-poly1305,2048,1646,31100
chacha20-poly1305,2048,1647,31200
chacha20-poly1305,2048,1648,31300
chacha20-poly1305,2048,1649,31200
chacha20-poly1305,2048,1650,31300
chacha20-poly1305,2048,1651,31100
chacha20-poly1305,2048,1652,31500
chacha20-poly1305,2048,1653,34900
chacha20-poly1305,2048,1654,31700
chacha20-poly1305,2048,1655,31100
chacha20-poly1305,2048,1656,31000
chacha20-poly1305,2048,1657,31300
chacha20-poly1305,2048,1658,30700
chacha20-poly1305,2048,1659,31300
chacha20-poly1305,2048,1660,31300
chacha20-poly1305,2048,1661,31100
chacha20-poly1305,2048,1662,32100
chacha20-poly1305,2048,1663,31300
chacha20-poly1305,2048,1664,31300
chacha20-poly1305,2048,1665,31100
chacha20-poly1305,2048,1666,31500
chacha20-poly1305,2048,1667,179500
chacha20-poly1305,2048,1668,186500
chacha20-poly1305,2048,1669,107400
chacha20-poly1305,2048,1670,41500
chacha20-poly1305,2048,1671,34200
chacha20-poly1305,2048,1672,31700
chacha20-poly1305,2048,1673,31800
chacha20-poly1305,2048,1674,31500
chacha20-poly1305,2048,1675,31700
chacha20-poly1305,2048,1676,30800
chacha20-poly1305,2048,1677,31200
chacha20-poly1305,2048,1678,31400
chacha20-poly1305,2048,1679,31100
chacha20-poly1305,2048,1680,31400
chacha20-poly1305,2048,1681,31100
chacha20-poly1305,2048,1682,31500
chacha20-poly1305,2048,1683,31000
chacha20-poly1305,2048,1684,31300
chacha20-poly1305,2048,1685,31000
chacha20-poly1305,2048,1686,39400
chacha20-poly1305,2048,1687,32600
chacha20-poly1305,2048,1688,30700
chacha20-poly1305,2048,1689,31000
chacha20-poly1305,2048,1690,31300
chacha20-poly1305,2048,1691,31100
chacha20-poly1305,2048,1692,31100
chacha20-poly1305,2048,1693,31300
chacha20-poly1305,2048,1694,31400
chacha20-poly1305,2048,1695,31600
chacha20-poly1305,2048,1696,31500
chacha20-poly1305,2048,1697,31000
chacha20-poly1305,2048,1698,31300
chacha20-poly1305,2048,1699,31200
chacha20-poly1305,2048,1700,31300
chacha20-poly1305,2048,1701,31000
chacha20-poly1305,2048,1702,31500
chacha20-poly1305,2048,1703,30800
chacha20-poly1305,2048,1704,31200
chacha20-poly1305,2048,1705,31200
chacha20-poly1305,2048,1706,31000
chacha20-poly1305,2048,1707,31500
chacha20-poly1305,2048,1708,31200
chacha20-poly1305,2048,1709,31100
chacha20-poly1305,2048,1710,31200
chacha20-poly1305,2048,1711,31400
chacha20-poly1305,2048,1712,31000
chacha20-poly1305,2048,1713,31000
chacha20-poly1305,2048,1714,31600
chacha20-poly1305,2048,1715,31000
chacha20-poly1305,2048,1716,31600
chacha20-poly1305,2048,1717,31100
chacha20-poly1305,2048,1718,31100
chacha20-poly1305,2048,1719,35800
chacha20-poly1305,2048,1720,31500
chacha20-poly1305,2048,1721,30800
chacha20-poly1305,2048,1722,31100
chacha20-poly1305,2048,1723,31200
chacha20-poly1305,2048,1724,31000
chacha20-poly1305,2048,1725,31100
chacha20-poly1305,2048,1726,31600
chacha20-poly1305,2048,1727,31000
chacha20-poly1305,2048,1728,30900
chacha20-poly1305,2048,1729,31300
chacha20-poly1305,2048,1730,30900
chacha20-poly1305,2048,1731,31000
chacha20-poly1305,2048,1732,31500
chacha20-poly1305,2048,1733,31100
chacha20-poly1305,2048,1734,31500
chacha20-poly1305,2048,1735,31400
chacha20-poly1305,2048,1736,31000
chacha20-poly1305,2048,1737,30900
chacha20-poly1305,2048,1738,31200
chacha20-poly1305,2048,1739,30900
chacha20-poly1305,2048,1740,30900
chacha20-poly1305,2048,1741,31200
chacha20-poly1305,2048,1742,30800
chacha20-poly1305,2048,1743,31300
chacha20-poly1305,2048,1744,31300
chacha20-poly1305,2048,1745,31000
chacha20-poly1305,2048,1746,31100
chacha20-poly1305,2048,1747,31200
chacha20-poly1305,2048,1748,30800
chacha20-poly1305,2048,1749,31200
chacha20-poly1305,2048,1750,31400
chacha20-poly1305,2048,1751,31500
chacha20-poly1305,2048,1752,35200
chacha20-poly1305,2048,1753,31300
chacha20-poly1305,2048,1754,31300
chacha20-poly1305,2048,1755,30800
chacha20-poly1305,2048,1756,31200
chacha20-poly1305,2048,1757,30600
chacha20-poly1305,2048,1758,30900
chacha20-poly1305,2048,1759,31400
chacha20-poly1305,2048,1760,30900
chacha20-poly1305,2048,1761,31100
chacha20-poly1305,2048,1762,31300
chacha20-poly1305,2048,1763,30900
chacha20-poly1305,2048,1764,31200
chacha20-poly1305,2048,1765,31400
chacha20-poly1305,2048,1766,30900
chacha20-poly1305,2048,1767,31200
chacha20-poly1305,2048,1768,31400
chacha20-poly1305,2048,1769,31000
chacha20-poly1305,2048,1770,31200
chacha20-poly1305,2048,1771,31100
chacha20-poly1305,2048,1772,31300
chacha20-poly1305,2048,1773,30900
chacha20-poly1305,2048,1774,31400
chacha20-poly1305,2048,1775,31300
chacha20-poly1305,2048,1776,31000
chacha20-poly1305,2048,1777,31500
chacha20-poly1305,2048,1778,31100
chacha20-poly1305,2048,1779,31200
chacha20-poly1305,2048,1780,30900
chacha20-poly1305,2048,1781,31000
chacha20-poly1305,2048,1782,31100
chacha20-poly1305,2048,1783,31200
chacha20-poly1305,2048,1784,30900
chacha20-poly1305,2048,1785,34500
chacha20-poly1305,2048,1786,31600
chacha20-poly1305,2048,1787,30700
chacha20-poly1305,2048,1788,31100
chacha20-poly1305,2048,1789,30900
chacha20-poly1305,2048,1790,35100
chacha20-poly1305,2048,1791,30900
chacha20-poly1305,2048,1792,31400
chacha20-poly1305,2048,1793,30800
chacha20-poly1305,2048,1794,31200
chacha20-poly1305,2048,1795,31400
chacha20-poly1305,2048,1796,30900
chacha20-poly1305,2048,1797,31500
chacha20-poly1305,2048,1798,31000
chacha20-poly1305,2048,1799,31100
chacha20-poly1305,2048,1800,31100
chacha20-poly1305,2048,1801,31300
chacha20-poly1305,2048,1802,30900
chacha20-poly1305,2048,1803,30800
chacha20-poly1305,2048,1804,31600
chacha20-poly1305,2048,1805,31000
chacha20-poly1305,2048,1806,31400
chacha20-poly1305,2048,1807,31200
chacha20-poly1305,2048,1808,30900
chacha20-poly1305,2048,1809,30900
chacha20-poly1305,2048,1810,31400
chacha20-poly1305,2048,1811,30700
chacha20-poly1305,2048,1812,31000
chacha20-poly1305,2048,1813,26800
chacha20-poly1305,2048,1814,31300
chacha20-poly1305,2048,1815,32300
chacha20-poly1305,2048,1816,30900
chacha20-poly1305,2048,1817,31000
chacha20-poly1305,2048,1818,34800
chacha20-poly1305,2048,1819,31400
chacha20-poly1305,2048,1820,30900
chacha20-poly1305,2048,1821,30600
chacha20-poly1305,2048,1822,31300
chacha20-poly1305,2048,1823,30500
chacha20-poly1305,2048,1824,31300
chacha20-poly1305,2048,1825,30700
chacha20-poly1305,2048,1826,31000
chacha20-poly1305,2048,1827,31000
chacha20-poly1305,2048,1828,31200
chacha20-poly1305,2048,1829,31100
chacha20-poly1305,2048,1830,31200
chacha20-poly1305,2048,1831,31400
chacha20-poly1305,2048,1832,30800
chacha20-poly1305,2048,1833,31100
chacha20-poly1305,2048,1834,31200
chacha20-poly1305,2048,1835,31000
chacha20-poly1305,2048,1836,31900
chacha20-poly1305,2048,1837,31200
chacha20-poly1305,2048,1838,30800
chacha20-poly1305,2048,1839,31300
chacha20-poly1305,2048,1840,31200
chacha20-poly1305,2048,1841,30700
chacha20-poly1305,2048,1842,31400
chacha20-poly1305,2048,1843,30900
chacha20-poly1305,2048,1844,31100
chacha20-poly1305,2048,1845,31000
chacha20-poly1305,2048,1846,31200
chacha20-poly1305,2048,1847,30900
chacha20-poly1305,2048,1848,31000
chacha20-poly1305,2048,1849,31500
chacha20-poly1305,2048,1850,30900
chacha20-poly1305,2048,1851,34500
chacha20-poly1305,2048,1852,31500
chacha20-poly1305,2048,1853,31400
chacha20-poly1305,2048,1854,30900
chacha20-poly1305,2048,1855,31300
chacha20-poly1305,2048,1856,30700
chacha20-poly1305,2048,1857,31000
chacha20-poly1305,2048,1858,31100
chacha20-poly1305,2048,1859,30900
chacha20-poly1305,2048,1860,31400
chacha20-poly1305,2048,1861,31300
chacha20-poly1305,2048,1862,31100
chacha20-poly1305,2048,1863,31100
chacha20-poly1305,2048,1864,31300
chacha20-poly1305,2048,1865,30800
chacha20-poly1305,2048,1866,31000
chacha20-poly1305,2048,1867,31200
chacha20-poly1305,2048,1868,30700
chacha20-poly1305,2048,1869,31400
chacha20-poly1305,2048,1870,31200
chacha20-poly1305,2048,1871,31100
chacha20-poly1305,2048,1872,31200
chacha20-poly1305,2048,1873,31100
chacha20-poly1305,2048,1874,31100
chacha20-poly1305,2048,1875,31000
chacha20-poly1305,2048,1876,31100
chacha20-poly1305,2048,1877,30800
chacha20-poly1305,2048,1878,31800
chacha20-poly1305,2048,1879,31000
chacha20-poly1305,2048,1880,30900
chacha20-poly1305,2048,1881,31100
chacha20-poly1305,2048,1882,31400
chacha20-poly1305,2048,1883,30700
chacha20-poly1305,2048,1884,34700
chacha20-poly1305,2048,1885,31200
chacha20-poly1305,2048,1886,30600
chacha20-poly1305,2048,1887,31100
chacha20-poly1305,2048,1888,31000
chacha20-poly1305,2048,1889,31000
chacha20-poly1305,2048,1890,30800
chacha20-poly1305,2048,1891,30800
chacha20-poly1305,2048,1892,31000
chacha20-poly1305,2048,1893,31300
chacha20-poly1305,2048,1894,31600
chacha20-poly1305,2048,1895,31200
chacha20-poly1305,2048,1896,31400
chacha20-poly1305,2048,1897,31400
chacha20-poly1305,2048,1898,31000
chacha20-poly1305,2048,1899,31200
chacha20-poly1305,2048,1900,31200
chacha20-poly1305,2048,1901,30700
chacha20-poly1305,2048,1902,31100
chacha20-poly1305,2048,1903,31300
chacha20-poly1305,2048,1904,31000
chacha20-poly1305,2048,1905,31200
chacha20-poly1305,2048,1906,31000
chacha20-poly1305,2048,1907,31300
chacha20-poly1305,2048,1908,66200
chacha20-poly1305,2048,1909,85000
chacha20-poly1305,2048,1910,60600
chacha20-poly1305,2048,1911,40500
chacha20-poly1305,2048,1912,32700
chacha20-poly1305,2048,1913,31500
chacha20-poly1305,2048,1914,31800
chacha20-poly1305,2048,1915,32100
chacha20-poly1305,2048,1916,32000
chacha20-poly1305,2048,1917,39900
chacha20-poly1305,2048,1918,31700
chacha20-poly1305,2048,1919,31000
chacha20-poly1305,2048,1920,31000
chacha20-poly1305,2048,1921,31100
chacha20-poly1305,2048,1922,30800
chacha20-poly1305,2048,1923,31000
chacha20-poly1305,2048,1924,31100
chacha20-poly1305,2048,1925,31500
chacha20-poly1305,2048,1926,31300
chacha20-poly1305,2048,1927,31800
chacha20-poly1305,2048,1928,31200
chacha20-poly1305,2048,1929,31200
chacha20-poly1305,2048,1930,31300
chacha20-poly1305,2048,1931,31000
chacha20-poly1305,2048,1932,31500
chacha20-poly1305,2048,1933,31200
chacha20-poly1305,2048,1934,31100
chacha20-poly1305,2048,1935,31300
chacha20-poly1305,2048,1936,31500
chacha20-poly1305,2048,1937,30900
chacha20-poly1305,2048,1938,31100
chacha20-poly1305,2048,1939,31500
chacha20-poly1305,2048,1940,31000
chacha20-poly1305,2048,1941,31500
chacha20-poly1305,2048,1942,31900
chacha20-poly1305,2048,1943,30900
chacha20-poly1305,2048,1944,31200
chacha20-poly1305,2048,1945,31400
chacha20-poly1305,2048,1946,30800
chacha20-poly1305,2048,1947,31300
chacha20-poly1305,2048,1948,31500
chacha20-poly1305,2048,1949,31000
chacha20-poly1305,2048,1950,35000
chacha20-poly1305,2048,1951,31300
chacha20-poly1305,2048,1952,31100
chacha20-poly1305,2048,1953,30800
chacha20-poly1305,2048,1954,31200
chacha20-poly1305,2048,1955,30800
chacha20-poly1305,2048,1956,31000
chacha20-poly1305,2048,1957,31100
chacha20-poly1305,2048,1958,31100
chacha20-poly1305,2048,1959,31500
chacha20-poly1305,2048,1960,31100
chacha20-poly1305,2048,1961,31000
chacha20-poly1305,2048,1962,31200
chacha20-poly1305,2048,1963,31200
chacha20-poly1305,2048,1964,31400
chacha20-poly1305,2048,1965,31100
chacha20-poly1305,2048,1966,31300
chacha20-poly1305,2048,1967,30900
chacha20-poly1305,2048,1968,31500
chacha20-poly1305,2048,1969,31200
chacha20-poly1305,2048,1970,31200
chacha20-poly1305,2048,1971,31000
chacha20-poly1305,2048,1972,31200
chacha20-poly1305,2048,1973,31000
chacha20-poly1305,2048,1974,31300
chacha20-poly1305,2048,1975,31400
chacha20-poly1305,2048,1976,30900
chacha20-poly1305,2048,1977,31200
chacha20-poly1305,2048,1978,30900
chacha20-poly1305,2048,1979,31300
chacha20-poly1305,2048,1980,31300
chacha20-poly1305,2048,1981,31700
chacha20-poly1305,2048,1982,30800
chacha20-poly1305,2048,1983,34800
chacha20-poly1305,2048,1984,31600
chacha20-poly1305,2048,1985,30800
chacha20-poly1305,2048,1986,31200
chacha20-poly1305,2048,1987,30900
chacha20-poly1305,2048,1988,30900
chacha20-poly1305,2048,1989,31500
chacha20-poly1305,2048,1990,31300
chacha20-poly1305,2048,1991,31100
chacha20-poly1305,2048,1992,31100
chacha20-poly1305,2048,1993,31300
chacha20-poly1305,2048,1994,31100
chacha20-poly1305,2048,1995,31200
chacha20-poly1305,2048,1996,31100
chacha20-poly1305,2048,1997,30900
chacha20-poly1305,2048,1998,31200
chacha20-poly1305,2048,1999,31200
