algorithm,message_size_bytes,iteration,latency_ns
aes-gcm,128,0,30700
aes-gcm,128,1,30800
aes-gcm,128,2,29900
aes-gcm,128,3,30500
aes-gcm,128,4,29400
aes-gcm,128,5,30300
aes-gcm,128,6,29400
aes-gcm,128,7,30200
aes-gcm,128,8,29800
aes-gcm,128,9,30100
aes-gcm,128,10,29500
aes-gcm,128,11,30300
aes-gcm,128,12,29700
aes-gcm,128,13,29600
aes-gcm,128,14,30200
aes-gcm,128,15,30000
aes-gcm,128,16,29300
aes-gcm,128,17,31500
aes-gcm,128,18,29700
aes-gcm,128,19,30300
aes-gcm,128,20,29400
aes-gcm,128,21,30100
aes-gcm,128,22,30400
aes-gcm,128,23,30100
aes-gcm,128,24,29600
aes-gcm,128,25,30100
aes-gcm,128,26,29200
aes-gcm,128,27,30200
aes-gcm,128,28,31500
aes-gcm,128,29,29800
aes-gcm,128,30,29900
aes-gcm,128,31,29800
aes-gcm,128,32,29800
aes-gcm,128,33,29900
aes-gcm,128,34,29300
aes-gcm,128,35,30100
aes-gcm,128,36,29200
aes-gcm,128,37,29800
aes-gcm,128,38,29900
aes-gcm,128,39,29700
aes-gcm,128,40,30000
aes-gcm,128,41,29700
aes-gcm,128,42,29900
aes-gcm,128,43,29600
aes-gcm,128,44,30000
aes-gcm,128,45,29400
aes-gcm,128,46,30000
aes-gcm,128,47,29300
aes-gcm,128,48,30100
aes-gcm,128,49,29400
aes-gcm,128,50,30300
aes-gcm,128,51,30100
aes-gcm,128,52,29600
aes-gcm,128,53,29900
aes-gcm,128,54,29400
aes-gcm,128,55,30000
aes-gcm,128,56,29800
aes-gcm,128,57,30100
aes-gcm,128,58,29300
aes-gcm,128,59,30400
aes-gcm,128,60,29700
aes-gcm,128,61,31800
aes-gcm,128,62,30000
aes-gcm,128,63,29900
aes-gcm,128,64,29400
aes-gcm,128,65,30100
aes-gcm,128,66,29700
aes-gcm,128,67,30200
aes-gcm,128,68,29900
aes-gcm,128,69,29800
aes-gcm,128,70,29700
aes-gcm,128,71,30000
aes-gcm,128,72,29500
aes-gcm,128,73,30100
aes-gcm,128,74,29400
aes-gcm,128,75,30300
aes-gcm,128,76,29400
aes-gcm,128,77,30100
aes-gcm,128,78,29700
aes-gcm,128,79,29800
aes-gcm,128,80,31300
aes-gcm,128,81,30000
aes-gcm,128,82,29300
aes-gcm,128,83,30300
aes-gcm,128,84,29800
aes-gcm,128,85,29700
aes-gcm,128,86,29200
aes-gcm,128,87,30100
aes-gcm,128,88,29800
aes-gcm,128,89,30000
aes-gcm,128,90,30100
aes-gcm,128,91,29800
aes-gcm,128,92,29900
aes-gcm,128,93,29700
aes-gcm,128,94,26700
aes-gcm,128,95,28300
aes-gcm,128,96,29900
aes-gcm,128,97,29900
aes-gcm,128,98,29800
aes-gcm,128,99,30100
aes-gcm,128,100,29500
aes-gcm,128,101,30100
aes-gcm,128,102,29800
aes-gcm,128,103,29900
aes-gcm,128,104,29200
aes-gcm,128,105,29900
aes-gcm,128,106,29700
aes-gcm,128,107,30000
aes-gcm,128,108,28800
aes-gcm,128,109,29900
aes-gcm,128,110,29600
aes-gcm,128,111,30000
aes-gcm,128,112,29200
aes-gcm,128,113,30700
aes-gcm,128,114,29400
aes-gcm,128,115,30100
aes-gcm,128,116,29400
aes-gcm,128,117,29800
aes-gcm,128,118,30100
aes-gcm,128,119,29400
aes-gcm,128,120,30400
aes-gcm,128,121,29400
aes-gcm,128,122,30400
aes-gcm,128,123,29700
aes-gcm,128,124,30100
aes-gcm,128,125,29400
aes-gcm,128,126,30200
aes-gcm,128,127,29800
aes-gcm,128,128,30100
aes-gcm,128,129,29900
aes-gcm,128,130,29800
aes-gcm,128,131,29900
aes-gcm,128,132,29900
aes-gcm,128,133,29400
aes-gcm,128,134,29900
aes-gcm,128,135,29600
aes-gcm,128,136,30000
aes-gcm,128,137,29300
aes-gcm,128,138,30300
aes-gcm,128,139,29100
aes-gcm,128,140,30400
aes-gcm,128,141,29200
aes-gcm,128,142,30500
aes-gcm,128,143,29500
aes-gcm,128,144,30000
aes-gcm,128,145,29300
aes-gcm,128,146,30000
aes-gcm,128,147,29800
aes-gcm,128,148,30600
aes-gcm,128,149,29800
aes-gcm,128,150,30700
aes-gcm,128,151,30100
aes-gcm,128,152,30100
aes-gcm,128,153,29600
aes-gcm,128,154,30100
aes-gcm,128,155,29500
aes-gcm,128,156,30100
aes-gcm,128,157,29700
aes-gcm,128,158,30200
aes-gcm,128,159,29400
aes-gcm,128,160,32000
aes-gcm,128,161,29800
aes-gcm,128,162,29900
aes-gcm,128,163,29900
aes-gcm,128,164,30000
aes-gcm,128,165,29800
aes-gcm,128,166,29700
aes-gcm,128,167,29000
aes-gcm,128,168,30300
aes-gcm,128,169,29400
aes-gcm,128,170,30200
aes-gcm,128,171,30000
aes-gcm,128,172,29400
aes-gcm,128,173,30000
aes-gcm,128,174,29800
aes-gcm,128,175,29700
aes-gcm,128,176,29100
aes-gcm,128,177,30900
aes-gcm,128,178,29700
aes-gcm,128,179,30000
aes-gcm,128,180,29600
aes-gcm,128,181,30200
aes-gcm,128,182,29500
aes-gcm,128,183,30100
aes-gcm,128,184,30000
aes-gcm,128,185,29800
aes-gcm,128,186,30100
aes-gcm,128,187,29600
aes-gcm,128,188,30000
aes-gcm,128,189,28700
aes-gcm,128,190,30300
aes-gcm,128,191,29600
aes-gcm,128,192,30100
aes-gcm,128,193,31000
aes-gcm,128,194,30000
aes-gcm,128,195,29700
aes-gcm,128,196,29900
aes-gcm,128,197,28600
aes-gcm,128,198,30200
aes-gcm,128,199,29800
aes-gcm,128,200,30200
aes-gcm,128,201,29800
aes-gcm,128,202,29900
aes-gcm,128,203,29700
aes-gcm,128,204,30000
aes-gcm,128,205,29300
aes-gcm,128,206,30100
aes-gcm,128,207,29300
aes-gcm,128,208,30100
aes-gcm,128,209,29400
aes-gcm,128,210,30100
aes-gcm,128,211,29600
aes-gcm,128,212,30200
aes-gcm,128,213,29400
aes-gcm,128,214,29900
aes-gcm,128,215,28600
aes-gcm,128,216,30000
aes-gcm,128,217,29400
aes-gcm,128,218,30100
aes-gcm,128,219,29600
aes-gcm,128,220,29900
aes-gcm,128,221,33700
aes-gcm,128,222,30100
aes-gcm,128,223,29500
aes-gcm,128,224,30000
aes-gcm,128,225,29400
aes-gcm,128,226,30100
aes-gcm,128,227,175900
aes-gcm,128,228,190600
aes-gcm,128,229,190700
aes-gcm,128,230,96200
aes-gcm,128,231,72400
aes-gcm,128,232,79200
aes-gcm,128,233,38200
aes-gcm,128,234,32200
aes-gcm,128,235,31600
aes-gcm,128,236,64200
aes-gcm,128,237,68100
aes-gcm,128,238,29400
aes-gcm,128,239,29300
aes-gcm,128,240,51400
aes-gcm,128,241,82000
aes-gcm,128,242,39000
aes-gcm,128,243,63100
aes-gcm,128,244,31500
aes-gcm,128,245,29300
aes-gcm,128,246,29600
aes-gcm,128,247,29100
aes-gcm,128,248,29600
aes-gcm,128,249,46800
aes-gcm,128,250,93600
aes-gcm,128,251,56700
aes-gcm,128,252,53100
aes-gcm,128,253,82200
aes-gcm,128,254,84300
aes-gcm,128,255,56400
aes-gcm,128,256,30400
aes-gcm,128,257,29800
aes-gcm,128,258,29400
aes-gcm,128,259,29000
aes-gcm,128,260,30000
aes-gcm,128,261,28200
aes-gcm,128,262,30200
aes-gcm,128,263,28600
aes-gcm,128,264,29800
aes-gcm,128,265,28700
aes-gcm,128,266,31000
aes-gcm,128,267,28500
aes-gcm,128,268,30000
aes-gcm,128,269,28400
aes-gcm,128,270,30100
aes-gcm,128,271,28400
aes-gcm,128,272,28600
aes-gcm,128,273,48600
aes-gcm,128,274,81100
aes-gcm,128,275,56500
aes-gcm,128,276,94300
aes-gcm,128,277,96600
aes-gcm,128,278,84700
aes-gcm,128,279,36500
aes-gcm,128,280,32400
aes-gcm,128,281,31400
aes-gcm,128,282,30300
aes-gcm,128,283,34100
aes-gcm,128,284,81600
aes-gcm,128,285,54400
aes-gcm,128,286,34400
aes-gcm,128,287,31800
aes-gcm,128,288,29200
aes-gcm,128,289,33500
aes-gcm,128,290,31200
aes-gcm,128,291,30400
aes-gcm,128,292,29700
aes-gcm,128,293,29100
aes-gcm,128,294,29200
aes-gcm,128,295,31000
aes-gcm,128,296,29500
aes-gcm,128,297,28200
aes-gcm,128,298,28300
aes-gcm,128,299,28400
aes-gcm,128,300,28300
aes-gcm,128,301,28100
aes-gcm,128,302,28400
aes-gcm,128,303,28100
aes-gcm,128,304,30500
aes-gcm,128,305,28100
aes-gcm,128,306,28400
aes-gcm,128,307,28400
aes-gcm,128,308,52600
aes-gcm,128,309,64600
aes-gcm,128,310,80700
aes-gcm,128,311,39200
aes-gcm,128,312,59800
aes-gcm,128,313,49400
aes-gcm,128,314,95000
aes-gcm,128,315,56100
aes-gcm,128,316,54700
aes-gcm,128,317,80700
aes-gcm,128,318,38700
aes-gcm,128,319,31500
aes-gcm,128,320,30300
aes-gcm,128,321,32300
aes-gcm,128,322,29100
aes-gcm,128,323,31900
aes-gcm,128,324,28800
aes-gcm,128,325,29000
aes-gcm,128,326,28500
aes-gcm,128,327,28900
aes-gcm,128,328,29600
aes-gcm,128,329,30500
aes-gcm,128,330,31100
aes-gcm,128,331,35500
aes-gcm,128,332,31400
aes-gcm,128,333,28700
aes-gcm,128,334,63100
aes-gcm,128,335,29800
aes-gcm,128,336,29300
aes-gcm,128,337,28900
aes-gcm,128,338,51400
aes-gcm,128,339,93700
aes-gcm,128,340,55700
aes-gcm,128,341,32000
aes-gcm,128,342,30400
aes-gcm,128,343,29400
aes-gcm,128,344,30100
aes-gcm,128,345,29600
aes-gcm,128,346,28800
aes-gcm,128,347,29900
aes-gcm,128,348,28500
aes-gcm,128,349,29600
aes-gcm,128,350,28700
aes-gcm,128,351,46200
aes-gcm,128,352,92400
aes-gcm,128,353,56800
aes-gcm,128,354,32600
aes-gcm,128,355,29900
aes-gcm,128,356,29800
aes-gcm,128,357,70500
aes-gcm,128,358,30300
aes-gcm,128,359,31700
aes-gcm,128,360,30700
aes-gcm,128,361,28700
aes-gcm,128,362,28400
aes-gcm,128,363,28300
aes-gcm,128,364,28100
aes-gcm,128,365,28300
aes-gcm,128,366,28000
aes-gcm,128,367,28800
aes-gcm,128,368,30300
aes-gcm,128,369,28100
aes-gcm,128,370,28300
aes-gcm,128,371,28600
aes-gcm,128,372,28400
aes-gcm,128,373,27900
aes-gcm,128,374,28300
aes-gcm,128,375,28100
aes-gcm,128,376,28200
aes-gcm,128,377,28500
aes-gcm,128,378,28200
aes-gcm,128,379,28200
aes-gcm,128,380,28200
aes-gcm,128,381,28200
aes-gcm,128,382,28200
aes-gcm,128,383,28700
aes-gcm,128,384,28100
aes-gcm,128,385,28200
aes-gcm,128,386,28300
aes-gcm,128,387,28100
aes-gcm,128,388,29500
aes-gcm,128,389,28300
aes-gcm,128,390,28300
aes-gcm,128,391,28000
aes-gcm,128,392,28500
aes-gcm,128,393,28300
aes-gcm,128,394,29000
aes-gcm,128,395,28200
aes-gcm,128,396,28100
aes-gcm,128,397,28300
aes-gcm,128,398,28200
aes-gcm,128,399,28400
aes-gcm,128,400,28100
aes-gcm,128,401,28500
aes-gcm,128,402,28300
aes-gcm,128,403,28300
aes-gcm,128,404,28100
aes-gcm,128,405,28100
aes-gcm,128,406,29200
aes-gcm,128,407,28300
aes-gcm,128,408,28500
aes-gcm,128,409,28400
aes-gcm,128,410,28500
aes-gcm,128,411,28100
aes-gcm,128,412,28300
aes-gcm,128,413,28200
aes-gcm,128,414,28500
aes-gcm,128,415,28300
aes-gcm,128,416,28200
aes-gcm,128,417,28200
aes-gcm,128,418,28000
aes-gcm,128,419,28400
aes-gcm,128,420,28300
aes-gcm,128,421,28400
aes-gcm,128,422,28200
aes-gcm,128,423,27900
aes-gcm,128,424,28300
aes-gcm,128,425,28300
aes-gcm,128,426,28300
aes-gcm,128,427,28000
aes-gcm,128,428,28400
aes-gcm,128,429,28100
aes-gcm,128,430,28200
aes-gcm,128,431,28800
aes-gcm,128,432,29100
aes-gcm,128,433,28300
aes-gcm,128,434,28300
aes-gcm,128,435,28600
aes-gcm,128,436,28100
aes-gcm,128,437,28500
aes-gcm,128,438,28200
aes-gcm,128,439,28200
aes-gcm,128,440,28300
aes-gcm,128,441,28300
aes-gcm,128,442,28200
aes-gcm,128,443,28300
aes-gcm,128,444,28300
aes-gcm,128,445,28000
aes-gcm,128,446,28800
aes-gcm,128,447,28200
aes-gcm,128,448,28300
aes-gcm,128,449,28300
aes-gcm,128,450,28100
aes-gcm,128,451,28300
aes-gcm,128,452,28500
aes-gcm,128,453,28400
aes-gcm,128,454,28000
aes-gcm,128,455,28300
aes-gcm,128,456,28200
aes-gcm,128,457,28200
aes-gcm,128,458,29200
aes-gcm,128,459,28100
aes-gcm,128,460,28300
aes-gcm,128,461,28400
aes-gcm,128,462,28500
aes-gcm,128,463,28200
aes-gcm,128,464,28400
aes-gcm,128,465,28100
aes-gcm,128,466,28500
aes-gcm,128,467,28400
aes-gcm,128,468,28500
aes-gcm,128,469,28300
aes-gcm,128,470,28300
aes-gcm,128,471,28500
aes-gcm,128,472,28100
aes-gcm,128,473,28600
aes-gcm,128,474,28100
aes-gcm,128,475,28200
aes-gcm,128,476,28300
aes-gcm,128,477,28100
aes-gcm,128,478,28400
aes-gcm,128,479,28300
aes-gcm,128,480,28400
aes-gcm,128,481,28100
aes-gcm,128,482,28500
aes-gcm,128,483,28200
aes-gcm,128,484,28300
aes-gcm,128,485,28200
aes-gcm,128,486,28300
aes-gcm,128,487,28200
aes-gcm,128,488,28500
aes-gcm,128,489,28300
aes-gcm,128,490,28000
aes-gcm,128,491,28500
aes-gcm,128,492,28200
aes-gcm,128,493,31300
aes-gcm,128,494,28300
aes-gcm,128,495,28900
aes-gcm,128,496,28200
aes-gcm,128,497,28200
aes-gcm,128,498,28300
aes-gcm,128,499,28300
aes-gcm,128,500,28400
aes-gcm,128,501,28100
aes-gcm,128,502,28200
aes-gcm,128,503,28200
aes-gcm,128,504,27900
aes-gcm,128,505,28400
aes-gcm,128,506,28200
aes-gcm,128,507,28300
aes-gcm,128,508,28200
aes-gcm,128,509,28500
aes-gcm,128,510,28300
aes-gcm,128,511,28100
aes-gcm,128,512,28300
aes-gcm,128,513,28000
aes-gcm,128,514,28200
aes-gcm,128,515,28300
aes-gcm,128,516,28400
aes-gcm,128,517,27900
aes-gcm,128,518,28500
aes-gcm,128,519,28200
aes-gcm,128,520,28200
aes-gcm,128,521,29200
aes-gcm,128,522,28200
aes-gcm,128,523,28200
aes-gcm,128,524,28300
aes-gcm,128,525,28300
aes-gcm,128,526,27900
aes-gcm,128,527,28500
aes-gcm,128,528,25300
aes-gcm,128,529,26600
aes-gcm,128,530,28500
aes-gcm,128,531,28400
aes-gcm,128,532,28400
aes-gcm,128,533,28300
aes-gcm,128,534,28400
aes-gcm,128,535,27800
aes-gcm,128,536,28400
aes-gcm,128,537,28200
aes-gcm,128,538,28300
aes-gcm,128,539,28200
aes-gcm,128,540,28000
aes-gcm,128,541,28500
aes-gcm,128,542,28400
aes-gcm,128,543,28300
aes-gcm,128,544,28000
aes-gcm,128,545,28400
aes-gcm,128,546,28100
aes-gcm,128,547,28200
aes-gcm,128,548,28300
aes-gcm,128,549,28300
aes-gcm,128,550,28200
aes-gcm,128,551,28300
aes-gcm,128,552,28500
aes-gcm,128,553,27900
aes-gcm,128,554,28400
aes-gcm,128,555,28000
aes-gcm,128,556,28200
aes-gcm,128,557,28300
aes-gcm,128,558,28200
aes-gcm,128,559,29000
aes-gcm,128,560,28200
aes-gcm,128,561,28300
aes-gcm,128,562,27900
aes-gcm,128,563,28500
aes-gcm,128,564,28000
aes-gcm,128,565,28100
aes-gcm,128,566,28100
aes-gcm,128,567,27900
aes-gcm,128,568,28200
aes-gcm,128,569,28300
aes-gcm,128,570,28300
aes-gcm,128,571,28000
aes-gcm,128,572,28400
aes-gcm,128,573,28000
aes-gcm,128,574,28400
aes-gcm,128,575,28100
aes-gcm,128,576,28200
aes-gcm,128,577,28100
aes-gcm,128,578,28700
aes-gcm,128,579,28200
aes-gcm,128,580,28200
aes-gcm,128,581,28600
aes-gcm,128,582,28200
aes-gcm,128,583,28100
aes-gcm,128,584,28200
aes-gcm,128,585,28900
aes-gcm,128,586,28300
aes-gcm,128,587,28300
aes-gcm,128,588,28300
aes-gcm,128,589,28100
aes-gcm,128,590,28300
aes-gcm,128,591,28400
aes-gcm,128,592,28400
aes-gcm,128,593,28400
aes-gcm,128,594,28100
aes-gcm,128,595,28400
aes-gcm,128,596,28200
aes-gcm,128,597,28300
aes-gcm,128,598,28300
aes-gcm,128,599,28500
aes-gcm,128,600,27900
aes-gcm,128,601,28500
aes-gcm,128,602,28400
aes-gcm,128,603,28200
aes-gcm,128,604,28100
aes-gcm,128,605,28400
aes-gcm,128,606,28400
aes-gcm,128,607,28000
aes-gcm,128,608,28500
aes-gcm,128,609,28200
aes-gcm,128,610,28400
aes-gcm,128,611,28300
aes-gcm,128,612,28500
aes-gcm,128,613,28200
aes-gcm,128,614,28200
aes-gcm,128,615,28500
aes-gcm,128,616,28300
aes-gcm,128,617,28400
aes-gcm,128,618,28200
aes-gcm,128,619,28200
aes-gcm,128,620,28200
aes-gcm,128,621,28200
aes-gcm,128,622,28200
aes-gcm,128,623,29000
aes-gcm,128,624,28200
aes-gcm,128,625,28100
aes-gcm,128,626,28400
aes-gcm,128,627,28200
aes-gcm,128,628,28200
aes-gcm,128,629,28300
aes-gcm,128,630,28000
aes-gcm,128,631,28300
aes-gcm,128,632,28100
aes-gcm,128,633,28400
aes-gcm,128,634,27900
aes-gcm,128,635,28400
aes-gcm,128,636,28400
aes-gcm,128,637,28200
aes-gcm,128,638,28400
aes-gcm,128,639,28100
aes-gcm,128,640,28200
aes-gcm,128,641,28200
aes-gcm,128,642,28700
aes-gcm,128,643,28000
aes-gcm,128,644,28500
aes-gcm,128,645,28100
aes-gcm,128,646,28000
aes-gcm,128,647,28100
aes-gcm,128,648,28300
aes-gcm,128,649,29200
aes-gcm,128,650,28300
aes-gcm,128,651,28400
aes-gcm,128,652,28100
aes-gcm,128,653,28200
aes-gcm,128,654,28100
aes-gcm,128,655,28300
aes-gcm,128,656,28200
aes-gcm,128,657,28100
aes-gcm,128,658,28400
aes-gcm,128,659,28500
aes-gcm,128,660,28300
aes-gcm,128,661,28200
aes-gcm,128,662,28600
aes-gcm,128,663,28300
aes-gcm,128,664,28200
aes-gcm,128,665,28300
aes-gcm,128,666,28100
aes-gcm,128,667,28300
aes-gcm,128,668,28500
aes-gcm,128,669,28600
aes-gcm,128,670,28200
aes-gcm,128,671,28600
aes-gcm,128,672,28200
aes-gcm,128,673,28300
aes-gcm,128,674,28300
aes-gcm,128,675,28300
aes-gcm,128,676,28300
aes-gcm,128,677,28300
aes-gcm,128,678,28400
aes-gcm,128,679,28000
aes-gcm,128,680,28500
aes-gcm,128,681,28200
aes-gcm,128,682,28200
aes-gcm,128,683,28300
aes-gcm,128,684,28200
aes-gcm,128,685,28300
aes-gcm,128,686,28300
aes-gcm,128,687,29400
aes-gcm,128,688,28000
aes-gcm,128,689,28400
aes-gcm,128,690,28000
aes-gcm,128,691,28400
aes-gcm,128,692,28200
aes-gcm,128,693,28200
aes-gcm,128,694,28200
aes-gcm,128,695,28100
aes-gcm,128,696,28200
aes-gcm,128,697,28100
aes-gcm,128,698,28600
aes-gcm,128,699,28000
aes-gcm,128,700,28200
aes-gcm,128,701,28200
aes-gcm,128,702,28300
aes-gcm,128,703,60200
aes-gcm,128,704,89200
aes-gcm,128,705,133800
aes-gcm,128,706,130500
aes-gcm,128,707,47600
aes-gcm,128,708,59000
aes-gcm,128,709,68100
aes-gcm,128,710,71300
aes-gcm,128,711,63300
aes-gcm,128,712,84600
aes-gcm,128,713,46200
aes-gcm,128,714,31400
aes-gcm,128,715,30100
aes-gcm,128,716,29900
aes-gcm,128,717,29800
aes-gcm,128,718,30200
aes-gcm,128,719,29900
aes-gcm,128,720,30000
aes-gcm,128,721,30400
aes-gcm,128,722,29500
aes-gcm,128,723,30100
aes-gcm,128,724,29300
aes-gcm,128,725,30000
aes-gcm,128,726,29500
aes-gcm,128,727,29800
aes-gcm,128,728,29200
aes-gcm,128,729,29700
aes-gcm,128,730,29100
aes-gcm,128,731,30100
aes-gcm,128,732,29300
aes-gcm,128,733,29600
aes-gcm,128,734,28800
aes-gcm,128,735,29700
aes-gcm,128,736,29200
aes-gcm,128,737,29600
aes-gcm,128,738,29000
aes-gcm,128,739,29600
aes-gcm,128,740,29000
aes-gcm,128,741,29700
aes-gcm,128,742,29200
aes-gcm,128,743,30100
aes-gcm,128,744,29100
aes-gcm,128,745,29900
aes-gcm,128,746,29400
aes-gcm,128,747,29600
aes-gcm,128,748,29800
aes-gcm,128,749,29100
aes-gcm,128,750,30500
aes-gcm,128,751,29000
aes-gcm,128,752,29900
aes-gcm,128,753,29300
aes-gcm,128,754,29700
aes-gcm,128,755,29200
aes-gcm,128,756,29600
aes-gcm,128,757,28900
aes-gcm,128,758,29900
aes-gcm,128,759,29500
aes-gcm,128,760,29600
aes-gcm,128,761,29800
aes-gcm,128,762,29600
aes-gcm,128,763,29600
aes-gcm,128,764,29700
aes-gcm,128,765,45800
aes-gcm,128,766,96000
aes-gcm,128,767,72000
aes-gcm,128,768,100800
aes-gcm,128,769,82600
aes-gcm,128,770,60400
aes-gcm,128,771,93600
aes-gcm,128,772,100500
aes-gcm,128,773,57800
aes-gcm,128,774,96500
aes-gcm,128,775,56600
aes-gcm,128,776,34100
aes-gcm,128,777,30200
aes-gcm,128,778,28800
aes-gcm,128,779,28900
aes-gcm,128,780,28400
aes-gcm,128,781,28400
aes-gcm,128,782,28400
aes-gcm,128,783,28100
aes-gcm,128,784,28700
aes-gcm,128,785,28400
aes-gcm,128,786,28200
aes-gcm,128,787,27800
aes-gcm,128,788,28600
aes-gcm,128,789,27900
aes-gcm,128,790,28200
aes-gcm,128,791,28100
aes-gcm,128,792,28200
aes-gcm,128,793,28100
aes-gcm,128,794,28400
aes-gcm,128,795,32300
aes-gcm,128,796,32400
aes-gcm,128,797,29900
aes-gcm,128,798,29500
aes-gcm,128,799,29900
aes-gcm,128,800,29800
aes-gcm,128,801,30100
aes-gcm,128,802,29800
aes-gcm,128,803,29800
aes-gcm,128,804,29800
aes-gcm,128,805,29700
aes-gcm,128,806,29500
aes-gcm,128,807,30000
aes-gcm,128,808,29500
aes-gcm,128,809,29600
aes-gcm,128,810,29500
aes-gcm,128,811,29600
aes-gcm,128,812,29000
aes-gcm,128,813,29800
aes-gcm,128,814,33600
aes-gcm,128,815,31400
aes-gcm,128,816,29800
aes-gcm,128,817,29700
aes-gcm,128,818,29700
aes-gcm,128,819,29800
aes-gcm,128,820,30200
aes-gcm,128,821,29800
aes-gcm,128,822,49400
aes-gcm,128,823,44900
aes-gcm,128,824,34400
aes-gcm,128,825,29000
aes-gcm,128,826,29000
aes-gcm,128,827,28400
aes-gcm,128,828,28200
aes-gcm,128,829,28300
aes-gcm,128,830,28200
aes-gcm,128,831,28400
aes-gcm,128,832,28100
aes-gcm,128,833,28900
aes-gcm,128,834,28200
aes-gcm,128,835,28400
aes-gcm,128,836,28400
aes-gcm,128,837,28300
aes-gcm,128,838,28400
aes-gcm,128,839,28400
aes-gcm,128,840,30600
aes-gcm,128,841,28000
aes-gcm,128,842,28500
aes-gcm,128,843,28100
aes-gcm,128,844,28300
aes-gcm,128,845,28300
aes-gcm,128,846,28200
aes-gcm,128,847,28400
aes-gcm,128,848,28400
aes-gcm,128,849,28400
aes-gcm,128,850,28000
aes-gcm,128,851,28300
aes-gcm,128,852,28200
aes-gcm,128,853,28300
aes-gcm,128,854,28500
aes-gcm,128,855,28000
aes-gcm,128,856,28200
aes-gcm,128,857,28500
aes-gcm,128,858,28700
aes-gcm,128,859,28000
aes-gcm,128,860,28400
aes-gcm,128,861,28300
aes-gcm,128,862,28200
aes-gcm,128,863,28300
aes-gcm,128,864,28000
aes-gcm,128,865,28400
aes-gcm,128,866,28300
aes-gcm,128,867,28400
aes-gcm,128,868,30300
aes-gcm,128,869,28600
aes-gcm,128,870,28000
aes-gcm,128,871,28100
aes-gcm,128,872,28300
aes-gcm,128,873,28000
aes-gcm,128,874,28200
aes-gcm,128,875,28600
aes-gcm,128,876,28400
aes-gcm,128,877,28100
aes-gcm,128,878,29300
aes-gcm,128,879,28200
aes-gcm,128,880,28400
aes-gcm,128,881,28300
aes-gcm,128,882,28100
aes-gcm,128,883,28500
aes-gcm,128,884,28200
aes-gcm,128,885,28400
aes-gcm,128,886,28200
aes-gcm,128,887,28600
aes-gcm,128,888,28100
aes-gcm,128,889,28300
aes-gcm,128,890,28500
aes-gcm,128,891,28000
aes-gcm,128,892,28100
aes-gcm,128,893,28300
aes-gcm,128,894,28500
aes-gcm,128,895,28200
aes-gcm,128,896,28500
aes-gcm,128,897,28200
aes-gcm,128,898,28200
aes-gcm,128,899,28300
aes-gcm,128,900,28100
aes-gcm,128,901,28400
aes-gcm,128,902,28200
aes-gcm,128,903,29900
aes-gcm,128,904,32100
aes-gcm,128,905,28500
aes-gcm,128,906,28600
aes-gcm,128,907,28300
aes-gcm,128,908,28300
aes-gcm,128,909,28300
aes-gcm,128,910,28200
aes-gcm,128,911,28300
aes-gcm,128,912,28300
aes-gcm,128,913,28400
aes-gcm,128,914,28600
aes-gcm,128,915,28300
aes-gcm,128,916,28300
aes-gcm,128,917,28300
aes-gcm,128,918,28600
aes-gcm,128,919,28400
aes-gcm,128,920,28200
aes-gcm,128,921,28300
aes-gcm,128,922,28300
aes-gcm,128,923,28400
aes-gcm,128,924,28200
aes-gcm,128,925,28600
aes-gcm,128,926,28300
aes-gcm,128,927,37600
aes-gcm,128,928,89300
aes-gcm,128,929,136900
aes-gcm,128,930,85300
aes-gcm,128,931,37700
aes-gcm,128,932,29900
aes-gcm,128,933,28500
aes-gcm,128,934,29200
aes-gcm,128,935,29200
aes-gcm,128,936,28500
aes-gcm,128,937,28500
aes-gcm,128,938,28400
aes-gcm,128,939,28400
aes-gcm,128,940,28100
aes-gcm,128,941,28600
aes-gcm,128,942,34300
aes-gcm,128,943,28300
aes-gcm,128,944,28500
aes-gcm,128,945,28500
aes-gcm,128,946,28400
aes-gcm,128,947,28500
aes-gcm,128,948,28500
aes-gcm,128,949,28100
aes-gcm,128,950,28300
aes-gcm,128,951,28200
aes-gcm,128,952,28200
aes-gcm,128,953,28100
aes-gcm,128,954,28200
aes-gcm,128,955,28200
aes-gcm,128,956,28600
aes-gcm,128,957,28700
aes-gcm,128,958,28100
aes-gcm,128,959,28400
aes-gcm,128,960,28000
aes-gcm,128,961,28300
aes-gcm,128,962,28300
aes-gcm,128,963,29500
aes-gcm,128,964,28400
aes-gcm,128,965,28300
aes-gcm,128,966,28600
aes-gcm,128,967,28200
aes-gcm,128,968,29400
aes-gcm,128,969,28300
aes-gcm,128,970,28100
aes-gcm,128,971,28100
aes-gcm,128,972,28200
aes-gcm,128,973,28200
aes-gcm,128,974,28100
aes-gcm,128,975,28400
aes-gcm,128,976,28100
aes-gcm,128,977,28700
aes-gcm,128,978,28700
aes-gcm,128,979,28200
aes-gcm,128,980,28500
aes-gcm,128,981,28100
aes-gcm,128,982,28300
aes-gcm,128,983,28200
aes-gcm,128,984,74200
aes-gcm,128,985,117400
aes-gcm,128,986,53400
aes-gcm,128,987,31300
aes-gcm,128,988,29500
aes-gcm,128,989,29100
aes-gcm,128,990,28800
aes-gcm,128,991,28700
aes-gcm,128,992,33200
aes-gcm,128,993,31300
aes-gcm,128,994,28400
aes-gcm,128,995,45000
aes-gcm,128,996,40500
aes-gcm,128,997,38200
aes-gcm,128,998,87500
aes-gcm,128,999,52000
aes-gcm,128,1000,39100
aes-gcm,128,1001,75700
aes-gcm,128,1002,92000
aes-gcm,128,1003,56300
aes-gcm,128,1004,32900
aes-gcm,128,1005,31600
aes-gcm,128,1006,28700
aes-gcm,128,1007,28800
aes-gcm,128,1008,28300
aes-gcm,128,1009,28200
aes-gcm,128,1010,28200
aes-gcm,128,1011,28500
aes-gcm,128,1012,28300
aes-gcm,128,1013,28800
aes-gcm,128,1014,28100
aes-gcm,128,1015,28700
aes-gcm,128,1016,28100
aes-gcm,128,1017,36300
aes-gcm,128,1018,46400
aes-gcm,128,1019,99400
aes-gcm,128,1020,72700
aes-gcm,128,1021,89300
aes-gcm,128,1022,92900
aes-gcm,128,1023,86400
aes-gcm,128,1024,45000
aes-gcm,128,1025,36700
aes-gcm,128,1026,29100
aes-gcm,128,1027,28800
aes-gcm,128,1028,29000
aes-gcm,128,1029,29000
aes-gcm,128,1030,28900
aes-gcm,128,1031,30300
aes-gcm,128,1032,28200
aes-gcm,128,1033,28100
aes-gcm,128,1034,28600
aes-gcm,128,1035,28200
aes-gcm,128,1036,28100
aes-gcm,128,1037,28200
aes-gcm,128,1038,28500
aes-gcm,128,1039,29900
aes-gcm,128,1040,28600
aes-gcm,128,1041,28300
aes-gcm,128,1042,28200
aes-gcm,128,1043,27900
aes-gcm,128,1044,28100
aes-gcm,128,1045,28200
aes-gcm,128,1046,28200
aes-gcm,128,1047,28500
aes-gcm,128,1048,28100
aes-gcm,128,1049,28500
aes-gcm,128,1050,27900
aes-gcm,128,1051,28300
aes-gcm,128,1052,28100
aes-gcm,128,1053,27900
aes-gcm,128,1054,28100
aes-gcm,128,1055,28400
aes-gcm,128,1056,28100
aes-gcm,128,1057,28000
aes-gcm,128,1058,28500
aes-gcm,128,1059,28100
aes-gcm,128,1060,28500
aes-gcm,128,1061,28400
aes-gcm,128,1062,80600
aes-gcm,128,1063,83200
aes-gcm,128,1064,37300
aes-gcm,128,1065,31000
aes-gcm,128,1066,29300
aes-gcm,128,1067,29000
aes-gcm,128,1068,28300
aes-gcm,128,1069,30500
aes-gcm,128,1070,28800
aes-gcm,128,1071,28200
aes-gcm,128,1072,28300
aes-gcm,128,1073,28400
aes-gcm,128,1074,28400
aes-gcm,128,1075,28000
aes-gcm,128,1076,28700
aes-gcm,128,1077,28100
aes-gcm,128,1078,28400
aes-gcm,128,1079,28200
aes-gcm,128,1080,28600
aes-gcm,128,1081,28400
aes-gcm,128,1082,28100
aes-gcm,128,1083,28200
aes-gcm,128,1084,28000
aes-gcm,128,1085,28600
aes-gcm,128,1086,28200
aes-gcm,128,1087,28500
aes-gcm,128,1088,28400
aes-gcm,128,1089,28100
aes-gcm,128,1090,28200
aes-gcm,128,1091,28300
aes-gcm,128,1092,28300
aes-gcm,128,1093,28000
aes-gcm,128,1094,28300
aes-gcm,128,1095,29000
aes-gcm,128,1096,28200
aes-gcm,128,1097,28400
aes-gcm,128,1098,28100
aes-gcm,128,1099,28200
aes-gcm,128,1100,28100
aes-gcm,128,1101,28600
aes-gcm,128,1102,28100
aes-gcm,128,1103,28500
aes-gcm,128,1104,30700
aes-gcm,128,1105,28300
aes-gcm,128,1106,28300
aes-gcm,128,1107,28300
aes-gcm,128,1108,28600
aes-gcm,128,1109,28200
aes-gcm,128,1110,28300
aes-gcm,128,1111,28100
aes-gcm,128,1112,28400
aes-gcm,128,1113,28100
aes-gcm,128,1114,28300
aes-gcm,128,1115,28300
aes-gcm,128,1116,28000
aes-gcm,128,1117,28400
aes-gcm,128,1118,28200
aes-gcm,128,1119,28600
aes-gcm,128,1120,28100
aes-gcm,128,1121,28600
aes-gcm,128,1122,28100
aes-gcm,128,1123,28200
aes-gcm,128,1124,28300
aes-gcm,128,1125,74200
aes-gcm,128,1126,174700
aes-gcm,128,1127,155200
aes-gcm,128,1128,93200
aes-gcm,128,1129,33500
aes-gcm,128,1130,74600
aes-gcm,128,1131,119900
aes-gcm,128,1132,55700
aes-gcm,128,1133,34000
aes-gcm,128,1134,29100
aes-gcm,128,1135,29400
aes-gcm,128,1136,28800
aes-gcm,128,1137,28700
aes-gcm,128,1138,28200
aes-gcm,128,1139,29100
aes-gcm,128,1140,28200
aes-gcm,128,1141,29000
aes-gcm,128,1142,86600
aes-gcm,128,1143,81400
aes-gcm,128,1144,37900
aes-gcm,128,1145,30200
aes-gcm,128,1146,29500
aes-gcm,128,1147,49700
aes-gcm,128,1148,94400
aes-gcm,128,1149,85200
aes-gcm,128,1150,39600
aes-gcm,128,1151,31700
aes-gcm,128,1152,30300
aes-gcm,128,1153,28600
aes-gcm,128,1154,29100
aes-gcm,128,1155,29000
aes-gcm,128,1156,28400
aes-gcm,128,1157,28500
aes-gcm,128,1158,28000
aes-gcm,128,1159,30100
aes-gcm,128,1160,28200
aes-gcm,128,1161,28100
aes-gcm,128,1162,28000
aes-gcm,128,1163,28000
aes-gcm,128,1164,28300
aes-gcm,128,1165,28000
aes-gcm,128,1166,28600
aes-gcm,128,1167,28400
aes-gcm,128,1168,28100
aes-gcm,128,1169,28200
aes-gcm,128,1170,28100
aes-gcm,128,1171,28300
aes-gcm,128,1172,28300
aes-gcm,128,1173,28200
aes-gcm,128,1174,28000
aes-gcm,128,1175,28500
aes-gcm,128,1176,28200
aes-gcm,128,1177,28400
aes-gcm,128,1178,28100
aes-gcm,128,1179,28100
aes-gcm,128,1180,28200
aes-gcm,128,1181,27900
aes-gcm,128,1182,28100
aes-gcm,128,1183,27900
aes-gcm,128,1184,28500
aes-gcm,128,1185,28100
aes-gcm,128,1186,28300
aes-gcm,128,1187,28300
aes-gcm,128,1188,28400
aes-gcm,128,1189,28100
aes-gcm,128,1190,28400
aes-gcm,128,1191,28300
aes-gcm,128,1192,27900
aes-gcm,128,1193,28400
aes-gcm,128,1194,28200
aes-gcm,128,1195,28200
aes-gcm,128,1196,28600
aes-gcm,128,1197,29200
aes-gcm,128,1198,28400
aes-gcm,128,1199,28500
aes-gcm,128,1200,28600
aes-gcm,128,1201,28100
aes-gcm,128,1202,78700
aes-gcm,128,1203,72000
aes-gcm,128,1204,88800
aes-gcm,128,1205,55800
aes-gcm,128,1206,31400
aes-gcm,128,1207,33400
aes-gcm,128,1208,29000
aes-gcm,128,1209,28600
aes-gcm,128,1210,28500
aes-gcm,128,1211,28800
aes-gcm,128,1212,28800
aes-gcm,128,1213,29400
aes-gcm,128,1214,28500
aes-gcm,128,1215,28400
aes-gcm,128,1216,28600
aes-gcm,128,1217,28700
aes-gcm,128,1218,28700
aes-gcm,128,1219,28000
aes-gcm,128,1220,28600
aes-gcm,128,1221,28300
aes-gcm,128,1222,28200
aes-gcm,128,1223,30700
aes-gcm,128,1224,28400
aes-gcm,128,1225,28500
aes-gcm,128,1226,28100
aes-gcm,128,1227,28200
aes-gcm,128,1228,28100
aes-gcm,128,1229,28500
aes-gcm,128,1230,28100
aes-gcm,128,1231,28300
aes-gcm,128,1232,28200
aes-gcm,128,1233,28300
aes-gcm,128,1234,28100
aes-gcm,128,1235,28700
aes-gcm,128,1236,28500
aes-gcm,128,1237,28200
aes-gcm,128,1238,28500
aes-gcm,128,1239,28000
aes-gcm,128,1240,28200
aes-gcm,128,1241,28400
aes-gcm,128,1242,27400
aes-gcm,128,1243,28200
aes-gcm,128,1244,28400
aes-gcm,128,1245,28600
aes-gcm,128,1246,28100
aes-gcm,128,1247,28400
aes-gcm,128,1248,28200
aes-gcm,128,1249,28300
aes-gcm,128,1250,28400
aes-gcm,128,1251,28000
aes-gcm,128,1252,28300
aes-gcm,128,1253,28400
aes-gcm,128,1254,28500
aes-gcm,128,1255,28200
aes-gcm,128,1256,28500
aes-gcm,128,1257,28100
aes-gcm,128,1258,28200
aes-gcm,128,1259,28200
aes-gcm,128,1260,29100
aes-gcm,128,1261,28200
aes-gcm,128,1262,28200
aes-gcm,128,1263,28300
aes-gcm,128,1264,27800
aes-gcm,128,1265,28700
aes-gcm,128,1266,27900
aes-gcm,128,1267,28100
aes-gcm,128,1268,28200
aes-gcm,128,1269,28200
aes-gcm,128,1270,28100
aes-gcm,128,1271,28200
aes-gcm,128,1272,28300
aes-gcm,128,1273,27900
aes-gcm,128,1274,28100
aes-gcm,128,1275,28100
aes-gcm,128,1276,28500
aes-gcm,128,1277,28100
aes-gcm,128,1278,28200
aes-gcm,128,1279,27900
aes-gcm,128,1280,28000
aes-gcm,128,1281,28100
aes-gcm,128,1282,27900
aes-gcm,128,1283,28300
aes-gcm,128,1284,27900
aes-gcm,128,1285,28200
aes-gcm,128,1286,29000
aes-gcm,128,1287,28100
aes-gcm,128,1288,28400
aes-gcm,128,1289,28000
aes-gcm,128,1290,28200
aes-gcm,128,1291,28000
aes-gcm,128,1292,28300
aes-gcm,128,1293,28200
aes-gcm,128,1294,28400
aes-gcm,128,1295,28200
aes-gcm,128,1296,28100
aes-gcm,128,1297,28100
aes-gcm,128,1298,28400
aes-gcm,128,1299,28500
aes-gcm,128,1300,28600
aes-gcm,128,1301,31800
aes-gcm,128,1302,28400
aes-gcm,128,1303,28300
aes-gcm,128,1304,28100
aes-gcm,128,1305,28200
aes-gcm,128,1306,28000
aes-gcm,128,1307,28200
aes-gcm,128,1308,28600
aes-gcm,128,1309,29700
aes-gcm,128,1310,28400
aes-gcm,128,1311,28000
aes-gcm,128,1312,28200
aes-gcm,128,1313,28300
aes-gcm,128,1314,28000
aes-gcm,128,1315,28400
aes-gcm,128,1316,28400
aes-gcm,128,1317,28200
aes-gcm,128,1318,28000
aes-gcm,128,1319,28500
aes-gcm,128,1320,28000
aes-gcm,128,1321,28200
aes-gcm,128,1322,28100
aes-gcm,128,1323,27800
aes-gcm,128,1324,29100
aes-gcm,128,1325,28200
aes-gcm,128,1326,28200
aes-gcm,128,1327,27800
aes-gcm,128,1328,28600
aes-gcm,128,1329,28200
aes-gcm,128,1330,28000
aes-gcm,128,1331,28300
aes-gcm,128,1332,28000
aes-gcm,128,1333,28100
aes-gcm,128,1334,28000
aes-gcm,128,1335,28400
aes-gcm,128,1336,27900
aes-gcm,128,1337,28300
aes-gcm,128,1338,28000
aes-gcm,128,1339,28000
aes-gcm,128,1340,28500
aes-gcm,128,1341,28300
aes-gcm,128,1342,28100
aes-gcm,128,1343,28000
aes-gcm,128,1344,29800
aes-gcm,128,1345,28000
aes-gcm,128,1346,28300
aes-gcm,128,1347,28000
aes-gcm,128,1348,28100
aes-gcm,128,1349,28300
aes-gcm,128,1350,28900
aes-gcm,128,1351,28300
aes-gcm,128,1352,28300
aes-gcm,128,1353,28100
aes-gcm,128,1354,27800
aes-gcm,128,1355,28200
aes-gcm,128,1356,28000
aes-gcm,128,1357,28100
aes-gcm,128,1358,28200
aes-gcm,128,1359,27900
aes-gcm,128,1360,28100
aes-gcm,128,1361,28300
aes-gcm,128,1362,28200
aes-gcm,128,1363,27800
aes-gcm,128,1364,28200
aes-gcm,128,1365,28100
aes-gcm,128,1366,28200
aes-gcm,128,1367,112100
aes-gcm,128,1368,58500
aes-gcm,128,1369,83500
aes-gcm,128,1370,37000
aes-gcm,128,1371,31200
aes-gcm,128,1372,29300
aes-gcm,128,1373,29400
aes-gcm,128,1374,28200
aes-gcm,128,1375,28800
aes-gcm,128,1376,28500
aes-gcm,128,1377,28400
aes-gcm,128,1378,28300
aes-gcm,128,1379,28500
aes-gcm,128,1380,28500
aes-gcm,128,1381,28100
aes-gcm,128,1382,28300
aes-gcm,128,1383,28200
aes-gcm,128,1384,28200
aes-gcm,128,1385,28600
aes-gcm,128,1386,28100
aes-gcm,128,1387,28400
aes-gcm,128,1388,30400
aes-gcm,128,1389,28300
aes-gcm,128,1390,27900
aes-gcm,128,1391,28300
aes-gcm,128,1392,28000
aes-gcm,128,1393,27900
aes-gcm,128,1394,28200
aes-gcm,128,1395,28000
aes-gcm,128,1396,28400
aes-gcm,128,1397,28400
aes-gcm,128,1398,28400
aes-gcm,128,1399,28000
aes-gcm,128,1400,28400
aes-gcm,128,1401,27900
aes-gcm,128,1402,28000
aes-gcm,128,1403,28100
aes-gcm,128,1404,28200
aes-gcm,128,1405,28400
aes-gcm,128,1406,28200
aes-gcm,128,1407,28700
aes-gcm,128,1408,30400
aes-gcm,128,1409,28500
aes-gcm,128,1410,27900
aes-gcm,128,1411,28200
aes-gcm,128,1412,28300
aes-gcm,128,1413,28100
aes-gcm,128,1414,29000
aes-gcm,128,1415,28500
aes-gcm,128,1416,28300
aes-gcm,128,1417,28200
aes-gcm,128,1418,28300
aes-gcm,128,1419,28000
aes-gcm,128,1420,28100
aes-gcm,128,1421,28200
aes-gcm,128,1422,28000
aes-gcm,128,1423,28300
aes-gcm,128,1424,28200
aes-gcm,128,1425,28300
aes-gcm,128,1426,28200
aes-gcm,128,1427,28300
aes-gcm,128,1428,28300
aes-gcm,128,1429,28300
aes-gcm,128,1430,28100
aes-gcm,128,1431,28300
aes-gcm,128,1432,28100
aes-gcm,128,1433,28300
aes-gcm,128,1434,28000
aes-gcm,128,1435,28000
aes-gcm,128,1436,28400
aes-gcm,128,1437,28100
aes-gcm,128,1438,28300
aes-gcm,128,1439,28500
aes-gcm,128,1440,28100
aes-gcm,128,1441,28100
aes-gcm,128,1442,28000
aes-gcm,128,1443,47200
aes-gcm,128,1444,28000
aes-gcm,128,1445,28400
aes-gcm,128,1446,27900
aes-gcm,128,1447,28400
aes-gcm,128,1448,28200
aes-gcm,128,1449,28300
aes-gcm,128,1450,28000
aes-gcm,128,1451,28100
aes-gcm,128,1452,29400
aes-gcm,128,1453,27900
aes-gcm,128,1454,28400
aes-gcm,128,1455,28000
aes-gcm,128,1456,28100
aes-gcm,128,1457,28300
aes-gcm,128,1458,28200
aes-gcm,128,1459,28100
aes-gcm,128,1460,28200
aes-gcm,128,1461,28300
aes-gcm,128,1462,27900
aes-gcm,128,1463,28200
aes-gcm,128,1464,28000
aes-gcm,128,1465,28100
aes-gcm,128,1466,28000
aes-gcm,128,1467,28100
aes-gcm,128,1468,28500
aes-gcm,128,1469,28300
aes-gcm,128,1470,28200
aes-gcm,128,1471,28300
aes-gcm,128,1472,28500
aes-gcm,128,1473,28100
aes-gcm,128,1474,28100
aes-gcm,128,1475,28300
aes-gcm,128,1476,27900
aes-gcm,128,1477,28300
aes-gcm,128,1478,29100
aes-gcm,128,1479,28500
aes-gcm,128,1480,28000
aes-gcm,128,1481,28500
aes-gcm,128,1482,28000
aes-gcm,128,1483,28200
aes-gcm,128,1484,28200
aes-gcm,128,1485,27900
aes-gcm,128,1486,28300
aes-gcm,128,1487,28300
aes-gcm,128,1488,28300
aes-gcm,128,1489,28100
aes-gcm,128,1490,28600
aes-gcm,128,1491,28000
aes-gcm,128,1492,28300
aes-gcm,128,1493,28100
aes-gcm,128,1494,28000
aes-gcm,128,1495,28200
aes-gcm,128,1496,28100
aes-gcm,128,1497,28300
aes-gcm,128,1498,27900
aes-gcm,128,1499,28300
aes-gcm,128,1500,28200
aes-gcm,128,1501,28200
aes-gcm,128,1502,28100
aes-gcm,128,1503,28200
aes-gcm,128,1504,28100
aes-gcm,128,1505,28100
aes-gcm,128,1506,28400
aes-gcm,128,1507,28100
aes-gcm,128,1508,28300
aes-gcm,128,1509,28000
aes-gcm,128,1510,28100
aes-gcm,128,1511,28300
aes-gcm,128,1512,31300
aes-gcm,128,1513,28300
aes-gcm,128,1514,28200
aes-gcm,128,1515,29000
aes-gcm,128,1516,28000
aes-gcm,128,1517,28900
aes-gcm,128,1518,28100
aes-gcm,128,1519,28100
aes-gcm,128,1520,28100
aes-gcm,128,1521,28200
aes-gcm,128,1522,28200
aes-gcm,128,1523,28200
aes-gcm,128,1524,28400
aes-gcm,128,1525,27800
aes-gcm,128,1526,28300
aes-gcm,128,1527,28400
aes-gcm,128,1528,28300
aes-gcm,128,1529,28200
aes-gcm,128,1530,28000
aes-gcm,128,1531,28300
aes-gcm,128,1532,28200
aes-gcm,128,1533,28600
aes-gcm,128,1534,27900
aes-gcm,128,1535,28500
aes-gcm,128,1536,28000
aes-gcm,128,1537,28300
aes-gcm,128,1538,28100
aes-gcm,128,1539,28000
aes-gcm,128,1540,28300
aes-gcm,128,1541,29100
aes-gcm,128,1542,28200
aes-gcm,128,1543,28200
aes-gcm,128,1544,28200
aes-gcm,128,1545,28100
aes-gcm,128,1546,28100
aes-gcm,128,1547,28600
aes-gcm,128,1548,28300
aes-gcm,128,1549,28400
aes-gcm,128,1550,28400
aes-gcm,128,1551,28100
aes-gcm,128,1552,28000
aes-gcm,128,1553,28300
aes-gcm,128,1554,28200
aes-gcm,128,1555,28000
aes-gcm,128,1556,28100
aes-gcm,128,1557,28100
aes-gcm,128,1558,28200
aes-gcm,128,1559,28100
aes-gcm,128,1560,28200
aes-gcm,128,1561,27800
aes-gcm,128,1562,28300
aes-gcm,128,1563,28000
aes-gcm,128,1564,28300
aes-gcm,128,1565,28000
aes-gcm,128,1566,28000
aes-gcm,128,1567,28300
aes-gcm,128,1568,79000
aes-gcm,128,1569,122500
aes-gcm,128,1570,68200
aes-gcm,128,1571,58300
aes-gcm,128,1572,148700
aes-gcm,128,1573,86600
aes-gcm,128,1574,38000
aes-gcm,128,1575,30000
aes-gcm,128,1576,30100
aes-gcm,128,1577,28500
aes-gcm,128,1578,28800
aes-gcm,128,1579,59800
aes-gcm,128,1580,44900
aes-gcm,128,1581,43000
aes-gcm,128,1582,43300
aes-gcm,128,1583,67300
aes-gcm,128,1584,95100
aes-gcm,128,1585,58300
aes-gcm,128,1586,33300
aes-gcm,128,1587,31200
aes-gcm,128,1588,29600
aes-gcm,128,1589,30400
aes-gcm,128,1590,29800
aes-gcm,128,1591,29800
aes-gcm,128,1592,29800
aes-gcm,128,1593,29100
aes-gcm,128,1594,29800
aes-gcm,128,1595,29600
aes-gcm,128,1596,29100
aes-gcm,128,1597,51200
aes-gcm,128,1598,48200
aes-gcm,128,1599,82200
aes-gcm,128,1600,55300
aes-gcm,128,1601,31900
aes-gcm,128,1602,29600
aes-gcm,128,1603,29600
aes-gcm,128,1604,28600
aes-gcm,128,1605,30400
aes-gcm,128,1606,29100
aes-gcm,128,1607,28500
aes-gcm,128,1608,28100
aes-gcm,128,1609,28200
aes-gcm,128,1610,28300
aes-gcm,128,1611,28100
aes-gcm,128,1612,28200
aes-gcm,128,1613,28200
aes-gcm,128,1614,28500
aes-gcm,128,1615,28100
aes-gcm,128,1616,28700
aes-gcm,128,1617,28100
aes-gcm,128,1618,28300
aes-gcm,128,1619,28200
aes-gcm,128,1620,28100
aes-gcm,128,1621,28400
aes-gcm,128,1622,28400
aes-gcm,128,1623,28400
aes-gcm,128,1624,28100
aes-gcm,128,1625,28400
aes-gcm,128,1626,28300
aes-gcm,128,1627,28400
aes-gcm,128,1628,28100
aes-gcm,128,1629,28400
aes-gcm,128,1630,28200
aes-gcm,128,1631,28300
aes-gcm,128,1632,28200
aes-gcm,128,1633,28000
aes-gcm,128,1634,28500
aes-gcm,128,1635,28100
aes-gcm,128,1636,28300
aes-gcm,128,1637,28000
aes-gcm,128,1638,28200
aes-gcm,128,1639,28000
aes-gcm,128,1640,28000
aes-gcm,128,1641,28100
aes-gcm,128,1642,27900
aes-gcm,128,1643,29300
aes-gcm,128,1644,28100
aes-gcm,128,1645,28400
aes-gcm,128,1646,28600
aes-gcm,128,1647,27800
aes-gcm,128,1648,28400
aes-gcm,128,1649,28200
aes-gcm,128,1650,28600
aes-gcm,128,1651,27900
aes-gcm,128,1652,28500
aes-gcm,128,1653,28100
aes-gcm,128,1654,28200
aes-gcm,128,1655,28300
aes-gcm,128,1656,28300
aes-gcm,128,1657,28200
aes-gcm,128,1658,28100
aes-gcm,128,1659,28400
aes-gcm,128,1660,145100
aes-gcm,128,1661,97200
aes-gcm,128,1662,36900
aes-gcm,128,1663,106400
aes-gcm,128,1664,83300
aes-gcm,128,1665,82300
aes-gcm,128,1666,30400
aes-gcm,128,1667,28700
aes-gcm,128,1668,29700
aes-gcm,128,1669,30600
aes-gcm,128,1670,31800
aes-gcm,128,1671,29900
aes-gcm,128,1672,51400
aes-gcm,128,1673,82800
aes-gcm,128,1674,37000
aes-gcm,128,1675,29900
aes-gcm,128,1676,29100
aes-gcm,128,1677,32900
aes-gcm,128,1678,28300
aes-gcm,128,1679,28900
aes-gcm,128,1680,28400
aes-gcm,128,1681,28200
aes-gcm,128,1682,28500
aes-gcm,128,1683,28000
aes-gcm,128,1684,28500
aes-gcm,128,1685,28200
aes-gcm,128,1686,28500
aes-gcm,128,1687,27800
aes-gcm,128,1688,28400
aes-gcm,128,1689,28200
aes-gcm,128,1690,28300
aes-gcm,128,1691,28200
aes-gcm,128,1692,28300
aes-gcm,128,1693,28200
aes-gcm,128,1694,28400
aes-gcm,128,1695,28500
aes-gcm,128,1696,28000
aes-gcm,128,1697,28500
aes-gcm,128,1698,28100
aes-gcm,128,1699,28200
aes-gcm,128,1700,28100
aes-gcm,128,1701,28300
aes-gcm,128,1702,28500
aes-gcm,128,1703,28300
aes-gcm,128,1704,28400
aes-gcm,128,1705,28000
aes-gcm,128,1706,28400
aes-gcm,128,1707,29200
aes-gcm,128,1708,28500
aes-gcm,128,1709,28400
aes-gcm,128,1710,27900
aes-gcm,128,1711,28300
aes-gcm,128,1712,28100
aes-gcm,128,1713,28400
aes-gcm,128,1714,28200
aes-gcm,128,1715,28600
aes-gcm,128,1716,28300
aes-gcm,128,1717,28200
aes-gcm,128,1718,28300
aes-gcm,128,1719,28100
aes-gcm,128,1720,28100
aes-gcm,128,1721,28100
aes-gcm,128,1722,28400
aes-gcm,128,1723,28000
aes-gcm,128,1724,28500
aes-gcm,128,1725,27900
aes-gcm,128,1726,28100
aes-gcm,128,1727,28100
aes-gcm,128,1728,27900
aes-gcm,128,1729,28300
aes-gcm,128,1730,28200
aes-gcm,128,1731,28200
aes-gcm,128,1732,28300
aes-gcm,128,1733,29800
aes-gcm,128,1734,28300
aes-gcm,128,1735,28200
aes-gcm,128,1736,28100
aes-gcm,128,1737,28100
aes-gcm,128,1738,28200
aes-gcm,128,1739,28200
aes-gcm,128,1740,28600
aes-gcm,128,1741,28000
aes-gcm,128,1742,28600
aes-gcm,128,1743,28200
aes-gcm,128,1744,28200
aes-gcm,128,1745,28100
aes-gcm,128,1746,28100
aes-gcm,128,1747,28500
aes-gcm,128,1748,28300
aes-gcm,128,1749,28500
aes-gcm,128,1750,28100
aes-gcm,128,1751,28400
aes-gcm,128,1752,28300
aes-gcm,128,1753,28300
aes-gcm,128,1754,28500
aes-gcm,128,1755,28300
aes-gcm,128,1756,28100
aes-gcm,128,1757,28300
aes-gcm,128,1758,28300
aes-gcm,128,1759,28000
aes-gcm,128,1760,28500
aes-gcm,128,1761,28300
aes-gcm,128,1762,28300
aes-gcm,128,1763,28400
aes-gcm,128,1764,28400
aes-gcm,128,1765,28400
aes-gcm,128,1766,28200
aes-gcm,128,1767,28300
aes-gcm,128,1768,28100
aes-gcm,128,1769,28500
aes-gcm,128,1770,28800
aes-gcm,128,1771,28200
aes-gcm,128,1772,28700
aes-gcm,128,1773,28200
aes-gcm,128,1774,28300
aes-gcm,128,1775,28500
aes-gcm,128,1776,28300
aes-gcm,128,1777,28300
aes-gcm,128,1778,28500
aes-gcm,128,1779,28100
aes-gcm,128,1780,28400
aes-gcm,128,1781,28300
aes-gcm,128,1782,32600
aes-gcm,128,1783,28100
aes-gcm,128,1784,28200
aes-gcm,128,1785,28600
aes-gcm,128,1786,28300
aes-gcm,128,1787,28600
aes-gcm,128,1788,28100
aes-gcm,128,1789,28300
aes-gcm,128,1790,28200
aes-gcm,128,1791,28000
aes-gcm,128,1792,28600
aes-gcm,128,1793,28400
aes-gcm,128,1794,28500
aes-gcm,128,1795,28000
aes-gcm,128,1796,29400
aes-gcm,128,1797,28400
aes-gcm,128,1798,28400
aes-gcm,128,1799,28200
aes-gcm,128,1800,28300
aes-gcm,128,1801,28300
aes-gcm,128,1802,28300
aes-gcm,128,1803,28300
aes-gcm,128,1804,28200
aes-gcm,128,1805,28400
aes-gcm,128,1806,28100
aes-gcm,128,1807,28400
aes-gcm,128,1808,28300
aes-gcm,128,1809,28100
aes-gcm,128,1810,28200
aes-gcm,128,1811,28100
aes-gcm,128,1812,28500
aes-gcm,128,1813,28000
aes-gcm,128,1814,28700
aes-gcm,128,1815,28200
aes-gcm,128,1816,28100
aes-gcm,128,1817,30200
aes-gcm,128,1818,28500
aes-gcm,128,1819,28300
aes-gcm,128,1820,28300
aes-gcm,128,1821,28400
aes-gcm,128,1822,28300
aes-gcm,128,1823,28400
aes-gcm,128,1824,28100
aes-gcm,128,1825,28200
aes-gcm,128,1826,28000
aes-gcm,128,1827,28000
aes-gcm,128,1828,28200
aes-gcm,128,1829,28300
aes-gcm,128,1830,28300
aes-gcm,128,1831,27900
aes-gcm,128,1832,28500
aes-gcm,128,1833,28200
aes-gcm,128,1834,29000
aes-gcm,128,1835,28200
aes-gcm,128,1836,28200
aes-gcm,128,1837,28200
aes-gcm,128,1838,28300
aes-gcm,128,1839,28600
aes-gcm,128,1840,28000
aes-gcm,128,1841,28600
aes-gcm,128,1842,28400
aes-gcm,128,1843,28400
aes-gcm,128,1844,28500
aes-gcm,128,1845,28200
aes-gcm,128,1846,28300
aes-gcm,128,1847,28300
aes-gcm,128,1848,28300
aes-gcm,128,1849,28300
aes-gcm,128,1850,28400
aes-gcm,128,1851,28000
aes-gcm,128,1852,30000
aes-gcm,128,1853,28200
aes-gcm,128,1854,28400
aes-gcm,128,1855,28300
aes-gcm,128,1856,28300
aes-gcm,128,1857,28700
aes-gcm,128,1858,28200
aes-gcm,128,1859,28400
aes-gcm,128,1860,29400
aes-gcm,128,1861,28400
aes-gcm,128,1862,28500
aes-gcm,128,1863,28100
aes-gcm,128,1864,28200
aes-gcm,128,1865,28300
aes-gcm,128,1866,28400
aes-gcm,128,1867,28000
aes-gcm,128,1868,28600
aes-gcm,128,1869,28100
aes-gcm,128,1870,28400
aes-gcm,128,1871,28300
aes-gcm,128,1872,28000
aes-gcm,128,1873,28000
aes-gcm,128,1874,28100
aes-gcm,128,1875,28400
aes-gcm,128,1876,85300
aes-gcm,128,1877,83800
aes-gcm,128,1878,75300
aes-gcm,128,1879,77600
aes-gcm,128,1880,91400
aes-gcm,128,1881,51900
aes-gcm,128,1882,32100
aes-gcm,128,1883,32200
aes-gcm,128,1884,58400
aes-gcm,128,1885,36500
aes-gcm,128,1886,31000
aes-gcm,128,1887,132900
aes-gcm,128,1888,123100
aes-gcm,128,1889,120600
aes-gcm,128,1890,56500
aes-gcm,128,1891,31800
aes-gcm,128,1892,28800
aes-gcm,128,1893,28700
aes-gcm,128,1894,28500
aes-gcm,128,1895,29100
aes-gcm,128,1896,28200
aes-gcm,128,1897,28200
aes-gcm,128,1898,49500
aes-gcm,128,1899,29400
aes-gcm,128,1900,28200
aes-gcm,128,1901,28200
aes-gcm,128,1902,28300
aes-gcm,128,1903,28000
aes-gcm,128,1904,28600
aes-gcm,128,1905,28200
aes-gcm,128,1906,28500
aes-gcm,128,1907,28200
aes-gcm,128,1908,28200
aes-gcm,128,1909,28200
aes-gcm,128,1910,28600
aes-gcm,128,1911,28300
aes-gcm,128,1912,27900
aes-gcm,128,1913,28400
aes-gcm,128,1914,28000
aes-gcm,128,1915,28200
aes-gcm,128,1916,28200
aes-gcm,128,1917,28500
aes-gcm,128,1918,28500
aes-gcm,128,1919,28500
aes-gcm,128,1920,28400
aes-gcm,128,1921,28200
aes-gcm,128,1922,28300
aes-gcm,128,1923,28000
aes-gcm,128,1924,29100
aes-gcm,128,1925,28300
aes-gcm,128,1926,28200
aes-gcm,128,1927,28300
aes-gcm,128,1928,28400
aes-gcm,128,1929,28400
aes-gcm,128,1930,27900
aes-gcm,128,1931,28500
aes-gcm,128,1932,30600
aes-gcm,128,1933,28300
aes-gcm,128,1934,28200
aes-gcm,128,1935,28300
aes-gcm,128,1936,28500
aes-gcm,128,1937,28600
aes-gcm,128,1938,28600
aes-gcm,128,1939,28000
aes-gcm,128,1940,28400
aes-gcm,128,1941,28800
aes-gcm,128,1942,28400
aes-gcm,128,1943,28200
aes-gcm,128,1944,28400
aes-gcm,128,1945,28300
aes-gcm,128,1946,28100
aes-gcm,128,1947,28400
aes-gcm,128,1948,28100
aes-gcm,128,1949,28600
aes-gcm,128,1950,28100
aes-gcm,128,1951,28300
aes-gcm,128,1952,28200
aes-gcm,128,1953,28300
aes-gcm,128,1954,28200
aes-gcm,128,1955,28000
aes-gcm,128,1956,28200
aes-gcm,128,1957,27900
aes-gcm,128,1958,28600
aes-gcm,128,1959,28100
aes-gcm,128,1960,28300
aes-gcm,128,1961,28200
aes-gcm,128,1962,29100
aes-gcm,128,1963,28500
aes-gcm,128,1964,28500
aes-gcm,128,1965,28400
aes-gcm,128,1966,27900
aes-gcm,128,1967,29100
aes-gcm,128,1968,28200
aes-gcm,128,1969,28100
aes-gcm,128,1970,28300
aes-gcm,128,1971,28200
aes-gcm,128,1972,28100
aes-gcm,128,1973,28200
aes-gcm,128,1974,28600
aes-gcm,128,1975,28200
aes-gcm,128,1976,28400
aes-gcm,128,1977,28100
aes-gcm,128,1978,28200
aes-gcm,128,1979,28200
aes-gcm,128,1980,28100
aes-gcm,128,1981,28400
aes-gcm,128,1982,28100
aes-gcm,128,1983,28200
aes-gcm,128,1984,28400
aes-gcm,128,1985,28600
aes-gcm,128,1986,28000
aes-gcm,128,1987,28300
aes-gcm,128,1988,29300
aes-gcm,128,1989,28200
aes-gcm,128,1990,28400
aes-gcm,128,1991,113400
aes-gcm,128,1992,41200
aes-gcm,128,1993,113800
aes-gcm,128,1994,41600
aes-gcm,128,1995,53300
aes-gcm,128,1996,48100
aes-gcm,128,1997,69900
aes-gcm,128,1998,30400
aes-gcm,128,1999,31900
aes-gcm,512,0,28900
aes-gcm,512,1,28900
aes-gcm,512,2,29300
aes-gcm,512,3,28700
aes-gcm,512,4,29200
aes-gcm,512,5,29100
aes-gcm,512,6,28800
aes-gcm,512,7,29000
aes-gcm,512,8,29000
aes-gcm,512,9,29000
aes-gcm,512,10,28800
aes-gcm,512,11,29100
aes-gcm,512,12,28700
aes-gcm,512,13,29200
aes-gcm,512,14,29300
aes-gcm,512,15,28900
aes-gcm,512,16,28900
aes-gcm,512,17,29000
aes-gcm,512,18,29000
aes-gcm,512,19,28700
aes-gcm,512,20,29200
aes-gcm,512,21,28700
aes-gcm,512,22,29000
aes-gcm,512,23,29200
aes-gcm,512,24,28700
aes-gcm,512,25,30200
aes-gcm,512,26,28900
aes-gcm,512,27,29100
aes-gcm,512,28,31500
aes-gcm,512,29,96200
aes-gcm,512,30,125300
aes-gcm,512,31,88300
aes-gcm,512,32,89200
aes-gcm,512,33,100800
aes-gcm,512,34,55700
aes-gcm,512,35,33000
aes-gcm,512,36,30100
aes-gcm,512,37,84000
aes-gcm,512,38,55700
aes-gcm,512,39,76200
aes-gcm,512,40,41700
aes-gcm,512,41,91000
aes-gcm,512,42,70500
aes-gcm,512,43,101400
aes-gcm,512,44,99100
aes-gcm,512,45,58200
aes-gcm,512,46,32100
aes-gcm,512,47,30000
aes-gcm,512,48,28800
aes-gcm,512,49,29000
aes-gcm,512,50,29100
aes-gcm,512,51,66500
aes-gcm,512,52,40300
aes-gcm,512,53,31700
aes-gcm,512,54,31000
aes-gcm,512,55,30100
aes-gcm,512,56,30600
aes-gcm,512,57,30400
aes-gcm,512,58,30500
aes-gcm,512,59,30400
aes-gcm,512,60,30300
aes-gcm,512,61,30200
aes-gcm,512,62,71400
aes-gcm,512,63,31900
aes-gcm,512,64,32800
aes-gcm,512,65,29500
aes-gcm,512,66,29000
aes-gcm,512,67,29400
aes-gcm,512,68,28900
aes-gcm,512,69,29000
aes-gcm,512,70,29800
aes-gcm,512,71,28800
aes-gcm,512,72,29000
aes-gcm,512,73,28800
aes-gcm,512,74,29100
aes-gcm,512,75,28500
aes-gcm,512,76,28700
aes-gcm,512,77,29100
aes-gcm,512,78,28500
aes-gcm,512,79,28900
aes-gcm,512,80,28900
aes-gcm,512,81,29000
aes-gcm,512,82,28700
aes-gcm,512,83,28900
aes-gcm,512,84,28700
aes-gcm,512,85,28600
aes-gcm,512,86,28700
aes-gcm,512,87,28600
aes-gcm,512,88,29100
aes-gcm,512,89,30100
aes-gcm,512,90,28800
aes-gcm,512,91,28700
aes-gcm,512,92,29300
aes-gcm,512,93,28700
aes-gcm,512,94,29000
aes-gcm,512,95,28700
aes-gcm,512,96,28700
aes-gcm,512,97,28700
aes-gcm,512,98,29200
aes-gcm,512,99,31600
aes-gcm,512,100,28700
aes-gcm,512,101,29000
aes-gcm,512,102,28700
aes-gcm,512,103,29900
aes-gcm,512,104,28900
aes-gcm,512,105,29000
aes-gcm,512,106,28700
aes-gcm,512,107,28800
aes-gcm,512,108,28800
aes-gcm,512,109,28900
aes-gcm,512,110,29100
aes-gcm,512,111,28500
aes-gcm,512,112,28900
aes-gcm,512,113,28700
aes-gcm,512,114,28700
aes-gcm,512,115,29000
aes-gcm,512,116,29100
aes-gcm,512,117,28700
aes-gcm,512,118,28600
aes-gcm,512,119,29100
aes-gcm,512,120,29000
aes-gcm,512,121,28600
aes-gcm,512,122,28900
aes-gcm,512,123,28600
aes-gcm,512,124,28700
aes-gcm,512,125,28700
aes-gcm,512,126,29300
aes-gcm,512,127,28500
aes-gcm,512,128,29200
aes-gcm,512,129,28700
aes-gcm,512,130,28800
aes-gcm,512,131,28900
aes-gcm,512,132,28800
aes-gcm,512,133,31400
aes-gcm,512,134,29100
aes-gcm,512,135,28900
aes-gcm,512,136,28600
aes-gcm,512,137,29200
aes-gcm,512,138,28700
aes-gcm,512,139,28900
aes-gcm,512,140,29000
aes-gcm,512,141,28700
aes-gcm,512,142,29000
aes-gcm,512,143,28700
aes-gcm,512,144,28800
aes-gcm,512,145,28500
aes-gcm,512,146,29100
aes-gcm,512,147,28900
aes-gcm,512,148,29200
aes-gcm,512,149,28900
aes-gcm,512,150,28600
aes-gcm,512,151,28800
aes-gcm,512,152,29000
aes-gcm,512,153,29600
aes-gcm,512,154,28900
aes-gcm,512,155,29200
aes-gcm,512,156,29100
aes-gcm,512,157,28700
aes-gcm,512,158,29000
aes-gcm,512,159,28700
aes-gcm,512,160,28900
aes-gcm,512,161,28800
aes-gcm,512,162,29000
aes-gcm,512,163,28800
aes-gcm,512,164,29300
aes-gcm,512,165,28700
aes-gcm,512,166,28800
aes-gcm,512,167,30800
aes-gcm,512,168,28800
aes-gcm,512,169,28900
aes-gcm,512,170,29000
aes-gcm,512,171,29000
aes-gcm,512,172,28700
aes-gcm,512,173,29100
aes-gcm,512,174,28600
aes-gcm,512,175,28700
aes-gcm,512,176,28800
aes-gcm,512,177,28600
aes-gcm,512,178,28700
aes-gcm,512,179,28900
aes-gcm,512,180,29100
aes-gcm,512,181,28500
aes-gcm,512,182,29600
aes-gcm,512,183,28600
aes-gcm,512,184,28900
aes-gcm,512,185,28800
aes-gcm,512,186,28800
aes-gcm,512,187,28700
aes-gcm,512,188,28900
aes-gcm,512,189,29000
aes-gcm,512,190,28800
aes-gcm,512,191,164000
aes-gcm,512,192,178400
aes-gcm,512,193,147700
aes-gcm,512,194,81800
aes-gcm,512,195,68600
aes-gcm,512,196,38700
aes-gcm,512,197,31300
aes-gcm,512,198,29900
aes-gcm,512,199,29500
aes-gcm,512,200,29600
aes-gcm,512,201,28900
aes-gcm,512,202,33700
aes-gcm,512,203,29900
aes-gcm,512,204,28800
aes-gcm,512,205,32600
aes-gcm,512,206,28800
aes-gcm,512,207,28900
aes-gcm,512,208,28700
aes-gcm,512,209,29300
aes-gcm,512,210,29000
aes-gcm,512,211,32200
aes-gcm,512,212,30800
aes-gcm,512,213,30100
aes-gcm,512,214,30300
aes-gcm,512,215,30300
aes-gcm,512,216,29900
aes-gcm,512,217,32500
aes-gcm,512,218,30900
aes-gcm,512,219,30100
aes-gcm,512,220,30700
aes-gcm,512,221,30800
aes-gcm,512,222,70600
aes-gcm,512,223,30900
aes-gcm,512,224,32800
aes-gcm,512,225,29600
aes-gcm,512,226,28800
aes-gcm,512,227,29100
aes-gcm,512,228,28700
aes-gcm,512,229,28900
aes-gcm,512,230,28900
aes-gcm,512,231,29800
aes-gcm,512,232,28900
aes-gcm,512,233,28800
aes-gcm,512,234,29200
aes-gcm,512,235,28900
aes-gcm,512,236,28900
aes-gcm,512,237,28700
aes-gcm,512,238,29200
aes-gcm,512,239,28800
aes-gcm,512,240,28600
aes-gcm,512,241,28900
aes-gcm,512,242,29100
aes-gcm,512,243,29100
aes-gcm,512,244,28800
aes-gcm,512,245,29100
aes-gcm,512,246,28800
aes-gcm,512,247,28700
aes-gcm,512,248,28700
aes-gcm,512,249,28500
aes-gcm,512,250,31100
aes-gcm,512,251,29200
aes-gcm,512,252,29000
aes-gcm,512,253,28600
aes-gcm,512,254,29000
aes-gcm,512,255,28500
aes-gcm,512,256,28900
aes-gcm,512,257,28700
aes-gcm,512,258,28800
aes-gcm,512,259,28800
aes-gcm,512,260,28900
aes-gcm,512,261,29200
aes-gcm,512,262,28700
aes-gcm,512,263,29300
aes-gcm,512,264,28900
aes-gcm,512,265,28800
aes-gcm,512,266,28900
aes-gcm,512,267,28800
aes-gcm,512,268,28700
aes-gcm,512,269,28800
aes-gcm,512,270,29000
aes-gcm,512,271,28700
aes-gcm,512,272,28800
aes-gcm,512,273,28600
aes-gcm,512,274,29200
aes-gcm,512,275,28800
aes-gcm,512,276,28600
aes-gcm,512,277,28800
aes-gcm,512,278,29100
aes-gcm,512,279,28900
aes-gcm,512,280,29700
aes-gcm,512,281,29000
aes-gcm,512,282,28700
aes-gcm,512,283,29100
aes-gcm,512,284,28800
aes-gcm,512,285,28700
aes-gcm,512,286,28900
aes-gcm,512,287,28800
aes-gcm,512,288,29200
aes-gcm,512,289,28600
aes-gcm,512,290,29200
aes-gcm,512,291,28600
aes-gcm,512,292,28700
aes-gcm,512,293,28800
aes-gcm,512,294,28800
aes-gcm,512,295,29100
aes-gcm,512,296,29000
aes-gcm,512,297,29000
aes-gcm,512,298,28700
aes-gcm,512,299,29200
aes-gcm,512,300,28600
aes-gcm,512,301,28900
aes-gcm,512,302,28900
aes-gcm,512,303,28700
aes-gcm,512,304,29100
aes-gcm,512,305,29000
aes-gcm,512,306,29100
aes-gcm,512,307,28800
aes-gcm,512,308,29000
aes-gcm,512,309,28600
aes-gcm,512,310,28900
aes-gcm,512,311,28900
aes-gcm,512,312,28600
aes-gcm,512,313,28900
aes-gcm,512,314,28900
aes-gcm,512,315,28800
aes-gcm,512,316,28800
aes-gcm,512,317,29200
aes-gcm,512,318,31000
aes-gcm,512,319,29000
aes-gcm,512,320,29100
aes-gcm,512,321,28600
aes-gcm,512,322,29500
aes-gcm,512,323,29000
aes-gcm,512,324,28900
aes-gcm,512,325,28700
aes-gcm,512,326,28900
aes-gcm,512,327,28600
aes-gcm,512,328,28800
aes-gcm,512,329,28900
aes-gcm,512,330,28600
aes-gcm,512,331,29000
aes-gcm,512,332,28900
aes-gcm,512,333,29000
aes-gcm,512,334,28800
aes-gcm,512,335,28900
aes-gcm,512,336,28800
aes-gcm,512,337,29200
aes-gcm,512,338,29100
aes-gcm,512,339,44700
aes-gcm,512,340,72100
aes-gcm,512,341,31300
aes-gcm,512,342,65400
aes-gcm,512,343,84600
aes-gcm,512,344,42000
aes-gcm,512,345,31200
aes-gcm,512,346,29200
aes-gcm,512,347,29400
aes-gcm,512,348,29000
aes-gcm,512,349,29100
aes-gcm,512,350,30000
aes-gcm,512,351,29000
aes-gcm,512,352,28700
aes-gcm,512,353,29300
aes-gcm,512,354,29100
aes-gcm,512,355,28800
aes-gcm,512,356,29000
aes-gcm,512,357,28600
aes-gcm,512,358,29000
aes-gcm,512,359,28600
aes-gcm,512,360,29100
aes-gcm,512,361,28800
aes-gcm,512,362,29100
aes-gcm,512,363,28700
aes-gcm,512,364,29100
aes-gcm,512,365,29000
aes-gcm,512,366,28600
aes-gcm,512,367,28700
aes-gcm,512,368,29000
aes-gcm,512,369,28900
aes-gcm,512,370,28500
aes-gcm,512,371,29500
aes-gcm,512,372,28700
aes-gcm,512,373,28900
aes-gcm,512,374,29200
aes-gcm,512,375,28800
aes-gcm,512,376,28800
aes-gcm,512,377,28900
aes-gcm,512,378,29100
aes-gcm,512,379,28800
aes-gcm,512,380,31800
aes-gcm,512,381,28800
aes-gcm,512,382,29100
aes-gcm,512,383,28900
aes-gcm,512,384,29000
aes-gcm,512,385,29000
aes-gcm,512,386,29000
aes-gcm,512,387,28900
aes-gcm,512,388,28900
aes-gcm,512,389,29200
aes-gcm,512,390,28800
aes-gcm,512,391,28900
aes-gcm,512,392,28800
aes-gcm,512,393,28800
aes-gcm,512,394,28900
aes-gcm,512,395,29100
aes-gcm,512,396,29000
aes-gcm,512,397,28600
aes-gcm,512,398,29200
aes-gcm,512,399,28600
aes-gcm,512,400,29000
aes-gcm,512,401,29100
aes-gcm,512,402,28800
aes-gcm,512,403,28800
aes-gcm,512,404,29100
aes-gcm,512,405,29200
aes-gcm,512,406,28800
aes-gcm,512,407,29200
aes-gcm,512,408,29500
aes-gcm,512,409,28700
aes-gcm,512,410,28800
aes-gcm,512,411,28600
aes-gcm,512,412,28800
aes-gcm,512,413,28800
aes-gcm,512,414,31800
aes-gcm,512,415,28800
aes-gcm,512,416,29000
aes-gcm,512,417,28600
aes-gcm,512,418,29100
aes-gcm,512,419,29000
aes-gcm,512,420,28700
aes-gcm,512,421,28800
aes-gcm,512,422,28700
aes-gcm,512,423,28700
aes-gcm,512,424,28700
aes-gcm,512,425,29500
aes-gcm,512,426,28700
aes-gcm,512,427,28800
aes-gcm,512,428,28900
aes-gcm,512,429,28700
aes-gcm,512,430,28900
aes-gcm,512,431,28800
aes-gcm,512,432,28900
aes-gcm,512,433,28700
aes-gcm,512,434,29600
aes-gcm,512,435,29100
aes-gcm,512,436,28900
aes-gcm,512,437,29000
aes-gcm,512,438,28600
aes-gcm,512,439,29100
aes-gcm,512,440,28800
aes-gcm,512,441,28900
aes-gcm,512,442,28800
aes-gcm,512,443,29000
aes-gcm,512,444,28900
aes-gcm,512,445,28900
aes-gcm,512,446,28800
aes-gcm,512,447,28600
aes-gcm,512,448,28900
aes-gcm,512,449,154500
aes-gcm,512,450,171300
aes-gcm,512,451,90600
aes-gcm,512,452,40400
aes-gcm,512,453,31100
aes-gcm,512,454,29800
aes-gcm,512,455,29200
aes-gcm,512,456,29500
aes-gcm,512,457,29000
aes-gcm,512,458,29600
aes-gcm,512,459,29200
aes-gcm,512,460,29500
aes-gcm,512,461,29000
aes-gcm,512,462,29200
aes-gcm,512,463,29100
aes-gcm,512,464,29100
aes-gcm,512,465,28900
aes-gcm,512,466,29200
aes-gcm,512,467,29000
aes-gcm,512,468,29100
aes-gcm,512,469,28900
aes-gcm,512,470,29300
aes-gcm,512,471,29100
aes-gcm,512,472,30200
aes-gcm,512,473,87800
aes-gcm,512,474,83500
aes-gcm,512,475,38200
aes-gcm,512,476,30900
aes-gcm,512,477,30200
aes-gcm,512,478,29000
aes-gcm,512,479,29300
aes-gcm,512,480,28700
aes-gcm,512,481,28700
aes-gcm,512,482,29400
aes-gcm,512,483,28600
aes-gcm,512,484,29100
aes-gcm,512,485,29000
aes-gcm,512,486,49800
aes-gcm,512,487,101100
aes-gcm,512,488,58300
aes-gcm,512,489,32600
aes-gcm,512,490,30700
aes-gcm,512,491,29500
aes-gcm,512,492,29000
aes-gcm,512,493,29100
aes-gcm,512,494,29500
aes-gcm,512,495,29000
aes-gcm,512,496,29400
aes-gcm,512,497,29600
aes-gcm,512,498,94700
aes-gcm,512,499,60900
aes-gcm,512,500,37300
aes-gcm,512,501,29500
aes-gcm,512,502,29400
aes-gcm,512,503,29300
aes-gcm,512,504,29500
aes-gcm,512,505,28800
aes-gcm,512,506,29900
aes-gcm,512,507,29000
aes-gcm,512,508,28900
aes-gcm,512,509,28900
aes-gcm,512,510,28700
aes-gcm,512,511,29000
aes-gcm,512,512,84700
aes-gcm,512,513,101800
aes-gcm,512,514,58200
aes-gcm,512,515,52600
aes-gcm,512,516,97400
aes-gcm,512,517,104600
aes-gcm,512,518,100100
aes-gcm,512,519,62300
aes-gcm,512,520,34400
aes-gcm,512,521,30500
aes-gcm,512,522,51600
aes-gcm,512,523,47700
aes-gcm,512,524,85100
aes-gcm,512,525,55500
aes-gcm,512,526,32400
aes-gcm,512,527,29200
aes-gcm,512,528,29300
aes-gcm,512,529,28700
aes-gcm,512,530,29000
aes-gcm,512,531,28800
aes-gcm,512,532,28600
aes-gcm,512,533,28800
aes-gcm,512,534,28400
aes-gcm,512,535,30300
aes-gcm,512,536,28700
aes-gcm,512,537,28500
aes-gcm,512,538,28800
aes-gcm,512,539,28700
aes-gcm,512,540,28600
aes-gcm,512,541,28100
aes-gcm,512,542,28700
aes-gcm,512,543,68400
aes-gcm,512,544,48400
aes-gcm,512,545,30200
aes-gcm,512,546,28500
aes-gcm,512,547,29600
aes-gcm,512,548,28900
aes-gcm,512,549,28900
aes-gcm,512,550,28600
aes-gcm,512,551,29100
aes-gcm,512,552,28400
aes-gcm,512,553,28800
aes-gcm,512,554,29000
aes-gcm,512,555,28500
aes-gcm,512,556,29000
aes-gcm,512,557,28800
aes-gcm,512,558,28800
aes-gcm,512,559,28600
aes-gcm,512,560,28900
aes-gcm,512,561,28800
aes-gcm,512,562,29900
aes-gcm,512,563,28300
aes-gcm,512,564,28900
aes-gcm,512,565,28800
aes-gcm,512,566,28700
aes-gcm,512,567,28100
aes-gcm,512,568,28700
aes-gcm,512,569,29400
aes-gcm,512,570,28700
aes-gcm,512,571,29100
aes-gcm,512,572,28900
aes-gcm,512,573,28600
aes-gcm,512,574,29100
aes-gcm,512,575,31000
aes-gcm,512,576,28900
aes-gcm,512,577,28500
aes-gcm,512,578,29100
aes-gcm,512,579,28200
aes-gcm,512,580,28700
aes-gcm,512,581,28800
aes-gcm,512,582,28800
aes-gcm,512,583,28600
aes-gcm,512,584,29200
aes-gcm,512,585,28700
aes-gcm,512,586,28700
aes-gcm,512,587,29300
aes-gcm,512,588,28500
aes-gcm,512,589,28900
aes-gcm,512,590,28800
aes-gcm,512,591,28800
aes-gcm,512,592,29000
aes-gcm,512,593,28700
aes-gcm,512,594,29200
aes-gcm,512,595,28500
aes-gcm,512,596,28800
aes-gcm,512,597,30300
aes-gcm,512,598,30000
aes-gcm,512,599,29400
aes-gcm,512,600,27700
aes-gcm,512,601,29200
aes-gcm,512,602,28700
aes-gcm,512,603,28800
aes-gcm,512,604,28200
aes-gcm,512,605,28700
aes-gcm,512,606,28600
aes-gcm,512,607,28700
aes-gcm,512,608,28900
aes-gcm,512,609,30500
aes-gcm,512,610,28300
aes-gcm,512,611,29400
aes-gcm,512,612,28500
aes-gcm,512,613,28600
aes-gcm,512,614,30200
aes-gcm,512,615,35700
aes-gcm,512,616,32700
aes-gcm,512,617,98100
aes-gcm,512,618,39100
aes-gcm,512,619,37100
aes-gcm,512,620,29000
aes-gcm,512,621,28700
aes-gcm,512,622,28600
aes-gcm,512,623,28600
aes-gcm,512,624,28500
aes-gcm,512,625,84500
aes-gcm,512,626,59100
aes-gcm,512,627,33300
aes-gcm,512,628,30300
aes-gcm,512,629,69000
aes-gcm,512,630,41400
aes-gcm,512,631,30400
aes-gcm,512,632,29600
aes-gcm,512,633,28400
aes-gcm,512,634,28600
aes-gcm,512,635,32900
aes-gcm,512,636,29300
aes-gcm,512,637,28800
aes-gcm,512,638,28500
aes-gcm,512,639,28400
aes-gcm,512,640,28300
aes-gcm,512,641,46800
aes-gcm,512,642,53300
aes-gcm,512,643,33200
aes-gcm,512,644,88100
aes-gcm,512,645,55900
aes-gcm,512,646,32800
aes-gcm,512,647,29800
aes-gcm,512,648,29100
aes-gcm,512,649,28600
aes-gcm,512,650,29000
aes-gcm,512,651,28400
aes-gcm,512,652,29100
aes-gcm,512,653,28500
aes-gcm,512,654,28900
aes-gcm,512,655,28500
aes-gcm,512,656,28600
aes-gcm,512,657,28600
aes-gcm,512,658,29100
aes-gcm,512,659,28700
aes-gcm,512,660,28300
aes-gcm,512,661,28500
aes-gcm,512,662,28600
aes-gcm,512,663,29200
aes-gcm,512,664,32300
aes-gcm,512,665,28800
aes-gcm,512,666,28700
aes-gcm,512,667,28300
aes-gcm,512,668,28800
aes-gcm,512,669,28200
aes-gcm,512,670,28500
aes-gcm,512,671,28800
aes-gcm,512,672,28400
aes-gcm,512,673,28600
aes-gcm,512,674,28600
aes-gcm,512,675,28700
aes-gcm,512,676,28300
aes-gcm,512,677,28700
aes-gcm,512,678,28400
aes-gcm,512,679,28400
aes-gcm,512,680,28400
aes-gcm,512,681,28500
aes-gcm,512,682,28400
aes-gcm,512,683,28400
aes-gcm,512,684,28500
aes-gcm,512,685,28200
aes-gcm,512,686,29300
aes-gcm,512,687,28200
aes-gcm,512,688,28500
aes-gcm,512,689,28300
aes-gcm,512,690,28100
aes-gcm,512,691,28400
aes-gcm,512,692,28400
aes-gcm,512,693,28400
aes-gcm,512,694,28400
aes-gcm,512,695,28600
aes-gcm,512,696,28100
aes-gcm,512,697,32300
aes-gcm,512,698,28500
aes-gcm,512,699,30800
aes-gcm,512,700,28700
aes-gcm,512,701,28400
aes-gcm,512,702,28400
aes-gcm,512,703,28100
aes-gcm,512,704,28600
aes-gcm,512,705,28300
aes-gcm,512,706,28500
aes-gcm,512,707,28600
aes-gcm,512,708,28300
aes-gcm,512,709,28600
aes-gcm,512,710,28400
aes-gcm,512,711,28300
aes-gcm,512,712,28100
aes-gcm,512,713,28600
aes-gcm,512,714,28800
aes-gcm,512,715,28500
aes-gcm,512,716,28700
aes-gcm,512,717,28500
aes-gcm,512,718,28800
aes-gcm,512,719,28400
aes-gcm,512,720,28400
aes-gcm,512,721,28100
aes-gcm,512,722,28500
aes-gcm,512,723,28100
aes-gcm,512,724,28300
aes-gcm,512,725,28300
aes-gcm,512,726,28300
aes-gcm,512,727,29200
aes-gcm,512,728,28600
aes-gcm,512,729,28600
aes-gcm,512,730,28400
aes-gcm,512,731,28600
aes-gcm,512,732,28200
aes-gcm,512,733,30100
aes-gcm,512,734,28600
aes-gcm,512,735,28200
aes-gcm,512,736,28600
aes-gcm,512,737,28600
aes-gcm,512,738,28600
aes-gcm,512,739,28200
aes-gcm,512,740,28500
aes-gcm,512,741,28100
aes-gcm,512,742,28700
aes-gcm,512,743,28500
aes-gcm,512,744,28100
aes-gcm,512,745,28500
aes-gcm,512,746,28500
aes-gcm,512,747,28500
aes-gcm,512,748,28400
aes-gcm,512,749,28600
aes-gcm,512,750,28600
aes-gcm,512,751,28300
aes-gcm,512,752,122800
aes-gcm,512,753,91000
aes-gcm,512,754,58800
aes-gcm,512,755,36000
aes-gcm,512,756,30300
aes-gcm,512,757,29400
aes-gcm,512,758,29500
aes-gcm,512,759,28700
aes-gcm,512,760,28100
aes-gcm,512,761,28600
aes-gcm,512,762,92200
aes-gcm,512,763,149200
aes-gcm,512,764,76300
aes-gcm,512,765,56000
aes-gcm,512,766,44200
aes-gcm,512,767,34500
aes-gcm,512,768,128600
aes-gcm,512,769,54900
aes-gcm,512,770,33400
aes-gcm,512,771,52200
aes-gcm,512,772,85100
aes-gcm,512,773,38400
aes-gcm,512,774,47000
aes-gcm,512,775,64400
aes-gcm,512,776,52700
aes-gcm,512,777,33200
aes-gcm,512,778,29100
aes-gcm,512,779,28700
aes-gcm,512,780,28400
aes-gcm,512,781,28700
aes-gcm,512,782,28500
aes-gcm,512,783,29600
aes-gcm,512,784,28400
aes-gcm,512,785,28600
aes-gcm,512,786,28300
aes-gcm,512,787,28100
aes-gcm,512,788,28600
aes-gcm,512,789,28100
aes-gcm,512,790,28900
aes-gcm,512,791,28200
aes-gcm,512,792,28400
aes-gcm,512,793,28400
aes-gcm,512,794,28800
aes-gcm,512,795,28000
aes-gcm,512,796,28700
aes-gcm,512,797,28400
aes-gcm,512,798,28600
aes-gcm,512,799,28700
aes-gcm,512,800,28500
aes-gcm,512,801,28300
aes-gcm,512,802,28200
aes-gcm,512,803,28900
aes-gcm,512,804,28300
aes-gcm,512,805,28400
aes-gcm,512,806,28300
aes-gcm,512,807,28100
aes-gcm,512,808,28500
aes-gcm,512,809,28500
aes-gcm,512,810,30300
aes-gcm,512,811,28200
aes-gcm,512,812,28500
aes-gcm,512,813,28400
aes-gcm,512,814,28500
aes-gcm,512,815,28700
aes-gcm,512,816,28200
aes-gcm,512,817,28300
aes-gcm,512,818,28400
aes-gcm,512,819,28400
aes-gcm,512,820,28400
aes-gcm,512,821,28600
aes-gcm,512,822,28300
aes-gcm,512,823,28500
aes-gcm,512,824,28500
aes-gcm,512,825,28400
aes-gcm,512,826,28900
aes-gcm,512,827,28300
aes-gcm,512,828,28600
aes-gcm,512,829,28300
aes-gcm,512,830,28500
aes-gcm,512,831,28200
aes-gcm,512,832,28400
aes-gcm,512,833,28500
aes-gcm,512,834,28300
aes-gcm,512,835,28200
aes-gcm,512,836,28500
aes-gcm,512,837,28500
aes-gcm,512,838,28100
aes-gcm,512,839,28500
aes-gcm,512,840,28200
aes-gcm,512,841,28800
aes-gcm,512,842,29100
aes-gcm,512,843,28700
aes-gcm,512,844,30600
aes-gcm,512,845,28700
aes-gcm,512,846,28500
aes-gcm,512,847,28500
aes-gcm,512,848,28600
aes-gcm,512,849,28300
aes-gcm,512,850,28300
aes-gcm,512,851,28300
aes-gcm,512,852,28300
aes-gcm,512,853,28400
aes-gcm,512,854,29700
aes-gcm,512,855,28400
aes-gcm,512,856,28300
aes-gcm,512,857,28800
aes-gcm,512,858,28300
aes-gcm,512,859,28200
aes-gcm,512,860,28400
aes-gcm,512,861,28300
aes-gcm,512,862,28400
aes-gcm,512,863,28800
aes-gcm,512,864,28400
aes-gcm,512,865,28100
aes-gcm,512,866,28400
aes-gcm,512,867,28200
aes-gcm,512,868,28700
aes-gcm,512,869,28500
aes-gcm,512,870,28200
aes-gcm,512,871,28400
aes-gcm,512,872,28400
aes-gcm,512,873,28700
aes-gcm,512,874,28100
aes-gcm,512,875,28500
aes-gcm,512,876,28200
aes-gcm,512,877,28500
aes-gcm,512,878,28700
aes-gcm,512,879,28400
aes-gcm,512,880,28700
aes-gcm,512,881,28500
aes-gcm,512,882,28800
aes-gcm,512,883,28400
aes-gcm,512,884,28800
aes-gcm,512,885,28200
aes-gcm,512,886,28500
aes-gcm,512,887,28300
aes-gcm,512,888,28200
aes-gcm,512,889,28400
aes-gcm,512,890,28500
aes-gcm,512,891,28200
aes-gcm,512,892,28100
aes-gcm,512,893,29000
aes-gcm,512,894,28300
aes-gcm,512,895,28500
aes-gcm,512,896,28300
aes-gcm,512,897,28100
aes-gcm,512,898,28200
aes-gcm,512,899,28400
aes-gcm,512,900,28600
aes-gcm,512,901,28400
aes-gcm,512,902,28700
aes-gcm,512,903,28300
aes-gcm,512,904,28800
aes-gcm,512,905,28400
aes-gcm,512,906,28200
aes-gcm,512,907,28400
aes-gcm,512,908,28400
aes-gcm,512,909,28300
aes-gcm,512,910,28300
aes-gcm,512,911,28900
aes-gcm,512,912,28400
aes-gcm,512,913,28500
aes-gcm,512,914,30300
aes-gcm,512,915,28000
aes-gcm,512,916,28800
aes-gcm,512,917,28200
aes-gcm,512,918,28900
aes-gcm,512,919,27900
aes-gcm,512,920,28600
aes-gcm,512,921,28100
aes-gcm,512,922,28400
aes-gcm,512,923,28600
aes-gcm,512,924,28200
aes-gcm,512,925,28300
aes-gcm,512,926,28200
aes-gcm,512,927,28600
aes-gcm,512,928,28200
aes-gcm,512,929,28500
aes-gcm,512,930,28300
aes-gcm,512,931,28400
aes-gcm,512,932,28600
aes-gcm,512,933,130600
aes-gcm,512,934,54700
aes-gcm,512,935,31600
aes-gcm,512,936,29500
aes-gcm,512,937,28600
aes-gcm,512,938,29400
aes-gcm,512,939,28300
aes-gcm,512,940,28900
aes-gcm,512,941,28300
aes-gcm,512,942,28200
aes-gcm,512,943,29200
aes-gcm,512,944,32200
aes-gcm,512,945,28500
aes-gcm,512,946,28600
aes-gcm,512,947,28400
aes-gcm,512,948,28000
aes-gcm,512,949,28600
aes-gcm,512,950,28400
aes-gcm,512,951,28200
aes-gcm,512,952,28400
aes-gcm,512,953,28300
aes-gcm,512,954,28700
aes-gcm,512,955,28300
aes-gcm,512,956,28500
aes-gcm,512,957,28500
aes-gcm,512,958,28500
aes-gcm,512,959,28400
aes-gcm,512,960,28700
aes-gcm,512,961,28300
aes-gcm,512,962,28300
aes-gcm,512,963,28300
aes-gcm,512,964,28600
aes-gcm,512,965,28600
aes-gcm,512,966,28500
aes-gcm,512,967,28400
aes-gcm,512,968,28500
aes-gcm,512,969,28300
aes-gcm,512,970,28600
aes-gcm,512,971,28300
aes-gcm,512,972,28400
aes-gcm,512,973,28300
aes-gcm,512,974,28800
aes-gcm,512,975,28300
aes-gcm,512,976,28600
aes-gcm,512,977,28400
aes-gcm,512,978,69700
aes-gcm,512,979,115900
aes-gcm,512,980,113000
aes-gcm,512,981,53700
aes-gcm,512,982,34900
aes-gcm,512,983,34400
aes-gcm,512,984,30500
aes-gcm,512,985,85100
aes-gcm,512,986,57900
aes-gcm,512,987,32300
aes-gcm,512,988,30700
aes-gcm,512,989,28900
aes-gcm,512,990,28600
aes-gcm,512,991,28500
aes-gcm,512,992,28800
aes-gcm,512,993,28400
aes-gcm,512,994,28900
aes-gcm,512,995,28500
aes-gcm,512,996,28500
aes-gcm,512,997,28600
aes-gcm,512,998,28900
aes-gcm,512,999,28400
aes-gcm,512,1000,28300
aes-gcm,512,1001,31900
aes-gcm,512,1002,28500
aes-gcm,512,1003,28600
aes-gcm,512,1004,28400
aes-gcm,512,1005,28100
aes-gcm,512,1006,28600
aes-gcm,512,1007,28400
aes-gcm,512,1008,28900
aes-gcm,512,1009,28600
aes-gcm,512,1010,28800
aes-gcm,512,1011,28200
aes-gcm,512,1012,28400
aes-gcm,512,1013,28600
aes-gcm,512,1014,28200
aes-gcm,512,1015,28400
aes-gcm,512,1016,28500
aes-gcm,512,1017,28600
aes-gcm,512,1018,28600
aes-gcm,512,1019,61100
aes-gcm,512,1020,52600
aes-gcm,512,1021,99500
aes-gcm,512,1022,100400
aes-gcm,512,1023,87400
aes-gcm,512,1024,56700
aes-gcm,512,1025,89200
aes-gcm,512,1026,55000
aes-gcm,512,1027,53500
aes-gcm,512,1028,33200
aes-gcm,512,1029,30300
aes-gcm,512,1030,29000
aes-gcm,512,1031,52400
aes-gcm,512,1032,47600
aes-gcm,512,1033,34000
aes-gcm,512,1034,29500
aes-gcm,512,1035,28800
aes-gcm,512,1036,28800
aes-gcm,512,1037,28900
aes-gcm,512,1038,28400
aes-gcm,512,1039,29900
aes-gcm,512,1040,30100
aes-gcm,512,1041,50200
aes-gcm,512,1042,45500
aes-gcm,512,1043,34100
aes-gcm,512,1044,29600
aes-gcm,512,1045,29200
aes-gcm,512,1046,28900
aes-gcm,512,1047,28300
aes-gcm,512,1048,29000
aes-gcm,512,1049,28400
aes-gcm,512,1050,29100
aes-gcm,512,1051,28500
aes-gcm,512,1052,28200
aes-gcm,512,1053,28800
aes-gcm,512,1054,28300
aes-gcm,512,1055,28600
aes-gcm,512,1056,28300
aes-gcm,512,1057,28400
aes-gcm,512,1058,28400
aes-gcm,512,1059,28600
aes-gcm,512,1060,28500
aes-gcm,512,1061,28500
aes-gcm,512,1062,28300
aes-gcm,512,1063,28200
aes-gcm,512,1064,28700
aes-gcm,512,1065,28300
aes-gcm,512,1066,28400
aes-gcm,512,1067,28400
aes-gcm,512,1068,28100
aes-gcm,512,1069,28400
aes-gcm,512,1070,28500
aes-gcm,512,1071,29700
aes-gcm,512,1072,29600
aes-gcm,512,1073,83000
aes-gcm,512,1074,106500
aes-gcm,512,1075,102000
aes-gcm,512,1076,101500
aes-gcm,512,1077,62200
aes-gcm,512,1078,32600
aes-gcm,512,1079,29100
aes-gcm,512,1080,29100
aes-gcm,512,1081,28500
aes-gcm,512,1082,28700
aes-gcm,512,1083,28400
aes-gcm,512,1084,28600
aes-gcm,512,1085,29200
aes-gcm,512,1086,28200
aes-gcm,512,1087,28700
aes-gcm,512,1088,28400
aes-gcm,512,1089,28400
aes-gcm,512,1090,28300
aes-gcm,512,1091,28500
aes-gcm,512,1092,28400
aes-gcm,512,1093,28400
aes-gcm,512,1094,28500
aes-gcm,512,1095,31900
aes-gcm,512,1096,32500
aes-gcm,512,1097,86500
aes-gcm,512,1098,57400
aes-gcm,512,1099,32000
aes-gcm,512,1100,30200
aes-gcm,512,1101,28800
aes-gcm,512,1102,28700
aes-gcm,512,1103,28700
aes-gcm,512,1104,29600
aes-gcm,512,1105,28700
aes-gcm,512,1106,29100
aes-gcm,512,1107,28400
aes-gcm,512,1108,28500
aes-gcm,512,1109,29800
aes-gcm,512,1110,28200
aes-gcm,512,1111,28300
aes-gcm,512,1112,28300
aes-gcm,512,1113,28300
aes-gcm,512,1114,28600
aes-gcm,512,1115,28700
aes-gcm,512,1116,28400
aes-gcm,512,1117,28200
aes-gcm,512,1118,28700
aes-gcm,512,1119,28200
aes-gcm,512,1120,28500
aes-gcm,512,1121,28300
aes-gcm,512,1122,28200
aes-gcm,512,1123,28400
aes-gcm,512,1124,28600
aes-gcm,512,1125,28500
aes-gcm,512,1126,28300
aes-gcm,512,1127,28700
aes-gcm,512,1128,28300
aes-gcm,512,1129,28500
aes-gcm,512,1130,28400
aes-gcm,512,1131,28000
aes-gcm,512,1132,28500
aes-gcm,512,1133,28200
aes-gcm,512,1134,29000
aes-gcm,512,1135,28200
aes-gcm,512,1136,29100
aes-gcm,512,1137,28300
aes-gcm,512,1138,28700
aes-gcm,512,1139,28400
aes-gcm,512,1140,28200
aes-gcm,512,1141,28500
aes-gcm,512,1142,46000
aes-gcm,512,1143,29500
aes-gcm,512,1144,28500
aes-gcm,512,1145,28500
aes-gcm,512,1146,28200
aes-gcm,512,1147,28900
aes-gcm,512,1148,28500
aes-gcm,512,1149,28300
aes-gcm,512,1150,28400
aes-gcm,512,1151,28400
aes-gcm,512,1152,28300
aes-gcm,512,1153,28100
aes-gcm,512,1154,28800
aes-gcm,512,1155,28000
aes-gcm,512,1156,28300
aes-gcm,512,1157,28600
aes-gcm,512,1158,28400
aes-gcm,512,1159,28800
aes-gcm,512,1160,28700
aes-gcm,512,1161,28300
aes-gcm,512,1162,28500
aes-gcm,512,1163,28700
aes-gcm,512,1164,28300
aes-gcm,512,1165,28100
aes-gcm,512,1166,28500
aes-gcm,512,1167,28200
aes-gcm,512,1168,29000
aes-gcm,512,1169,28500
aes-gcm,512,1170,28400
aes-gcm,512,1171,28500
aes-gcm,512,1172,28500
aes-gcm,512,1173,28600
aes-gcm,512,1174,28700
aes-gcm,512,1175,28400
aes-gcm,512,1176,28300
aes-gcm,512,1177,28400
aes-gcm,512,1178,28400
aes-gcm,512,1179,29100
aes-gcm,512,1180,28200
aes-gcm,512,1181,28500
aes-gcm,512,1182,28200
aes-gcm,512,1183,28400
aes-gcm,512,1184,28500
aes-gcm,512,1185,28000
aes-gcm,512,1186,28400
aes-gcm,512,1187,28400
aes-gcm,512,1188,28400
aes-gcm,512,1189,28400
aes-gcm,512,1190,29100
aes-gcm,512,1191,28100
aes-gcm,512,1192,28300
aes-gcm,512,1193,28400
aes-gcm,512,1194,28100
aes-gcm,512,1195,28400
aes-gcm,512,1196,28400
aes-gcm,512,1197,28700
aes-gcm,512,1198,28200
aes-gcm,512,1199,28700
aes-gcm,512,1200,28600
aes-gcm,512,1201,28400
aes-gcm,512,1202,28400
aes-gcm,512,1203,28100
aes-gcm,512,1204,28900
aes-gcm,512,1205,28400
aes-gcm,512,1206,28400
aes-gcm,512,1207,28100
aes-gcm,512,1208,28700
aes-gcm,512,1209,28200
aes-gcm,512,1210,30100
aes-gcm,512,1211,28600
aes-gcm,512,1212,28000
aes-gcm,512,1213,28400
aes-gcm,512,1214,28500
aes-gcm,512,1215,28500
aes-gcm,512,1216,28300
aes-gcm,512,1217,28500
aes-gcm,512,1218,28500
aes-gcm,512,1219,28700
aes-gcm,512,1220,28500
aes-gcm,512,1221,28300
aes-gcm,512,1222,28800
aes-gcm,512,1223,28300
aes-gcm,512,1224,28600
aes-gcm,512,1225,28200
aes-gcm,512,1226,28600
aes-gcm,512,1227,28300
aes-gcm,512,1228,28400
aes-gcm,512,1229,28600
aes-gcm,512,1230,28300
aes-gcm,512,1231,28400
aes-gcm,512,1232,103700
aes-gcm,512,1233,60300
aes-gcm,512,1234,84500
aes-gcm,512,1235,39100
aes-gcm,512,1236,30300
aes-gcm,512,1237,31900
aes-gcm,512,1238,33100
aes-gcm,512,1239,29100
aes-gcm,512,1240,28900
aes-gcm,512,1241,28600
aes-gcm,512,1242,28600
aes-gcm,512,1243,28500
aes-gcm,512,1244,28500
aes-gcm,512,1245,28800
aes-gcm,512,1246,28900
aes-gcm,512,1247,28500
aes-gcm,512,1248,28100
aes-gcm,512,1249,28500
aes-gcm,512,1250,28400
aes-gcm,512,1251,28300
aes-gcm,512,1252,28100
aes-gcm,512,1253,28500
aes-gcm,512,1254,28200
aes-gcm,512,1255,28600
aes-gcm,512,1256,28600
aes-gcm,512,1257,28300
aes-gcm,512,1258,28400
aes-gcm,512,1259,28400
aes-gcm,512,1260,28400
aes-gcm,512,1261,28100
aes-gcm,512,1262,28700
aes-gcm,512,1263,28400
aes-gcm,512,1264,28500
aes-gcm,512,1265,28300
aes-gcm,512,1266,28400
aes-gcm,512,1267,28800
aes-gcm,512,1268,28400
aes-gcm,512,1269,28400
aes-gcm,512,1270,28400
aes-gcm,512,1271,28700
aes-gcm,512,1272,28200
aes-gcm,512,1273,28200
aes-gcm,512,1274,28700
aes-gcm,512,1275,28200
aes-gcm,512,1276,28400
aes-gcm,512,1277,28700
aes-gcm,512,1278,28700
aes-gcm,512,1279,28300
aes-gcm,512,1280,28800
aes-gcm,512,1281,28300
aes-gcm,512,1282,28400
aes-gcm,512,1283,28300
aes-gcm,512,1284,28100
aes-gcm,512,1285,28300
aes-gcm,512,1286,28400
aes-gcm,512,1287,28600
aes-gcm,512,1288,28400
aes-gcm,512,1289,28600
aes-gcm,512,1290,28100
aes-gcm,512,1291,28600
aes-gcm,512,1292,28600
aes-gcm,512,1293,28400
aes-gcm,512,1294,28400
aes-gcm,512,1295,28400
aes-gcm,512,1296,28400
aes-gcm,512,1297,28200
aes-gcm,512,1298,28600
aes-gcm,512,1299,28400
aes-gcm,512,1300,29000
aes-gcm,512,1301,28500
aes-gcm,512,1302,35600
aes-gcm,512,1303,29300
aes-gcm,512,1304,28500
aes-gcm,512,1305,28500
aes-gcm,512,1306,28200
aes-gcm,512,1307,28900
aes-gcm,512,1308,28300
aes-gcm,512,1309,29300
aes-gcm,512,1310,28600
aes-gcm,512,1311,28300
aes-gcm,512,1312,28400
aes-gcm,512,1313,28400
aes-gcm,512,1314,28400
aes-gcm,512,1315,28200
aes-gcm,512,1316,28700
aes-gcm,512,1317,28200
aes-gcm,512,1318,28400
aes-gcm,512,1319,28600
aes-gcm,512,1320,28300
aes-gcm,512,1321,28500
aes-gcm,512,1322,28700
aes-gcm,512,1323,28300
aes-gcm,512,1324,28300
aes-gcm,512,1325,28600
aes-gcm,512,1326,28400
aes-gcm,512,1327,28400
aes-gcm,512,1328,28300
aes-gcm,512,1329,28200
aes-gcm,512,1330,28900
aes-gcm,512,1331,28500
aes-gcm,512,1332,28300
aes-gcm,512,1333,33000
aes-gcm,512,1334,28800
aes-gcm,512,1335,28200
aes-gcm,512,1336,28400
aes-gcm,512,1337,28500
aes-gcm,512,1338,28300
aes-gcm,512,1339,28600
aes-gcm,512,1340,28700
aes-gcm,512,1341,28600
aes-gcm,512,1342,28400
aes-gcm,512,1343,28500
aes-gcm,512,1344,28300
aes-gcm,512,1345,28200
aes-gcm,512,1346,28500
aes-gcm,512,1347,28200
aes-gcm,512,1348,28300
aes-gcm,512,1349,28300
aes-gcm,512,1350,28500
aes-gcm,512,1351,28200
aes-gcm,512,1352,28600
aes-gcm,512,1353,28600
aes-gcm,512,1354,73500
aes-gcm,512,1355,122700
aes-gcm,512,1356,56700
aes-gcm,512,1357,32900
aes-gcm,512,1358,30200
aes-gcm,512,1359,29400
aes-gcm,512,1360,28700
aes-gcm,512,1361,28700
aes-gcm,512,1362,32700
aes-gcm,512,1363,28700
aes-gcm,512,1364,29700
aes-gcm,512,1365,28800
aes-gcm,512,1366,29000
aes-gcm,512,1367,28700
aes-gcm,512,1368,28700
aes-gcm,512,1369,28300
aes-gcm,512,1370,28800
aes-gcm,512,1371,28300
aes-gcm,512,1372,28300
aes-gcm,512,1373,28300
aes-gcm,512,1374,28200
aes-gcm,512,1375,28300
aes-gcm,512,1376,28900
aes-gcm,512,1377,28500
aes-gcm,512,1378,28300
aes-gcm,512,1379,28700
aes-gcm,512,1380,28400
aes-gcm,512,1381,28500
aes-gcm,512,1382,28400
aes-gcm,512,1383,28300
aes-gcm,512,1384,28500
aes-gcm,512,1385,28400
aes-gcm,512,1386,29400
aes-gcm,512,1387,28600
aes-gcm,512,1388,28700
aes-gcm,512,1389,28200
aes-gcm,512,1390,28500
aes-gcm,512,1391,28700
aes-gcm,512,1392,28200
aes-gcm,512,1393,28400
aes-gcm,512,1394,28600
aes-gcm,512,1395,28400
aes-gcm,512,1396,29000
aes-gcm,512,1397,31500
aes-gcm,512,1398,28400
aes-gcm,512,1399,28400
aes-gcm,512,1400,28600
aes-gcm,512,1401,28400
aes-gcm,512,1402,28400
aes-gcm,512,1403,28500
aes-gcm,512,1404,28300
aes-gcm,512,1405,28400
aes-gcm,512,1406,28800
aes-gcm,512,1407,28300
aes-gcm,512,1408,28700
aes-gcm,512,1409,28400
aes-gcm,512,1410,28400
aes-gcm,512,1411,28400
aes-gcm,512,1412,28400
aes-gcm,512,1413,28400
aes-gcm,512,1414,28600
aes-gcm,512,1415,130400
aes-gcm,512,1416,86200
aes-gcm,512,1417,59300
aes-gcm,512,1418,36200
aes-gcm,512,1419,67400
aes-gcm,512,1420,125900
aes-gcm,512,1421,98500
aes-gcm,512,1422,44100
aes-gcm,512,1423,35000
aes-gcm,512,1424,114300
aes-gcm,512,1425,61500
aes-gcm,512,1426,99400
aes-gcm,512,1427,82900
aes-gcm,512,1428,56800
aes-gcm,512,1429,33400
aes-gcm,512,1430,31500
aes-gcm,512,1431,29800
aes-gcm,512,1432,67200
aes-gcm,512,1433,29400
aes-gcm,512,1434,33000
aes-gcm,512,1435,29000
aes-gcm,512,1436,52600
aes-gcm,512,1437,81200
aes-gcm,512,1438,38500
aes-gcm,512,1439,30100
aes-gcm,512,1440,29300
aes-gcm,512,1441,28900
aes-gcm,512,1442,29500
aes-gcm,512,1443,28400
aes-gcm,512,1444,28600
aes-gcm,512,1445,28400
aes-gcm,512,1446,28300
aes-gcm,512,1447,28600
aes-gcm,512,1448,28400
aes-gcm,512,1449,28600
aes-gcm,512,1450,28300
aes-gcm,512,1451,28700
aes-gcm,512,1452,28100
aes-gcm,512,1453,28500
aes-gcm,512,1454,28500
aes-gcm,512,1455,28400
aes-gcm,512,1456,28600
aes-gcm,512,1457,28400
aes-gcm,512,1458,28200
aes-gcm,512,1459,28300
aes-gcm,512,1460,28300
aes-gcm,512,1461,28000
aes-gcm,512,1462,28500
aes-gcm,512,1463,28300
aes-gcm,512,1464,28300
aes-gcm,512,1465,28400
aes-gcm,512,1466,28300
aes-gcm,512,1467,28600
aes-gcm,512,1468,28200
aes-gcm,512,1469,28500
aes-gcm,512,1470,28700
aes-gcm,512,1471,31000
aes-gcm,512,1472,28600
aes-gcm,512,1473,28400
aes-gcm,512,1474,28600
aes-gcm,512,1475,28300
aes-gcm,512,1476,28400
aes-gcm,512,1477,28200
aes-gcm,512,1478,28600
aes-gcm,512,1479,28200
aes-gcm,512,1480,28400
aes-gcm,512,1481,28800
aes-gcm,512,1482,28200
aes-gcm,512,1483,28700
aes-gcm,512,1484,28600
aes-gcm,512,1485,28400
aes-gcm,512,1486,28100
aes-gcm,512,1487,28400
aes-gcm,512,1488,28100
aes-gcm,512,1489,67000
aes-gcm,512,1490,122600
aes-gcm,512,1491,56400
aes-gcm,512,1492,35200
aes-gcm,512,1493,29600
aes-gcm,512,1494,29700
aes-gcm,512,1495,28500
aes-gcm,512,1496,28900
aes-gcm,512,1497,28900
aes-gcm,512,1498,29100
aes-gcm,512,1499,28800
aes-gcm,512,1500,28600
aes-gcm,512,1501,29200
aes-gcm,512,1502,28600
aes-gcm,512,1503,28400
aes-gcm,512,1504,28400
aes-gcm,512,1505,28700
aes-gcm,512,1506,132400
aes-gcm,512,1507,83200
aes-gcm,512,1508,39000
aes-gcm,512,1509,30200
aes-gcm,512,1510,29300
aes-gcm,512,1511,29100
aes-gcm,512,1512,28900
aes-gcm,512,1513,28700
aes-gcm,512,1514,29000
aes-gcm,512,1515,28700
aes-gcm,512,1516,28500
aes-gcm,512,1517,28300
aes-gcm,512,1518,28300
aes-gcm,512,1519,28500
aes-gcm,512,1520,28500
aes-gcm,512,1521,28400
aes-gcm,512,1522,28400
aes-gcm,512,1523,28600
aes-gcm,512,1524,28400
aes-gcm,512,1525,28600
aes-gcm,512,1526,28700
aes-gcm,512,1527,28300
aes-gcm,512,1528,28900
aes-gcm,512,1529,28400
aes-gcm,512,1530,28600
aes-gcm,512,1531,28200
aes-gcm,512,1532,28900
aes-gcm,512,1533,28200
aes-gcm,512,1534,28400
aes-gcm,512,1535,28700
aes-gcm,512,1536,28300
aes-gcm,512,1537,28600
aes-gcm,512,1538,28500
aes-gcm,512,1539,28400
aes-gcm,512,1540,28300
aes-gcm,512,1541,28500
aes-gcm,512,1542,28200
aes-gcm,512,1543,28300
aes-gcm,512,1544,28500
aes-gcm,512,1545,28100
aes-gcm,512,1546,28400
aes-gcm,512,1547,28500
aes-gcm,512,1548,28400
aes-gcm,512,1549,28200
aes-gcm,512,1550,28500
aes-gcm,512,1551,28300
aes-gcm,512,1552,28300
aes-gcm,512,1553,28500
aes-gcm,512,1554,28800
aes-gcm,512,1555,29300
aes-gcm,512,1556,28600
aes-gcm,512,1557,28400
aes-gcm,512,1558,28200
aes-gcm,512,1559,28600
aes-gcm,512,1560,28100
aes-gcm,512,1561,28300
aes-gcm,512,1562,28700
aes-gcm,512,1563,47500
aes-gcm,512,1564,28800
aes-gcm,512,1565,28600
aes-gcm,512,1566,28500
aes-gcm,512,1567,28200
aes-gcm,512,1568,28500
aes-gcm,512,1569,28100
aes-gcm,512,1570,28500
aes-gcm,512,1571,28700
aes-gcm,512,1572,28300
aes-gcm,512,1573,28400
aes-gcm,512,1574,28600
aes-gcm,512,1575,28500
aes-gcm,512,1576,28300
aes-gcm,512,1577,28600
aes-gcm,512,1578,28300
aes-gcm,512,1579,28400
aes-gcm,512,1580,28600
aes-gcm,512,1581,28300
aes-gcm,512,1582,78500
aes-gcm,512,1583,131200
aes-gcm,512,1584,136900
aes-gcm,512,1585,96500
aes-gcm,512,1586,60500
aes-gcm,512,1587,32500
aes-gcm,512,1588,30600
aes-gcm,512,1589,28700
aes-gcm,512,1590,28500
aes-gcm,512,1591,28700
aes-gcm,512,1592,68800
aes-gcm,512,1593,72200
aes-gcm,512,1594,83200
aes-gcm,512,1595,126700
aes-gcm,512,1596,57300
aes-gcm,512,1597,32600
aes-gcm,512,1598,30000
aes-gcm,512,1599,28700
aes-gcm,512,1600,29600
aes-gcm,512,1601,28700
aes-gcm,512,1602,28600
aes-gcm,512,1603,28400
aes-gcm,512,1604,28900
aes-gcm,512,1605,28300
aes-gcm,512,1606,28600
aes-gcm,512,1607,28600
aes-gcm,512,1608,28500
aes-gcm,512,1609,27300
aes-gcm,512,1610,28800
aes-gcm,512,1611,28700
aes-gcm,512,1612,28200
aes-gcm,512,1613,28700
aes-gcm,512,1614,28300
aes-gcm,512,1615,28500
aes-gcm,512,1616,28600
aes-gcm,512,1617,28200
aes-gcm,512,1618,28500
aes-gcm,512,1619,29100
aes-gcm,512,1620,28500
aes-gcm,512,1621,28300
aes-gcm,512,1622,29200
aes-gcm,512,1623,28300
aes-gcm,512,1624,28300
aes-gcm,512,1625,28600
aes-gcm,512,1626,28400
aes-gcm,512,1627,28600
aes-gcm,512,1628,28700
aes-gcm,512,1629,28400
aes-gcm,512,1630,28000
aes-gcm,512,1631,28400
aes-gcm,512,1632,28400
aes-gcm,512,1633,28400
aes-gcm,512,1634,28300
aes-gcm,512,1635,28300
aes-gcm,512,1636,28500
aes-gcm,512,1637,28400
aes-gcm,512,1638,28700
aes-gcm,512,1639,28400
aes-gcm,512,1640,28700
aes-gcm,512,1641,28400
aes-gcm,512,1642,28300
aes-gcm,512,1643,28500
aes-gcm,512,1644,28400
aes-gcm,512,1645,28300
aes-gcm,512,1646,28700
aes-gcm,512,1647,28400
aes-gcm,512,1648,28200
aes-gcm,512,1649,28600
aes-gcm,512,1650,28400
aes-gcm,512,1651,28400
aes-gcm,512,1652,28200
aes-gcm,512,1653,28500
aes-gcm,512,1654,28600
aes-gcm,512,1655,28400
aes-gcm,512,1656,28600
aes-gcm,512,1657,27900
aes-gcm,512,1658,28700
aes-gcm,512,1659,28100
aes-gcm,512,1660,28700
aes-gcm,512,1661,28800
aes-gcm,512,1662,28400
aes-gcm,512,1663,28300
aes-gcm,512,1664,28400
aes-gcm,512,1665,28400
aes-gcm,512,1666,28500
aes-gcm,512,1667,28800
aes-gcm,512,1668,28400
aes-gcm,512,1669,28300
aes-gcm,512,1670,28600
aes-gcm,512,1671,28500
aes-gcm,512,1672,28600
aes-gcm,512,1673,28500
aes-gcm,512,1674,28500
aes-gcm,512,1675,28400
aes-gcm,512,1676,28700
aes-gcm,512,1677,28200
aes-gcm,512,1678,30200
aes-gcm,512,1679,28300
aes-gcm,512,1680,28500
aes-gcm,512,1681,28500
aes-gcm,512,1682,28600
aes-gcm,512,1683,28900
aes-gcm,512,1684,28300
aes-gcm,512,1685,28800
aes-gcm,512,1686,28800
aes-gcm,512,1687,28400
aes-gcm,512,1688,28500
aes-gcm,512,1689,28300
aes-gcm,512,1690,28400
aes-gcm,512,1691,28500
aes-gcm,512,1692,28700
aes-gcm,512,1693,28200
aes-gcm,512,1694,28900
aes-gcm,512,1695,28200
aes-gcm,512,1696,28900
aes-gcm,512,1697,28500
aes-gcm,512,1698,28300
aes-gcm,512,1699,28400
aes-gcm,512,1700,28500
aes-gcm,512,1701,28400
aes-gcm,512,1702,28100
aes-gcm,512,1703,28600
aes-gcm,512,1704,28100
aes-gcm,512,1705,28300
aes-gcm,512,1706,28800
aes-gcm,512,1707,28400
aes-gcm,512,1708,28400
aes-gcm,512,1709,28300
aes-gcm,512,1710,28700
aes-gcm,512,1711,28300
aes-gcm,512,1712,28600
aes-gcm,512,1713,27800
aes-gcm,512,1714,28600
aes-gcm,512,1715,28500
aes-gcm,512,1716,28300
aes-gcm,512,1717,28500
aes-gcm,512,1718,28600
aes-gcm,512,1719,28500
aes-gcm,512,1720,28400
aes-gcm,512,1721,28800
aes-gcm,512,1722,28400
aes-gcm,512,1723,28500
aes-gcm,512,1724,28800
aes-gcm,512,1725,28500
aes-gcm,512,1726,28600
aes-gcm,512,1727,28400
aes-gcm,512,1728,28600
aes-gcm,512,1729,28100
aes-gcm,512,1730,28600
aes-gcm,512,1731,44600
aes-gcm,512,1732,85600
aes-gcm,512,1733,123700
aes-gcm,512,1734,140600
aes-gcm,512,1735,129700
aes-gcm,512,1736,122300
aes-gcm,512,1737,57300
aes-gcm,512,1738,32500
aes-gcm,512,1739,30100
aes-gcm,512,1740,29000
aes-gcm,512,1741,28900
aes-gcm,512,1742,28900
aes-gcm,512,1743,28500
aes-gcm,512,1744,29500
aes-gcm,512,1745,28600
aes-gcm,512,1746,28700
aes-gcm,512,1747,129100
aes-gcm,512,1748,84400
aes-gcm,512,1749,38200
aes-gcm,512,1750,30800
aes-gcm,512,1751,29600
aes-gcm,512,1752,28600
aes-gcm,512,1753,28900
aes-gcm,512,1754,28400
aes-gcm,512,1755,28700
aes-gcm,512,1756,28200
aes-gcm,512,1757,28600
aes-gcm,512,1758,28100
aes-gcm,512,1759,28900
aes-gcm,512,1760,28600
aes-gcm,512,1761,28400
aes-gcm,512,1762,28300
aes-gcm,512,1763,28400
aes-gcm,512,1764,28500
aes-gcm,512,1765,28500
aes-gcm,512,1766,28500
aes-gcm,512,1767,28000
aes-gcm,512,1768,28400
aes-gcm,512,1769,28200
aes-gcm,512,1770,28400
aes-gcm,512,1771,28400
aes-gcm,512,1772,28500
aes-gcm,512,1773,28600
aes-gcm,512,1774,28200
aes-gcm,512,1775,28500
aes-gcm,512,1776,28200
aes-gcm,512,1777,28400
aes-gcm,512,1778,49900
aes-gcm,512,1779,44500
aes-gcm,512,1780,37400
aes-gcm,512,1781,30400
aes-gcm,512,1782,30100
aes-gcm,512,1783,29500
aes-gcm,512,1784,29800
aes-gcm,512,1785,28400
aes-gcm,512,1786,29300
aes-gcm,512,1787,29400
aes-gcm,512,1788,29400
aes-gcm,512,1789,86400
aes-gcm,512,1790,57300
aes-gcm,512,1791,32600
aes-gcm,512,1792,29300
aes-gcm,512,1793,29500
aes-gcm,512,1794,28700
aes-gcm,512,1795,28800
aes-gcm,512,1796,29300
aes-gcm,512,1797,29200
aes-gcm,512,1798,28500
aes-gcm,512,1799,28700
aes-gcm,512,1800,28600
aes-gcm,512,1801,28700
aes-gcm,512,1802,28800
aes-gcm,512,1803,28400
aes-gcm,512,1804,28600
aes-gcm,512,1805,28500
aes-gcm,512,1806,28700
aes-gcm,512,1807,28600
aes-gcm,512,1808,29100
aes-gcm,512,1809,28700
aes-gcm,512,1810,29100
aes-gcm,512,1811,28700
aes-gcm,512,1812,28600
aes-gcm,512,1813,28600
aes-gcm,512,1814,28700
aes-gcm,512,1815,28400
aes-gcm,512,1816,28500
aes-gcm,512,1817,28400
aes-gcm,512,1818,28700
aes-gcm,512,1819,28300
aes-gcm,512,1820,28900
aes-gcm,512,1821,28400
aes-gcm,512,1822,30500
aes-gcm,512,1823,28900
aes-gcm,512,1824,28400
aes-gcm,512,1825,28400
aes-gcm,512,1826,28600
aes-gcm,512,1827,28300
aes-gcm,512,1828,28300
aes-gcm,512,1829,28800
aes-gcm,512,1830,28500
aes-gcm,512,1831,28400
aes-gcm,512,1832,28500
aes-gcm,512,1833,28600
aes-gcm,512,1834,29100
aes-gcm,512,1835,28400
aes-gcm,512,1836,28600
aes-gcm,512,1837,28300
aes-gcm,512,1838,28400
aes-gcm,512,1839,28400
aes-gcm,512,1840,28900
aes-gcm,512,1841,28600
aes-gcm,512,1842,28200
aes-gcm,512,1843,28400
aes-gcm,512,1844,28700
aes-gcm,512,1845,28400
aes-gcm,512,1846,28400
aes-gcm,512,1847,28800
aes-gcm,512,1848,28400
aes-gcm,512,1849,28400
aes-gcm,512,1850,28800
aes-gcm,512,1851,28500
aes-gcm,512,1852,28600
aes-gcm,512,1853,28700
aes-gcm,512,1854,28700
aes-gcm,512,1855,28500
aes-gcm,512,1856,28700
aes-gcm,512,1857,27600
aes-gcm,512,1858,28700
aes-gcm,512,1859,28700
aes-gcm,512,1860,28300
aes-gcm,512,1861,28400
aes-gcm,512,1862,28800
aes-gcm,512,1863,28600
aes-gcm,512,1864,28200
aes-gcm,512,1865,28800
aes-gcm,512,1866,28800
aes-gcm,512,1867,28600
aes-gcm,512,1868,28500
aes-gcm,512,1869,28200
aes-gcm,512,1870,28500
aes-gcm,512,1871,28600
aes-gcm,512,1872,28500
aes-gcm,512,1873,28300
aes-gcm,512,1874,29300
aes-gcm,512,1875,28100
aes-gcm,512,1876,28500
aes-gcm,512,1877,28400
aes-gcm,512,1878,28100
aes-gcm,512,1879,28400
aes-gcm,512,1880,28600
aes-gcm,512,1881,28300
aes-gcm,512,1882,28400
aes-gcm,512,1883,28900
aes-gcm,512,1884,28100
aes-gcm,512,1885,28400
aes-gcm,512,1886,28500
aes-gcm,512,1887,28400
aes-gcm,512,1888,28600
aes-gcm,512,1889,29100
aes-gcm,512,1890,28800
aes-gcm,512,1891,28400
aes-gcm,512,1892,123700
aes-gcm,512,1893,202200
aes-gcm,512,1894,126300
aes-gcm,512,1895,59900
aes-gcm,512,1896,32400
aes-gcm,512,1897,29400
aes-gcm,512,1898,29300
aes-gcm,512,1899,29500
aes-gcm,512,1900,28500
aes-gcm,512,1901,29200
aes-gcm,512,1902,28400
aes-gcm,512,1903,28500
aes-gcm,512,1904,28600
aes-gcm,512,1905,28400
aes-gcm,512,1906,28500
aes-gcm,512,1907,28500
aes-gcm,512,1908,28500
aes-gcm,512,1909,28400
aes-gcm,512,1910,28700
aes-gcm,512,1911,28300
aes-gcm,512,1912,33000
aes-gcm,512,1913,28700
aes-gcm,512,1914,28400
aes-gcm,512,1915,28500
aes-gcm,512,1916,28800
aes-gcm,512,1917,28600
aes-gcm,512,1918,28700
aes-gcm,512,1919,28800
aes-gcm,512,1920,28500
aes-gcm,512,1921,28600
aes-gcm,512,1922,28600
aes-gcm,512,1923,28200
aes-gcm,512,1924,28300
aes-gcm,512,1925,28700
aes-gcm,512,1926,28500
aes-gcm,512,1927,28200
aes-gcm,512,1928,28900
aes-gcm,512,1929,28200
aes-gcm,512,1930,35100
aes-gcm,512,1931,53500
aes-gcm,512,1932,45100
aes-gcm,512,1933,34500
aes-gcm,512,1934,29300
aes-gcm,512,1935,28600
aes-gcm,512,1936,28400
aes-gcm,512,1937,28500
aes-gcm,512,1938,31300
aes-gcm,512,1939,28500
aes-gcm,512,1940,28400
aes-gcm,512,1941,28500
aes-gcm,512,1942,28700
aes-gcm,512,1943,28300
aes-gcm,512,1944,28200
aes-gcm,512,1945,28500
aes-gcm,512,1946,28900
aes-gcm,512,1947,28200
aes-gcm,512,1948,28600
aes-gcm,512,1949,28600
aes-gcm,512,1950,28200
aes-gcm,512,1951,28500
aes-gcm,512,1952,28900
aes-gcm,512,1953,28600
aes-gcm,512,1954,28400
aes-gcm,512,1955,28600
aes-gcm,512,1956,28300
aes-gcm,512,1957,28400
aes-gcm,512,1958,28300
aes-gcm,512,1959,28500
aes-gcm,512,1960,28600
aes-gcm,512,1961,28600
aes-gcm,512,1962,28400
aes-gcm,512,1963,28500
aes-gcm,512,1964,28700
aes-gcm,512,1965,28200
aes-gcm,512,1966,28500
aes-gcm,512,1967,28500
aes-gcm,512,1968,28300
aes-gcm,512,1969,28400
aes-gcm,512,1970,28600
aes-gcm,512,1971,28800
aes-gcm,512,1972,28400
aes-gcm,512,1973,28500
aes-gcm,512,1974,28600
aes-gcm,512,1975,28400
aes-gcm,512,1976,28700
aes-gcm,512,1977,28300
aes-gcm,512,1978,28300
aes-gcm,512,1979,28600
aes-gcm,512,1980,28600
aes-gcm,512,1981,28500
aes-gcm,512,1982,28500
aes-gcm,512,1983,28300
aes-gcm,512,1984,28400
aes-gcm,512,1985,28500
aes-gcm,512,1986,28200
aes-gcm,512,1987,28300
aes-gcm,512,1988,28600
aes-gcm,512,1989,28500
aes-gcm,512,1990,28300
aes-gcm,512,1991,28700
aes-gcm,512,1992,28700
aes-gcm,512,1993,28600
aes-gcm,512,1994,28500
aes-gcm,512,1995,28600
aes-gcm,512,1996,29100
aes-gcm,512,1997,28600
aes-gcm,512,1998,28800
aes-gcm,512,1999,28400
aes-gcm,2048,0,28600
aes-gcm,2048,1,29100
aes-gcm,2048,2,29900
aes-gcm,2048,3,37700
aes-gcm,2048,4,92900
aes-gcm,2048,5,142100
aes-gcm,2048,6,89200
aes-gcm,2048,7,38100
aes-gcm,2048,8,30800
aes-gcm,2048,9,29200
aes-gcm,2048,10,29100
aes-gcm,2048,11,29600
aes-gcm,2048,12,29000
aes-gcm,2048,13,29300
aes-gcm,2048,14,28900
aes-gcm,2048,15,29600
aes-gcm,2048,16,28800
aes-gcm,2048,17,29100
aes-gcm,2048,18,28800
aes-gcm,2048,19,28900
aes-gcm,2048,20,29000
aes-gcm,2048,21,28700
aes-gcm,2048,22,29100
aes-gcm,2048,23,28800
aes-gcm,2048,24,28900
aes-gcm,2048,25,28500
aes-gcm,2048,26,29200
aes-gcm,2048,27,28700
aes-gcm,2048,28,28900
aes-gcm,2048,29,28900
aes-gcm,2048,30,28500
aes-gcm,2048,31,28900
aes-gcm,2048,32,28800
aes-gcm,2048,33,29000
aes-gcm,2048,34,28700
aes-gcm,2048,35,29000
aes-gcm,2048,36,28700
aes-gcm,2048,37,29000
aes-gcm,2048,38,28800
aes-gcm,2048,39,28800
aes-gcm,2048,40,28700
aes-gcm,2048,41,28700
aes-gcm,2048,42,26800
aes-gcm,2048,43,28900
aes-gcm,2048,44,28900
aes-gcm,2048,45,28500
aes-gcm,2048,46,28900
aes-gcm,2048,47,29200
aes-gcm,2048,48,28400
aes-gcm,2048,49,28600
aes-gcm,2048,50,28600
aes-gcm,2048,51,28700
aes-gcm,2048,52,28700
aes-gcm,2048,53,28900
aes-gcm,2048,54,28700
aes-gcm,2048,55,28800
aes-gcm,2048,56,28600
aes-gcm,2048,57,28600
aes-gcm,2048,58,29800
aes-gcm,2048,59,28600
aes-gcm,2048,60,28500
aes-gcm,2048,61,28800
aes-gcm,2048,62,29100
aes-gcm,2048,63,28300
aes-gcm,2048,64,28800
aes-gcm,2048,65,29500
aes-gcm,2048,66,28400
aes-gcm,2048,67,29000
aes-gcm,2048,68,29000
aes-gcm,2048,69,28900
aes-gcm,2048,70,28600
aes-gcm,2048,71,28900
aes-gcm,2048,72,28700
aes-gcm,2048,73,28700
aes-gcm,2048,74,28800
aes-gcm,2048,75,28600
aes-gcm,2048,76,28800
aes-gcm,2048,77,31300
aes-gcm,2048,78,28900
aes-gcm,2048,79,28800
aes-gcm,2048,80,29100
aes-gcm,2048,81,28500
aes-gcm,2048,82,28700
aes-gcm,2048,83,28700
aes-gcm,2048,84,28500
aes-gcm,2048,85,28800
aes-gcm,2048,86,29000
aes-gcm,2048,87,28800
aes-gcm,2048,88,28600
aes-gcm,2048,89,29100
aes-gcm,2048,90,28700
aes-gcm,2048,91,28700
aes-gcm,2048,92,29000
aes-gcm,2048,93,28600
aes-gcm,2048,94,28700
aes-gcm,2048,95,28900
aes-gcm,2048,96,29800
aes-gcm,2048,97,28700
aes-gcm,2048,98,28900
aes-gcm,2048,99,28600
aes-gcm,2048,100,28800
aes-gcm,2048,101,28900
aes-gcm,2048,102,28500
aes-gcm,2048,103,28800
aes-gcm,2048,104,28800
aes-gcm,2048,105,28800
aes-gcm,2048,106,28600
aes-gcm,2048,107,29300
aes-gcm,2048,108,28500
aes-gcm,2048,109,28800
aes-gcm,2048,110,28600
aes-gcm,2048,111,34000
aes-gcm,2048,112,28900
aes-gcm,2048,113,28900
aes-gcm,2048,114,28900
aes-gcm,2048,115,28600
aes-gcm,2048,116,28800
aes-gcm,2048,117,28600
aes-gcm,2048,118,28800
aes-gcm,2048,119,28800
aes-gcm,2048,120,28600
aes-gcm,2048,121,28800
aes-gcm,2048,122,29100
aes-gcm,2048,123,28700
aes-gcm,2048,124,28500
aes-gcm,2048,125,29300
aes-gcm,2048,126,28500
aes-gcm,2048,127,28900
aes-gcm,2048,128,28700
aes-gcm,2048,129,29500
aes-gcm,2048,130,28800
aes-gcm,2048,131,28900
aes-gcm,2048,132,29100
aes-gcm,2048,133,28600
aes-gcm,2048,134,28900
aes-gcm,2048,135,28600
aes-gcm,2048,136,28800
aes-gcm,2048,137,28900
aes-gcm,2048,138,28600
aes-gcm,2048,139,29000
aes-gcm,2048,140,28900
aes-gcm,2048,141,28700
aes-gcm,2048,142,28700
aes-gcm,2048,143,29100
aes-gcm,2048,144,28600
aes-gcm,2048,145,28700
aes-gcm,2048,146,28600
aes-gcm,2048,147,28700
aes-gcm,2048,148,28800
aes-gcm,2048,149,28800
aes-gcm,2048,150,28900
aes-gcm,2048,151,28600
aes-gcm,2048,152,28900
aes-gcm,2048,153,28800
aes-gcm,2048,154,28900
aes-gcm,2048,155,28700
aes-gcm,2048,156,28700
aes-gcm,2048,157,28900
aes-gcm,2048,158,28700
aes-gcm,2048,159,28900
aes-gcm,2048,160,28600
aes-gcm,2048,161,29000
aes-gcm,2048,162,28700
aes-gcm,2048,163,28600
aes-gcm,2048,164,28900
aes-gcm,2048,165,28500
aes-gcm,2048,166,29000
aes-gcm,2048,167,28800
aes-gcm,2048,168,28900
aes-gcm,2048,169,28700
aes-gcm,2048,170,28900
aes-gcm,2048,171,28600
aes-gcm,2048,172,28900
aes-gcm,2048,173,28800
aes-gcm,2048,174,28500
aes-gcm,2048,175,29000
aes-gcm,2048,176,28700
aes-gcm,2048,177,28600
aes-gcm,2048,178,28500
aes-gcm,2048,179,30800
aes-gcm,2048,180,28300
aes-gcm,2048,181,28700
aes-gcm,2048,182,28800
aes-gcm,2048,183,28500
aes-gcm,2048,184,28900
aes-gcm,2048,185,28700
aes-gcm,2048,186,29800
aes-gcm,2048,187,28600
aes-gcm,2048,188,28900
aes-gcm,2048,189,28400
aes-gcm,2048,190,28700
aes-gcm,2048,191,28800
aes-gcm,2048,192,28700
aes-gcm,2048,193,29600
aes-gcm,2048,194,28800
aes-gcm,2048,195,28800
aes-gcm,2048,196,28800
aes-gcm,2048,197,29000
aes-gcm,2048,198,28600
aes-gcm,2048,199,28600
aes-gcm,2048,200,28900
aes-gcm,2048,201,28600
aes-gcm,2048,202,28700
aes-gcm,2048,203,28800
aes-gcm,2048,204,28600
aes-gcm,2048,205,28400
aes-gcm,2048,206,28800
aes-gcm,2048,207,28700
aes-gcm,2048,208,28800
aes-gcm,2048,209,28800
aes-gcm,2048,210,28700
aes-gcm,2048,211,28600
aes-gcm,2048,212,29300
aes-gcm,2048,213,28700
aes-gcm,2048,214,28900
aes-gcm,2048,215,29000
aes-gcm,2048,216,28800
aes-gcm,2048,217,28900
aes-gcm,2048,218,28900
aes-gcm,2048,219,28500
aes-gcm,2048,220,28800
aes-gcm,2048,221,28500
aes-gcm,2048,222,28900
aes-gcm,2048,223,28800
aes-gcm,2048,224,29000
aes-gcm,2048,225,28600
aes-gcm,2048,226,28600
aes-gcm,2048,227,28900
aes-gcm,2048,228,28700
aes-gcm,2048,229,28800
aes-gcm,2048,230,28800
aes-gcm,2048,231,28900
aes-gcm,2048,232,28600
aes-gcm,2048,233,29300
aes-gcm,2048,234,28700
aes-gcm,2048,235,28800
aes-gcm,2048,236,28700
aes-gcm,2048,237,28600
aes-gcm,2048,238,28700
aes-gcm,2048,239,28900
aes-gcm,2048,240,32900
aes-gcm,2048,241,28800
aes-gcm,2048,242,29000
aes-gcm,2048,243,28500
aes-gcm,2048,244,28800
aes-gcm,2048,245,28700
aes-gcm,2048,246,32700
aes-gcm,2048,247,28900
aes-gcm,2048,248,28700
aes-gcm,2048,249,28900
aes-gcm,2048,250,28800
aes-gcm,2048,251,29000
aes-gcm,2048,252,28700
aes-gcm,2048,253,28800
aes-gcm,2048,254,28700
aes-gcm,2048,255,28600
aes-gcm,2048,256,28900
aes-gcm,2048,257,29800
aes-gcm,2048,258,28800
aes-gcm,2048,259,28600
aes-gcm,2048,260,29200
aes-gcm,2048,261,28700
aes-gcm,2048,262,28800
aes-gcm,2048,263,28800
aes-gcm,2048,264,28700
aes-gcm,2048,265,28900
aes-gcm,2048,266,28700
aes-gcm,2048,267,29100
aes-gcm,2048,268,28700
aes-gcm,2048,269,131400
aes-gcm,2048,270,99900
aes-gcm,2048,271,81500
aes-gcm,2048,272,36200
aes-gcm,2048,273,29700
aes-gcm,2048,274,28900
aes-gcm,2048,275,29100
aes-gcm,2048,276,55500
aes-gcm,2048,277,70800
aes-gcm,2048,278,122300
aes-gcm,2048,279,58600
aes-gcm,2048,280,32500
aes-gcm,2048,281,30300
aes-gcm,2048,282,29100
aes-gcm,2048,283,29600
aes-gcm,2048,284,29000
aes-gcm,2048,285,29800
aes-gcm,2048,286,28700
aes-gcm,2048,287,35100
aes-gcm,2048,288,33300
aes-gcm,2048,289,30600
aes-gcm,2048,290,30100
aes-gcm,2048,291,29900
aes-gcm,2048,292,30000
aes-gcm,2048,293,29500
aes-gcm,2048,294,52200
aes-gcm,2048,295,46200
aes-gcm,2048,296,35700
aes-gcm,2048,297,30800
aes-gcm,2048,298,30200
aes-gcm,2048,299,31000
aes-gcm,2048,300,97200
aes-gcm,2048,301,108600
aes-gcm,2048,302,113300
aes-gcm,2048,303,61500
aes-gcm,2048,304,204700
aes-gcm,2048,305,108100
aes-gcm,2048,306,58800
aes-gcm,2048,307,33100
aes-gcm,2048,308,30900
aes-gcm,2048,309,29600
aes-gcm,2048,310,29700
aes-gcm,2048,311,29500
aes-gcm,2048,312,28900
aes-gcm,2048,313,28900
aes-gcm,2048,314,36000
aes-gcm,2048,315,29000
aes-gcm,2048,316,29000
aes-gcm,2048,317,28800
aes-gcm,2048,318,28600
aes-gcm,2048,319,29200
aes-gcm,2048,320,29600
aes-gcm,2048,321,28900
aes-gcm,2048,322,28700
aes-gcm,2048,323,29100
aes-gcm,2048,324,28800
aes-gcm,2048,325,28800
aes-gcm,2048,326,29000
aes-gcm,2048,327,28700
aes-gcm,2048,328,28800
aes-gcm,2048,329,29100
aes-gcm,2048,330,29200
aes-gcm,2048,331,28800
aes-gcm,2048,332,28800
aes-gcm,2048,333,28600
aes-gcm,2048,334,28900
aes-gcm,2048,335,28800
aes-gcm,2048,336,29000
aes-gcm,2048,337,28900
aes-gcm,2048,338,28800
aes-gcm,2048,339,28800
aes-gcm,2048,340,28900
aes-gcm,2048,341,28900
aes-gcm,2048,342,28900
aes-gcm,2048,343,28800
aes-gcm,2048,344,28700
aes-gcm,2048,345,28600
aes-gcm,2048,346,28900
aes-gcm,2048,347,28700
aes-gcm,2048,348,34800
aes-gcm,2048,349,28800
aes-gcm,2048,350,29000
aes-gcm,2048,351,28900
aes-gcm,2048,352,28900
aes-gcm,2048,353,28600
aes-gcm,2048,354,28500
aes-gcm,2048,355,28800
aes-gcm,2048,356,28700
aes-gcm,2048,357,28900
aes-gcm,2048,358,28700
aes-gcm,2048,359,29000
aes-gcm,2048,360,28700
aes-gcm,2048,361,28700
aes-gcm,2048,362,28900
aes-gcm,2048,363,28700
aes-gcm,2048,364,28800
aes-gcm,2048,365,28600
aes-gcm,2048,366,28800
aes-gcm,2048,367,28700
aes-gcm,2048,368,28900
aes-gcm,2048,369,28600
aes-gcm,2048,370,29000
aes-gcm,2048,371,28800
aes-gcm,2048,372,28500
aes-gcm,2048,373,28700
aes-gcm,2048,374,28800
aes-gcm,2048,375,28700
aes-gcm,2048,376,28600
aes-gcm,2048,377,28800
aes-gcm,2048,378,29000
aes-gcm,2048,379,28700
aes-gcm,2048,380,28900
aes-gcm,2048,381,28500
aes-gcm,2048,382,31800
aes-gcm,2048,383,26400
aes-gcm,2048,384,29900
aes-gcm,2048,385,28600
aes-gcm,2048,386,28800
aes-gcm,2048,387,28500
aes-gcm,2048,388,28800
aes-gcm,2048,389,29000
aes-gcm,2048,390,28800
aes-gcm,2048,391,28900
aes-gcm,2048,392,28500
aes-gcm,2048,393,28700
aes-gcm,2048,394,28800
aes-gcm,2048,395,28900
aes-gcm,2048,396,28500
aes-gcm,2048,397,28900
aes-gcm,2048,398,28700
aes-gcm,2048,399,28800
aes-gcm,2048,400,29100
aes-gcm,2048,401,28900
aes-gcm,2048,402,28900
aes-gcm,2048,403,28600
aes-gcm,2048,404,29200
aes-gcm,2048,405,28500
aes-gcm,2048,406,28600
aes-gcm,2048,407,28700
aes-gcm,2048,408,28700
aes-gcm,2048,409,28900
aes-gcm,2048,410,29000
aes-gcm,2048,411,28900
aes-gcm,2048,412,29200
aes-gcm,2048,413,29100
aes-gcm,2048,414,28500
aes-gcm,2048,415,29000
aes-gcm,2048,416,28800
aes-gcm,2048,417,28500
aes-gcm,2048,418,28700
aes-gcm,2048,419,28700
aes-gcm,2048,420,28800
aes-gcm,2048,421,28900
aes-gcm,2048,422,29000
aes-gcm,2048,423,28700
aes-gcm,2048,424,28700
aes-gcm,2048,425,28700
aes-gcm,2048,426,28800
aes-gcm,2048,427,29000
aes-gcm,2048,428,28900
aes-gcm,2048,429,28800
aes-gcm,2048,430,28600
aes-gcm,2048,431,28900
aes-gcm,2048,432,28600
aes-gcm,2048,433,28600
aes-gcm,2048,434,28700
aes-gcm,2048,435,28300
aes-gcm,2048,436,28800
aes-gcm,2048,437,28600
aes-gcm,2048,438,28600
aes-gcm,2048,439,28700
aes-gcm,2048,440,29000
aes-gcm,2048,441,28400
aes-gcm,2048,442,29100
aes-gcm,2048,443,28900
aes-gcm,2048,444,28700
aes-gcm,2048,445,28800
aes-gcm,2048,446,28600
aes-gcm,2048,447,29000
aes-gcm,2048,448,29200
aes-gcm,2048,449,29200
aes-gcm,2048,450,28600
aes-gcm,2048,451,30300
aes-gcm,2048,452,28800
aes-gcm,2048,453,28900
aes-gcm,2048,454,28900
aes-gcm,2048,455,28800
aes-gcm,2048,456,28700
aes-gcm,2048,457,28700
aes-gcm,2048,458,30600
aes-gcm,2048,459,28600
aes-gcm,2048,460,28900
aes-gcm,2048,461,28900
aes-gcm,2048,462,28800
aes-gcm,2048,463,28900
aes-gcm,2048,464,29000
aes-gcm,2048,465,28700
aes-gcm,2048,466,28600
aes-gcm,2048,467,29000
aes-gcm,2048,468,28800
aes-gcm,2048,469,29100
aes-gcm,2048,470,28900
aes-gcm,2048,471,28600
aes-gcm,2048,472,70000
aes-gcm,2048,473,76000
aes-gcm,2048,474,86600
aes-gcm,2048,475,76500
aes-gcm,2048,476,46000
aes-gcm,2048,477,30300
aes-gcm,2048,478,113400
aes-gcm,2048,479,43600
aes-gcm,2048,480,132900
aes-gcm,2048,481,87000
aes-gcm,2048,482,39300
aes-gcm,2048,483,31600
aes-gcm,2048,484,29500
aes-gcm,2048,485,29700
aes-gcm,2048,486,29100
aes-gcm,2048,487,29000
aes-gcm,2048,488,29100
aes-gcm,2048,489,28800
aes-gcm,2048,490,28800
aes-gcm,2048,491,29400
aes-gcm,2048,492,29300
aes-gcm,2048,493,29200
aes-gcm,2048,494,29200
aes-gcm,2048,495,29100
aes-gcm,2048,496,28900
aes-gcm,2048,497,29000
aes-gcm,2048,498,28500
aes-gcm,2048,499,28700
aes-gcm,2048,500,28800
aes-gcm,2048,501,29100
aes-gcm,2048,502,32300
aes-gcm,2048,503,29700
aes-gcm,2048,504,29300
aes-gcm,2048,505,29100
aes-gcm,2048,506,28800
aes-gcm,2048,507,28700
aes-gcm,2048,508,28800
aes-gcm,2048,509,29000
aes-gcm,2048,510,28900
aes-gcm,2048,511,28700
aes-gcm,2048,512,30100
aes-gcm,2048,513,29200
aes-gcm,2048,514,29000
aes-gcm,2048,515,28900
aes-gcm,2048,516,28600
aes-gcm,2048,517,28800
aes-gcm,2048,518,28800
aes-gcm,2048,519,28800
aes-gcm,2048,520,28600
aes-gcm,2048,521,29000
aes-gcm,2048,522,28500
aes-gcm,2048,523,29100
aes-gcm,2048,524,29100
aes-gcm,2048,525,28700
aes-gcm,2048,526,28800
aes-gcm,2048,527,28900
aes-gcm,2048,528,28700
aes-gcm,2048,529,28700
aes-gcm,2048,530,29100
aes-gcm,2048,531,28700
aes-gcm,2048,532,28900
aes-gcm,2048,533,29200
aes-gcm,2048,534,28600
aes-gcm,2048,535,29000
aes-gcm,2048,536,29800
aes-gcm,2048,537,28800
aes-gcm,2048,538,28600
aes-gcm,2048,539,29100
aes-gcm,2048,540,29800
aes-gcm,2048,541,28900
aes-gcm,2048,542,29000
aes-gcm,2048,543,28700
aes-gcm,2048,544,28900
aes-gcm,2048,545,28900
aes-gcm,2048,546,29000
aes-gcm,2048,547,28800
aes-gcm,2048,548,29000
aes-gcm,2048,549,28600
aes-gcm,2048,550,28900
aes-gcm,2048,551,28900
aes-gcm,2048,552,28400
aes-gcm,2048,553,29000
aes-gcm,2048,554,28800
aes-gcm,2048,555,29000
aes-gcm,2048,556,28800
aes-gcm,2048,557,29000
aes-gcm,2048,558,28600
aes-gcm,2048,559,28700
aes-gcm,2048,560,28700
aes-gcm,2048,561,28900
aes-gcm,2048,562,28700
aes-gcm,2048,563,28900
aes-gcm,2048,564,28700
aes-gcm,2048,565,28500
aes-gcm,2048,566,28800
aes-gcm,2048,567,28900
aes-gcm,2048,568,28900
aes-gcm,2048,569,28800
aes-gcm,2048,570,28500
aes-gcm,2048,571,29000
aes-gcm,2048,572,28700
aes-gcm,2048,573,29100
aes-gcm,2048,574,28800
aes-gcm,2048,575,29700
aes-gcm,2048,576,28600
aes-gcm,2048,577,28900
aes-gcm,2048,578,29000
aes-gcm,2048,579,28400
aes-gcm,2048,580,28800
aes-gcm,2048,581,28800
aes-gcm,2048,582,28600
aes-gcm,2048,583,28700
aes-gcm,2048,584,29100
aes-gcm,2048,585,28500
aes-gcm,2048,586,28900
aes-gcm,2048,587,29100
aes-gcm,2048,588,28700
aes-gcm,2048,589,29100
aes-gcm,2048,590,28900
aes-gcm,2048,591,28800
aes-gcm,2048,592,28500
aes-gcm,2048,593,29100
aes-gcm,2048,594,28700
aes-gcm,2048,595,28700
aes-gcm,2048,596,28800
aes-gcm,2048,597,28600
aes-gcm,2048,598,28800
aes-gcm,2048,599,28800
aes-gcm,2048,600,28900
aes-gcm,2048,601,28600
aes-gcm,2048,602,29000
aes-gcm,2048,603,29700
aes-gcm,2048,604,28700
aes-gcm,2048,605,30600
aes-gcm,2048,606,28600
aes-gcm,2048,607,28800
aes-gcm,2048,608,28700
aes-gcm,2048,609,28800
aes-gcm,2048,610,28700
aes-gcm,2048,611,29000
aes-gcm,2048,612,28400
aes-gcm,2048,613,28900
aes-gcm,2048,614,28700
aes-gcm,2048,615,28500
aes-gcm,2048,616,28800
aes-gcm,2048,617,28600
aes-gcm,2048,618,28700
aes-gcm,2048,619,28800
aes-gcm,2048,620,29200
aes-gcm,2048,621,28700
aes-gcm,2048,622,28700
aes-gcm,2048,623,29300
aes-gcm,2048,624,28600
aes-gcm,2048,625,73100
aes-gcm,2048,626,121200
aes-gcm,2048,627,58300
aes-gcm,2048,628,32700
aes-gcm,2048,629,30700
aes-gcm,2048,630,29100
aes-gcm,2048,631,29100
aes-gcm,2048,632,29300
aes-gcm,2048,633,36100
aes-gcm,2048,634,29600
aes-gcm,2048,635,29800
aes-gcm,2048,636,28900
aes-gcm,2048,637,28500
aes-gcm,2048,638,29500
aes-gcm,2048,639,29400
aes-gcm,2048,640,28700
aes-gcm,2048,641,28800
aes-gcm,2048,642,28500
aes-gcm,2048,643,28800
aes-gcm,2048,644,28900
aes-gcm,2048,645,29000
aes-gcm,2048,646,28800
aes-gcm,2048,647,29000
aes-gcm,2048,648,28800
aes-gcm,2048,649,28900
aes-gcm,2048,650,28600
aes-gcm,2048,651,28600
aes-gcm,2048,652,32700
aes-gcm,2048,653,28800
aes-gcm,2048,654,29000
aes-gcm,2048,655,28500
aes-gcm,2048,656,29100
aes-gcm,2048,657,28500
aes-gcm,2048,658,28600
aes-gcm,2048,659,28900
aes-gcm,2048,660,28600
aes-gcm,2048,661,28600
aes-gcm,2048,662,28700
aes-gcm,2048,663,28600
aes-gcm,2048,664,28700
aes-gcm,2048,665,28800
aes-gcm,2048,666,28800
aes-gcm,2048,667,31700
aes-gcm,2048,668,28900
aes-gcm,2048,669,28700
aes-gcm,2048,670,29000
aes-gcm,2048,671,28700
aes-gcm,2048,672,28700
aes-gcm,2048,673,28600
aes-gcm,2048,674,28900
aes-gcm,2048,675,28500
aes-gcm,2048,676,28700
aes-gcm,2048,677,28700
aes-gcm,2048,678,28800
aes-gcm,2048,679,28700
aes-gcm,2048,680,28900
aes-gcm,2048,681,28800
aes-gcm,2048,682,28600
aes-gcm,2048,683,29100
aes-gcm,2048,684,28800
aes-gcm,2048,685,28900
aes-gcm,2048,686,29000
aes-gcm,2048,687,28500
aes-gcm,2048,688,28900
aes-gcm,2048,689,28600
aes-gcm,2048,690,28600
aes-gcm,2048,691,28500
aes-gcm,2048,692,28900
aes-gcm,2048,693,28500
aes-gcm,2048,694,28700
aes-gcm,2048,695,28600
aes-gcm,2048,696,28500
aes-gcm,2048,697,28600
aes-gcm,2048,698,28600
aes-gcm,2048,699,29000
aes-gcm,2048,700,28600
aes-gcm,2048,701,30600
aes-gcm,2048,702,28700
aes-gcm,2048,703,29600
aes-gcm,2048,704,28500
aes-gcm,2048,705,28500
aes-gcm,2048,706,28600
aes-gcm,2048,707,28800
aes-gcm,2048,708,28700
aes-gcm,2048,709,28700
aes-gcm,2048,710,29000
aes-gcm,2048,711,28500
aes-gcm,2048,712,28700
aes-gcm,2048,713,28800
aes-gcm,2048,714,28500
aes-gcm,2048,715,28700
aes-gcm,2048,716,28700
aes-gcm,2048,717,28700
aes-gcm,2048,718,28500
aes-gcm,2048,719,28800
aes-gcm,2048,720,28500
aes-gcm,2048,721,28800
aes-gcm,2048,722,28800
aes-gcm,2048,723,28600
aes-gcm,2048,724,28800
aes-gcm,2048,725,28800
aes-gcm,2048,726,28700
aes-gcm,2048,727,32800
aes-gcm,2048,728,28900
aes-gcm,2048,729,28700
aes-gcm,2048,730,28700
aes-gcm,2048,731,29500
aes-gcm,2048,732,28800
aes-gcm,2048,733,29000
aes-gcm,2048,734,29100
aes-gcm,2048,735,28900
aes-gcm,2048,736,28500
aes-gcm,2048,737,29000
aes-gcm,2048,738,28600
aes-gcm,2048,739,28700
aes-gcm,2048,740,28700
aes-gcm,2048,741,28700
aes-gcm,2048,742,28800
aes-gcm,2048,743,28800
aes-gcm,2048,744,29100
aes-gcm,2048,745,28700
aes-gcm,2048,746,28900
aes-gcm,2048,747,29000
aes-gcm,2048,748,28900
aes-gcm,2048,749,28600
aes-gcm,2048,750,28500
aes-gcm,2048,751,28700
aes-gcm,2048,752,28900
aes-gcm,2048,753,28700
aes-gcm,2048,754,181800
aes-gcm,2048,755,127900
aes-gcm,2048,756,75600
aes-gcm,2048,757,68000
aes-gcm,2048,758,70800
aes-gcm,2048,759,79000
aes-gcm,2048,760,119400
aes-gcm,2048,761,59100
aes-gcm,2048,762,32500
aes-gcm,2048,763,29500
aes-gcm,2048,764,29400
aes-gcm,2048,765,119500
aes-gcm,2048,766,44100
aes-gcm,2048,767,98700
aes-gcm,2048,768,98400
aes-gcm,2048,769,59600
aes-gcm,2048,770,34100
aes-gcm,2048,771,31000
aes-gcm,2048,772,30300
aes-gcm,2048,773,30600
aes-gcm,2048,774,29600
aes-gcm,2048,775,51100
aes-gcm,2048,776,119200
aes-gcm,2048,777,92500
aes-gcm,2048,778,40900
aes-gcm,2048,779,85100
aes-gcm,2048,780,59200
aes-gcm,2048,781,35000
aes-gcm,2048,782,32500
aes-gcm,2048,783,68300
aes-gcm,2048,784,41400
aes-gcm,2048,785,32300
aes-gcm,2048,786,30600
aes-gcm,2048,787,30300
aes-gcm,2048,788,29800
aes-gcm,2048,789,31100
aes-gcm,2048,790,86000
aes-gcm,2048,791,59000
aes-gcm,2048,792,32500
aes-gcm,2048,793,30100
aes-gcm,2048,794,32400
aes-gcm,2048,795,31700
aes-gcm,2048,796,29300
aes-gcm,2048,797,29600
aes-gcm,2048,798,29100
aes-gcm,2048,799,29100
aes-gcm,2048,800,29800
aes-gcm,2048,801,28900
aes-gcm,2048,802,30300
aes-gcm,2048,803,29400
aes-gcm,2048,804,28800
aes-gcm,2048,805,29000
aes-gcm,2048,806,28900
aes-gcm,2048,807,29100
aes-gcm,2048,808,28800
aes-gcm,2048,809,29300
aes-gcm,2048,810,28900
aes-gcm,2048,811,29000
aes-gcm,2048,812,28900
aes-gcm,2048,813,28700
aes-gcm,2048,814,29000
aes-gcm,2048,815,28900
aes-gcm,2048,816,29000
aes-gcm,2048,817,28400
aes-gcm,2048,818,29100
aes-gcm,2048,819,28600
aes-gcm,2048,820,28900
aes-gcm,2048,821,28900
aes-gcm,2048,822,28700
aes-gcm,2048,823,28900
aes-gcm,2048,824,28800
aes-gcm,2048,825,29000
aes-gcm,2048,826,28500
aes-gcm,2048,827,28900
aes-gcm,2048,828,31400
aes-gcm,2048,829,29400
aes-gcm,2048,830,29600
aes-gcm,2048,831,28400
aes-gcm,2048,832,29300
aes-gcm,2048,833,28900
aes-gcm,2048,834,28900
aes-gcm,2048,835,28700
aes-gcm,2048,836,28900
aes-gcm,2048,837,28600
aes-gcm,2048,838,29300
aes-gcm,2048,839,28900
aes-gcm,2048,840,28600
aes-gcm,2048,841,29000
aes-gcm,2048,842,29000
aes-gcm,2048,843,28800
aes-gcm,2048,844,28700
aes-gcm,2048,845,29000
aes-gcm,2048,846,28700
aes-gcm,2048,847,28800
aes-gcm,2048,848,28600
aes-gcm,2048,849,28500
aes-gcm,2048,850,29100
aes-gcm,2048,851,28700
aes-gcm,2048,852,28700
aes-gcm,2048,853,28700
aes-gcm,2048,854,29200
aes-gcm,2048,855,28600
aes-gcm,2048,856,28900
aes-gcm,2048,857,28800
aes-gcm,2048,858,29200
aes-gcm,2048,859,28800
aes-gcm,2048,860,29000
aes-gcm,2048,861,29200
aes-gcm,2048,862,31800
aes-gcm,2048,863,29100
aes-gcm,2048,864,28600
aes-gcm,2048,865,28700
aes-gcm,2048,866,28800
aes-gcm,2048,867,28700
aes-gcm,2048,868,28900
aes-gcm,2048,869,28700
aes-gcm,2048,870,28900
aes-gcm,2048,871,28900
aes-gcm,2048,872,29000
aes-gcm,2048,873,28800
aes-gcm,2048,874,29000
aes-gcm,2048,875,28800
aes-gcm,2048,876,28700
aes-gcm,2048,877,28600
aes-gcm,2048,878,28900
aes-gcm,2048,879,28900
aes-gcm,2048,880,28800
aes-gcm,2048,881,28900
aes-gcm,2048,882,28900
aes-gcm,2048,883,28900
aes-gcm,2048,884,28700
aes-gcm,2048,885,28600
aes-gcm,2048,886,28800
aes-gcm,2048,887,28800
aes-gcm,2048,888,29000
aes-gcm,2048,889,28500
aes-gcm,2048,890,29000
aes-gcm,2048,891,28400
aes-gcm,2048,892,28700
aes-gcm,2048,893,29100
aes-gcm,2048,894,29200
aes-gcm,2048,895,28700
aes-gcm,2048,896,31100
aes-gcm,2048,897,29000
aes-gcm,2048,898,28600
aes-gcm,2048,899,28800
aes-gcm,2048,900,28700
aes-gcm,2048,901,28800
aes-gcm,2048,902,28900
aes-gcm,2048,903,28800
aes-gcm,2048,904,29000
aes-gcm,2048,905,28700
aes-gcm,2048,906,28800
aes-gcm,2048,907,28500
aes-gcm,2048,908,28900
aes-gcm,2048,909,28600
aes-gcm,2048,910,28900
aes-gcm,2048,911,28800
aes-gcm,2048,912,28600
aes-gcm,2048,913,28800
aes-gcm,2048,914,28800
aes-gcm,2048,915,105800
aes-gcm,2048,916,64500
aes-gcm,2048,917,87000
aes-gcm,2048,918,38800
aes-gcm,2048,919,30800
aes-gcm,2048,920,29900
aes-gcm,2048,921,29000
aes-gcm,2048,922,30400
aes-gcm,2048,923,29100
aes-gcm,2048,924,29100
aes-gcm,2048,925,28800
aes-gcm,2048,926,29000
aes-gcm,2048,927,29000
aes-gcm,2048,928,29200
aes-gcm,2048,929,28800
aes-gcm,2048,930,28700
aes-gcm,2048,931,28900
aes-gcm,2048,932,28800
aes-gcm,2048,933,29300
aes-gcm,2048,934,29000
aes-gcm,2048,935,28900
aes-gcm,2048,936,28700
aes-gcm,2048,937,28800
aes-gcm,2048,938,29000
aes-gcm,2048,939,28700
aes-gcm,2048,940,28900
aes-gcm,2048,941,28800
aes-gcm,2048,942,28800
aes-gcm,2048,943,28600
aes-gcm,2048,944,29000
aes-gcm,2048,945,28500
aes-gcm,2048,946,28800
aes-gcm,2048,947,28700
aes-gcm,2048,948,28700
aes-gcm,2048,949,28600
aes-gcm,2048,950,29000
aes-gcm,2048,951,29100
aes-gcm,2048,952,28700
aes-gcm,2048,953,28900
aes-gcm,2048,954,28500
aes-gcm,2048,955,29100
aes-gcm,2048,956,28700
aes-gcm,2048,957,28600
aes-gcm,2048,958,30300
aes-gcm,2048,959,29100
aes-gcm,2048,960,29200
aes-gcm,2048,961,28600
aes-gcm,2048,962,29100
aes-gcm,2048,963,28600
aes-gcm,2048,964,28800
aes-gcm,2048,965,28700
aes-gcm,2048,966,28900
aes-gcm,2048,967,28900
aes-gcm,2048,968,28700
aes-gcm,2048,969,28700
aes-gcm,2048,970,28800
aes-gcm,2048,971,29000
aes-gcm,2048,972,28800
aes-gcm,2048,973,28900
aes-gcm,2048,974,28800
aes-gcm,2048,975,28500
aes-gcm,2048,976,28900
aes-gcm,2048,977,28800
aes-gcm,2048,978,28700
aes-gcm,2048,979,28400
aes-gcm,2048,980,29100
aes-gcm,2048,981,28600
aes-gcm,2048,982,29000
aes-gcm,2048,983,28900
aes-gcm,2048,984,28500
aes-gcm,2048,985,28800
aes-gcm,2048,986,29400
aes-gcm,2048,987,28800
aes-gcm,2048,988,28400
aes-gcm,2048,989,29000
aes-gcm,2048,990,28500
aes-gcm,2048,991,28800
aes-gcm,2048,992,29000
aes-gcm,2048,993,30700
aes-gcm,2048,994,28800
aes-gcm,2048,995,28700
aes-gcm,2048,996,28800
aes-gcm,2048,997,28600
aes-gcm,2048,998,29100
aes-gcm,2048,999,28500
aes-gcm,2048,1000,28700
aes-gcm,2048,1001,28900
aes-gcm,2048,1002,28800
aes-gcm,2048,1003,29100
aes-gcm,2048,1004,28700
aes-gcm,2048,1005,29000
aes-gcm,2048,1006,28700
aes-gcm,2048,1007,29400
aes-gcm,2048,1008,28600
aes-gcm,2048,1009,29000
aes-gcm,2048,1010,28700
aes-gcm,2048,1011,28700
aes-gcm,2048,1012,29100
aes-gcm,2048,1013,29000
aes-gcm,2048,1014,28900
aes-gcm,2048,1015,28500
aes-gcm,2048,1016,29000
aes-gcm,2048,1017,28500
aes-gcm,2048,1018,28600
aes-gcm,2048,1019,28700
aes-gcm,2048,1020,28600
aes-gcm,2048,1021,29000
aes-gcm,2048,1022,29700
aes-gcm,2048,1023,29100
aes-gcm,2048,1024,28900
aes-gcm,2048,1025,29000
aes-gcm,2048,1026,28500
aes-gcm,2048,1027,30500
aes-gcm,2048,1028,28900
aes-gcm,2048,1029,28600
aes-gcm,2048,1030,28800
aes-gcm,2048,1031,28900
aes-gcm,2048,1032,28800
aes-gcm,2048,1033,28500
aes-gcm,2048,1034,29100
aes-gcm,2048,1035,28600
aes-gcm,2048,1036,28800
aes-gcm,2048,1037,29000
aes-gcm,2048,1038,28500
aes-gcm,2048,1039,28800
aes-gcm,2048,1040,28800
aes-gcm,2048,1041,28800
aes-gcm,2048,1042,28700
aes-gcm,2048,1043,29000
aes-gcm,2048,1044,28600
aes-gcm,2048,1045,28700
aes-gcm,2048,1046,29000
aes-gcm,2048,1047,28500
aes-gcm,2048,1048,28700
aes-gcm,2048,1049,28700
aes-gcm,2048,1050,33800
aes-gcm,2048,1051,28700
aes-gcm,2048,1052,28900
aes-gcm,2048,1053,28600
aes-gcm,2048,1054,28700
aes-gcm,2048,1055,28900
aes-gcm,2048,1056,28600
aes-gcm,2048,1057,28600
aes-gcm,2048,1058,28800
aes-gcm,2048,1059,28700
aes-gcm,2048,1060,28500
aes-gcm,2048,1061,51000
aes-gcm,2048,1062,45100
aes-gcm,2048,1063,33700
aes-gcm,2048,1064,29500
aes-gcm,2048,1065,28500
aes-gcm,2048,1066,29000
aes-gcm,2048,1067,29400
aes-gcm,2048,1068,28800
aes-gcm,2048,1069,28400
aes-gcm,2048,1070,28800
aes-gcm,2048,1071,28300
aes-gcm,2048,1072,28600
aes-gcm,2048,1073,28700
aes-gcm,2048,1074,28600
aes-gcm,2048,1075,29200
aes-gcm,2048,1076,29100
aes-gcm,2048,1077,73000
aes-gcm,2048,1078,72200
aes-gcm,2048,1079,60800
aes-gcm,2048,1080,45400
aes-gcm,2048,1081,34500
aes-gcm,2048,1082,30000
aes-gcm,2048,1083,29100
aes-gcm,2048,1084,29000
aes-gcm,2048,1085,31000
aes-gcm,2048,1086,29100
aes-gcm,2048,1087,28800
aes-gcm,2048,1088,29000
aes-gcm,2048,1089,32800
aes-gcm,2048,1090,28900
aes-gcm,2048,1091,28700
aes-gcm,2048,1092,28700
aes-gcm,2048,1093,29100
aes-gcm,2048,1094,28900
aes-gcm,2048,1095,28900
aes-gcm,2048,1096,28600
aes-gcm,2048,1097,28800
aes-gcm,2048,1098,28600
aes-gcm,2048,1099,28800
aes-gcm,2048,1100,28700
aes-gcm,2048,1101,28700
aes-gcm,2048,1102,28700
aes-gcm,2048,1103,29100
aes-gcm,2048,1104,28800
aes-gcm,2048,1105,28500
aes-gcm,2048,1106,28800
aes-gcm,2048,1107,28400
aes-gcm,2048,1108,32100
aes-gcm,2048,1109,28900
aes-gcm,2048,1110,28500
aes-gcm,2048,1111,28800
aes-gcm,2048,1112,29100
aes-gcm,2048,1113,29700
aes-gcm,2048,1114,28800
aes-gcm,2048,1115,28900
aes-gcm,2048,1116,28500
aes-gcm,2048,1117,28800
aes-gcm,2048,1118,28600
aes-gcm,2048,1119,28800
aes-gcm,2048,1120,28900
aes-gcm,2048,1121,28800
aes-gcm,2048,1122,28900
aes-gcm,2048,1123,30600
aes-gcm,2048,1124,29000
aes-gcm,2048,1125,28600
aes-gcm,2048,1126,28700
aes-gcm,2048,1127,28800
aes-gcm,2048,1128,28700
aes-gcm,2048,1129,28800
aes-gcm,2048,1130,28900
aes-gcm,2048,1131,28800
aes-gcm,2048,1132,28700
aes-gcm,2048,1133,29200
aes-gcm,2048,1134,28600
aes-gcm,2048,1135,28800
aes-gcm,2048,1136,28800
aes-gcm,2048,1137,28600
aes-gcm,2048,1138,28900
aes-gcm,2048,1139,28600
aes-gcm,2048,1140,28700
aes-gcm,2048,1141,28600
aes-gcm,2048,1142,29200
aes-gcm,2048,1143,28600
aes-gcm,2048,1144,29100
aes-gcm,2048,1145,28800
aes-gcm,2048,1146,28400
aes-gcm,2048,1147,28700
aes-gcm,2048,1148,28800
aes-gcm,2048,1149,29400
aes-gcm,2048,1150,28700
aes-gcm,2048,1151,29200
aes-gcm,2048,1152,28600
aes-gcm,2048,1153,28900
aes-gcm,2048,1154,29000
aes-gcm,2048,1155,28700
aes-gcm,2048,1156,28700
aes-gcm,2048,1157,28900
aes-gcm,2048,1158,28800
aes-gcm,2048,1159,28700
aes-gcm,2048,1160,29200
aes-gcm,2048,1161,28500
aes-gcm,2048,1162,29000
aes-gcm,2048,1163,28900
aes-gcm,2048,1164,28600
aes-gcm,2048,1165,29100
aes-gcm,2048,1166,28700
aes-gcm,2048,1167,28800
aes-gcm,2048,1168,28600
aes-gcm,2048,1169,28800
aes-gcm,2048,1170,28300
aes-gcm,2048,1171,29100
aes-gcm,2048,1172,28800
aes-gcm,2048,1173,28700
aes-gcm,2048,1174,28800
aes-gcm,2048,1175,28800
aes-gcm,2048,1176,28900
aes-gcm,2048,1177,29500
aes-gcm,2048,1178,28900
aes-gcm,2048,1179,28800
aes-gcm,2048,1180,28700
aes-gcm,2048,1181,28700
aes-gcm,2048,1182,28600
aes-gcm,2048,1183,29000
aes-gcm,2048,1184,28900
aes-gcm,2048,1185,28700
aes-gcm,2048,1186,28900
aes-gcm,2048,1187,29200
aes-gcm,2048,1188,28700
aes-gcm,2048,1189,28900
aes-gcm,2048,1190,28700
aes-gcm,2048,1191,30200
aes-gcm,2048,1192,29000
aes-gcm,2048,1193,28800
aes-gcm,2048,1194,29000
aes-gcm,2048,1195,28700
aes-gcm,2048,1196,29000
aes-gcm,2048,1197,28800
aes-gcm,2048,1198,28700
aes-gcm,2048,1199,28800
aes-gcm,2048,1200,28400
aes-gcm,2048,1201,28800
aes-gcm,2048,1202,28700
aes-gcm,2048,1203,28800
aes-gcm,2048,1204,28800
aes-gcm,2048,1205,29200
aes-gcm,2048,1206,28600
aes-gcm,2048,1207,28700
aes-gcm,2048,1208,28900
aes-gcm,2048,1209,28500
aes-gcm,2048,1210,28700
aes-gcm,2048,1211,28700
aes-gcm,2048,1212,28700
aes-gcm,2048,1213,29500
aes-gcm,2048,1214,29100
aes-gcm,2048,1215,28700
aes-gcm,2048,1216,28700
aes-gcm,2048,1217,32200
aes-gcm,2048,1218,28600
aes-gcm,2048,1219,28800
aes-gcm,2048,1220,29000
aes-gcm,2048,1221,28700
aes-gcm,2048,1222,28400
aes-gcm,2048,1223,29000
aes-gcm,2048,1224,28600
aes-gcm,2048,1225,30700
aes-gcm,2048,1226,28900
aes-gcm,2048,1227,28500
aes-gcm,2048,1228,28900
aes-gcm,2048,1229,28900
aes-gcm,2048,1230,28700
aes-gcm,2048,1231,28500
aes-gcm,2048,1232,28900
aes-gcm,2048,1233,28400
aes-gcm,2048,1234,28700
aes-gcm,2048,1235,28700
aes-gcm,2048,1236,28700
aes-gcm,2048,1237,28800
aes-gcm,2048,1238,28600
aes-gcm,2048,1239,28800
aes-gcm,2048,1240,28600
aes-gcm,2048,1241,29700
aes-gcm,2048,1242,28400
aes-gcm,2048,1243,28700
aes-gcm,2048,1244,28800
aes-gcm,2048,1245,28300
aes-gcm,2048,1246,28500
aes-gcm,2048,1247,29000
aes-gcm,2048,1248,28700
aes-gcm,2048,1249,28600
aes-gcm,2048,1250,28800
aes-gcm,2048,1251,28600
aes-gcm,2048,1252,28700
aes-gcm,2048,1253,28800
aes-gcm,2048,1254,28600
aes-gcm,2048,1255,28600
aes-gcm,2048,1256,28900
aes-gcm,2048,1257,28700
aes-gcm,2048,1258,28800
aes-gcm,2048,1259,28900
aes-gcm,2048,1260,28700
aes-gcm,2048,1261,28900
aes-gcm,2048,1262,28700
aes-gcm,2048,1263,28500
aes-gcm,2048,1264,28900
aes-gcm,2048,1265,28700
aes-gcm,2048,1266,28500
aes-gcm,2048,1267,28500
aes-gcm,2048,1268,29000
aes-gcm,2048,1269,28900
aes-gcm,2048,1270,28700
aes-gcm,2048,1271,28700
aes-gcm,2048,1272,28800
aes-gcm,2048,1273,28900
aes-gcm,2048,1274,28500
aes-gcm,2048,1275,28700
aes-gcm,2048,1276,28500
aes-gcm,2048,1277,29500
aes-gcm,2048,1278,28500
aes-gcm,2048,1279,28800
aes-gcm,2048,1280,28600
aes-gcm,2048,1281,28600
aes-gcm,2048,1282,28900
aes-gcm,2048,1283,28800
aes-gcm,2048,1284,28800
aes-gcm,2048,1285,28400
aes-gcm,2048,1286,29000
aes-gcm,2048,1287,28600
aes-gcm,2048,1288,28800
aes-gcm,2048,1289,28800
aes-gcm,2048,1290,28600
aes-gcm,2048,1291,28800
aes-gcm,2048,1292,29900
aes-gcm,2048,1293,28900
aes-gcm,2048,1294,103700
aes-gcm,2048,1295,99500
aes-gcm,2048,1296,145000
aes-gcm,2048,1297,124800
aes-gcm,2048,1298,124200
aes-gcm,2048,1299,58000
aes-gcm,2048,1300,33000
aes-gcm,2048,1301,30300
aes-gcm,2048,1302,29400
aes-gcm,2048,1303,29400
aes-gcm,2048,1304,29400
aes-gcm,2048,1305,31800
aes-gcm,2048,1306,29000
aes-gcm,2048,1307,29100
aes-gcm,2048,1308,29200
aes-gcm,2048,1309,28800
aes-gcm,2048,1310,29100
aes-gcm,2048,1311,33900
aes-gcm,2048,1312,33400
aes-gcm,2048,1313,29100
aes-gcm,2048,1314,28500
aes-gcm,2048,1315,29000
aes-gcm,2048,1316,29100
aes-gcm,2048,1317,28700
aes-gcm,2048,1318,29200
aes-gcm,2048,1319,28900
aes-gcm,2048,1320,29100
aes-gcm,2048,1321,28800
aes-gcm,2048,1322,29100
aes-gcm,2048,1323,28600
aes-gcm,2048,1324,28900
aes-gcm,2048,1325,28900
aes-gcm,2048,1326,28600
aes-gcm,2048,1327,28700
aes-gcm,2048,1328,28700
aes-gcm,2048,1329,28800
aes-gcm,2048,1330,28500
aes-gcm,2048,1331,29100
aes-gcm,2048,1332,28600
aes-gcm,2048,1333,28900
aes-gcm,2048,1334,28600
aes-gcm,2048,1335,28800
aes-gcm,2048,1336,28800
aes-gcm,2048,1337,28700
aes-gcm,2048,1338,28800
aes-gcm,2048,1339,28600
aes-gcm,2048,1340,29900
aes-gcm,2048,1341,28600
aes-gcm,2048,1342,28900
aes-gcm,2048,1343,31100
aes-gcm,2048,1344,28800
aes-gcm,2048,1345,43400
aes-gcm,2048,1346,89800
aes-gcm,2048,1347,58400
aes-gcm,2048,1348,32300
aes-gcm,2048,1349,30900
aes-gcm,2048,1350,29000
aes-gcm,2048,1351,29600
aes-gcm,2048,1352,29000
aes-gcm,2048,1353,28800
aes-gcm,2048,1354,29400
aes-gcm,2048,1355,29300
aes-gcm,2048,1356,29100
aes-gcm,2048,1357,28700
aes-gcm,2048,1358,29100
aes-gcm,2048,1359,28600
aes-gcm,2048,1360,29200
aes-gcm,2048,1361,29000
aes-gcm,2048,1362,48600
aes-gcm,2048,1363,109100
aes-gcm,2048,1364,58700
aes-gcm,2048,1365,136900
aes-gcm,2048,1366,90100
aes-gcm,2048,1367,66100
aes-gcm,2048,1368,35200
aes-gcm,2048,1369,51200
aes-gcm,2048,1370,47100
aes-gcm,2048,1371,37700
aes-gcm,2048,1372,31000
aes-gcm,2048,1373,30200
aes-gcm,2048,1374,29600
aes-gcm,2048,1375,52900
aes-gcm,2048,1376,47200
aes-gcm,2048,1377,34100
aes-gcm,2048,1378,29800
aes-gcm,2048,1379,29400
aes-gcm,2048,1380,29600
aes-gcm,2048,1381,30500
aes-gcm,2048,1382,30000
aes-gcm,2048,1383,29900
aes-gcm,2048,1384,85600
aes-gcm,2048,1385,58900
aes-gcm,2048,1386,32700
aes-gcm,2048,1387,30400
aes-gcm,2048,1388,30200
aes-gcm,2048,1389,61700
aes-gcm,2048,1390,61700
aes-gcm,2048,1391,84700
aes-gcm,2048,1392,39300
aes-gcm,2048,1393,30400
aes-gcm,2048,1394,30100
aes-gcm,2048,1395,28700
aes-gcm,2048,1396,29500
aes-gcm,2048,1397,28800
aes-gcm,2048,1398,28900
aes-gcm,2048,1399,28900
aes-gcm,2048,1400,29200
aes-gcm,2048,1401,28800
aes-gcm,2048,1402,28500
aes-gcm,2048,1403,29100
aes-gcm,2048,1404,29200
aes-gcm,2048,1405,29000
aes-gcm,2048,1406,29000
aes-gcm,2048,1407,28600
aes-gcm,2048,1408,29100
aes-gcm,2048,1409,28600
aes-gcm,2048,1410,28800
aes-gcm,2048,1411,28600
aes-gcm,2048,1412,28900
aes-gcm,2048,1413,28600
aes-gcm,2048,1414,29100
aes-gcm,2048,1415,29100
aes-gcm,2048,1416,28600
aes-gcm,2048,1417,28800
aes-gcm,2048,1418,29000
aes-gcm,2048,1419,28700
aes-gcm,2048,1420,28700
aes-gcm,2048,1421,29000
aes-gcm,2048,1422,28500
aes-gcm,2048,1423,28700
aes-gcm,2048,1424,30800
aes-gcm,2048,1425,28500
aes-gcm,2048,1426,29100
aes-gcm,2048,1427,29500
aes-gcm,2048,1428,28800
aes-gcm,2048,1429,28600
aes-gcm,2048,1430,29000
aes-gcm,2048,1431,28600
aes-gcm,2048,1432,29500
aes-gcm,2048,1433,28600
aes-gcm,2048,1434,29000
aes-gcm,2048,1435,29000
aes-gcm,2048,1436,28900
aes-gcm,2048,1437,28800
aes-gcm,2048,1438,28600
aes-gcm,2048,1439,29300
aes-gcm,2048,1440,28800
aes-gcm,2048,1441,28800
aes-gcm,2048,1442,28700
aes-gcm,2048,1443,28500
aes-gcm,2048,1444,29000
aes-gcm,2048,1445,29000
aes-gcm,2048,1446,28800
aes-gcm,2048,1447,28900
aes-gcm,2048,1448,28900
aes-gcm,2048,1449,28500
aes-gcm,2048,1450,29000
aes-gcm,2048,1451,28600
aes-gcm,2048,1452,28600
aes-gcm,2048,1453,28800
aes-gcm,2048,1454,28700
aes-gcm,2048,1455,28600
aes-gcm,2048,1456,28600
aes-gcm,2048,1457,28800
aes-gcm,2048,1458,28800
aes-gcm,2048,1459,29000
aes-gcm,2048,1460,28800
aes-gcm,2048,1461,28500
aes-gcm,2048,1462,28700
aes-gcm,2048,1463,28500
aes-gcm,2048,1464,28800
aes-gcm,2048,1465,28500
aes-gcm,2048,1466,29100
aes-gcm,2048,1467,28600
aes-gcm,2048,1468,29400
aes-gcm,2048,1469,28800
aes-gcm,2048,1470,28700
aes-gcm,2048,1471,28700
aes-gcm,2048,1472,29000
aes-gcm,2048,1473,28700
aes-gcm,2048,1474,28700
aes-gcm,2048,1475,29100
aes-gcm,2048,1476,28500
aes-gcm,2048,1477,28800
aes-gcm,2048,1478,29300
aes-gcm,2048,1479,28700
aes-gcm,2048,1480,28800
aes-gcm,2048,1481,28900
aes-gcm,2048,1482,28700
aes-gcm,2048,1483,28500
aes-gcm,2048,1484,29000
aes-gcm,2048,1485,28500
aes-gcm,2048,1486,28800
aes-gcm,2048,1487,33000
aes-gcm,2048,1488,28700
aes-gcm,2048,1489,28600
aes-gcm,2048,1490,28900
aes-gcm,2048,1491,28800
aes-gcm,2048,1492,28300
aes-gcm,2048,1493,28900
aes-gcm,2048,1494,28600
aes-gcm,2048,1495,28700
aes-gcm,2048,1496,29700
aes-gcm,2048,1497,28500
aes-gcm,2048,1498,28900
aes-gcm,2048,1499,28900
aes-gcm,2048,1500,28700
aes-gcm,2048,1501,28900
aes-gcm,2048,1502,28900
aes-gcm,2048,1503,28400
aes-gcm,2048,1504,28800
aes-gcm,2048,1505,28700
aes-gcm,2048,1506,28500
aes-gcm,2048,1507,28700
aes-gcm,2048,1508,28900
aes-gcm,2048,1509,28700
aes-gcm,2048,1510,29100
aes-gcm,2048,1511,29000
aes-gcm,2048,1512,28600
aes-gcm,2048,1513,28700
aes-gcm,2048,1514,28800
aes-gcm,2048,1515,28500
aes-gcm,2048,1516,28800
aes-gcm,2048,1517,28700
aes-gcm,2048,1518,28800
aes-gcm,2048,1519,28600
aes-gcm,2048,1520,29100
aes-gcm,2048,1521,28700
aes-gcm,2048,1522,28900
aes-gcm,2048,1523,28500
aes-gcm,2048,1524,28600
aes-gcm,2048,1525,28600
aes-gcm,2048,1526,30600
aes-gcm,2048,1527,28600
aes-gcm,2048,1528,28700
aes-gcm,2048,1529,29100
aes-gcm,2048,1530,28600
aes-gcm,2048,1531,28800
aes-gcm,2048,1532,29600
aes-gcm,2048,1533,28800
aes-gcm,2048,1534,28900
aes-gcm,2048,1535,28800
aes-gcm,2048,1536,28800
aes-gcm,2048,1537,28400
aes-gcm,2048,1538,29100
aes-gcm,2048,1539,28500
aes-gcm,2048,1540,28800
aes-gcm,2048,1541,28500
aes-gcm,2048,1542,28500
aes-gcm,2048,1543,28700
aes-gcm,2048,1544,28600
aes-gcm,2048,1545,28800
aes-gcm,2048,1546,68300
aes-gcm,2048,1547,73100
aes-gcm,2048,1548,89200
aes-gcm,2048,1549,123100
aes-gcm,2048,1550,57500
aes-gcm,2048,1551,32700
aes-gcm,2048,1552,30700
aes-gcm,2048,1553,29500
aes-gcm,2048,1554,29500
aes-gcm,2048,1555,29000
aes-gcm,2048,1556,29000
aes-gcm,2048,1557,28600
aes-gcm,2048,1558,133600
aes-gcm,2048,1559,84800
aes-gcm,2048,1560,40700
aes-gcm,2048,1561,31000
aes-gcm,2048,1562,30100
aes-gcm,2048,1563,29200
aes-gcm,2048,1564,29100
aes-gcm,2048,1565,29100
aes-gcm,2048,1566,29000
aes-gcm,2048,1567,29000
aes-gcm,2048,1568,29400
aes-gcm,2048,1569,28700
aes-gcm,2048,1570,28700
aes-gcm,2048,1571,29000
aes-gcm,2048,1572,28700
aes-gcm,2048,1573,28900
aes-gcm,2048,1574,29100
aes-gcm,2048,1575,28700
aes-gcm,2048,1576,28900
aes-gcm,2048,1577,28900
aes-gcm,2048,1578,28600
aes-gcm,2048,1579,33000
aes-gcm,2048,1580,29100
aes-gcm,2048,1581,28800
aes-gcm,2048,1582,28500
aes-gcm,2048,1583,29100
aes-gcm,2048,1584,28700
aes-gcm,2048,1585,28800
aes-gcm,2048,1586,28700
aes-gcm,2048,1587,28700
aes-gcm,2048,1588,28600
aes-gcm,2048,1589,28700
aes-gcm,2048,1590,28700
aes-gcm,2048,1591,28600
aes-gcm,2048,1592,28700
aes-gcm,2048,1593,28500
aes-gcm,2048,1594,28900
aes-gcm,2048,1595,29600
aes-gcm,2048,1596,28500
aes-gcm,2048,1597,28900
aes-gcm,2048,1598,28900
aes-gcm,2048,1599,28700
aes-gcm,2048,1600,28600
aes-gcm,2048,1601,29000
aes-gcm,2048,1602,28600
aes-gcm,2048,1603,28900
aes-gcm,2048,1604,28700
aes-gcm,2048,1605,28700
aes-gcm,2048,1606,28800
aes-gcm,2048,1607,28700
aes-gcm,2048,1608,29700
aes-gcm,2048,1609,29000
aes-gcm,2048,1610,29000
aes-gcm,2048,1611,28600
aes-gcm,2048,1612,28800
aes-gcm,2048,1613,28900
aes-gcm,2048,1614,28500
aes-gcm,2048,1615,28800
aes-gcm,2048,1616,29000
aes-gcm,2048,1617,28800
aes-gcm,2048,1618,28500
aes-gcm,2048,1619,29100
aes-gcm,2048,1620,28700
aes-gcm,2048,1621,28800
aes-gcm,2048,1622,28600
aes-gcm,2048,1623,29300
aes-gcm,2048,1624,28700
aes-gcm,2048,1625,28700
aes-gcm,2048,1626,28900
aes-gcm,2048,1627,28600
aes-gcm,2048,1628,29000
aes-gcm,2048,1629,28700
aes-gcm,2048,1630,28900
aes-gcm,2048,1631,28600
aes-gcm,2048,1632,28500
aes-gcm,2048,1633,28800
aes-gcm,2048,1634,28700
aes-gcm,2048,1635,28900
aes-gcm,2048,1636,28500
aes-gcm,2048,1637,29100
aes-gcm,2048,1638,28500
aes-gcm,2048,1639,28800
aes-gcm,2048,1640,28700
aes-gcm,2048,1641,28500
aes-gcm,2048,1642,28700
aes-gcm,2048,1643,29000
aes-gcm,2048,1644,28900
aes-gcm,2048,1645,28500
aes-gcm,2048,1646,29400
aes-gcm,2048,1647,28400
aes-gcm,2048,1648,29200
aes-gcm,2048,1649,28900
aes-gcm,2048,1650,28500
aes-gcm,2048,1651,28900
aes-gcm,2048,1652,28600
aes-gcm,2048,1653,28900
aes-gcm,2048,1654,28500
aes-gcm,2048,1655,29000
aes-gcm,2048,1656,28500
aes-gcm,2048,1657,28700
aes-gcm,2048,1658,28900
aes-gcm,2048,1659,29600
aes-gcm,2048,1660,29100
aes-gcm,2048,1661,28700
aes-gcm,2048,1662,29100
aes-gcm,2048,1663,28600
aes-gcm,2048,1664,28800
aes-gcm,2048,1665,28400
aes-gcm,2048,1666,28700
aes-gcm,2048,1667,28800
aes-gcm,2048,1668,28500
aes-gcm,2048,1669,29000
aes-gcm,2048,1670,28800
aes-gcm,2048,1671,28800
aes-gcm,2048,1672,28600
aes-gcm,2048,1673,29200
aes-gcm,2048,1674,28600
aes-gcm,2048,1675,28800
aes-gcm,2048,1676,29000
aes-gcm,2048,1677,28900
aes-gcm,2048,1678,28900
aes-gcm,2048,1679,33300
aes-gcm,2048,1680,28800
aes-gcm,2048,1681,28700
aes-gcm,2048,1682,28900
aes-gcm,2048,1683,28900
aes-gcm,2048,1684,28800
aes-gcm,2048,1685,28900
aes-gcm,2048,1686,28500
aes-gcm,2048,1687,29500
aes-gcm,2048,1688,28800
aes-gcm,2048,1689,28700
aes-gcm,2048,1690,28800
aes-gcm,2048,1691,29000
aes-gcm,2048,1692,28800
aes-gcm,2048,1693,28900
aes-gcm,2048,1694,28800
aes-gcm,2048,1695,28300
aes-gcm,2048,1696,28800
aes-gcm,2048,1697,28700
aes-gcm,2048,1698,28800
aes-gcm,2048,1699,28700
aes-gcm,2048,1700,77300
aes-gcm,2048,1701,75300
aes-gcm,2048,1702,95200
aes-gcm,2048,1703,59000
aes-gcm,2048,1704,32800
aes-gcm,2048,1705,30400
aes-gcm,2048,1706,29800
aes-gcm,2048,1707,29200
aes-gcm,2048,1708,28800
aes-gcm,2048,1709,29300
aes-gcm,2048,1710,67100
aes-gcm,2048,1711,35700
aes-gcm,2048,1712,30600
aes-gcm,2048,1713,28900
aes-gcm,2048,1714,30100
aes-gcm,2048,1715,29200
aes-gcm,2048,1716,29000
aes-gcm,2048,1717,28900
aes-gcm,2048,1718,29200
aes-gcm,2048,1719,28700
aes-gcm,2048,1720,28900
aes-gcm,2048,1721,28900
aes-gcm,2048,1722,28700
aes-gcm,2048,1723,29500
aes-gcm,2048,1724,29500
aes-gcm,2048,1725,29000
aes-gcm,2048,1726,28800
aes-gcm,2048,1727,29100
aes-gcm,2048,1728,28600
aes-gcm,2048,1729,28700
aes-gcm,2048,1730,28900
aes-gcm,2048,1731,28600
aes-gcm,2048,1732,29000
aes-gcm,2048,1733,28900
aes-gcm,2048,1734,29000
aes-gcm,2048,1735,28900
aes-gcm,2048,1736,29100
aes-gcm,2048,1737,28600
aes-gcm,2048,1738,28900
aes-gcm,2048,1739,28900
aes-gcm,2048,1740,29000
aes-gcm,2048,1741,29000
aes-gcm,2048,1742,35800
aes-gcm,2048,1743,83800
aes-gcm,2048,1744,84400
aes-gcm,2048,1745,39500
aes-gcm,2048,1746,30400
aes-gcm,2048,1747,29600
aes-gcm,2048,1748,29900
aes-gcm,2048,1749,29000
aes-gcm,2048,1750,29400
aes-gcm,2048,1751,31200
aes-gcm,2048,1752,28800
aes-gcm,2048,1753,28500
aes-gcm,2048,1754,29600
aes-gcm,2048,1755,28500
aes-gcm,2048,1756,28900
aes-gcm,2048,1757,28900
aes-gcm,2048,1758,29000
aes-gcm,2048,1759,28800
aes-gcm,2048,1760,28900
aes-gcm,2048,1761,28800
aes-gcm,2048,1762,28600
aes-gcm,2048,1763,28800
aes-gcm,2048,1764,28900
aes-gcm,2048,1765,28800
aes-gcm,2048,1766,28700
aes-gcm,2048,1767,28600
aes-gcm,2048,1768,28700
aes-gcm,2048,1769,29000
aes-gcm,2048,1770,28900
aes-gcm,2048,1771,28600
aes-gcm,2048,1772,223100
aes-gcm,2048,1773,144500
aes-gcm,2048,1774,113100
aes-gcm,2048,1775,41000
aes-gcm,2048,1776,33200
aes-gcm,2048,1777,31800
aes-gcm,2048,1778,49100
aes-gcm,2048,1779,46800
aes-gcm,2048,1780,34000
aes-gcm,2048,1781,31500
aes-gcm,2048,1782,29500
aes-gcm,2048,1783,29600
aes-gcm,2048,1784,29800
aes-gcm,2048,1785,29200
aes-gcm,2048,1786,29800
aes-gcm,2048,1787,32200
aes-gcm,2048,1788,29500
aes-gcm,2048,1789,29900
aes-gcm,2048,1790,29700
aes-gcm,2048,1791,29400
aes-gcm,2048,1792,29400
aes-gcm,2048,1793,29400
aes-gcm,2048,1794,29000
aes-gcm,2048,1795,29300
aes-gcm,2048,1796,29200
aes-gcm,2048,1797,29500
aes-gcm,2048,1798,29100
aes-gcm,2048,1799,29400
aes-gcm,2048,1800,29200
aes-gcm,2048,1801,29400
aes-gcm,2048,1802,29400
aes-gcm,2048,1803,29000
aes-gcm,2048,1804,29300
aes-gcm,2048,1805,29100
aes-gcm,2048,1806,29400
aes-gcm,2048,1807,29000
aes-gcm,2048,1808,29500
aes-gcm,2048,1809,29300
aes-gcm,2048,1810,29200
aes-gcm,2048,1811,29200
aes-gcm,2048,1812,28900
aes-gcm,2048,1813,29400
aes-gcm,2048,1814,29100
aes-gcm,2048,1815,30500
aes-gcm,2048,1816,29100
aes-gcm,2048,1817,29400
aes-gcm,2048,1818,29100
aes-gcm,2048,1819,29200
aes-gcm,2048,1820,30500
aes-gcm,2048,1821,28900
aes-gcm,2048,1822,29200
aes-gcm,2048,1823,29300
aes-gcm,2048,1824,29400
aes-gcm,2048,1825,29000
aes-gcm,2048,1826,29400
aes-gcm,2048,1827,29300
aes-gcm,2048,1828,29100
aes-gcm,2048,1829,29200
aes-gcm,2048,1830,29200
aes-gcm,2048,1831,29200
aes-gcm,2048,1832,29300
aes-gcm,2048,1833,29200
aes-gcm,2048,1834,29200
aes-gcm,2048,1835,29400
aes-gcm,2048,1836,30000
aes-gcm,2048,1837,29300
aes-gcm,2048,1838,29500
aes-gcm,2048,1839,29200
aes-gcm,2048,1840,29000
aes-gcm,2048,1841,125600
aes-gcm,2048,1842,85100
aes-gcm,2048,1843,38300
aes-gcm,2048,1844,31600
aes-gcm,2048,1845,30500
aes-gcm,2048,1846,29900
aes-gcm,2048,1847,29900
aes-gcm,2048,1848,29300
aes-gcm,2048,1849,29800
aes-gcm,2048,1850,31600
aes-gcm,2048,1851,33300
aes-gcm,2048,1852,29100
aes-gcm,2048,1853,29500
aes-gcm,2048,1854,29100
aes-gcm,2048,1855,29700
aes-gcm,2048,1856,29400
aes-gcm,2048,1857,29700
aes-gcm,2048,1858,29200
aes-gcm,2048,1859,29500
aes-gcm,2048,1860,29100
aes-gcm,2048,1861,29100
aes-gcm,2048,1862,29500
aes-gcm,2048,1863,29100
aes-gcm,2048,1864,29300
aes-gcm,2048,1865,29300
aes-gcm,2048,1866,73700
aes-gcm,2048,1867,104700
aes-gcm,2048,1868,55700
aes-gcm,2048,1869,88500
aes-gcm,2048,1870,91000
aes-gcm,2048,1871,38900
aes-gcm,2048,1872,30700
aes-gcm,2048,1873,51900
aes-gcm,2048,1874,56300
aes-gcm,2048,1875,85300
aes-gcm,2048,1876,59000
aes-gcm,2048,1877,34000
aes-gcm,2048,1878,33100
aes-gcm,2048,1879,29900
aes-gcm,2048,1880,29600
aes-gcm,2048,1881,29400
aes-gcm,2048,1882,29700
aes-gcm,2048,1883,30000
aes-gcm,2048,1884,29300
aes-gcm,2048,1885,31200
aes-gcm,2048,1886,31000
aes-gcm,2048,1887,32100
aes-gcm,2048,1888,32300
aes-gcm,2048,1889,33000
aes-gcm,2048,1890,66000
aes-gcm,2048,1891,40600
aes-gcm,2048,1892,97100
aes-gcm,2048,1893,137200
aes-gcm,2048,1894,100000
aes-gcm,2048,1895,102600
aes-gcm,2048,1896,90300
aes-gcm,2048,1897,58900
aes-gcm,2048,1898,57100
aes-gcm,2048,1899,33500
aes-gcm,2048,1900,31800
aes-gcm,2048,1901,30500
aes-gcm,2048,1902,51800
aes-gcm,2048,1903,49300
aes-gcm,2048,1904,34400
aes-gcm,2048,1905,30700
aes-gcm,2048,1906,29400
aes-gcm,2048,1907,29500
aes-gcm,2048,1908,29300
aes-gcm,2048,1909,29500
aes-gcm,2048,1910,29000
aes-gcm,2048,1911,29700
aes-gcm,2048,1912,29400
aes-gcm,2048,1913,29400
aes-gcm,2048,1914,31400
aes-gcm,2048,1915,29100
aes-gcm,2048,1916,29300
aes-gcm,2048,1917,28900
aes-gcm,2048,1918,29100
aes-gcm,2048,1919,33000
aes-gcm,2048,1920,28900
aes-gcm,2048,1921,29600
aes-gcm,2048,1922,29200
aes-gcm,2048,1923,29200
aes-gcm,2048,1924,28700
aes-gcm,2048,1925,29400
aes-gcm,2048,1926,28800
aes-gcm,2048,1927,29300
aes-gcm,2048,1928,29100
aes-gcm,2048,1929,28800
aes-gcm,2048,1930,29200
aes-gcm,2048,1931,29400
aes-gcm,2048,1932,29400
aes-gcm,2048,1933,29100
aes-gcm,2048,1934,29500
aes-gcm,2048,1935,28900
aes-gcm,2048,1936,29100
aes-gcm,2048,1937,29200
aes-gcm,2048,1938,28900
aes-gcm,2048,1939,29200
aes-gcm,2048,1940,29300
aes-gcm,2048,1941,29000
aes-gcm,2048,1942,29800
aes-gcm,2048,1943,29800
aes-gcm,2048,1944,29000
aes-gcm,2048,1945,29200
aes-gcm,2048,1946,29000
aes-gcm,2048,1947,29000
aes-gcm,2048,1948,29000
aes-gcm,2048,1949,29000
aes-gcm,2048,1950,29000
aes-gcm,2048,1951,29000
aes-gcm,2048,1952,30400
aes-gcm,2048,1953,29400
aes-gcm,2048,1954,29200
aes-gcm,2048,1955,29100
aes-gcm,2048,1956,28800
aes-gcm,2048,1957,29300
aes-gcm,2048,1958,29100
aes-gcm,2048,1959,29400
aes-gcm,2048,1960,28800
aes-gcm,2048,1961,29400
aes-gcm,2048,1962,28900
aes-gcm,2048,1963,29300
aes-gcm,2048,1964,29400
aes-gcm,2048,1965,29000
aes-gcm,2048,1966,29100
aes-gcm,2048,1967,29100
aes-gcm,2048,1968,29500
aes-gcm,2048,1969,29200
aes-gcm,2048,1970,29300
aes-gcm,2048,1971,36900
aes-gcm,2048,1972,91700
aes-gcm,2048,1973,58400
aes-gcm,2048,1974,33000
aes-gcm,2048,1975,31500
aes-gcm,2048,1976,30000
aes-gcm,2048,1977,29700
aes-gcm,2048,1978,31300
aes-gcm,2048,1979,30000
aes-gcm,2048,1980,30000
aes-gcm,2048,1981,29300
aes-gcm,2048,1982,29500
aes-gcm,2048,1983,28800
aes-gcm,2048,1984,29400
aes-gcm,2048,1985,29400
aes-gcm,2048,1986,29500
aes-gcm,2048,1987,29200
aes-gcm,2048,1988,29300
aes-gcm,2048,1989,124200
aes-gcm,2048,1990,84600
aes-gcm,2048,1991,39200
aes-gcm,2048,1992,30800
aes-gcm,2048,1993,30900
aes-gcm,2048,1994,29700
aes-gcm,2048,1995,29600
aes-gcm,2048,1996,29500
aes-gcm,2048,1997,29500
aes-gcm,2048,1998,29000
aes-gcm,2048,1999,29100
