algorithm,message_size_bytes,iteration,latency_ns
aes-gcm,128,0,31700
aes-gcm,128,1,31500
aes-gcm,128,2,31000
aes-gcm,128,3,30400
aes-gcm,128,4,30900
aes-gcm,128,5,31200
aes-gcm,128,6,30800
aes-gcm,128,7,30900
aes-gcm,128,8,30900
aes-gcm,128,9,30600
aes-gcm,128,10,31100
aes-gcm,128,11,30700
aes-gcm,128,12,31100
aes-gcm,128,13,30600
aes-gcm,128,14,31100
aes-gcm,128,15,30500
aes-gcm,128,16,31200
aes-gcm,128,17,32500
aes-gcm,128,18,29800
aes-gcm,128,19,30900
aes-gcm,128,20,30900
aes-gcm,128,21,31000
aes-gcm,128,22,31700
aes-gcm,128,23,31200
aes-gcm,128,24,30800
aes-gcm,128,25,30900
aes-gcm,128,26,31100
aes-gcm,128,27,30700
aes-gcm,128,28,31100
aes-gcm,128,29,30500
aes-gcm,128,30,31600
aes-gcm,128,31,30700
aes-gcm,128,32,31100
aes-gcm,128,33,30700
aes-gcm,128,34,31000
aes-gcm,128,35,30700
aes-gcm,128,36,30900
aes-gcm,128,37,31100
aes-gcm,128,38,30800
aes-gcm,128,39,31800
aes-gcm,128,40,30900
aes-gcm,128,41,30800
aes-gcm,128,42,30900
aes-gcm,128,43,30700
aes-gcm,128,44,30900
aes-gcm,128,45,30600
aes-gcm,128,46,31000
aes-gcm,128,47,30800
aes-gcm,128,48,31100
aes-gcm,128,49,31300
aes-gcm,128,50,31100
aes-gcm,128,51,30700
aes-gcm,128,52,31300
aes-gcm,128,53,30700
aes-gcm,128,54,30700
aes-gcm,128,55,30900
aes-gcm,128,56,30800
aes-gcm,128,57,30500
aes-gcm,128,58,31000
aes-gcm,128,59,31000
aes-gcm,128,60,30700
aes-gcm,128,61,31000
aes-gcm,128,62,30800
aes-gcm,128,63,30600
aes-gcm,128,64,30900
aes-gcm,128,65,31000
aes-gcm,128,66,30800
aes-gcm,128,67,31000
aes-gcm,128,68,30700
aes-gcm,128,69,31000
aes-gcm,128,70,31000
aes-gcm,128,71,32900
aes-gcm,128,72,31800
aes-gcm,128,73,30600
aes-gcm,128,74,30800
aes-gcm,128,75,30900
aes-gcm,128,76,30900
aes-gcm,128,77,31000
aes-gcm,128,78,30800
aes-gcm,128,79,30800
aes-gcm,128,80,31100
aes-gcm,128,81,30800
aes-gcm,128,82,31000
aes-gcm,128,83,30700
aes-gcm,128,84,31000
aes-gcm,128,85,30900
aes-gcm,128,86,31100
aes-gcm,128,87,30600
aes-gcm,128,88,30900
aes-gcm,128,89,30600
aes-gcm,128,90,31100
aes-gcm,128,91,30900
aes-gcm,128,92,30700
aes-gcm,128,93,30800
aes-gcm,128,94,31000
aes-gcm,128,95,30800
aes-gcm,128,96,30800
aes-gcm,128,97,30900
aes-gcm,128,98,30900
aes-gcm,128,99,30500
aes-gcm,128,100,31200
aes-gcm,128,101,31000
aes-gcm,128,102,30900
aes-gcm,128,103,32900
aes-gcm,128,104,145700
aes-gcm,128,105,52300
aes-gcm,128,106,136700
aes-gcm,128,107,52700
aes-gcm,128,108,84000
aes-gcm,128,109,57200
aes-gcm,128,110,50600
aes-gcm,128,111,45600
aes-gcm,128,112,45000
aes-gcm,128,113,45700
aes-gcm,128,114,43300
aes-gcm,128,115,44600
aes-gcm,128,116,44300
aes-gcm,128,117,44400
aes-gcm,128,118,44500
aes-gcm,128,119,43800
aes-gcm,128,120,44600
aes-gcm,128,121,43900
aes-gcm,128,122,45300
aes-gcm,128,123,43600
aes-gcm,128,124,30800
aes-gcm,128,125,30900
aes-gcm,128,126,30500
aes-gcm,128,127,31600
aes-gcm,128,128,30800
aes-gcm,128,129,31100
aes-gcm,128,130,30800
aes-gcm,128,131,31000
aes-gcm,128,132,30700
aes-gcm,128,133,31200
aes-gcm,128,134,30800
aes-gcm,128,135,30900
aes-gcm,128,136,30900
aes-gcm,128,137,30900
aes-gcm,128,138,30700
aes-gcm,128,139,31000
aes-gcm,128,140,31300
aes-gcm,128,141,32600
aes-gcm,128,142,31000
aes-gcm,128,143,31000
aes-gcm,128,144,30800
aes-gcm,128,145,31200
aes-gcm,128,146,30500
aes-gcm,128,147,31500
aes-gcm,128,148,30900
aes-gcm,128,149,31300
aes-gcm,128,150,36200
aes-gcm,128,151,31600
aes-gcm,128,152,30900
aes-gcm,128,153,31100
aes-gcm,128,154,31500
aes-gcm,128,155,30200
aes-gcm,128,156,33200
aes-gcm,128,157,39500
aes-gcm,128,158,50900
aes-gcm,128,159,36900
aes-gcm,128,160,35900
aes-gcm,128,161,32100
aes-gcm,128,162,61300
aes-gcm,128,163,96600
aes-gcm,128,164,41700
aes-gcm,128,165,33900
aes-gcm,128,166,31200
aes-gcm,128,167,32100
aes-gcm,128,168,31200
aes-gcm,128,169,31600
aes-gcm,128,170,31200
aes-gcm,128,171,32300
aes-gcm,128,172,31400
aes-gcm,128,173,31900
aes-gcm,128,174,31400
aes-gcm,128,175,31200
aes-gcm,128,176,31600
aes-gcm,128,177,35900
aes-gcm,128,178,31200
aes-gcm,128,179,31300
aes-gcm,128,180,31100
aes-gcm,128,181,31300
aes-gcm,128,182,31500
aes-gcm,128,183,31600
aes-gcm,128,184,31000
aes-gcm,128,185,31600
aes-gcm,128,186,31000
aes-gcm,128,187,31400
aes-gcm,128,188,30900
aes-gcm,128,189,31400
aes-gcm,128,190,31200
aes-gcm,128,191,31200
aes-gcm,128,192,31200
aes-gcm,128,193,31400
aes-gcm,128,194,31300
aes-gcm,128,195,31300
aes-gcm,128,196,31100
aes-gcm,128,197,31400
aes-gcm,128,198,31100
aes-gcm,128,199,31400
aes-gcm,128,200,30900
aes-gcm,128,201,31300
aes-gcm,128,202,31000
aes-gcm,128,203,31700
aes-gcm,128,204,31000
aes-gcm,128,205,31500
aes-gcm,128,206,30900
aes-gcm,128,207,31500
aes-gcm,128,208,32600
aes-gcm,128,209,31300
aes-gcm,128,210,31200
aes-gcm,128,211,31100
aes-gcm,128,212,31200
aes-gcm,128,213,31000
aes-gcm,128,214,31400
aes-gcm,128,215,31400
aes-gcm,128,216,31000
aes-gcm,128,217,31300
aes-gcm,128,218,31000
aes-gcm,128,219,31400
aes-gcm,128,220,31100
aes-gcm,128,221,31400
aes-gcm,128,222,31100
aes-gcm,128,223,31700
aes-gcm,128,224,30900
aes-gcm,128,225,31500
aes-gcm,128,226,31200
aes-gcm,128,227,31400
aes-gcm,128,228,31100
aes-gcm,128,229,31200
aes-gcm,128,230,31200
aes-gcm,128,231,31000
aes-gcm,128,232,31400
aes-gcm,128,233,31300
aes-gcm,128,234,30700
aes-gcm,128,235,31800
aes-gcm,128,236,40800
aes-gcm,128,237,40100
aes-gcm,128,238,30600
aes-gcm,128,239,30400
aes-gcm,128,240,30800
aes-gcm,128,241,29500
aes-gcm,128,242,29600
aes-gcm,128,243,28600
aes-gcm,128,244,29700
aes-gcm,128,245,28800
aes-gcm,128,246,29700
aes-gcm,128,247,28400
aes-gcm,128,248,29600
aes-gcm,128,249,28500
aes-gcm,128,250,29700
aes-gcm,128,251,28600
aes-gcm,128,252,29500
aes-gcm,128,253,28500
aes-gcm,128,254,29400
aes-gcm,128,255,31400
aes-gcm,128,256,29300
aes-gcm,128,257,29700
aes-gcm,128,258,29500
aes-gcm,128,259,28700
aes-gcm,128,260,29600
aes-gcm,128,261,28500
aes-gcm,128,262,29900
aes-gcm,128,263,28400
aes-gcm,128,264,29500
aes-gcm,128,265,29700
aes-gcm,128,266,29700
aes-gcm,128,267,29700
aes-gcm,128,268,28500
aes-gcm,128,269,29300
aes-gcm,128,270,28600
aes-gcm,128,271,29600
aes-gcm,128,272,28900
aes-gcm,128,273,31500
aes-gcm,128,274,29500
aes-gcm,128,275,29100
aes-gcm,128,276,29300
aes-gcm,128,277,28700
aes-gcm,128,278,29800
aes-gcm,128,279,28500
aes-gcm,128,280,29800
aes-gcm,128,281,28900
aes-gcm,128,282,29700
aes-gcm,128,283,28700
aes-gcm,128,284,29500
aes-gcm,128,285,28600
aes-gcm,128,286,29600
aes-gcm,128,287,28500
aes-gcm,128,288,29300
aes-gcm,128,289,29600
aes-gcm,128,290,29600
aes-gcm,128,291,28900
aes-gcm,128,292,29300
aes-gcm,128,293,29500
aes-gcm,128,294,28800
aes-gcm,128,295,29600
aes-gcm,128,296,28800
aes-gcm,128,297,29400
aes-gcm,128,298,28400
aes-gcm,128,299,29700
aes-gcm,128,300,29200
aes-gcm,128,301,29400
aes-gcm,128,302,29300
aes-gcm,128,303,29700
aes-gcm,128,304,29200
aes-gcm,128,305,29600
aes-gcm,128,306,28700
aes-gcm,128,307,106700
aes-gcm,128,308,164400
aes-gcm,128,309,136600
aes-gcm,128,310,44400
aes-gcm,128,311,70500
aes-gcm,128,312,39100
aes-gcm,128,313,31200
aes-gcm,128,314,30100
aes-gcm,128,315,29500
aes-gcm,128,316,29500
aes-gcm,128,317,29700
aes-gcm,128,318,30000
aes-gcm,128,319,29700
aes-gcm,128,320,30200
aes-gcm,128,321,29500
aes-gcm,128,322,29900
aes-gcm,128,323,29600
aes-gcm,128,324,29000
aes-gcm,128,325,29900
aes-gcm,128,326,28900
aes-gcm,128,327,29500
aes-gcm,128,328,29800
aes-gcm,128,329,29300
aes-gcm,128,330,30500
aes-gcm,128,331,29300
aes-gcm,128,332,29800
aes-gcm,128,333,28100
aes-gcm,128,334,29600
aes-gcm,128,335,29200
aes-gcm,128,336,29600
aes-gcm,128,337,29000
aes-gcm,128,338,29700
aes-gcm,128,339,29000
aes-gcm,128,340,29900
aes-gcm,128,341,28900
aes-gcm,128,342,29500
aes-gcm,128,343,29800
aes-gcm,128,344,29000
aes-gcm,128,345,29900
aes-gcm,128,346,29000
aes-gcm,128,347,29700
aes-gcm,128,348,29400
aes-gcm,128,349,29100
aes-gcm,128,350,29900
aes-gcm,128,351,29000
aes-gcm,128,352,29800
aes-gcm,128,353,29100
aes-gcm,128,354,29900
aes-gcm,128,355,29000
aes-gcm,128,356,29900
aes-gcm,128,357,28900
aes-gcm,128,358,29800
aes-gcm,128,359,29100
aes-gcm,128,360,29800
aes-gcm,128,361,30600
aes-gcm,128,362,30000
aes-gcm,128,363,29100
aes-gcm,128,364,29700
aes-gcm,128,365,29600
aes-gcm,128,366,29900
aes-gcm,128,367,29400
aes-gcm,128,368,30200
aes-gcm,128,369,29300
aes-gcm,128,370,29700
aes-gcm,128,371,29300
aes-gcm,128,372,29800
aes-gcm,128,373,29300
aes-gcm,128,374,29700
aes-gcm,128,375,29200
aes-gcm,128,376,29600
aes-gcm,128,377,29200
aes-gcm,128,378,29600
aes-gcm,128,379,29200
aes-gcm,128,380,29700
aes-gcm,128,381,29400
aes-gcm,128,382,29800
aes-gcm,128,383,29300
aes-gcm,128,384,29300
aes-gcm,128,385,28700
aes-gcm,128,386,29700
aes-gcm,128,387,29500
aes-gcm,128,388,29100
aes-gcm,128,389,29500
aes-gcm,128,390,28600
aes-gcm,128,391,29600
aes-gcm,128,392,28800
aes-gcm,128,393,29300
aes-gcm,128,394,31400
aes-gcm,128,395,29600
aes-gcm,128,396,29200
aes-gcm,128,397,29700
aes-gcm,128,398,29000
aes-gcm,128,399,29600
aes-gcm,128,400,29200
aes-gcm,128,401,29700
aes-gcm,128,402,30100
aes-gcm,128,403,29800
aes-gcm,128,404,28900
aes-gcm,128,405,29500
aes-gcm,128,406,30000
aes-gcm,128,407,29800
aes-gcm,128,408,29400
aes-gcm,128,409,29500
aes-gcm,128,410,29900
aes-gcm,128,411,28700
aes-gcm,128,412,29800
aes-gcm,128,413,28800
aes-gcm,128,414,29600
aes-gcm,128,415,29600
aes-gcm,128,416,29000
aes-gcm,128,417,29700
aes-gcm,128,418,29100
aes-gcm,128,419,29600
aes-gcm,128,420,29300
aes-gcm,128,421,29900
aes-gcm,128,422,29300
aes-gcm,128,423,29600
aes-gcm,128,424,29400
aes-gcm,128,425,29600
aes-gcm,128,426,28500
aes-gcm,128,427,29300
aes-gcm,128,428,68800
aes-gcm,128,429,75500
aes-gcm,128,430,55200
aes-gcm,128,431,57200
aes-gcm,128,432,34500
aes-gcm,128,433,30700
aes-gcm,128,434,29900
aes-gcm,128,435,30300
aes-gcm,128,436,29200
aes-gcm,128,437,29900
aes-gcm,128,438,29000
aes-gcm,128,439,29700
aes-gcm,128,440,29200
aes-gcm,128,441,29900
aes-gcm,128,442,29300
aes-gcm,128,443,29400
aes-gcm,128,444,29300
aes-gcm,128,445,29500
aes-gcm,128,446,29400
aes-gcm,128,447,29400
aes-gcm,128,448,29300
aes-gcm,128,449,29500
aes-gcm,128,450,28500
aes-gcm,128,451,29400
aes-gcm,128,452,29300
aes-gcm,128,453,29500
aes-gcm,128,454,29100
aes-gcm,128,455,29900
aes-gcm,128,456,29800
aes-gcm,128,457,31300
aes-gcm,128,458,30500
aes-gcm,128,459,28900
aes-gcm,128,460,29600
aes-gcm,128,461,29000
aes-gcm,128,462,30100
aes-gcm,128,463,28900
aes-gcm,128,464,29600
aes-gcm,128,465,28200
aes-gcm,128,466,29700
aes-gcm,128,467,29300
aes-gcm,128,468,29400
aes-gcm,128,469,29200
aes-gcm,128,470,29600
aes-gcm,128,471,29200
aes-gcm,128,472,29500
aes-gcm,128,473,29400
aes-gcm,128,474,29500
aes-gcm,128,475,29200
aes-gcm,128,476,29600
aes-gcm,128,477,29400
aes-gcm,128,478,29400
aes-gcm,128,479,29600
aes-gcm,128,480,29300
aes-gcm,128,481,29400
aes-gcm,128,482,29600
aes-gcm,128,483,29500
aes-gcm,128,484,29400
aes-gcm,128,485,29600
aes-gcm,128,486,29000
aes-gcm,128,487,29600
aes-gcm,128,488,28300
aes-gcm,128,489,29500
aes-gcm,128,490,29300
aes-gcm,128,491,29600
aes-gcm,128,492,28900
aes-gcm,128,493,29600
aes-gcm,128,494,29100
aes-gcm,128,495,30300
aes-gcm,128,496,29100
aes-gcm,128,497,29500
aes-gcm,128,498,29000
aes-gcm,128,499,29700
aes-gcm,128,500,29200
aes-gcm,128,501,29700
aes-gcm,128,502,29400
aes-gcm,128,503,29500
aes-gcm,128,504,28900
aes-gcm,128,505,29900
aes-gcm,128,506,29600
aes-gcm,128,507,29400
aes-gcm,128,508,29400
aes-gcm,128,509,29200
aes-gcm,128,510,29700
aes-gcm,128,511,29200
aes-gcm,128,512,29700
aes-gcm,128,513,29000
aes-gcm,128,514,29600
aes-gcm,128,515,28900
aes-gcm,128,516,29800
aes-gcm,128,517,29200
aes-gcm,128,518,29600
aes-gcm,128,519,28000
aes-gcm,128,520,29800
aes-gcm,128,521,29800
aes-gcm,128,522,29500
aes-gcm,128,523,29000
aes-gcm,128,524,29700
aes-gcm,128,525,29700
aes-gcm,128,526,29200
aes-gcm,128,527,29600
aes-gcm,128,528,28800
aes-gcm,128,529,29700
aes-gcm,128,530,29200
aes-gcm,128,531,29600
aes-gcm,128,532,29100
aes-gcm,128,533,29400
aes-gcm,128,534,28600
aes-gcm,128,535,29700
aes-gcm,128,536,29300
aes-gcm,128,537,29700
aes-gcm,128,538,29000
aes-gcm,128,539,29400
aes-gcm,128,540,29400
aes-gcm,128,541,28400
aes-gcm,128,542,29600
aes-gcm,128,543,29200
aes-gcm,128,544,29400
aes-gcm,128,545,30800
aes-gcm,128,546,29500
aes-gcm,128,547,29300
aes-gcm,128,548,29700
aes-gcm,128,549,28900
aes-gcm,128,550,29700
aes-gcm,128,551,28900
aes-gcm,128,552,29700
aes-gcm,128,553,29000
aes-gcm,128,554,29600
aes-gcm,128,555,28900
aes-gcm,128,556,29700
aes-gcm,128,557,29600
aes-gcm,128,558,31200
aes-gcm,128,559,30100
aes-gcm,128,560,29500
aes-gcm,128,561,29300
aes-gcm,128,562,29300
aes-gcm,128,563,29500
aes-gcm,128,564,29000
aes-gcm,128,565,29400
aes-gcm,128,566,29200
aes-gcm,128,567,29400
aes-gcm,128,568,29300
aes-gcm,128,569,29400
aes-gcm,128,570,29400
aes-gcm,128,571,29200
aes-gcm,128,572,29500
aes-gcm,128,573,28900
aes-gcm,128,574,29500
aes-gcm,128,575,29200
aes-gcm,128,576,29200
aes-gcm,128,577,29600
aes-gcm,128,578,29200
aes-gcm,128,579,29300
aes-gcm,128,580,29500
aes-gcm,128,581,29200
aes-gcm,128,582,29100
aes-gcm,128,583,29500
aes-gcm,128,584,29600
aes-gcm,128,585,30100
aes-gcm,128,586,29200
aes-gcm,128,587,29200
aes-gcm,128,588,29300
aes-gcm,128,589,29100
aes-gcm,128,590,29600
aes-gcm,128,591,35100
aes-gcm,128,592,29600
aes-gcm,128,593,29200
aes-gcm,128,594,29100
aes-gcm,128,595,29700
aes-gcm,128,596,29500
aes-gcm,128,597,29200
aes-gcm,128,598,29200
aes-gcm,128,599,29500
aes-gcm,128,600,29100
aes-gcm,128,601,29500
aes-gcm,128,602,29200
aes-gcm,128,603,29100
aes-gcm,128,604,29400
aes-gcm,128,605,29500
aes-gcm,128,606,29500
aes-gcm,128,607,29400
aes-gcm,128,608,29600
aes-gcm,128,609,29300
aes-gcm,128,610,29500
aes-gcm,128,611,29400
aes-gcm,128,612,29300
aes-gcm,128,613,29300
aes-gcm,128,614,29100
aes-gcm,128,615,29400
aes-gcm,128,616,29300
aes-gcm,128,617,29500
aes-gcm,128,618,29100
aes-gcm,128,619,29400
aes-gcm,128,620,29400
aes-gcm,128,621,29100
aes-gcm,128,622,29700
aes-gcm,128,623,29800
aes-gcm,128,624,29400
aes-gcm,128,625,30700
aes-gcm,128,626,29600
aes-gcm,128,627,29600
aes-gcm,128,628,29400
aes-gcm,128,629,29200
aes-gcm,128,630,29100
aes-gcm,128,631,29300
aes-gcm,128,632,29400
aes-gcm,128,633,29500
aes-gcm,128,634,29100
aes-gcm,128,635,29600
aes-gcm,128,636,29100
aes-gcm,128,637,29300
aes-gcm,128,638,29500
aes-gcm,128,639,29200
aes-gcm,128,640,29700
aes-gcm,128,641,29300
aes-gcm,128,642,29600
aes-gcm,128,643,29400
aes-gcm,128,644,29700
aes-gcm,128,645,29200
aes-gcm,128,646,29400
aes-gcm,128,647,29300
aes-gcm,128,648,29300
aes-gcm,128,649,30000
aes-gcm,128,650,29300
aes-gcm,128,651,29300
aes-gcm,128,652,29300
aes-gcm,128,653,29400
aes-gcm,128,654,29400
aes-gcm,128,655,29500
aes-gcm,128,656,29400
aes-gcm,128,657,29100
aes-gcm,128,658,31300
aes-gcm,128,659,29800
aes-gcm,128,660,29400
aes-gcm,128,661,29100
aes-gcm,128,662,29500
aes-gcm,128,663,29100
aes-gcm,128,664,29400
aes-gcm,128,665,29300
aes-gcm,128,666,29100
aes-gcm,128,667,29300
aes-gcm,128,668,29100
aes-gcm,128,669,29300
aes-gcm,128,670,29500
aes-gcm,128,671,29300
aes-gcm,128,672,29200
aes-gcm,128,673,29200
aes-gcm,128,674,29100
aes-gcm,128,675,29200
aes-gcm,128,676,29400
aes-gcm,128,677,29200
aes-gcm,128,678,29200
aes-gcm,128,679,29100
aes-gcm,128,680,29700
aes-gcm,128,681,28900
aes-gcm,128,682,29400
aes-gcm,128,683,29000
aes-gcm,128,684,29300
aes-gcm,128,685,29300
aes-gcm,128,686,29200
aes-gcm,128,687,30300
aes-gcm,128,688,29300
aes-gcm,128,689,29400
aes-gcm,128,690,29400
aes-gcm,128,691,29500
aes-gcm,128,692,33000
aes-gcm,128,693,29000
aes-gcm,128,694,29200
aes-gcm,128,695,29200
aes-gcm,128,696,29700
aes-gcm,128,697,29400
aes-gcm,128,698,29400
aes-gcm,128,699,29100
aes-gcm,128,700,29300
aes-gcm,128,701,29100
aes-gcm,128,702,29200
aes-gcm,128,703,29200
aes-gcm,128,704,29400
aes-gcm,128,705,29400
aes-gcm,128,706,29100
aes-gcm,128,707,29500
aes-gcm,128,708,29200
aes-gcm,128,709,29300
aes-gcm,128,710,29300
aes-gcm,128,711,29100
aes-gcm,128,712,29500
aes-gcm,128,713,30300
aes-gcm,128,714,29300
aes-gcm,128,715,29200
aes-gcm,128,716,29400
aes-gcm,128,717,29200
aes-gcm,128,718,29400
aes-gcm,128,719,29100
aes-gcm,128,720,29200
aes-gcm,128,721,29200
aes-gcm,128,722,29300
aes-gcm,128,723,29400
aes-gcm,128,724,29100
aes-gcm,128,725,29600
aes-gcm,128,726,30400
aes-gcm,128,727,29400
aes-gcm,128,728,29200
aes-gcm,128,729,29200
aes-gcm,128,730,29500
aes-gcm,128,731,29200
aes-gcm,128,732,29500
aes-gcm,128,733,29100
aes-gcm,128,734,29400
aes-gcm,128,735,29100
aes-gcm,128,736,29700
aes-gcm,128,737,29100
aes-gcm,128,738,29100
aes-gcm,128,739,29200
aes-gcm,128,740,29300
aes-gcm,128,741,29300
aes-gcm,128,742,29400
aes-gcm,128,743,29300
aes-gcm,128,744,29300
aes-gcm,128,745,29600
aes-gcm,128,746,29100
aes-gcm,128,747,29200
aes-gcm,128,748,29300
aes-gcm,128,749,29000
aes-gcm,128,750,30100
aes-gcm,128,751,29100
aes-gcm,128,752,29600
aes-gcm,128,753,28800
aes-gcm,128,754,29400
aes-gcm,128,755,29400
aes-gcm,128,756,28900
aes-gcm,128,757,29300
aes-gcm,128,758,29100
aes-gcm,128,759,30900
aes-gcm,128,760,30400
aes-gcm,128,761,29600
aes-gcm,128,762,29200
aes-gcm,128,763,29300
aes-gcm,128,764,29400
aes-gcm,128,765,29100
aes-gcm,128,766,29500
aes-gcm,128,767,29300
aes-gcm,128,768,29600
aes-gcm,128,769,29300
aes-gcm,128,770,29800
aes-gcm,128,771,29100
aes-gcm,128,772,29700
aes-gcm,128,773,29300
aes-gcm,128,774,29000
aes-gcm,128,775,29400
aes-gcm,128,776,30100
aes-gcm,128,777,29300
aes-gcm,128,778,29100
aes-gcm,128,779,29300
aes-gcm,128,780,29000
aes-gcm,128,781,29300
aes-gcm,128,782,29500
aes-gcm,128,783,28900
aes-gcm,128,784,29400
aes-gcm,128,785,29100
aes-gcm,128,786,29400
aes-gcm,128,787,29300
aes-gcm,128,788,29300
aes-gcm,128,789,29100
aes-gcm,128,790,29500
aes-gcm,128,791,29200
aes-gcm,128,792,29200
aes-gcm,128,793,30900
aes-gcm,128,794,30000
aes-gcm,128,795,29400
aes-gcm,128,796,29000
aes-gcm,128,797,29400
aes-gcm,128,798,29100
aes-gcm,128,799,29200
aes-gcm,128,800,29200
aes-gcm,128,801,29000
aes-gcm,128,802,29300
aes-gcm,128,803,29000
aes-gcm,128,804,29500
aes-gcm,128,805,29100
aes-gcm,128,806,29200
aes-gcm,128,807,29100
aes-gcm,128,808,29400
aes-gcm,128,809,29100
aes-gcm,128,810,29100
aes-gcm,128,811,29200
aes-gcm,128,812,29200
aes-gcm,128,813,29200
aes-gcm,128,814,29900
aes-gcm,128,815,29400
aes-gcm,128,816,29100
aes-gcm,128,817,29200
aes-gcm,128,818,29300
aes-gcm,128,819,29300
aes-gcm,128,820,29300
aes-gcm,128,821,29100
aes-gcm,128,822,29200
aes-gcm,128,823,29000
aes-gcm,128,824,29200
aes-gcm,128,825,29200
aes-gcm,128,826,29200
aes-gcm,128,827,83400
aes-gcm,128,828,137600
aes-gcm,128,829,200900
aes-gcm,128,830,99000
aes-gcm,128,831,38600
aes-gcm,128,832,31400
aes-gcm,128,833,30300
aes-gcm,128,834,29400
aes-gcm,128,835,29600
aes-gcm,128,836,29500
aes-gcm,128,837,29200
aes-gcm,128,838,30000
aes-gcm,128,839,29000
aes-gcm,128,840,31400
aes-gcm,128,841,29300
aes-gcm,128,842,29700
aes-gcm,128,843,29000
aes-gcm,128,844,29300
aes-gcm,128,845,29200
aes-gcm,128,846,32400
aes-gcm,128,847,36800
aes-gcm,128,848,29400
aes-gcm,128,849,29200
aes-gcm,128,850,29200
aes-gcm,128,851,29100
aes-gcm,128,852,29100
aes-gcm,128,853,29400
aes-gcm,128,854,29200
aes-gcm,128,855,29200
aes-gcm,128,856,29300
aes-gcm,128,857,29200
aes-gcm,128,858,29100
aes-gcm,128,859,29200
aes-gcm,128,860,29500
aes-gcm,128,861,29100
aes-gcm,128,862,29500
aes-gcm,128,863,29000
aes-gcm,128,864,29100
aes-gcm,128,865,29300
aes-gcm,128,866,29100
aes-gcm,128,867,29200
aes-gcm,128,868,29000
aes-gcm,128,869,29400
aes-gcm,128,870,29200
aes-gcm,128,871,29200
aes-gcm,128,872,29300
aes-gcm,128,873,29200
aes-gcm,128,874,29600
aes-gcm,128,875,29300
aes-gcm,128,876,29300
aes-gcm,128,877,29300
aes-gcm,128,878,30100
aes-gcm,128,879,29100
aes-gcm,128,880,31100
aes-gcm,128,881,29400
aes-gcm,128,882,29200
aes-gcm,128,883,29700
aes-gcm,128,884,29700
aes-gcm,128,885,29700
aes-gcm,128,886,29100
aes-gcm,128,887,29400
aes-gcm,128,888,29000
aes-gcm,128,889,29400
aes-gcm,128,890,29400
aes-gcm,128,891,29100
aes-gcm,128,892,29300
aes-gcm,128,893,29200
aes-gcm,128,894,29300
aes-gcm,128,895,29200
aes-gcm,128,896,29400
aes-gcm,128,897,29200
aes-gcm,128,898,29100
aes-gcm,128,899,29200
aes-gcm,128,900,29100
aes-gcm,128,901,29300
aes-gcm,128,902,29500
aes-gcm,128,903,29300
aes-gcm,128,904,29900
aes-gcm,128,905,29400
aes-gcm,128,906,29100
aes-gcm,128,907,29400
aes-gcm,128,908,29000
aes-gcm,128,909,28900
aes-gcm,128,910,29300
aes-gcm,128,911,29200
aes-gcm,128,912,29500
aes-gcm,128,913,30300
aes-gcm,128,914,31300
aes-gcm,128,915,29200
aes-gcm,128,916,29200
aes-gcm,128,917,29300
aes-gcm,128,918,29400
aes-gcm,128,919,29400
aes-gcm,128,920,29300
aes-gcm,128,921,29200
aes-gcm,128,922,29200
aes-gcm,128,923,29400
aes-gcm,128,924,29100
aes-gcm,128,925,29300
aes-gcm,128,926,29100
aes-gcm,128,927,29000
aes-gcm,128,928,29500
aes-gcm,128,929,29300
aes-gcm,128,930,29300
aes-gcm,128,931,29200
aes-gcm,128,932,29400
aes-gcm,128,933,28900
aes-gcm,128,934,29500
aes-gcm,128,935,29200
aes-gcm,128,936,29100
aes-gcm,128,937,29300
aes-gcm,128,938,29200
aes-gcm,128,939,29400
aes-gcm,128,940,29300
aes-gcm,128,941,29500
aes-gcm,128,942,33900
aes-gcm,128,943,29500
aes-gcm,128,944,29500
aes-gcm,128,945,29300
aes-gcm,128,946,29400
aes-gcm,128,947,31200
aes-gcm,128,948,29500
aes-gcm,128,949,29400
aes-gcm,128,950,29400
aes-gcm,128,951,29000
aes-gcm,128,952,29400
aes-gcm,128,953,29300
aes-gcm,128,954,29100
aes-gcm,128,955,29500
aes-gcm,128,956,29400
aes-gcm,128,957,29300
aes-gcm,128,958,29100
aes-gcm,128,959,29500
aes-gcm,128,960,29200
aes-gcm,128,961,29500
aes-gcm,128,962,29300
aes-gcm,128,963,29100
aes-gcm,128,964,29400
aes-gcm,128,965,29300
aes-gcm,128,966,29300
aes-gcm,128,967,29100
aes-gcm,128,968,30400
aes-gcm,128,969,29200
aes-gcm,128,970,29600
aes-gcm,128,971,29100
aes-gcm,128,972,29100
aes-gcm,128,973,29200
aes-gcm,128,974,29300
aes-gcm,128,975,29200
aes-gcm,128,976,29300
aes-gcm,128,977,29500
aes-gcm,128,978,29200
aes-gcm,128,979,29400
aes-gcm,128,980,29300
aes-gcm,128,981,30100
aes-gcm,128,982,29500
aes-gcm,128,983,29100
aes-gcm,128,984,29200
aes-gcm,128,985,29300
aes-gcm,128,986,29200
aes-gcm,128,987,30200
aes-gcm,128,988,29200
aes-gcm,128,989,29000
aes-gcm,128,990,29000
aes-gcm,128,991,29200
aes-gcm,128,992,29500
aes-gcm,128,993,29100
aes-gcm,128,994,29300
aes-gcm,128,995,29500
aes-gcm,128,996,29100
aes-gcm,128,997,29200
aes-gcm,128,998,29400
aes-gcm,128,999,29200
aes-gcm,128,1000,29500
aes-gcm,128,1001,29300
aes-gcm,128,1002,29600
aes-gcm,128,1003,29100
aes-gcm,128,1004,29500
aes-gcm,128,1005,30000
aes-gcm,128,1006,29500
aes-gcm,128,1007,29300
aes-gcm,128,1008,29100
aes-gcm,128,1009,29500
aes-gcm,128,1010,29300
aes-gcm,128,1011,29300
aes-gcm,128,1012,29700
aes-gcm,128,1013,29500
aes-gcm,128,1014,30700
aes-gcm,128,1015,30600
aes-gcm,128,1016,29100
aes-gcm,128,1017,29300
aes-gcm,128,1018,29400
aes-gcm,128,1019,29500
aes-gcm,128,1020,29400
aes-gcm,128,1021,29000
aes-gcm,128,1022,29500
aes-gcm,128,1023,29200
aes-gcm,128,1024,29700
aes-gcm,128,1025,29400
aes-gcm,128,1026,29000
aes-gcm,128,1027,29500
aes-gcm,128,1028,29200
aes-gcm,128,1029,29300
aes-gcm,128,1030,29400
aes-gcm,128,1031,30200
aes-gcm,128,1032,29300
aes-gcm,128,1033,29400
aes-gcm,128,1034,29400
aes-gcm,128,1035,29200
aes-gcm,128,1036,29200
aes-gcm,128,1037,29200
aes-gcm,128,1038,29300
aes-gcm,128,1039,29200
aes-gcm,128,1040,29500
aes-gcm,128,1041,29400
aes-gcm,128,1042,29600
aes-gcm,128,1043,29200
aes-gcm,128,1044,29100
aes-gcm,128,1045,29600
aes-gcm,128,1046,28900
aes-gcm,128,1047,29400
aes-gcm,128,1048,33800
aes-gcm,128,1049,29300
aes-gcm,128,1050,29100
aes-gcm,128,1051,29400
aes-gcm,128,1052,29300
aes-gcm,128,1053,29100
aes-gcm,128,1054,29300
aes-gcm,128,1055,29300
aes-gcm,128,1056,29400
aes-gcm,128,1057,29100
aes-gcm,128,1058,29400
aes-gcm,128,1059,29200
aes-gcm,128,1060,29500
aes-gcm,128,1061,29200
aes-gcm,128,1062,29300
aes-gcm,128,1063,29400
aes-gcm,128,1064,29100
aes-gcm,128,1065,29500
aes-gcm,128,1066,29400
aes-gcm,128,1067,29500
aes-gcm,128,1068,29100
aes-gcm,128,1069,30100
aes-gcm,128,1070,29500
aes-gcm,128,1071,29100
aes-gcm,128,1072,29400
aes-gcm,128,1073,29200
aes-gcm,128,1074,29200
aes-gcm,128,1075,29300
aes-gcm,128,1076,29700
aes-gcm,128,1077,29300
aes-gcm,128,1078,29200
aes-gcm,128,1079,29400
aes-gcm,128,1080,29300
aes-gcm,128,1081,29300
aes-gcm,128,1082,30500
aes-gcm,128,1083,29500
aes-gcm,128,1084,29100
aes-gcm,128,1085,29400
aes-gcm,128,1086,29000
aes-gcm,128,1087,29700
aes-gcm,128,1088,29400
aes-gcm,128,1089,29200
aes-gcm,128,1090,29200
aes-gcm,128,1091,29100
aes-gcm,128,1092,29700
aes-gcm,128,1093,29100
aes-gcm,128,1094,29600
aes-gcm,128,1095,30000
aes-gcm,128,1096,29300
aes-gcm,128,1097,29400
aes-gcm,128,1098,29200
aes-gcm,128,1099,29400
aes-gcm,128,1100,29300
aes-gcm,128,1101,29300
aes-gcm,128,1102,29300
aes-gcm,128,1103,29400
aes-gcm,128,1104,29400
aes-gcm,128,1105,29400
aes-gcm,128,1106,29200
aes-gcm,128,1107,29100
aes-gcm,128,1108,29300
aes-gcm,128,1109,29300
aes-gcm,128,1110,29400
aes-gcm,128,1111,29200
aes-gcm,128,1112,29500
aes-gcm,128,1113,29000
aes-gcm,128,1114,29500
aes-gcm,128,1115,31200
aes-gcm,128,1116,30200
aes-gcm,128,1117,29300
aes-gcm,128,1118,29300
aes-gcm,128,1119,29300
aes-gcm,128,1120,29300
aes-gcm,128,1121,29300
aes-gcm,128,1122,29100
aes-gcm,128,1123,29300
aes-gcm,128,1124,29300
aes-gcm,128,1125,29300
aes-gcm,128,1126,29400
aes-gcm,128,1127,29400
aes-gcm,128,1128,29200
aes-gcm,128,1129,29000
aes-gcm,128,1130,29600
aes-gcm,128,1131,29100
aes-gcm,128,1132,29600
aes-gcm,128,1133,29900
aes-gcm,128,1134,29200
aes-gcm,128,1135,29500
aes-gcm,128,1136,29400
aes-gcm,128,1137,29300
aes-gcm,128,1138,29200
aes-gcm,128,1139,29300
aes-gcm,128,1140,29400
aes-gcm,128,1141,29500
aes-gcm,128,1142,29400
aes-gcm,128,1143,29000
aes-gcm,128,1144,29500
aes-gcm,128,1145,29200
aes-gcm,128,1146,29300
aes-gcm,128,1147,29400
aes-gcm,128,1148,29400
aes-gcm,128,1149,31400
aes-gcm,128,1150,29500
aes-gcm,128,1151,29300
aes-gcm,128,1152,29400
aes-gcm,128,1153,29200
aes-gcm,128,1154,29200
aes-gcm,128,1155,29300
aes-gcm,128,1156,29200
aes-gcm,128,1157,29400
aes-gcm,128,1158,29200
aes-gcm,128,1159,30000
aes-gcm,128,1160,29200
aes-gcm,128,1161,29100
aes-gcm,128,1162,29700
aes-gcm,128,1163,29100
aes-gcm,128,1164,29200
aes-gcm,128,1165,29300
aes-gcm,128,1166,29400
aes-gcm,128,1167,29200
aes-gcm,128,1168,29600
aes-gcm,128,1169,29500
aes-gcm,128,1170,29200
aes-gcm,128,1171,29400
aes-gcm,128,1172,29300
aes-gcm,128,1173,29400
aes-gcm,128,1174,29400
aes-gcm,128,1175,29300
aes-gcm,128,1176,29000
aes-gcm,128,1177,29400
aes-gcm,128,1178,29200
aes-gcm,128,1179,29200
aes-gcm,128,1180,29600
aes-gcm,128,1181,29100
aes-gcm,128,1182,29300
aes-gcm,128,1183,29600
aes-gcm,128,1184,29500
aes-gcm,128,1185,29300
aes-gcm,128,1186,29300
aes-gcm,128,1187,29100
aes-gcm,128,1188,29300
aes-gcm,128,1189,29400
aes-gcm,128,1190,29400
aes-gcm,128,1191,29200
aes-gcm,128,1192,29400
aes-gcm,128,1193,29400
aes-gcm,128,1194,29200
aes-gcm,128,1195,29500
aes-gcm,128,1196,29200
aes-gcm,128,1197,29900
aes-gcm,128,1198,29300
aes-gcm,128,1199,29400
aes-gcm,128,1200,29500
aes-gcm,128,1201,29100
aes-gcm,128,1202,29400
aes-gcm,128,1203,29100
aes-gcm,128,1204,29500
aes-gcm,128,1205,29300
aes-gcm,128,1206,29000
aes-gcm,128,1207,29500
aes-gcm,128,1208,29200
aes-gcm,128,1209,29300
aes-gcm,128,1210,29300
aes-gcm,128,1211,29400
aes-gcm,128,1212,29200
aes-gcm,128,1213,29200
aes-gcm,128,1214,29300
aes-gcm,128,1215,29600
aes-gcm,128,1216,31000
aes-gcm,128,1217,30900
aes-gcm,128,1218,29300
aes-gcm,128,1219,29100
aes-gcm,128,1220,29400
aes-gcm,128,1221,29000
aes-gcm,128,1222,29600
aes-gcm,128,1223,30100
aes-gcm,128,1224,29000
aes-gcm,128,1225,29300
aes-gcm,128,1226,29400
aes-gcm,128,1227,29500
aes-gcm,128,1228,29200
aes-gcm,128,1229,29300
aes-gcm,128,1230,29100
aes-gcm,128,1231,29300
aes-gcm,128,1232,29400
aes-gcm,128,1233,28900
aes-gcm,128,1234,29300
aes-gcm,128,1235,29300
aes-gcm,128,1236,29400
aes-gcm,128,1237,29500
aes-gcm,128,1238,29400
aes-gcm,128,1239,29200
aes-gcm,128,1240,29400
aes-gcm,128,1241,29200
aes-gcm,128,1242,29200
aes-gcm,128,1243,29300
aes-gcm,128,1244,29000
aes-gcm,128,1245,29400
aes-gcm,128,1246,29100
aes-gcm,128,1247,29500
aes-gcm,128,1248,29300
aes-gcm,128,1249,29300
aes-gcm,128,1250,35000
aes-gcm,128,1251,29000
aes-gcm,128,1252,29500
aes-gcm,128,1253,29200
aes-gcm,128,1254,29300
aes-gcm,128,1255,29100
aes-gcm,128,1256,29500
aes-gcm,128,1257,29100
aes-gcm,128,1258,29500
aes-gcm,128,1259,29500
aes-gcm,128,1260,29900
aes-gcm,128,1261,29400
aes-gcm,128,1262,29300
aes-gcm,128,1263,29300
aes-gcm,128,1264,29400
aes-gcm,128,1265,29300
aes-gcm,128,1266,29000
aes-gcm,128,1267,29400
aes-gcm,128,1268,29500
aes-gcm,128,1269,29200
aes-gcm,128,1270,29400
aes-gcm,128,1271,29200
aes-gcm,128,1272,29400
aes-gcm,128,1273,28900
aes-gcm,128,1274,29300
aes-gcm,128,1275,29300
aes-gcm,128,1276,29300
aes-gcm,128,1277,29200
aes-gcm,128,1278,29100
aes-gcm,128,1279,29400
aes-gcm,128,1280,29300
aes-gcm,128,1281,29000
aes-gcm,128,1282,29100
aes-gcm,128,1283,29500
aes-gcm,128,1284,32400
aes-gcm,128,1285,30800
aes-gcm,128,1286,30400
aes-gcm,128,1287,29300
aes-gcm,128,1288,29400
aes-gcm,128,1289,29100
aes-gcm,128,1290,29400
aes-gcm,128,1291,29100
aes-gcm,128,1292,29400
aes-gcm,128,1293,29000
aes-gcm,128,1294,29200
aes-gcm,128,1295,29300
aes-gcm,128,1296,29400
aes-gcm,128,1297,29500
aes-gcm,128,1298,29100
aes-gcm,128,1299,29200
aes-gcm,128,1300,29200
aes-gcm,128,1301,32900
aes-gcm,128,1302,29600
aes-gcm,128,1303,29400
aes-gcm,128,1304,29200
aes-gcm,128,1305,29400
aes-gcm,128,1306,29300
aes-gcm,128,1307,29400
aes-gcm,128,1308,29400
aes-gcm,128,1309,29300
aes-gcm,128,1310,29800
aes-gcm,128,1311,29300
aes-gcm,128,1312,29400
aes-gcm,128,1313,29200
aes-gcm,128,1314,29100
aes-gcm,128,1315,35200
aes-gcm,128,1316,29200
aes-gcm,128,1317,29300
aes-gcm,128,1318,29400
aes-gcm,128,1319,29300
aes-gcm,128,1320,29100
aes-gcm,128,1321,29300
aes-gcm,128,1322,29400
aes-gcm,128,1323,29000
aes-gcm,128,1324,30400
aes-gcm,128,1325,29200
aes-gcm,128,1326,29400
aes-gcm,128,1327,29500
aes-gcm,128,1328,29500
aes-gcm,128,1329,29100
aes-gcm,128,1330,29700
aes-gcm,128,1331,29300
aes-gcm,128,1332,29400
aes-gcm,128,1333,29700
aes-gcm,128,1334,29300
aes-gcm,128,1335,29200
aes-gcm,128,1336,29200
aes-gcm,128,1337,29600
aes-gcm,128,1338,29300
aes-gcm,128,1339,29600
aes-gcm,128,1340,29300
aes-gcm,128,1341,29100
aes-gcm,128,1342,29400
aes-gcm,128,1343,29300
aes-gcm,128,1344,29400
aes-gcm,128,1345,29200
aes-gcm,128,1346,29400
aes-gcm,128,1347,29400
aes-gcm,128,1348,29500
aes-gcm,128,1349,33100
aes-gcm,128,1350,198000
aes-gcm,128,1351,170000
aes-gcm,128,1352,125700
aes-gcm,128,1353,136300
aes-gcm,128,1354,44200
aes-gcm,128,1355,67400
aes-gcm,128,1356,32100
aes-gcm,128,1357,31200
aes-gcm,128,1358,29400
aes-gcm,128,1359,29400
aes-gcm,128,1360,29600
aes-gcm,128,1361,29500
aes-gcm,128,1362,30100
aes-gcm,128,1363,53300
aes-gcm,128,1364,45500
aes-gcm,128,1365,43500
aes-gcm,128,1366,43500
aes-gcm,128,1367,28800
aes-gcm,128,1368,29700
aes-gcm,128,1369,29000
aes-gcm,128,1370,29300
aes-gcm,128,1371,28900
aes-gcm,128,1372,29300
aes-gcm,128,1373,29200
aes-gcm,128,1374,29500
aes-gcm,128,1375,29000
aes-gcm,128,1376,29400
aes-gcm,128,1377,28700
aes-gcm,128,1378,29300
aes-gcm,128,1379,29100
aes-gcm,128,1380,29500
aes-gcm,128,1381,29200
aes-gcm,128,1382,28700
aes-gcm,128,1383,29100
aes-gcm,128,1384,29200
aes-gcm,128,1385,29500
aes-gcm,128,1386,28700
aes-gcm,128,1387,29400
aes-gcm,128,1388,29400
aes-gcm,128,1389,29200
aes-gcm,128,1390,29100
aes-gcm,128,1391,29500
aes-gcm,128,1392,28900
aes-gcm,128,1393,29400
aes-gcm,128,1394,30200
aes-gcm,128,1395,29200
aes-gcm,128,1396,29400
aes-gcm,128,1397,29200
aes-gcm,128,1398,28600
aes-gcm,128,1399,29100
aes-gcm,128,1400,29000
aes-gcm,128,1401,28900
aes-gcm,128,1402,29400
aes-gcm,128,1403,28700
aes-gcm,128,1404,29100
aes-gcm,128,1405,29400
aes-gcm,128,1406,29300
aes-gcm,128,1407,28700
aes-gcm,128,1408,29100
aes-gcm,128,1409,28900
aes-gcm,128,1410,29300
aes-gcm,128,1411,29100
aes-gcm,128,1412,29100
aes-gcm,128,1413,28500
aes-gcm,128,1414,30100
aes-gcm,128,1415,28800
aes-gcm,128,1416,29400
aes-gcm,128,1417,28800
aes-gcm,128,1418,29400
aes-gcm,128,1419,28600
aes-gcm,128,1420,29100
aes-gcm,128,1421,29300
aes-gcm,128,1422,28800
aes-gcm,128,1423,29300
aes-gcm,128,1424,28900
aes-gcm,128,1425,29300
aes-gcm,128,1426,28800
aes-gcm,128,1427,29500
aes-gcm,128,1428,30700
aes-gcm,128,1429,30500
aes-gcm,128,1430,28900
aes-gcm,128,1431,29000
aes-gcm,128,1432,52500
aes-gcm,128,1433,84600
aes-gcm,128,1434,40300
aes-gcm,128,1435,31400
aes-gcm,128,1436,30600
aes-gcm,128,1437,29800
aes-gcm,128,1438,29600
aes-gcm,128,1439,29400
aes-gcm,128,1440,29600
aes-gcm,128,1441,29600
aes-gcm,128,1442,30200
aes-gcm,128,1443,29400
aes-gcm,128,1444,29300
aes-gcm,128,1445,29800
aes-gcm,128,1446,29300
aes-gcm,128,1447,29500
aes-gcm,128,1448,29200
aes-gcm,128,1449,29100
aes-gcm,128,1450,29700
aes-gcm,128,1451,29200
aes-gcm,128,1452,31600
aes-gcm,128,1453,29100
aes-gcm,128,1454,29500
aes-gcm,128,1455,29200
aes-gcm,128,1456,29500
aes-gcm,128,1457,29200
aes-gcm,128,1458,29000
aes-gcm,128,1459,66500
aes-gcm,128,1460,113000
aes-gcm,128,1461,62600
aes-gcm,128,1462,32500
aes-gcm,128,1463,30800
aes-gcm,128,1464,29500
aes-gcm,128,1465,30700
aes-gcm,128,1466,29500
aes-gcm,128,1467,29300
aes-gcm,128,1468,29700
aes-gcm,128,1469,29700
aes-gcm,128,1470,29700
aes-gcm,128,1471,29300
aes-gcm,128,1472,29400
aes-gcm,128,1473,29100
aes-gcm,128,1474,29100
aes-gcm,128,1475,29600
aes-gcm,128,1476,29600
aes-gcm,128,1477,29600
aes-gcm,128,1478,31800
aes-gcm,128,1479,29400
aes-gcm,128,1480,29200
aes-gcm,128,1481,29400
aes-gcm,128,1482,29200
aes-gcm,128,1483,29300
aes-gcm,128,1484,29400
aes-gcm,128,1485,29400
aes-gcm,128,1486,29700
aes-gcm,128,1487,29200
aes-gcm,128,1488,29400
aes-gcm,128,1489,29000
aes-gcm,128,1490,29500
aes-gcm,128,1491,29300
aes-gcm,128,1492,29400
aes-gcm,128,1493,29000
aes-gcm,128,1494,29100
aes-gcm,128,1495,29700
aes-gcm,128,1496,29300
aes-gcm,128,1497,29800
aes-gcm,128,1498,29100
aes-gcm,128,1499,29500
aes-gcm,128,1500,29400
aes-gcm,128,1501,29500
aes-gcm,128,1502,29300
aes-gcm,128,1503,29100
aes-gcm,128,1504,29400
aes-gcm,128,1505,29200
aes-gcm,128,1506,29400
aes-gcm,128,1507,29200
aes-gcm,128,1508,29500
aes-gcm,128,1509,29100
aes-gcm,128,1510,29400
aes-gcm,128,1511,29100
aes-gcm,128,1512,29200
aes-gcm,128,1513,29400
aes-gcm,128,1514,29200
aes-gcm,128,1515,30000
aes-gcm,128,1516,29200
aes-gcm,128,1517,29700
aes-gcm,128,1518,29300
aes-gcm,128,1519,29400
aes-gcm,128,1520,29400
aes-gcm,128,1521,34400
aes-gcm,128,1522,29500
aes-gcm,128,1523,29100
aes-gcm,128,1524,29300
aes-gcm,128,1525,29200
aes-gcm,128,1526,29300
aes-gcm,128,1527,29100
aes-gcm,128,1528,29300
aes-gcm,128,1529,29600
aes-gcm,128,1530,29100
aes-gcm,128,1531,29400
aes-gcm,128,1532,29200
aes-gcm,128,1533,29400
aes-gcm,128,1534,29000
aes-gcm,128,1535,29400
aes-gcm,128,1536,29000
aes-gcm,128,1537,29500
aes-gcm,128,1538,29300
aes-gcm,128,1539,29200
aes-gcm,128,1540,29700
aes-gcm,128,1541,29900
aes-gcm,128,1542,29400
aes-gcm,128,1543,29100
aes-gcm,128,1544,29300
aes-gcm,128,1545,29200
aes-gcm,128,1546,29200
aes-gcm,128,1547,29200
aes-gcm,128,1548,29000
aes-gcm,128,1549,29200
aes-gcm,128,1550,29400
aes-gcm,128,1551,29000
aes-gcm,128,1552,29200
aes-gcm,128,1553,29300
aes-gcm,128,1554,30800
aes-gcm,128,1555,30800
aes-gcm,128,1556,29200
aes-gcm,128,1557,29200
aes-gcm,128,1558,29300
aes-gcm,128,1559,29100
aes-gcm,128,1560,29400
aes-gcm,128,1561,43200
aes-gcm,128,1562,169300
aes-gcm,128,1563,90700
aes-gcm,128,1564,48200
aes-gcm,128,1565,31000
aes-gcm,128,1566,29500
aes-gcm,128,1567,29600
aes-gcm,128,1568,29700
aes-gcm,128,1569,30000
aes-gcm,128,1570,29800
aes-gcm,128,1571,29800
aes-gcm,128,1572,29100
aes-gcm,128,1573,29200
aes-gcm,128,1574,29000
aes-gcm,128,1575,29100
aes-gcm,128,1576,29300
aes-gcm,128,1577,29300
aes-gcm,128,1578,29200
aes-gcm,128,1579,31100
aes-gcm,128,1580,33200
aes-gcm,128,1581,29400
aes-gcm,128,1582,29600
aes-gcm,128,1583,29100
aes-gcm,128,1584,28900
aes-gcm,128,1585,29100
aes-gcm,128,1586,28900
aes-gcm,128,1587,29400
aes-gcm,128,1588,29000
aes-gcm,128,1589,29200
aes-gcm,128,1590,29300
aes-gcm,128,1591,29400
aes-gcm,128,1592,29100
aes-gcm,128,1593,29000
aes-gcm,128,1594,29400
aes-gcm,128,1595,29100
aes-gcm,128,1596,29300
aes-gcm,128,1597,29200
aes-gcm,128,1598,29200
aes-gcm,128,1599,29300
aes-gcm,128,1600,29400
aes-gcm,128,1601,29100
aes-gcm,128,1602,29100
aes-gcm,128,1603,29500
aes-gcm,128,1604,29200
aes-gcm,128,1605,30000
aes-gcm,128,1606,29000
aes-gcm,128,1607,29500
aes-gcm,128,1608,28900
aes-gcm,128,1609,29100
aes-gcm,128,1610,29100
aes-gcm,128,1611,29100
aes-gcm,128,1612,29400
aes-gcm,128,1613,29100
aes-gcm,128,1614,30900
aes-gcm,128,1615,29100
aes-gcm,128,1616,29400
aes-gcm,128,1617,29100
aes-gcm,128,1618,29200
aes-gcm,128,1619,29000
aes-gcm,128,1620,29000
aes-gcm,128,1621,29100
aes-gcm,128,1622,29400
aes-gcm,128,1623,29500
aes-gcm,128,1624,29000
aes-gcm,128,1625,29500
aes-gcm,128,1626,29300
aes-gcm,128,1627,29400
aes-gcm,128,1628,29000
aes-gcm,128,1629,29100
aes-gcm,128,1630,29300
aes-gcm,128,1631,29200
aes-gcm,128,1632,29200
aes-gcm,128,1633,29100
aes-gcm,128,1634,29400
aes-gcm,128,1635,29200
aes-gcm,128,1636,29400
aes-gcm,128,1637,29100
aes-gcm,128,1638,29000
aes-gcm,128,1639,29200
aes-gcm,128,1640,29200
aes-gcm,128,1641,29100
aes-gcm,128,1642,29200
aes-gcm,128,1643,29800
aes-gcm,128,1644,29300
aes-gcm,128,1645,29500
aes-gcm,128,1646,28900
aes-gcm,128,1647,29200
aes-gcm,128,1648,31300
aes-gcm,128,1649,29200
aes-gcm,128,1650,29200
aes-gcm,128,1651,29100
aes-gcm,128,1652,29400
aes-gcm,128,1653,29000
aes-gcm,128,1654,29400
aes-gcm,128,1655,29400
aes-gcm,128,1656,29200
aes-gcm,128,1657,29500
aes-gcm,128,1658,29100
aes-gcm,128,1659,29300
aes-gcm,128,1660,29300
aes-gcm,128,1661,29300
aes-gcm,128,1662,29300
aes-gcm,128,1663,29600
aes-gcm,128,1664,29100
aes-gcm,128,1665,29300
aes-gcm,128,1666,29400
aes-gcm,128,1667,29500
aes-gcm,128,1668,29400
aes-gcm,128,1669,29900
aes-gcm,128,1670,29500
aes-gcm,128,1671,29100
aes-gcm,128,1672,29300
aes-gcm,128,1673,29200
aes-gcm,128,1674,29100
aes-gcm,128,1675,29300
aes-gcm,128,1676,29300
aes-gcm,128,1677,29400
aes-gcm,128,1678,29000
aes-gcm,128,1679,29400
aes-gcm,128,1680,29100
aes-gcm,128,1681,29200
aes-gcm,128,1682,29300
aes-gcm,128,1683,29100
aes-gcm,128,1684,29200
aes-gcm,128,1685,29200
aes-gcm,128,1686,29500
aes-gcm,128,1687,29300
aes-gcm,128,1688,29400
aes-gcm,128,1689,29100
aes-gcm,128,1690,29400
aes-gcm,128,1691,29300
aes-gcm,128,1692,29000
aes-gcm,128,1693,29200
aes-gcm,128,1694,29100
aes-gcm,128,1695,29400
aes-gcm,128,1696,29000
aes-gcm,128,1697,29600
aes-gcm,128,1698,29100
aes-gcm,128,1699,29300
aes-gcm,128,1700,29300
aes-gcm,128,1701,29100
aes-gcm,128,1702,29400
aes-gcm,128,1703,29200
aes-gcm,128,1704,29300
aes-gcm,128,1705,29200
aes-gcm,128,1706,29400
aes-gcm,128,1707,29800
aes-gcm,128,1708,29600
aes-gcm,128,1709,29400
aes-gcm,128,1710,29000
aes-gcm,128,1711,29300
aes-gcm,128,1712,29000
aes-gcm,128,1713,29300
aes-gcm,128,1714,29200
aes-gcm,128,1715,64100
aes-gcm,128,1716,100000
aes-gcm,128,1717,152500
aes-gcm,128,1718,69000
aes-gcm,128,1719,87700
aes-gcm,128,1720,38600
aes-gcm,128,1721,31300
aes-gcm,128,1722,30500
aes-gcm,128,1723,29200
aes-gcm,128,1724,29600
aes-gcm,128,1725,29300
aes-gcm,128,1726,29300
aes-gcm,128,1727,29500
aes-gcm,128,1728,29200
aes-gcm,128,1729,29500
aes-gcm,128,1730,29300
aes-gcm,128,1731,29100
aes-gcm,128,1732,29500
aes-gcm,128,1733,32600
aes-gcm,128,1734,29400
aes-gcm,128,1735,29800
aes-gcm,128,1736,29400
aes-gcm,128,1737,30000
aes-gcm,128,1738,45700
aes-gcm,128,1739,30200
aes-gcm,128,1740,29300
aes-gcm,128,1741,29100
aes-gcm,128,1742,29400
aes-gcm,128,1743,29400
aes-gcm,128,1744,29600
aes-gcm,128,1745,29300
aes-gcm,128,1746,29100
aes-gcm,128,1747,29300
aes-gcm,128,1748,29200
aes-gcm,128,1749,29200
aes-gcm,128,1750,29200
aes-gcm,128,1751,29200
aes-gcm,128,1752,29100
aes-gcm,128,1753,29300
aes-gcm,128,1754,29400
aes-gcm,128,1755,29000
aes-gcm,128,1756,29300
aes-gcm,128,1757,29100
aes-gcm,128,1758,29200
aes-gcm,128,1759,29100
aes-gcm,128,1760,29500
aes-gcm,128,1761,29100
aes-gcm,128,1762,29400
aes-gcm,128,1763,29200
aes-gcm,128,1764,29200
aes-gcm,128,1765,29500
aes-gcm,128,1766,29200
aes-gcm,128,1767,29300
aes-gcm,128,1768,29100
aes-gcm,128,1769,29400
aes-gcm,128,1770,29700
aes-gcm,128,1771,29300
aes-gcm,128,1772,29400
aes-gcm,128,1773,29000
aes-gcm,128,1774,29600
aes-gcm,128,1775,29400
aes-gcm,128,1776,29200
aes-gcm,128,1777,29100
aes-gcm,128,1778,29300
aes-gcm,128,1779,29000
aes-gcm,128,1780,29300
aes-gcm,128,1781,29000
aes-gcm,128,1782,28800
aes-gcm,128,1783,29100
aes-gcm,128,1784,29300
aes-gcm,128,1785,29500
aes-gcm,128,1786,29200
aes-gcm,128,1787,29400
aes-gcm,128,1788,29100
aes-gcm,128,1789,29300
aes-gcm,128,1790,29300
aes-gcm,128,1791,29000
aes-gcm,128,1792,29500
aes-gcm,128,1793,29400
aes-gcm,128,1794,29300
aes-gcm,128,1795,29100
aes-gcm,128,1796,30200
aes-gcm,128,1797,29300
aes-gcm,128,1798,29500
aes-gcm,128,1799,29100
aes-gcm,128,1800,29200
aes-gcm,128,1801,29300
aes-gcm,128,1802,29400
aes-gcm,128,1803,29500
aes-gcm,128,1804,29200
aes-gcm,128,1805,29600
aes-gcm,128,1806,29200
aes-gcm,128,1807,29600
aes-gcm,128,1808,29400
aes-gcm,128,1809,29000
aes-gcm,128,1810,29200
aes-gcm,128,1811,29100
aes-gcm,128,1812,29400
aes-gcm,128,1813,29100
aes-gcm,128,1814,29300
aes-gcm,128,1815,28900
aes-gcm,128,1816,29400
aes-gcm,128,1817,29300
aes-gcm,128,1818,29200
aes-gcm,128,1819,29300
aes-gcm,128,1820,29200
aes-gcm,128,1821,29300
aes-gcm,128,1822,29300
aes-gcm,128,1823,29400
aes-gcm,128,1824,28900
aes-gcm,128,1825,29500
aes-gcm,128,1826,29000
aes-gcm,128,1827,29200
aes-gcm,128,1828,29500
aes-gcm,128,1829,29300
aes-gcm,128,1830,29400
aes-gcm,128,1831,29000
aes-gcm,128,1832,29200
aes-gcm,128,1833,29100
aes-gcm,128,1834,30100
aes-gcm,128,1835,29100
aes-gcm,128,1836,28900
aes-gcm,128,1837,29200
aes-gcm,128,1838,29900
aes-gcm,128,1839,174800
aes-gcm,128,1840,142700
aes-gcm,128,1841,63300
aes-gcm,128,1842,70400
aes-gcm,128,1843,46900
aes-gcm,128,1844,43500
aes-gcm,128,1845,41900
aes-gcm,128,1846,44800
aes-gcm,128,1847,43300
aes-gcm,128,1848,42800
aes-gcm,128,1849,43000
aes-gcm,128,1850,43300
aes-gcm,128,1851,41600
aes-gcm,128,1852,44000
aes-gcm,128,1853,43100
aes-gcm,128,1854,42200
aes-gcm,128,1855,42600
aes-gcm,128,1856,42600
aes-gcm,128,1857,42700
aes-gcm,128,1858,60800
aes-gcm,128,1859,53000
aes-gcm,128,1860,34800
aes-gcm,128,1861,30500
aes-gcm,128,1862,29100
aes-gcm,128,1863,29400
aes-gcm,128,1864,29600
aes-gcm,128,1865,29400
aes-gcm,128,1866,29100
aes-gcm,128,1867,29200
aes-gcm,128,1868,28900
aes-gcm,128,1869,29200
aes-gcm,128,1870,29300
aes-gcm,128,1871,29300
aes-gcm,128,1872,29200
aes-gcm,128,1873,29000
aes-gcm,128,1874,29400
aes-gcm,128,1875,29000
aes-gcm,128,1876,29100
aes-gcm,128,1877,29100
aes-gcm,128,1878,28900
aes-gcm,128,1879,28700
aes-gcm,128,1880,29300
aes-gcm,128,1881,28500
aes-gcm,128,1882,29600
aes-gcm,128,1883,28700
aes-gcm,128,1884,29200
aes-gcm,128,1885,29000
aes-gcm,128,1886,29300
aes-gcm,128,1887,28800
aes-gcm,128,1888,29200
aes-gcm,128,1889,28700
aes-gcm,128,1890,29300
aes-gcm,128,1891,28800
aes-gcm,128,1892,29000
aes-gcm,128,1893,29300
aes-gcm,128,1894,28700
aes-gcm,128,1895,29400
aes-gcm,128,1896,28800
aes-gcm,128,1897,29400
aes-gcm,128,1898,29400
aes-gcm,128,1899,29000
aes-gcm,128,1900,29000
aes-gcm,128,1901,29100
aes-gcm,128,1902,29000
aes-gcm,128,1903,29000
aes-gcm,128,1904,29000
aes-gcm,128,1905,29200
aes-gcm,128,1906,28800
aes-gcm,128,1907,29300
aes-gcm,128,1908,28600
aes-gcm,128,1909,29400
aes-gcm,128,1910,28800
aes-gcm,128,1911,29200
aes-gcm,128,1912,29000
aes-gcm,128,1913,28100
aes-gcm,128,1914,29100
aes-gcm,128,1915,29000
aes-gcm,128,1916,29100
aes-gcm,128,1917,28200
aes-gcm,128,1918,29300
aes-gcm,128,1919,28600
aes-gcm,128,1920,29400
aes-gcm,128,1921,28700
aes-gcm,128,1922,29300
aes-gcm,128,1923,28400
aes-gcm,128,1924,30000
aes-gcm,128,1925,29300
aes-gcm,128,1926,28800
aes-gcm,128,1927,29400
aes-gcm,128,1928,28800
aes-gcm,128,1929,29200
aes-gcm,128,1930,28700
aes-gcm,128,1931,29300
aes-gcm,128,1932,28700
aes-gcm,128,1933,29300
aes-gcm,128,1934,28600
aes-gcm,128,1935,29100
aes-gcm,128,1936,29200
aes-gcm,128,1937,29200
aes-gcm,128,1938,28600
aes-gcm,128,1939,29400
aes-gcm,128,1940,29500
aes-gcm,128,1941,70300
aes-gcm,128,1942,43900
aes-gcm,128,1943,30600
aes-gcm,128,1944,29400
aes-gcm,128,1945,29400
aes-gcm,128,1946,29300
aes-gcm,128,1947,29200
aes-gcm,128,1948,29000
aes-gcm,128,1949,29200
aes-gcm,128,1950,29100
aes-gcm,128,1951,29400
aes-gcm,128,1952,33400
aes-gcm,128,1953,29000
aes-gcm,128,1954,29100
aes-gcm,128,1955,29100
aes-gcm,128,1956,29300
aes-gcm,128,1957,29400
aes-gcm,128,1958,29300
aes-gcm,128,1959,29200
aes-gcm,128,1960,29500
aes-gcm,128,1961,29000
aes-gcm,128,1962,30300
aes-gcm,128,1963,29700
aes-gcm,128,1964,29100
aes-gcm,128,1965,29300
aes-gcm,128,1966,29000
aes-gcm,128,1967,29300
aes-gcm,128,1968,29100
aes-gcm,128,1969,29400
aes-gcm,128,1970,29300
aes-gcm,128,1971,29100
aes-gcm,128,1972,29500
aes-gcm,128,1973,29100
aes-gcm,128,1974,29200
aes-gcm,128,1975,29200
aes-gcm,128,1976,29300
aes-gcm,128,1977,29100
aes-gcm,128,1978,29600
aes-gcm,128,1979,29100
aes-gcm,128,1980,29300
aes-gcm,128,1981,29400
aes-gcm,128,1982,29200
aes-gcm,128,1983,29300
aes-gcm,128,1984,29300
aes-gcm,128,1985,30000
aes-gcm,128,1986,29100
aes-gcm,128,1987,29400
aes-gcm,128,1988,30100
aes-gcm,128,1989,29300
aes-gcm,128,1990,29500
aes-gcm,128,1991,29000
aes-gcm,128,1992,29300
aes-gcm,128,1993,29000
aes-gcm,128,1994,29800
aes-gcm,128,1995,29100
aes-gcm,128,1996,29200
aes-gcm,128,1997,29300
aes-gcm,128,1998,29000
aes-gcm,128,1999,29300
aes-gcm,512,0,30200
aes-gcm,512,1,30000
aes-gcm,512,2,30300
aes-gcm,512,3,29600
aes-gcm,512,4,30200
aes-gcm,512,5,30000
aes-gcm,512,6,29800
aes-gcm,512,7,30200
aes-gcm,512,8,29800
aes-gcm,512,9,29700
aes-gcm,512,10,30200
aes-gcm,512,11,33600
aes-gcm,512,12,29900
aes-gcm,512,13,30400
aes-gcm,512,14,30300
aes-gcm,512,15,29800
aes-gcm,512,16,30100
aes-gcm,512,17,30200
aes-gcm,512,18,30200
aes-gcm,512,19,29900
aes-gcm,512,20,30100
aes-gcm,512,21,29800
aes-gcm,512,22,30200
aes-gcm,512,23,29800
aes-gcm,512,24,29800
aes-gcm,512,25,31300
aes-gcm,512,26,30000
aes-gcm,512,27,30400
aes-gcm,512,28,30300
aes-gcm,512,29,30200
aes-gcm,512,30,29700
aes-gcm,512,31,30100
aes-gcm,512,32,29900
aes-gcm,512,33,29700
aes-gcm,512,34,29900
aes-gcm,512,35,30100
aes-gcm,512,36,30100
aes-gcm,512,37,29900
aes-gcm,512,38,30300
aes-gcm,512,39,29700
aes-gcm,512,40,30000
aes-gcm,512,41,29800
aes-gcm,512,42,30000
aes-gcm,512,43,30100
aes-gcm,512,44,30100
aes-gcm,512,45,29900
aes-gcm,512,46,29900
aes-gcm,512,47,30200
aes-gcm,512,48,29600
aes-gcm,512,49,30400
aes-gcm,512,50,30000
aes-gcm,512,51,29500
aes-gcm,512,52,30100
aes-gcm,512,53,29900
aes-gcm,512,54,29800
aes-gcm,512,55,29900
aes-gcm,512,56,30000
aes-gcm,512,57,29700
aes-gcm,512,58,30000
aes-gcm,512,59,29800
aes-gcm,512,60,30100
aes-gcm,512,61,29800
aes-gcm,512,62,29800
aes-gcm,512,63,30000
aes-gcm,512,64,29800
aes-gcm,512,65,30100
aes-gcm,512,66,29600
aes-gcm,512,67,29900
aes-gcm,512,68,30000
aes-gcm,512,69,29600
aes-gcm,512,70,30500
aes-gcm,512,71,29800
aes-gcm,512,72,29900
aes-gcm,512,73,29700
aes-gcm,512,74,30200
aes-gcm,512,75,29800
aes-gcm,512,76,30200
aes-gcm,512,77,30000
aes-gcm,512,78,29700
aes-gcm,512,79,30000
aes-gcm,512,80,30000
aes-gcm,512,81,30100
aes-gcm,512,82,30200
aes-gcm,512,83,30600
aes-gcm,512,84,29800
aes-gcm,512,85,30000
aes-gcm,512,86,29900
aes-gcm,512,87,29600
aes-gcm,512,88,30100
aes-gcm,512,89,30500
aes-gcm,512,90,30200
aes-gcm,512,91,29900
aes-gcm,512,92,30600
aes-gcm,512,93,29800
aes-gcm,512,94,32900
aes-gcm,512,95,30200
aes-gcm,512,96,29800
aes-gcm,512,97,30000
aes-gcm,512,98,30200
aes-gcm,512,99,29900
aes-gcm,512,100,29800
aes-gcm,512,101,30100
aes-gcm,512,102,29900
aes-gcm,512,103,31000
aes-gcm,512,104,29800
aes-gcm,512,105,29700
aes-gcm,512,106,30000
aes-gcm,512,107,29800
aes-gcm,512,108,29900
aes-gcm,512,109,29900
aes-gcm,512,110,30200
aes-gcm,512,111,29500
aes-gcm,512,112,30200
aes-gcm,512,113,30200
aes-gcm,512,114,29500
aes-gcm,512,115,30200
aes-gcm,512,116,29800
aes-gcm,512,117,30100
aes-gcm,512,118,29900
aes-gcm,512,119,30100
aes-gcm,512,120,30000
aes-gcm,512,121,30000
aes-gcm,512,122,29900
aes-gcm,512,123,29700
aes-gcm,512,124,30700
aes-gcm,512,125,30000
aes-gcm,512,126,30400
aes-gcm,512,127,29900
aes-gcm,512,128,30000
aes-gcm,512,129,29700
aes-gcm,512,130,30300
aes-gcm,512,131,29800
aes-gcm,512,132,29800
aes-gcm,512,133,29900
aes-gcm,512,134,30000
aes-gcm,512,135,30100
aes-gcm,512,136,29800
aes-gcm,512,137,30100
aes-gcm,512,138,29800
aes-gcm,512,139,30000
aes-gcm,512,140,30100
aes-gcm,512,141,29800
aes-gcm,512,142,30100
aes-gcm,512,143,32900
aes-gcm,512,144,30000
aes-gcm,512,145,30100
aes-gcm,512,146,30100
aes-gcm,512,147,29900
aes-gcm,512,148,30200
aes-gcm,512,149,29800
aes-gcm,512,150,29800
aes-gcm,512,151,30100
aes-gcm,512,152,29800
aes-gcm,512,153,30400
aes-gcm,512,154,30200
aes-gcm,512,155,30300
aes-gcm,512,156,30000
aes-gcm,512,157,30100
aes-gcm,512,158,30000
aes-gcm,512,159,29900
aes-gcm,512,160,30200
aes-gcm,512,161,30000
aes-gcm,512,162,30000
aes-gcm,512,163,30000
aes-gcm,512,164,30100
aes-gcm,512,165,29900
aes-gcm,512,166,30100
aes-gcm,512,167,30000
aes-gcm,512,168,29700
aes-gcm,512,169,30000
aes-gcm,512,170,30000
aes-gcm,512,171,29800
aes-gcm,512,172,30100
aes-gcm,512,173,30000
aes-gcm,512,174,29700
aes-gcm,512,175,30100
aes-gcm,512,176,30100
aes-gcm,512,177,30100
aes-gcm,512,178,30000
aes-gcm,512,179,29900
aes-gcm,512,180,29900
aes-gcm,512,181,29900
aes-gcm,512,182,30400
aes-gcm,512,183,29900
aes-gcm,512,184,30100
aes-gcm,512,185,29900
aes-gcm,512,186,29600
aes-gcm,512,187,30100
aes-gcm,512,188,30500
aes-gcm,512,189,29900
aes-gcm,512,190,30200
aes-gcm,512,191,30000
aes-gcm,512,192,29800
aes-gcm,512,193,29900
aes-gcm,512,194,30000
aes-gcm,512,195,29800
aes-gcm,512,196,30000
aes-gcm,512,197,29900
aes-gcm,512,198,30200
aes-gcm,512,199,29900
aes-gcm,512,200,30300
aes-gcm,512,201,29800
aes-gcm,512,202,30200
aes-gcm,512,203,29900
aes-gcm,512,204,29900
aes-gcm,512,205,30300
aes-gcm,512,206,30000
aes-gcm,512,207,30100
aes-gcm,512,208,30000
aes-gcm,512,209,30400
aes-gcm,512,210,30300
aes-gcm,512,211,30100
aes-gcm,512,212,29900
aes-gcm,512,213,29700
aes-gcm,512,214,30000
aes-gcm,512,215,30000
aes-gcm,512,216,30000
aes-gcm,512,217,30700
aes-gcm,512,218,30200
aes-gcm,512,219,29900
aes-gcm,512,220,30500
aes-gcm,512,221,29800
aes-gcm,512,222,29700
aes-gcm,512,223,30000
aes-gcm,512,224,29900
aes-gcm,512,225,29900
aes-gcm,512,226,194600
aes-gcm,512,227,92300
aes-gcm,512,228,93800
aes-gcm,512,229,60100
aes-gcm,512,230,34400
aes-gcm,512,231,32800
aes-gcm,512,232,31100
aes-gcm,512,233,29900
aes-gcm,512,234,30100
aes-gcm,512,235,30000
aes-gcm,512,236,30800
aes-gcm,512,237,29800
aes-gcm,512,238,31000
aes-gcm,512,239,30000
aes-gcm,512,240,29700
aes-gcm,512,241,30200
aes-gcm,512,242,30100
aes-gcm,512,243,29900
aes-gcm,512,244,29900
aes-gcm,512,245,30200
aes-gcm,512,246,30000
aes-gcm,512,247,33400
aes-gcm,512,248,31500
aes-gcm,512,249,29700
aes-gcm,512,250,30200
aes-gcm,512,251,29700
aes-gcm,512,252,30100
aes-gcm,512,253,30000
aes-gcm,512,254,30100
aes-gcm,512,255,29900
aes-gcm,512,256,30100
aes-gcm,512,257,30000
aes-gcm,512,258,29500
aes-gcm,512,259,30400
aes-gcm,512,260,30000
aes-gcm,512,261,29700
aes-gcm,512,262,30100
aes-gcm,512,263,30200
aes-gcm,512,264,30100
aes-gcm,512,265,29800
aes-gcm,512,266,30200
aes-gcm,512,267,29700
aes-gcm,512,268,30200
aes-gcm,512,269,29700
aes-gcm,512,270,30200
aes-gcm,512,271,29700
aes-gcm,512,272,30000
aes-gcm,512,273,29900
aes-gcm,512,274,30300
aes-gcm,512,275,30000
aes-gcm,512,276,29600
aes-gcm,512,277,30100
aes-gcm,512,278,30200
aes-gcm,512,279,29700
aes-gcm,512,280,31200
aes-gcm,512,281,30000
aes-gcm,512,282,29600
aes-gcm,512,283,29800
aes-gcm,512,284,29800
aes-gcm,512,285,29500
aes-gcm,512,286,30100
aes-gcm,512,287,30000
aes-gcm,512,288,29800
aes-gcm,512,289,30000
aes-gcm,512,290,30100
aes-gcm,512,291,29800
aes-gcm,512,292,30200
aes-gcm,512,293,29800
aes-gcm,512,294,29900
aes-gcm,512,295,30000
aes-gcm,512,296,29600
aes-gcm,512,297,30000
aes-gcm,512,298,29700
aes-gcm,512,299,29900
aes-gcm,512,300,30000
aes-gcm,512,301,30100
aes-gcm,512,302,30100
aes-gcm,512,303,29700
aes-gcm,512,304,30100
aes-gcm,512,305,29900
aes-gcm,512,306,29700
aes-gcm,512,307,29800
aes-gcm,512,308,30000
aes-gcm,512,309,29600
aes-gcm,512,310,30300
aes-gcm,512,311,29800
aes-gcm,512,312,29900
aes-gcm,512,313,30900
aes-gcm,512,314,30100
aes-gcm,512,315,30100
aes-gcm,512,316,29900
aes-gcm,512,317,30100
aes-gcm,512,318,29700
aes-gcm,512,319,30200
aes-gcm,512,320,30100
aes-gcm,512,321,29800
aes-gcm,512,322,30400
aes-gcm,512,323,30000
aes-gcm,512,324,29900
aes-gcm,512,325,29900
aes-gcm,512,326,30200
aes-gcm,512,327,29800
aes-gcm,512,328,29900
aes-gcm,512,329,30400
aes-gcm,512,330,33000
aes-gcm,512,331,29900
aes-gcm,512,332,29900
aes-gcm,512,333,29800
aes-gcm,512,334,30200
aes-gcm,512,335,30200
aes-gcm,512,336,29900
aes-gcm,512,337,30400
aes-gcm,512,338,30000
aes-gcm,512,339,29700
aes-gcm,512,340,30100
aes-gcm,512,341,29600
aes-gcm,512,342,30400
aes-gcm,512,343,29700
aes-gcm,512,344,30900
aes-gcm,512,345,29800
aes-gcm,512,346,31800
aes-gcm,512,347,30000
aes-gcm,512,348,29700
aes-gcm,512,349,29900
aes-gcm,512,350,30200
aes-gcm,512,351,29800
aes-gcm,512,352,30000
aes-gcm,512,353,30300
aes-gcm,512,354,29800
aes-gcm,512,355,30200
aes-gcm,512,356,29800
aes-gcm,512,357,29600
aes-gcm,512,358,30000
aes-gcm,512,359,29800
aes-gcm,512,360,30000
aes-gcm,512,361,29700
aes-gcm,512,362,30200
aes-gcm,512,363,29600
aes-gcm,512,364,30100
aes-gcm,512,365,29900
aes-gcm,512,366,29800
aes-gcm,512,367,30100
aes-gcm,512,368,29800
aes-gcm,512,369,29700
aes-gcm,512,370,29900
aes-gcm,512,371,30200
aes-gcm,512,372,29800
aes-gcm,512,373,30000
aes-gcm,512,374,30000
aes-gcm,512,375,29700
aes-gcm,512,376,30000
aes-gcm,512,377,29700
aes-gcm,512,378,30100
aes-gcm,512,379,31700
aes-gcm,512,380,30000
aes-gcm,512,381,29700
aes-gcm,512,382,30000
aes-gcm,512,383,29900
aes-gcm,512,384,29600
aes-gcm,512,385,30200
aes-gcm,512,386,30000
aes-gcm,512,387,30100
aes-gcm,512,388,29900
aes-gcm,512,389,30000
aes-gcm,512,390,29800
aes-gcm,512,391,29900
aes-gcm,512,392,30200
aes-gcm,512,393,29600
aes-gcm,512,394,30100
aes-gcm,512,395,29700
aes-gcm,512,396,30200
aes-gcm,512,397,29900
aes-gcm,512,398,30700
aes-gcm,512,399,29800
aes-gcm,512,400,30300
aes-gcm,512,401,29700
aes-gcm,512,402,29800
aes-gcm,512,403,30000
aes-gcm,512,404,30000
aes-gcm,512,405,30000
aes-gcm,512,406,30300
aes-gcm,512,407,30200
aes-gcm,512,408,30700
aes-gcm,512,409,30000
aes-gcm,512,410,30000
aes-gcm,512,411,29700
aes-gcm,512,412,30300
aes-gcm,512,413,29800
aes-gcm,512,414,30000
aes-gcm,512,415,30000
aes-gcm,512,416,30100
aes-gcm,512,417,30000
aes-gcm,512,418,30300
aes-gcm,512,419,30200
aes-gcm,512,420,29800
aes-gcm,512,421,30000
aes-gcm,512,422,30000
aes-gcm,512,423,29700
aes-gcm,512,424,29900
aes-gcm,512,425,30200
aes-gcm,512,426,29700
aes-gcm,512,427,30100
aes-gcm,512,428,30100
aes-gcm,512,429,29700
aes-gcm,512,430,30400
aes-gcm,512,431,30000
aes-gcm,512,432,30100
aes-gcm,512,433,29800
aes-gcm,512,434,30500
aes-gcm,512,435,29900
aes-gcm,512,436,30100
aes-gcm,512,437,30200
aes-gcm,512,438,30000
aes-gcm,512,439,30000
aes-gcm,512,440,30200
aes-gcm,512,441,29800
aes-gcm,512,442,29800
aes-gcm,512,443,30000
aes-gcm,512,444,29600
aes-gcm,512,445,31200
aes-gcm,512,446,30100
aes-gcm,512,447,30000
aes-gcm,512,448,30100
aes-gcm,512,449,30100
aes-gcm,512,450,30100
aes-gcm,512,451,29900
aes-gcm,512,452,30100
aes-gcm,512,453,29700
aes-gcm,512,454,30000
aes-gcm,512,455,29800
aes-gcm,512,456,29600
aes-gcm,512,457,30000
aes-gcm,512,458,29800
aes-gcm,512,459,29900
aes-gcm,512,460,30100
aes-gcm,512,461,30000
aes-gcm,512,462,30700
aes-gcm,512,463,30400
aes-gcm,512,464,29900
aes-gcm,512,465,29900
aes-gcm,512,466,30100
aes-gcm,512,467,29900
aes-gcm,512,468,30000
aes-gcm,512,469,29800
aes-gcm,512,470,30300
aes-gcm,512,471,29700
aes-gcm,512,472,31400
aes-gcm,512,473,29900
aes-gcm,512,474,29800
aes-gcm,512,475,30100
aes-gcm,512,476,29900
aes-gcm,512,477,30100
aes-gcm,512,478,29900
aes-gcm,512,479,30100
aes-gcm,512,480,29800
aes-gcm,512,481,30100
aes-gcm,512,482,30100
aes-gcm,512,483,30000
aes-gcm,512,484,30000
aes-gcm,512,485,29800
aes-gcm,512,486,29900
aes-gcm,512,487,30000
aes-gcm,512,488,30000
aes-gcm,512,489,29600
aes-gcm,512,490,30400
aes-gcm,512,491,29900
aes-gcm,512,492,29900
aes-gcm,512,493,30100
aes-gcm,512,494,30200
aes-gcm,512,495,29900
aes-gcm,512,496,29800
aes-gcm,512,497,30100
aes-gcm,512,498,29500
aes-gcm,512,499,29900
aes-gcm,512,500,30000
aes-gcm,512,501,29700
aes-gcm,512,502,30300
aes-gcm,512,503,29800
aes-gcm,512,504,30100
aes-gcm,512,505,29800
aes-gcm,512,506,30100
aes-gcm,512,507,29700
aes-gcm,512,508,29900
aes-gcm,512,509,29900
aes-gcm,512,510,29900
aes-gcm,512,511,30000
aes-gcm,512,512,30100
aes-gcm,512,513,30000
aes-gcm,512,514,30000
aes-gcm,512,515,30200
aes-gcm,512,516,29700
aes-gcm,512,517,30000
aes-gcm,512,518,30200
aes-gcm,512,519,29700
aes-gcm,512,520,30000
aes-gcm,512,521,29800
aes-gcm,512,522,30000
aes-gcm,512,523,29800
aes-gcm,512,524,30100
aes-gcm,512,525,29700
aes-gcm,512,526,30700
aes-gcm,512,527,29900
aes-gcm,512,528,29700
aes-gcm,512,529,30200
aes-gcm,512,530,29900
aes-gcm,512,531,30100
aes-gcm,512,532,29900
aes-gcm,512,533,30100
aes-gcm,512,534,30000
aes-gcm,512,535,30800
aes-gcm,512,536,30300
aes-gcm,512,537,29600
aes-gcm,512,538,30000
aes-gcm,512,539,29700
aes-gcm,512,540,29900
aes-gcm,512,541,29700
aes-gcm,512,542,30400
aes-gcm,512,543,29600
aes-gcm,512,544,31500
aes-gcm,512,545,30200
aes-gcm,512,546,30100
aes-gcm,512,547,30100
aes-gcm,512,548,29800
aes-gcm,512,549,29900
aes-gcm,512,550,30000
aes-gcm,512,551,30000
aes-gcm,512,552,29800
aes-gcm,512,553,30000
aes-gcm,512,554,29900
aes-gcm,512,555,29600
aes-gcm,512,556,30200
aes-gcm,512,557,29900
aes-gcm,512,558,30300
aes-gcm,512,559,29800
aes-gcm,512,560,30100
aes-gcm,512,561,29500
aes-gcm,512,562,30000
aes-gcm,512,563,29700
aes-gcm,512,564,29800
aes-gcm,512,565,30000
aes-gcm,512,566,30200
aes-gcm,512,567,30000
aes-gcm,512,568,30100
aes-gcm,512,569,30000
aes-gcm,512,570,29800
aes-gcm,512,571,29900
aes-gcm,512,572,30000
aes-gcm,512,573,29700
aes-gcm,512,574,30300
aes-gcm,512,575,29900
aes-gcm,512,576,29900
aes-gcm,512,577,31700
aes-gcm,512,578,30500
aes-gcm,512,579,29800
aes-gcm,512,580,29900
aes-gcm,512,581,29900
aes-gcm,512,582,29700
aes-gcm,512,583,29800
aes-gcm,512,584,29900
aes-gcm,512,585,29900
aes-gcm,512,586,29800
aes-gcm,512,587,30100
aes-gcm,512,588,29700
aes-gcm,512,589,29900
aes-gcm,512,590,30300
aes-gcm,512,591,29800
aes-gcm,512,592,30000
aes-gcm,512,593,29900
aes-gcm,512,594,29900
aes-gcm,512,595,29700
aes-gcm,512,596,30000
aes-gcm,512,597,29800
aes-gcm,512,598,30200
aes-gcm,512,599,30700
aes-gcm,512,600,29900
aes-gcm,512,601,29900
aes-gcm,512,602,30300
aes-gcm,512,603,29900
aes-gcm,512,604,29800
aes-gcm,512,605,30200
aes-gcm,512,606,29800
aes-gcm,512,607,30100
aes-gcm,512,608,29900
aes-gcm,512,609,29700
aes-gcm,512,610,34700
aes-gcm,512,611,30100
aes-gcm,512,612,30000
aes-gcm,512,613,29800
aes-gcm,512,614,30000
aes-gcm,512,615,29700
aes-gcm,512,616,30000
aes-gcm,512,617,30000
aes-gcm,512,618,29700
aes-gcm,512,619,30100
aes-gcm,512,620,30000
aes-gcm,512,621,29900
aes-gcm,512,622,30200
aes-gcm,512,623,29900
aes-gcm,512,624,29600
aes-gcm,512,625,30000
aes-gcm,512,626,30100
aes-gcm,512,627,29800
aes-gcm,512,628,29800
aes-gcm,512,629,29700
aes-gcm,512,630,30500
aes-gcm,512,631,29700
aes-gcm,512,632,30300
aes-gcm,512,633,29600
aes-gcm,512,634,30000
aes-gcm,512,635,29800
aes-gcm,512,636,29800
aes-gcm,512,637,30100
aes-gcm,512,638,30000
aes-gcm,512,639,29900
aes-gcm,512,640,30000
aes-gcm,512,641,30000
aes-gcm,512,642,29900
aes-gcm,512,643,29800
aes-gcm,512,644,29700
aes-gcm,512,645,29700
aes-gcm,512,646,30200
aes-gcm,512,647,29900
aes-gcm,512,648,30000
aes-gcm,512,649,29800
aes-gcm,512,650,30200
aes-gcm,512,651,29700
aes-gcm,512,652,30300
aes-gcm,512,653,29800
aes-gcm,512,654,30100
aes-gcm,512,655,30100
aes-gcm,512,656,29800
aes-gcm,512,657,29900
aes-gcm,512,658,30100
aes-gcm,512,659,29900
aes-gcm,512,660,29700
aes-gcm,512,661,30100
aes-gcm,512,662,30100
aes-gcm,512,663,30600
aes-gcm,512,664,30200
aes-gcm,512,665,29900
aes-gcm,512,666,29900
aes-gcm,512,667,29800
aes-gcm,512,668,30200
aes-gcm,512,669,29700
aes-gcm,512,670,30400
aes-gcm,512,671,30000
aes-gcm,512,672,29800
aes-gcm,512,673,30300
aes-gcm,512,674,29900
aes-gcm,512,675,30100
aes-gcm,512,676,30500
aes-gcm,512,677,30200
aes-gcm,512,678,29500
aes-gcm,512,679,30100
aes-gcm,512,680,29900
aes-gcm,512,681,29700
aes-gcm,512,682,30000
aes-gcm,512,683,29900
aes-gcm,512,684,30000
aes-gcm,512,685,29800
aes-gcm,512,686,30500
aes-gcm,512,687,29800
aes-gcm,512,688,29900
aes-gcm,512,689,29700
aes-gcm,512,690,29800
aes-gcm,512,691,30100
aes-gcm,512,692,29800
aes-gcm,512,693,30000
aes-gcm,512,694,30200
aes-gcm,512,695,30300
aes-gcm,512,696,30100
aes-gcm,512,697,30100
aes-gcm,512,698,30000
aes-gcm,512,699,29700
aes-gcm,512,700,30100
aes-gcm,512,701,29800
aes-gcm,512,702,30100
aes-gcm,512,703,29700
aes-gcm,512,704,30100
aes-gcm,512,705,29900
aes-gcm,512,706,30200
aes-gcm,512,707,30100
aes-gcm,512,708,29600
aes-gcm,512,709,30400
aes-gcm,512,710,30100
aes-gcm,512,711,29900
aes-gcm,512,712,29900
aes-gcm,512,713,30000
aes-gcm,512,714,30000
aes-gcm,512,715,30200
aes-gcm,512,716,30100
aes-gcm,512,717,29800
aes-gcm,512,718,30700
aes-gcm,512,719,29900
aes-gcm,512,720,30000
aes-gcm,512,721,29800
aes-gcm,512,722,30100
aes-gcm,512,723,29700
aes-gcm,512,724,30000
aes-gcm,512,725,30000
aes-gcm,512,726,30200
aes-gcm,512,727,30900
aes-gcm,512,728,29900
aes-gcm,512,729,29900
aes-gcm,512,730,29900
aes-gcm,512,731,30000
aes-gcm,512,732,29800
aes-gcm,512,733,29800
aes-gcm,512,734,30000
aes-gcm,512,735,29800
aes-gcm,512,736,30100
aes-gcm,512,737,30100
aes-gcm,512,738,29900
aes-gcm,512,739,29800
aes-gcm,512,740,30100
aes-gcm,512,741,29600
aes-gcm,512,742,96000
aes-gcm,512,743,241700
aes-gcm,512,744,107100
aes-gcm,512,745,41100
aes-gcm,512,746,32300
aes-gcm,512,747,36100
aes-gcm,512,748,30800
aes-gcm,512,749,30200
aes-gcm,512,750,29700
aes-gcm,512,751,29900
aes-gcm,512,752,29900
aes-gcm,512,753,29600
aes-gcm,512,754,29900
aes-gcm,512,755,29800
aes-gcm,512,756,29700
aes-gcm,512,757,29900
aes-gcm,512,758,30500
aes-gcm,512,759,29500
aes-gcm,512,760,30100
aes-gcm,512,761,29700
aes-gcm,512,762,29600
aes-gcm,512,763,35400
aes-gcm,512,764,29900
aes-gcm,512,765,29700
aes-gcm,512,766,29700
aes-gcm,512,767,30000
aes-gcm,512,768,29600
aes-gcm,512,769,30100
aes-gcm,512,770,30200
aes-gcm,512,771,29800
aes-gcm,512,772,29900
aes-gcm,512,773,29900
aes-gcm,512,774,29900
aes-gcm,512,775,29900
aes-gcm,512,776,30100
aes-gcm,512,777,29600
aes-gcm,512,778,30000
aes-gcm,512,779,29900
aes-gcm,512,780,29900
aes-gcm,512,781,30000
aes-gcm,512,782,29800
aes-gcm,512,783,30400
aes-gcm,512,784,29800
aes-gcm,512,785,30000
aes-gcm,512,786,29800
aes-gcm,512,787,30100
aes-gcm,512,788,29700
aes-gcm,512,789,29600
aes-gcm,512,790,31100
aes-gcm,512,791,29900
aes-gcm,512,792,29800
aes-gcm,512,793,29800
aes-gcm,512,794,30000
aes-gcm,512,795,29600
aes-gcm,512,796,29600
aes-gcm,512,797,29800
aes-gcm,512,798,30000
aes-gcm,512,799,30200
aes-gcm,512,800,30000
aes-gcm,512,801,30000
aes-gcm,512,802,29900
aes-gcm,512,803,29900
aes-gcm,512,804,29700
aes-gcm,512,805,30300
aes-gcm,512,806,30000
aes-gcm,512,807,29700
aes-gcm,512,808,29900
aes-gcm,512,809,29800
aes-gcm,512,810,29900
aes-gcm,512,811,30000
aes-gcm,512,812,30100
aes-gcm,512,813,29700
aes-gcm,512,814,29900
aes-gcm,512,815,29900
aes-gcm,512,816,29700
aes-gcm,512,817,30100
aes-gcm,512,818,30000
aes-gcm,512,819,29700
aes-gcm,512,820,29900
aes-gcm,512,821,30000
aes-gcm,512,822,29800
aes-gcm,512,823,29700
aes-gcm,512,824,29800
aes-gcm,512,825,29700
aes-gcm,512,826,30200
aes-gcm,512,827,29700
aes-gcm,512,828,29800
aes-gcm,512,829,34000
aes-gcm,512,830,30200
aes-gcm,512,831,29700
aes-gcm,512,832,30100
aes-gcm,512,833,29900
aes-gcm,512,834,29800
aes-gcm,512,835,29900
aes-gcm,512,836,29700
aes-gcm,512,837,29800
aes-gcm,512,838,29900
aes-gcm,512,839,29900
aes-gcm,512,840,29600
aes-gcm,512,841,29900
aes-gcm,512,842,29700
aes-gcm,512,843,29700
aes-gcm,512,844,30000
aes-gcm,512,845,29900
aes-gcm,512,846,29700
aes-gcm,512,847,30100
aes-gcm,512,848,30000
aes-gcm,512,849,29500
aes-gcm,512,850,29900
aes-gcm,512,851,29900
aes-gcm,512,852,29600
aes-gcm,512,853,29900
aes-gcm,512,854,31200
aes-gcm,512,855,30000
aes-gcm,512,856,29900
aes-gcm,512,857,30200
aes-gcm,512,858,29700
aes-gcm,512,859,30000
aes-gcm,512,860,29900
aes-gcm,512,861,29600
aes-gcm,512,862,34300
aes-gcm,512,863,29900
aes-gcm,512,864,29800
aes-gcm,512,865,30100
aes-gcm,512,866,29900
aes-gcm,512,867,29700
aes-gcm,512,868,30000
aes-gcm,512,869,29700
aes-gcm,512,870,29600
aes-gcm,512,871,29900
aes-gcm,512,872,29700
aes-gcm,512,873,29600
aes-gcm,512,874,29800
aes-gcm,512,875,30000
aes-gcm,512,876,29700
aes-gcm,512,877,29900
aes-gcm,512,878,29900
aes-gcm,512,879,29600
aes-gcm,512,880,30000
aes-gcm,512,881,29700
aes-gcm,512,882,30100
aes-gcm,512,883,29800
aes-gcm,512,884,30100
aes-gcm,512,885,29400
aes-gcm,512,886,30000
aes-gcm,512,887,29800
aes-gcm,512,888,29800
aes-gcm,512,889,29800
aes-gcm,512,890,29700
aes-gcm,512,891,29700
aes-gcm,512,892,30000
aes-gcm,512,893,30000
aes-gcm,512,894,29500
aes-gcm,512,895,32500
aes-gcm,512,896,29900
aes-gcm,512,897,29900
aes-gcm,512,898,29800
aes-gcm,512,899,29800
aes-gcm,512,900,29900
aes-gcm,512,901,29600
aes-gcm,512,902,30000
aes-gcm,512,903,29600
aes-gcm,512,904,29900
aes-gcm,512,905,29800
aes-gcm,512,906,29500
aes-gcm,512,907,30100
aes-gcm,512,908,29700
aes-gcm,512,909,29700
aes-gcm,512,910,30000
aes-gcm,512,911,30100
aes-gcm,512,912,29500
aes-gcm,512,913,29800
aes-gcm,512,914,29700
aes-gcm,512,915,29600
aes-gcm,512,916,29900
aes-gcm,512,917,29900
aes-gcm,512,918,30800
aes-gcm,512,919,29700
aes-gcm,512,920,30000
aes-gcm,512,921,29500
aes-gcm,512,922,30000
aes-gcm,512,923,29900
aes-gcm,512,924,29600
aes-gcm,512,925,29800
aes-gcm,512,926,29800
aes-gcm,512,927,30400
aes-gcm,512,928,35900
aes-gcm,512,929,30200
aes-gcm,512,930,29600
aes-gcm,512,931,29900
aes-gcm,512,932,29900
aes-gcm,512,933,29500
aes-gcm,512,934,29900
aes-gcm,512,935,29900
aes-gcm,512,936,29800
aes-gcm,512,937,29600
aes-gcm,512,938,30200
aes-gcm,512,939,29600
aes-gcm,512,940,30100
aes-gcm,512,941,29700
aes-gcm,512,942,29600
aes-gcm,512,943,30000
aes-gcm,512,944,30100
aes-gcm,512,945,29800
aes-gcm,512,946,29900
aes-gcm,512,947,30100
aes-gcm,512,948,29700
aes-gcm,512,949,29900
aes-gcm,512,950,30200
aes-gcm,512,951,29500
aes-gcm,512,952,30100
aes-gcm,512,953,29800
aes-gcm,512,954,29800
aes-gcm,512,955,29700
aes-gcm,512,956,30000
aes-gcm,512,957,29700
aes-gcm,512,958,30100
aes-gcm,512,959,29900
aes-gcm,512,960,29900
aes-gcm,512,961,33100
aes-gcm,512,962,30000
aes-gcm,512,963,29800
aes-gcm,512,964,29700
aes-gcm,512,965,29900
aes-gcm,512,966,30000
aes-gcm,512,967,29800
aes-gcm,512,968,29800
aes-gcm,512,969,29800
aes-gcm,512,970,30200
aes-gcm,512,971,30200
aes-gcm,512,972,29900
aes-gcm,512,973,29600
aes-gcm,512,974,30000
aes-gcm,512,975,29900
aes-gcm,512,976,29900
aes-gcm,512,977,29700
aes-gcm,512,978,29400
aes-gcm,512,979,29700
aes-gcm,512,980,29900
aes-gcm,512,981,29700
aes-gcm,512,982,33100
aes-gcm,512,983,30100
aes-gcm,512,984,29700
aes-gcm,512,985,30000
aes-gcm,512,986,30000
aes-gcm,512,987,29700
aes-gcm,512,988,29800
aes-gcm,512,989,29800
aes-gcm,512,990,29800
aes-gcm,512,991,29900
aes-gcm,512,992,30100
aes-gcm,512,993,29600
aes-gcm,512,994,31200
aes-gcm,512,995,30100
aes-gcm,512,996,29800
aes-gcm,512,997,29900
aes-gcm,512,998,29600
aes-gcm,512,999,29800
aes-gcm,512,1000,29700
aes-gcm,512,1001,30000
aes-gcm,512,1002,29700
aes-gcm,512,1003,29900
aes-gcm,512,1004,29800
aes-gcm,512,1005,29700
aes-gcm,512,1006,29700
aes-gcm,512,1007,29800
aes-gcm,512,1008,29800
aes-gcm,512,1009,29700
aes-gcm,512,1010,30000
aes-gcm,512,1011,29700
aes-gcm,512,1012,29900
aes-gcm,512,1013,29700
aes-gcm,512,1014,29800
aes-gcm,512,1015,29800
aes-gcm,512,1016,29600
aes-gcm,512,1017,29700
aes-gcm,512,1018,29800
aes-gcm,512,1019,29800
aes-gcm,512,1020,29700
aes-gcm,512,1021,29900
aes-gcm,512,1022,30200
aes-gcm,512,1023,29700
aes-gcm,512,1024,29900
aes-gcm,512,1025,30200
aes-gcm,512,1026,29800
aes-gcm,512,1027,30600
aes-gcm,512,1028,29900
aes-gcm,512,1029,29600
aes-gcm,512,1030,29900
aes-gcm,512,1031,29600
aes-gcm,512,1032,29600
aes-gcm,512,1033,29900
aes-gcm,512,1034,29900
aes-gcm,512,1035,29800
aes-gcm,512,1036,29900
aes-gcm,512,1037,30200
aes-gcm,512,1038,29600
aes-gcm,512,1039,29900
aes-gcm,512,1040,29800
aes-gcm,512,1041,29700
aes-gcm,512,1042,29900
aes-gcm,512,1043,29800
aes-gcm,512,1044,29800
aes-gcm,512,1045,30300
aes-gcm,512,1046,30200
aes-gcm,512,1047,29700
aes-gcm,512,1048,29900
aes-gcm,512,1049,29800
aes-gcm,512,1050,30200
aes-gcm,512,1051,30100
aes-gcm,512,1052,29900
aes-gcm,512,1053,29800
aes-gcm,512,1054,29900
aes-gcm,512,1055,30300
aes-gcm,512,1056,29700
aes-gcm,512,1057,30300
aes-gcm,512,1058,29600
aes-gcm,512,1059,29600
aes-gcm,512,1060,45600
aes-gcm,512,1061,30100
aes-gcm,512,1062,29800
aes-gcm,512,1063,29700
aes-gcm,512,1064,30000
aes-gcm,512,1065,29600
aes-gcm,512,1066,30000
aes-gcm,512,1067,29900
aes-gcm,512,1068,29900
aes-gcm,512,1069,29700
aes-gcm,512,1070,29700
aes-gcm,512,1071,29700
aes-gcm,512,1072,29900
aes-gcm,512,1073,29900
aes-gcm,512,1074,29500
aes-gcm,512,1075,29900
aes-gcm,512,1076,29700
aes-gcm,512,1077,29600
aes-gcm,512,1078,30600
aes-gcm,512,1079,29800
aes-gcm,512,1080,30000
aes-gcm,512,1081,29600
aes-gcm,512,1082,30200
aes-gcm,512,1083,29500
aes-gcm,512,1084,30000
aes-gcm,512,1085,29800
aes-gcm,512,1086,29400
aes-gcm,512,1087,30000
aes-gcm,512,1088,29900
aes-gcm,512,1089,30100
aes-gcm,512,1090,29700
aes-gcm,512,1091,29900
aes-gcm,512,1092,29700
aes-gcm,512,1093,29800
aes-gcm,512,1094,29600
aes-gcm,512,1095,29500
aes-gcm,512,1096,29900
aes-gcm,512,1097,29900
aes-gcm,512,1098,29800
aes-gcm,512,1099,29700
aes-gcm,512,1100,30100
aes-gcm,512,1101,29700
aes-gcm,512,1102,30100
aes-gcm,512,1103,29800
aes-gcm,512,1104,29600
aes-gcm,512,1105,29900
aes-gcm,512,1106,30000
aes-gcm,512,1107,29900
aes-gcm,512,1108,29900
aes-gcm,512,1109,30600
aes-gcm,512,1110,30000
aes-gcm,512,1111,30100
aes-gcm,512,1112,29800
aes-gcm,512,1113,29600
aes-gcm,512,1114,30000
aes-gcm,512,1115,29800
aes-gcm,512,1116,29700
aes-gcm,512,1117,30000
aes-gcm,512,1118,29900
aes-gcm,512,1119,29900
aes-gcm,512,1120,30100
aes-gcm,512,1121,29900
aes-gcm,512,1122,29600
aes-gcm,512,1123,29900
aes-gcm,512,1124,29800
aes-gcm,512,1125,29700
aes-gcm,512,1126,30400
aes-gcm,512,1127,29800
aes-gcm,512,1128,29500
aes-gcm,512,1129,29800
aes-gcm,512,1130,29900
aes-gcm,512,1131,29600
aes-gcm,512,1132,30200
aes-gcm,512,1133,29600
aes-gcm,512,1134,30000
aes-gcm,512,1135,29800
aes-gcm,512,1136,30000
aes-gcm,512,1137,29500
aes-gcm,512,1138,30100
aes-gcm,512,1139,29700
aes-gcm,512,1140,29700
aes-gcm,512,1141,29700
aes-gcm,512,1142,30100
aes-gcm,512,1143,29600
aes-gcm,512,1144,29500
aes-gcm,512,1145,30000
aes-gcm,512,1146,29500
aes-gcm,512,1147,29900
aes-gcm,512,1148,29700
aes-gcm,512,1149,29600
aes-gcm,512,1150,30200
aes-gcm,512,1151,29900
aes-gcm,512,1152,29900
aes-gcm,512,1153,30000
aes-gcm,512,1154,30000
aes-gcm,512,1155,29600
aes-gcm,512,1156,30000
aes-gcm,512,1157,29800
aes-gcm,512,1158,29800
aes-gcm,512,1159,32500
aes-gcm,512,1160,29900
aes-gcm,512,1161,29800
aes-gcm,512,1162,30400
aes-gcm,512,1163,30000
aes-gcm,512,1164,29700
aes-gcm,512,1165,30000
aes-gcm,512,1166,29900
aes-gcm,512,1167,29900
aes-gcm,512,1168,30100
aes-gcm,512,1169,29800
aes-gcm,512,1170,29800
aes-gcm,512,1171,29600
aes-gcm,512,1172,29900
aes-gcm,512,1173,30100
aes-gcm,512,1174,30300
aes-gcm,512,1175,29900
aes-gcm,512,1176,29600
aes-gcm,512,1177,29700
aes-gcm,512,1178,29700
aes-gcm,512,1179,29800
aes-gcm,512,1180,29900
aes-gcm,512,1181,29900
aes-gcm,512,1182,29600
aes-gcm,512,1183,30000
aes-gcm,512,1184,29700
aes-gcm,512,1185,30000
aes-gcm,512,1186,30000
aes-gcm,512,1187,29600
aes-gcm,512,1188,29700
aes-gcm,512,1189,29600
aes-gcm,512,1190,30300
aes-gcm,512,1191,29600
aes-gcm,512,1192,33100
aes-gcm,512,1193,29900
aes-gcm,512,1194,29700
aes-gcm,512,1195,29900
aes-gcm,512,1196,29800
aes-gcm,512,1197,29800
aes-gcm,512,1198,29700
aes-gcm,512,1199,29900
aes-gcm,512,1200,29700
aes-gcm,512,1201,29900
aes-gcm,512,1202,29800
aes-gcm,512,1203,29500
aes-gcm,512,1204,29900
aes-gcm,512,1205,29800
aes-gcm,512,1206,30100
aes-gcm,512,1207,29700
aes-gcm,512,1208,29700
aes-gcm,512,1209,29500
aes-gcm,512,1210,30000
aes-gcm,512,1211,29600
aes-gcm,512,1212,29700
aes-gcm,512,1213,30000
aes-gcm,512,1214,29900
aes-gcm,512,1215,30000
aes-gcm,512,1216,29700
aes-gcm,512,1217,30300
aes-gcm,512,1218,30100
aes-gcm,512,1219,29700
aes-gcm,512,1220,29900
aes-gcm,512,1221,29500
aes-gcm,512,1222,29900
aes-gcm,512,1223,29800
aes-gcm,512,1224,29800
aes-gcm,512,1225,32000
aes-gcm,512,1226,29800
aes-gcm,512,1227,29700
aes-gcm,512,1228,30000
aes-gcm,512,1229,29700
aes-gcm,512,1230,29700
aes-gcm,512,1231,30200
aes-gcm,512,1232,29800
aes-gcm,512,1233,29700
aes-gcm,512,1234,29600
aes-gcm,512,1235,30000
aes-gcm,512,1236,29500
aes-gcm,512,1237,30800
aes-gcm,512,1238,30200
aes-gcm,512,1239,29500
aes-gcm,512,1240,30100
aes-gcm,512,1241,29700
aes-gcm,512,1242,29700
aes-gcm,512,1243,29700
aes-gcm,512,1244,29700
aes-gcm,512,1245,29400
aes-gcm,512,1246,30300
aes-gcm,512,1247,30000
aes-gcm,512,1248,29400
aes-gcm,512,1249,30400
aes-gcm,512,1250,29800
aes-gcm,512,1251,29900
aes-gcm,512,1252,29700
aes-gcm,512,1253,30000
aes-gcm,512,1254,29500
aes-gcm,512,1255,29900
aes-gcm,512,1256,29700
aes-gcm,512,1257,29600
aes-gcm,512,1258,32400
aes-gcm,512,1259,168800
aes-gcm,512,1260,100100
aes-gcm,512,1261,53800
aes-gcm,512,1262,37200
aes-gcm,512,1263,146600
aes-gcm,512,1264,154200
aes-gcm,512,1265,130300
aes-gcm,512,1266,68400
aes-gcm,512,1267,33600
aes-gcm,512,1268,31000
aes-gcm,512,1269,30200
aes-gcm,512,1270,33500
aes-gcm,512,1271,30500
aes-gcm,512,1272,30600
aes-gcm,512,1273,30600
aes-gcm,512,1274,30400
aes-gcm,512,1275,29800
aes-gcm,512,1276,30200
aes-gcm,512,1277,30000
aes-gcm,512,1278,29900
aes-gcm,512,1279,29800
aes-gcm,512,1280,30000
aes-gcm,512,1281,29700
aes-gcm,512,1282,30000
aes-gcm,512,1283,29900
aes-gcm,512,1284,29900
aes-gcm,512,1285,30300
aes-gcm,512,1286,29700
aes-gcm,512,1287,29900
aes-gcm,512,1288,29600
aes-gcm,512,1289,29700
aes-gcm,512,1290,29600
aes-gcm,512,1291,29900
aes-gcm,512,1292,29800
aes-gcm,512,1293,29700
aes-gcm,512,1294,29900
aes-gcm,512,1295,30000
aes-gcm,512,1296,29900
aes-gcm,512,1297,29700
aes-gcm,512,1298,29900
aes-gcm,512,1299,29400
aes-gcm,512,1300,30800
aes-gcm,512,1301,29800
aes-gcm,512,1302,38200
aes-gcm,512,1303,30600
aes-gcm,512,1304,30500
aes-gcm,512,1305,30200
aes-gcm,512,1306,29900
aes-gcm,512,1307,30200
aes-gcm,512,1308,29900
aes-gcm,512,1309,30100
aes-gcm,512,1310,29900
aes-gcm,512,1311,29700
aes-gcm,512,1312,30200
aes-gcm,512,1313,30000
aes-gcm,512,1314,30000
aes-gcm,512,1315,30100
aes-gcm,512,1316,30300
aes-gcm,512,1317,29800
aes-gcm,512,1318,30100
aes-gcm,512,1319,29800
aes-gcm,512,1320,29700
aes-gcm,512,1321,30000
aes-gcm,512,1322,30000
aes-gcm,512,1323,29700
aes-gcm,512,1324,29900
aes-gcm,512,1325,30300
aes-gcm,512,1326,29800
aes-gcm,512,1327,30200
aes-gcm,512,1328,29800
aes-gcm,512,1329,29600
aes-gcm,512,1330,30500
aes-gcm,512,1331,29700
aes-gcm,512,1332,36400
aes-gcm,512,1333,29800
aes-gcm,512,1334,30100
aes-gcm,512,1335,29700
aes-gcm,512,1336,30200
aes-gcm,512,1337,30000
aes-gcm,512,1338,29700
aes-gcm,512,1339,30000
aes-gcm,512,1340,30000
aes-gcm,512,1341,29900
aes-gcm,512,1342,29800
aes-gcm,512,1343,30000
aes-gcm,512,1344,29400
aes-gcm,512,1345,30000
aes-gcm,512,1346,29700
aes-gcm,512,1347,29800
aes-gcm,512,1348,30200
aes-gcm,512,1349,29800
aes-gcm,512,1350,29800
aes-gcm,512,1351,29700
aes-gcm,512,1352,30000
aes-gcm,512,1353,29500
aes-gcm,512,1354,30000
aes-gcm,512,1355,29800
aes-gcm,512,1356,29600
aes-gcm,512,1357,30100
aes-gcm,512,1358,30000
aes-gcm,512,1359,29900
aes-gcm,512,1360,30000
aes-gcm,512,1361,30100
aes-gcm,512,1362,29700
aes-gcm,512,1363,30100
aes-gcm,512,1364,30500
aes-gcm,512,1365,31100
aes-gcm,512,1366,30000
aes-gcm,512,1367,29900
aes-gcm,512,1368,30000
aes-gcm,512,1369,29900
aes-gcm,512,1370,29900
aes-gcm,512,1371,29700
aes-gcm,512,1372,30600
aes-gcm,512,1373,29800
aes-gcm,512,1374,29500
aes-gcm,512,1375,29800
aes-gcm,512,1376,30000
aes-gcm,512,1377,30100
aes-gcm,512,1378,29700
aes-gcm,512,1379,30100
aes-gcm,512,1380,29900
aes-gcm,512,1381,29800
aes-gcm,512,1382,29900
aes-gcm,512,1383,29600
aes-gcm,512,1384,30100
aes-gcm,512,1385,30000
aes-gcm,512,1386,30300
aes-gcm,512,1387,29800
aes-gcm,512,1388,29900
aes-gcm,512,1389,29800
aes-gcm,512,1390,29900
aes-gcm,512,1391,30100
aes-gcm,512,1392,29900
aes-gcm,512,1393,30000
aes-gcm,512,1394,29900
aes-gcm,512,1395,29900
aes-gcm,512,1396,29700
aes-gcm,512,1397,29900
aes-gcm,512,1398,31700
aes-gcm,512,1399,30100
aes-gcm,512,1400,30100
aes-gcm,512,1401,29800
aes-gcm,512,1402,30200
aes-gcm,512,1403,29700
aes-gcm,512,1404,29800
aes-gcm,512,1405,29800
aes-gcm,512,1406,30100
aes-gcm,512,1407,29600
aes-gcm,512,1408,29900
aes-gcm,512,1409,30100
aes-gcm,512,1410,29900
aes-gcm,512,1411,30000
aes-gcm,512,1412,30000
aes-gcm,512,1413,29800
aes-gcm,512,1414,30300
aes-gcm,512,1415,30000
aes-gcm,512,1416,29700
aes-gcm,512,1417,30400
aes-gcm,512,1418,30000
aes-gcm,512,1419,29500
aes-gcm,512,1420,30100
aes-gcm,512,1421,30000
aes-gcm,512,1422,30000
aes-gcm,512,1423,29800
aes-gcm,512,1424,30200
aes-gcm,512,1425,29600
aes-gcm,512,1426,30100
aes-gcm,512,1427,29800
aes-gcm,512,1428,30300
aes-gcm,512,1429,30000
aes-gcm,512,1430,29700
aes-gcm,512,1431,31300
aes-gcm,512,1432,29900
aes-gcm,512,1433,30100
aes-gcm,512,1434,29600
aes-gcm,512,1435,30000
aes-gcm,512,1436,29900
aes-gcm,512,1437,29700
aes-gcm,512,1438,30100
aes-gcm,512,1439,29800
aes-gcm,512,1440,30100
aes-gcm,512,1441,29800
aes-gcm,512,1442,30400
aes-gcm,512,1443,30000
aes-gcm,512,1444,30100
aes-gcm,512,1445,30100
aes-gcm,512,1446,29700
aes-gcm,512,1447,30000
aes-gcm,512,1448,29800
aes-gcm,512,1449,30100
aes-gcm,512,1450,30100
aes-gcm,512,1451,29900
aes-gcm,512,1452,29800
aes-gcm,512,1453,30000
aes-gcm,512,1454,29800
aes-gcm,512,1455,29900
aes-gcm,512,1456,30000
aes-gcm,512,1457,30000
aes-gcm,512,1458,29900
aes-gcm,512,1459,29800
aes-gcm,512,1460,30200
aes-gcm,512,1461,29700
aes-gcm,512,1462,30000
aes-gcm,512,1463,29600
aes-gcm,512,1464,31600
aes-gcm,512,1465,30100
aes-gcm,512,1466,29900
aes-gcm,512,1467,29900
aes-gcm,512,1468,29800
aes-gcm,512,1469,30000
aes-gcm,512,1470,30000
aes-gcm,512,1471,30000
aes-gcm,512,1472,30000
aes-gcm,512,1473,29800
aes-gcm,512,1474,30100
aes-gcm,512,1475,30000
aes-gcm,512,1476,30200
aes-gcm,512,1477,30000
aes-gcm,512,1478,30100
aes-gcm,512,1479,29600
aes-gcm,512,1480,30100
aes-gcm,512,1481,29800
aes-gcm,512,1482,29900
aes-gcm,512,1483,30000
aes-gcm,512,1484,29900
aes-gcm,512,1485,30100
aes-gcm,512,1486,29700
aes-gcm,512,1487,30100
aes-gcm,512,1488,29700
aes-gcm,512,1489,30100
aes-gcm,512,1490,29800
aes-gcm,512,1491,29600
aes-gcm,512,1492,30900
aes-gcm,512,1493,30200
aes-gcm,512,1494,29900
aes-gcm,512,1495,30000
aes-gcm,512,1496,29900
aes-gcm,512,1497,72600
aes-gcm,512,1498,169600
aes-gcm,512,1499,171400
aes-gcm,512,1500,86300
aes-gcm,512,1501,82900
aes-gcm,512,1502,42700
aes-gcm,512,1503,31900
aes-gcm,512,1504,30200
aes-gcm,512,1505,30400
aes-gcm,512,1506,30000
aes-gcm,512,1507,30300
aes-gcm,512,1508,29800
aes-gcm,512,1509,30300
aes-gcm,512,1510,30400
aes-gcm,512,1511,30500
aes-gcm,512,1512,29900
aes-gcm,512,1513,29800
aes-gcm,512,1514,30100
aes-gcm,512,1515,33100
aes-gcm,512,1516,30500
aes-gcm,512,1517,29700
aes-gcm,512,1518,29800
aes-gcm,512,1519,30400
aes-gcm,512,1520,30100
aes-gcm,512,1521,30200
aes-gcm,512,1522,30100
aes-gcm,512,1523,30300
aes-gcm,512,1524,29800
aes-gcm,512,1525,30100
aes-gcm,512,1526,30400
aes-gcm,512,1527,29800
aes-gcm,512,1528,30200
aes-gcm,512,1529,29700
aes-gcm,512,1530,30500
aes-gcm,512,1531,29800
aes-gcm,512,1532,30400
aes-gcm,512,1533,29800
aes-gcm,512,1534,30300
aes-gcm,512,1535,29900
aes-gcm,512,1536,29900
aes-gcm,512,1537,30100
aes-gcm,512,1538,29800
aes-gcm,512,1539,29900
aes-gcm,512,1540,30000
aes-gcm,512,1541,30200
aes-gcm,512,1542,29800
aes-gcm,512,1543,30200
aes-gcm,512,1544,29800
aes-gcm,512,1545,29700
aes-gcm,512,1546,30000
aes-gcm,512,1547,29900
aes-gcm,512,1548,31500
aes-gcm,512,1549,29900
aes-gcm,512,1550,30000
aes-gcm,512,1551,29800
aes-gcm,512,1552,30000
aes-gcm,512,1553,29800
aes-gcm,512,1554,30300
aes-gcm,512,1555,30700
aes-gcm,512,1556,29800
aes-gcm,512,1557,29900
aes-gcm,512,1558,29800
aes-gcm,512,1559,29900
aes-gcm,512,1560,29600
aes-gcm,512,1561,29800
aes-gcm,512,1562,30200
aes-gcm,512,1563,29700
aes-gcm,512,1564,30000
aes-gcm,512,1565,29800
aes-gcm,512,1566,29900
aes-gcm,512,1567,29800
aes-gcm,512,1568,30200
aes-gcm,512,1569,29700
aes-gcm,512,1570,30000
aes-gcm,512,1571,29800
aes-gcm,512,1572,29600
aes-gcm,512,1573,30000
aes-gcm,512,1574,29700
aes-gcm,512,1575,30000
aes-gcm,512,1576,29800
aes-gcm,512,1577,30000
aes-gcm,512,1578,29500
aes-gcm,512,1579,30000
aes-gcm,512,1580,30100
aes-gcm,512,1581,32000
aes-gcm,512,1582,30400
aes-gcm,512,1583,33000
aes-gcm,512,1584,30000
aes-gcm,512,1585,29900
aes-gcm,512,1586,30500
aes-gcm,512,1587,29800
aes-gcm,512,1588,30000
aes-gcm,512,1589,30000
aes-gcm,512,1590,29800
aes-gcm,512,1591,30100
aes-gcm,512,1592,30000
aes-gcm,512,1593,29900
aes-gcm,512,1594,29800
aes-gcm,512,1595,30200
aes-gcm,512,1596,29900
aes-gcm,512,1597,29900
aes-gcm,512,1598,29700
aes-gcm,512,1599,29600
aes-gcm,512,1600,30000
aes-gcm,512,1601,29800
aes-gcm,512,1602,30100
aes-gcm,512,1603,29800
aes-gcm,512,1604,30200
aes-gcm,512,1605,29800
aes-gcm,512,1606,30000
aes-gcm,512,1607,30100
aes-gcm,512,1608,29700
aes-gcm,512,1609,30100
aes-gcm,512,1610,30100
aes-gcm,512,1611,30000
aes-gcm,512,1612,29800
aes-gcm,512,1613,30100
aes-gcm,512,1614,34800
aes-gcm,512,1615,30000
aes-gcm,512,1616,29800
aes-gcm,512,1617,29700
aes-gcm,512,1618,30300
aes-gcm,512,1619,30200
aes-gcm,512,1620,29900
aes-gcm,512,1621,29700
aes-gcm,512,1622,30100
aes-gcm,512,1623,29500
aes-gcm,512,1624,30000
aes-gcm,512,1625,29900
aes-gcm,512,1626,29800
aes-gcm,512,1627,30000
aes-gcm,512,1628,30000
aes-gcm,512,1629,29800
aes-gcm,512,1630,29800
aes-gcm,512,1631,29900
aes-gcm,512,1632,29700
aes-gcm,512,1633,30100
aes-gcm,512,1634,29800
aes-gcm,512,1635,29600
aes-gcm,512,1636,30100
aes-gcm,512,1637,30000
aes-gcm,512,1638,30200
aes-gcm,512,1639,29900
aes-gcm,512,1640,30100
aes-gcm,512,1641,29600
aes-gcm,512,1642,30200
aes-gcm,512,1643,29800
aes-gcm,512,1644,29800
aes-gcm,512,1645,30100
aes-gcm,512,1646,29900
aes-gcm,512,1647,29900
aes-gcm,512,1648,29900
aes-gcm,512,1649,29900
aes-gcm,512,1650,29900
aes-gcm,512,1651,29900
aes-gcm,512,1652,29900
aes-gcm,512,1653,29600
aes-gcm,512,1654,30100
aes-gcm,512,1655,29800
aes-gcm,512,1656,29800
aes-gcm,512,1657,29800
aes-gcm,512,1658,30100
aes-gcm,512,1659,29700
aes-gcm,512,1660,30400
aes-gcm,512,1661,29800
aes-gcm,512,1662,29900
aes-gcm,512,1663,29900
aes-gcm,512,1664,29800
aes-gcm,512,1665,30100
aes-gcm,512,1666,30200
aes-gcm,512,1667,30300
aes-gcm,512,1668,29700
aes-gcm,512,1669,30100
aes-gcm,512,1670,29900
aes-gcm,512,1671,29900
aes-gcm,512,1672,30100
aes-gcm,512,1673,29700
aes-gcm,512,1674,29800
aes-gcm,512,1675,29900
aes-gcm,512,1676,30000
aes-gcm,512,1677,29700
aes-gcm,512,1678,30000
aes-gcm,512,1679,29800
aes-gcm,512,1680,29700
aes-gcm,512,1681,30400
aes-gcm,512,1682,30000
aes-gcm,512,1683,30400
aes-gcm,512,1684,29700
aes-gcm,512,1685,29900
aes-gcm,512,1686,29600
aes-gcm,512,1687,29900
aes-gcm,512,1688,29900
aes-gcm,512,1689,29500
aes-gcm,512,1690,30100
aes-gcm,512,1691,29700
aes-gcm,512,1692,30300
aes-gcm,512,1693,29800
aes-gcm,512,1694,30300
aes-gcm,512,1695,29900
aes-gcm,512,1696,30000
aes-gcm,512,1697,30200
aes-gcm,512,1698,29500
aes-gcm,512,1699,29900
aes-gcm,512,1700,29700
aes-gcm,512,1701,29800
aes-gcm,512,1702,29900
aes-gcm,512,1703,30100
aes-gcm,512,1704,29600
aes-gcm,512,1705,29900
aes-gcm,512,1706,29900
aes-gcm,512,1707,29700
aes-gcm,512,1708,29900
aes-gcm,512,1709,29600
aes-gcm,512,1710,30000
aes-gcm,512,1711,29800
aes-gcm,512,1712,30000
aes-gcm,512,1713,87400
aes-gcm,512,1714,164700
aes-gcm,512,1715,82200
aes-gcm,512,1716,67600
aes-gcm,512,1717,53900
aes-gcm,512,1718,45600
aes-gcm,512,1719,44200
aes-gcm,512,1720,44200
aes-gcm,512,1721,44000
aes-gcm,512,1722,38100
aes-gcm,512,1723,29900
aes-gcm,512,1724,29800
aes-gcm,512,1725,29900
aes-gcm,512,1726,30000
aes-gcm,512,1727,29900
aes-gcm,512,1728,29800
aes-gcm,512,1729,29800
aes-gcm,512,1730,30000
aes-gcm,512,1731,29600
aes-gcm,512,1732,29500
aes-gcm,512,1733,30700
aes-gcm,512,1734,29600
aes-gcm,512,1735,29700
aes-gcm,512,1736,29800
aes-gcm,512,1737,29300
aes-gcm,512,1738,29800
aes-gcm,512,1739,30100
aes-gcm,512,1740,29800
aes-gcm,512,1741,29800
aes-gcm,512,1742,30100
aes-gcm,512,1743,29200
aes-gcm,512,1744,30000
aes-gcm,512,1745,29200
aes-gcm,512,1746,30000
aes-gcm,512,1747,30200
aes-gcm,512,1748,30200
aes-gcm,512,1749,29700
aes-gcm,512,1750,30600
aes-gcm,512,1751,29400
aes-gcm,512,1752,29800
aes-gcm,512,1753,29700
aes-gcm,512,1754,30200
aes-gcm,512,1755,29600
aes-gcm,512,1756,30000
aes-gcm,512,1757,29500
aes-gcm,512,1758,29500
aes-gcm,512,1759,29400
aes-gcm,512,1760,30100
aes-gcm,512,1761,29100
aes-gcm,512,1762,30200
aes-gcm,512,1763,29200
aes-gcm,512,1764,29900
aes-gcm,512,1765,30100
aes-gcm,512,1766,30000
aes-gcm,512,1767,29900
aes-gcm,512,1768,29700
aes-gcm,512,1769,29700
aes-gcm,512,1770,29200
aes-gcm,512,1771,30200
aes-gcm,512,1772,29500
aes-gcm,512,1773,29900
aes-gcm,512,1774,29700
aes-gcm,512,1775,30200
aes-gcm,512,1776,29300
aes-gcm,512,1777,30000
aes-gcm,512,1778,30000
aes-gcm,512,1779,29800
aes-gcm,512,1780,29500
aes-gcm,512,1781,29900
aes-gcm,512,1782,29400
aes-gcm,512,1783,29800
aes-gcm,512,1784,29700
aes-gcm,512,1785,29800
aes-gcm,512,1786,29500
aes-gcm,512,1787,30000
aes-gcm,512,1788,29500
aes-gcm,512,1789,29900
aes-gcm,512,1790,30500
aes-gcm,512,1791,29800
aes-gcm,512,1792,29600
aes-gcm,512,1793,30100
aes-gcm,512,1794,29400
aes-gcm,512,1795,30000
aes-gcm,512,1796,29400
aes-gcm,512,1797,29700
aes-gcm,512,1798,30000
aes-gcm,512,1799,29400
aes-gcm,512,1800,29800
aes-gcm,512,1801,29300
aes-gcm,512,1802,30100
aes-gcm,512,1803,29900
aes-gcm,512,1804,30200
aes-gcm,512,1805,29400
aes-gcm,512,1806,30000
aes-gcm,512,1807,29900
aes-gcm,512,1808,29800
aes-gcm,512,1809,29200
aes-gcm,512,1810,30700
aes-gcm,512,1811,29600
aes-gcm,512,1812,29700
aes-gcm,512,1813,29600
aes-gcm,512,1814,29900
aes-gcm,512,1815,29300
aes-gcm,512,1816,30300
aes-gcm,512,1817,29500
aes-gcm,512,1818,29900
aes-gcm,512,1819,29500
aes-gcm,512,1820,30200
aes-gcm,512,1821,29300
aes-gcm,512,1822,30000
aes-gcm,512,1823,29900
aes-gcm,512,1824,29500
aes-gcm,512,1825,30300
aes-gcm,512,1826,29700
aes-gcm,512,1827,30000
aes-gcm,512,1828,29400
aes-gcm,512,1829,30000
aes-gcm,512,1830,29700
aes-gcm,512,1831,30100
aes-gcm,512,1832,29700
aes-gcm,512,1833,31300
aes-gcm,512,1834,30100
aes-gcm,512,1835,30000
aes-gcm,512,1836,30000
aes-gcm,512,1837,29600
aes-gcm,512,1838,30100
aes-gcm,512,1839,29100
aes-gcm,512,1840,30200
aes-gcm,512,1841,29300
aes-gcm,512,1842,29900
aes-gcm,512,1843,29600
aes-gcm,512,1844,30000
aes-gcm,512,1845,29800
aes-gcm,512,1846,29800
aes-gcm,512,1847,29700
aes-gcm,512,1848,29800
aes-gcm,512,1849,29600
aes-gcm,512,1850,29800
aes-gcm,512,1851,29200
aes-gcm,512,1852,30300
aes-gcm,512,1853,29300
aes-gcm,512,1854,29900
aes-gcm,512,1855,29300
aes-gcm,512,1856,30200
aes-gcm,512,1857,29100
aes-gcm,512,1858,30200
aes-gcm,512,1859,29500
aes-gcm,512,1860,29900
aes-gcm,512,1861,29500
aes-gcm,512,1862,30300
aes-gcm,512,1863,29600
aes-gcm,512,1864,29900
aes-gcm,512,1865,29700
aes-gcm,512,1866,31700
aes-gcm,512,1867,30600
aes-gcm,512,1868,29600
aes-gcm,512,1869,29600
aes-gcm,512,1870,29600
aes-gcm,512,1871,52000
aes-gcm,512,1872,49500
aes-gcm,512,1873,32100
aes-gcm,512,1874,32800
aes-gcm,512,1875,29900
aes-gcm,512,1876,30300
aes-gcm,512,1877,30000
aes-gcm,512,1878,29800
aes-gcm,512,1879,30100
aes-gcm,512,1880,31000
aes-gcm,512,1881,30100
aes-gcm,512,1882,29900
aes-gcm,512,1883,30300
aes-gcm,512,1884,29700
aes-gcm,512,1885,30100
aes-gcm,512,1886,29800
aes-gcm,512,1887,29700
aes-gcm,512,1888,30000
aes-gcm,512,1889,30300
aes-gcm,512,1890,30400
aes-gcm,512,1891,29900
aes-gcm,512,1892,30100
aes-gcm,512,1893,29600
aes-gcm,512,1894,30100
aes-gcm,512,1895,30000
aes-gcm,512,1896,29700
aes-gcm,512,1897,30000
aes-gcm,512,1898,29700
aes-gcm,512,1899,30000
aes-gcm,512,1900,29900
aes-gcm,512,1901,30300
aes-gcm,512,1902,29900
aes-gcm,512,1903,30200
aes-gcm,512,1904,29900
aes-gcm,512,1905,29600
aes-gcm,512,1906,30300
aes-gcm,512,1907,29800
aes-gcm,512,1908,29800
aes-gcm,512,1909,29800
aes-gcm,512,1910,30100
aes-gcm,512,1911,29500
aes-gcm,512,1912,30100
aes-gcm,512,1913,29800
aes-gcm,512,1914,29500
aes-gcm,512,1915,30100
aes-gcm,512,1916,29800
aes-gcm,512,1917,30000
aes-gcm,512,1918,30400
aes-gcm,512,1919,29900
aes-gcm,512,1920,29600
aes-gcm,512,1921,30100
aes-gcm,512,1922,30200
aes-gcm,512,1923,29700
aes-gcm,512,1924,29900
aes-gcm,512,1925,29700
aes-gcm,512,1926,29800
aes-gcm,512,1927,30000
aes-gcm,512,1928,30100
aes-gcm,512,1929,29600
aes-gcm,512,1930,30000
aes-gcm,512,1931,31200
aes-gcm,512,1932,29500
aes-gcm,512,1933,30200
aes-gcm,512,1934,29700
aes-gcm,512,1935,29700
aes-gcm,512,1936,29900
aes-gcm,512,1937,29900
aes-gcm,512,1938,30500
aes-gcm,512,1939,29900
aes-gcm,512,1940,30100
aes-gcm,512,1941,29600
aes-gcm,512,1942,30100
aes-gcm,512,1943,29900
aes-gcm,512,1944,30100
aes-gcm,512,1945,29900
aes-gcm,512,1946,30400
aes-gcm,512,1947,29900
aes-gcm,512,1948,30200
aes-gcm,512,1949,29700
aes-gcm,512,1950,29900
aes-gcm,512,1951,30000
aes-gcm,512,1952,30000
aes-gcm,512,1953,29900
aes-gcm,512,1954,30000
aes-gcm,512,1955,30200
aes-gcm,512,1956,29600
aes-gcm,512,1957,30100
aes-gcm,512,1958,29800
aes-gcm,512,1959,29700
aes-gcm,512,1960,30300
aes-gcm,512,1961,30100
aes-gcm,512,1962,30100
aes-gcm,512,1963,29700
aes-gcm,512,1964,32400
aes-gcm,512,1965,30400
aes-gcm,512,1966,30000
aes-gcm,512,1967,29800
aes-gcm,512,1968,29500
aes-gcm,512,1969,29800
aes-gcm,512,1970,30100
aes-gcm,512,1971,29800
aes-gcm,512,1972,29700
aes-gcm,512,1973,29600
aes-gcm,512,1974,29800
aes-gcm,512,1975,29900
aes-gcm,512,1976,29800
aes-gcm,512,1977,29600
aes-gcm,512,1978,29900
aes-gcm,512,1979,29600
aes-gcm,512,1980,30100
aes-gcm,512,1981,29600
aes-gcm,512,1982,30100
aes-gcm,512,1983,29500
aes-gcm,512,1984,30100
aes-gcm,512,1985,29800
aes-gcm,512,1986,29700
aes-gcm,512,1987,30200
aes-gcm,512,1988,29600
aes-gcm,512,1989,29900
aes-gcm,512,1990,29900
aes-gcm,512,1991,30000
aes-gcm,512,1992,29800
aes-gcm,512,1993,29900
aes-gcm,512,1994,29800
aes-gcm,512,1995,29700
aes-gcm,512,1996,30100
aes-gcm,512,1997,35200
aes-gcm,512,1998,30000
aes-gcm,512,1999,29600
aes-gcm,2048,0,30400
aes-gcm,2048,1,30800
aes-gcm,2048,2,31600
aes-gcm,2048,3,30500
aes-gcm,2048,4,30900
aes-gcm,2048,5,30600
aes-gcm,2048,6,30600
aes-gcm,2048,7,30500
aes-gcm,2048,8,30900
aes-gcm,2048,9,30500
aes-gcm,2048,10,31000
aes-gcm,2048,11,30700
aes-gcm,2048,12,30500
aes-gcm,2048,13,30600
aes-gcm,2048,14,35300
aes-gcm,2048,15,30900
aes-gcm,2048,16,30500
aes-gcm,2048,17,30700
aes-gcm,2048,18,30300
aes-gcm,2048,19,30800
aes-gcm,2048,20,30500
aes-gcm,2048,21,30000
aes-gcm,2048,22,30700
aes-gcm,2048,23,30400
aes-gcm,2048,24,30700
aes-gcm,2048,25,35000
aes-gcm,2048,26,30700
aes-gcm,2048,27,30300
aes-gcm,2048,28,30600
aes-gcm,2048,29,30800
aes-gcm,2048,30,30500
aes-gcm,2048,31,30500
aes-gcm,2048,32,30700
aes-gcm,2048,33,30700
aes-gcm,2048,34,30500
aes-gcm,2048,35,30800
aes-gcm,2048,36,30300
aes-gcm,2048,37,30700
aes-gcm,2048,38,30500
aes-gcm,2048,39,30400
aes-gcm,2048,40,31100
aes-gcm,2048,41,30500
aes-gcm,2048,42,30600
aes-gcm,2048,43,30400
aes-gcm,2048,44,30700
aes-gcm,2048,45,30300
aes-gcm,2048,46,30700
aes-gcm,2048,47,34800
aes-gcm,2048,48,30300
aes-gcm,2048,49,30500
aes-gcm,2048,50,30200
aes-gcm,2048,51,30400
aes-gcm,2048,52,30500
aes-gcm,2048,53,30600
aes-gcm,2048,54,30200
aes-gcm,2048,55,30700
aes-gcm,2048,56,30600
aes-gcm,2048,57,33200
aes-gcm,2048,58,31500
aes-gcm,2048,59,30400
aes-gcm,2048,60,30600
aes-gcm,2048,61,30400
aes-gcm,2048,62,31000
aes-gcm,2048,63,30300
aes-gcm,2048,64,30500
aes-gcm,2048,65,31300
aes-gcm,2048,66,30300
aes-gcm,2048,67,30800
aes-gcm,2048,68,30600
aes-gcm,2048,69,30400
aes-gcm,2048,70,30800
aes-gcm,2048,71,30600
aes-gcm,2048,72,30600
aes-gcm,2048,73,30700
aes-gcm,2048,74,30500
aes-gcm,2048,75,30500
aes-gcm,2048,76,30700
aes-gcm,2048,77,30600
aes-gcm,2048,78,30500
aes-gcm,2048,79,30700
aes-gcm,2048,80,34600
aes-gcm,2048,81,30300
aes-gcm,2048,82,30600
aes-gcm,2048,83,30400
aes-gcm,2048,84,30100
aes-gcm,2048,85,30700
aes-gcm,2048,86,30500
aes-gcm,2048,87,30500
aes-gcm,2048,88,30500
aes-gcm,2048,89,33900
aes-gcm,2048,90,30500
aes-gcm,2048,91,30500
aes-gcm,2048,92,30500
aes-gcm,2048,93,30300
aes-gcm,2048,94,30800
aes-gcm,2048,95,30700
aes-gcm,2048,96,30700
aes-gcm,2048,97,30500
aes-gcm,2048,98,30700
aes-gcm,2048,99,30300
aes-gcm,2048,100,31000
aes-gcm,2048,101,30400
aes-gcm,2048,102,30400
aes-gcm,2048,103,30700
aes-gcm,2048,104,30700
aes-gcm,2048,105,30600
aes-gcm,2048,106,30400
aes-gcm,2048,107,30800
aes-gcm,2048,108,30300
aes-gcm,2048,109,30800
aes-gcm,2048,110,30800
aes-gcm,2048,111,30300
aes-gcm,2048,112,30600
aes-gcm,2048,113,34200
aes-gcm,2048,114,30800
aes-gcm,2048,115,30600
aes-gcm,2048,116,30600
aes-gcm,2048,117,30200
aes-gcm,2048,118,30600
aes-gcm,2048,119,30400
aes-gcm,2048,120,30500
aes-gcm,2048,121,35700
aes-gcm,2048,122,194700
aes-gcm,2048,123,149200
aes-gcm,2048,124,76500
aes-gcm,2048,125,36600
aes-gcm,2048,126,31600
aes-gcm,2048,127,32300
aes-gcm,2048,128,31300
aes-gcm,2048,129,33400
aes-gcm,2048,130,36500
aes-gcm,2048,131,30900
aes-gcm,2048,132,31400
aes-gcm,2048,133,30900
aes-gcm,2048,134,31100
aes-gcm,2048,135,30700
aes-gcm,2048,136,30800
aes-gcm,2048,137,31300
aes-gcm,2048,138,30600
aes-gcm,2048,139,31200
aes-gcm,2048,140,30700
aes-gcm,2048,141,30800
aes-gcm,2048,142,31700
aes-gcm,2048,143,30800
aes-gcm,2048,144,30800
aes-gcm,2048,145,31000
aes-gcm,2048,146,41700
aes-gcm,2048,147,30900
aes-gcm,2048,148,30900
aes-gcm,2048,149,30400
aes-gcm,2048,150,30900
aes-gcm,2048,151,30500
aes-gcm,2048,152,31000
aes-gcm,2048,153,30400
aes-gcm,2048,154,31100
aes-gcm,2048,155,30900
aes-gcm,2048,156,30800
aes-gcm,2048,157,31000
aes-gcm,2048,158,30600
aes-gcm,2048,159,30800
aes-gcm,2048,160,31000
aes-gcm,2048,161,30900
aes-gcm,2048,162,30800
aes-gcm,2048,163,30800
aes-gcm,2048,164,30600
aes-gcm,2048,165,30700
aes-gcm,2048,166,31000
aes-gcm,2048,167,30700
aes-gcm,2048,168,30600
aes-gcm,2048,169,31000
aes-gcm,2048,170,30900
aes-gcm,2048,171,30800
aes-gcm,2048,172,31100
aes-gcm,2048,173,31300
aes-gcm,2048,174,32500
aes-gcm,2048,175,30800
aes-gcm,2048,176,30900
aes-gcm,2048,177,31000
aes-gcm,2048,178,30800
aes-gcm,2048,179,36800
aes-gcm,2048,180,31000
aes-gcm,2048,181,30700
aes-gcm,2048,182,30800
aes-gcm,2048,183,30400
aes-gcm,2048,184,30800
aes-gcm,2048,185,30700
aes-gcm,2048,186,31300
aes-gcm,2048,187,30900
aes-gcm,2048,188,30900
aes-gcm,2048,189,30600
aes-gcm,2048,190,30900
aes-gcm,2048,191,30900
aes-gcm,2048,192,30600
aes-gcm,2048,193,31600
aes-gcm,2048,194,30500
aes-gcm,2048,195,30800
aes-gcm,2048,196,30400
aes-gcm,2048,197,31000
aes-gcm,2048,198,30300
aes-gcm,2048,199,30800
aes-gcm,2048,200,30800
aes-gcm,2048,201,30600
aes-gcm,2048,202,30800
aes-gcm,2048,203,30400
aes-gcm,2048,204,30600
aes-gcm,2048,205,31600
aes-gcm,2048,206,32600
aes-gcm,2048,207,30500
aes-gcm,2048,208,30700
aes-gcm,2048,209,30800
aes-gcm,2048,210,30600
aes-gcm,2048,211,30700
aes-gcm,2048,212,36600
aes-gcm,2048,213,30600
aes-gcm,2048,214,30700
aes-gcm,2048,215,30500
aes-gcm,2048,216,30400
aes-gcm,2048,217,30700
aes-gcm,2048,218,30500
aes-gcm,2048,219,30200
aes-gcm,2048,220,30900
aes-gcm,2048,221,30600
aes-gcm,2048,222,30800
aes-gcm,2048,223,30700
aes-gcm,2048,224,30800
aes-gcm,2048,225,30700
aes-gcm,2048,226,30900
aes-gcm,2048,227,30700
aes-gcm,2048,228,30300
aes-gcm,2048,229,30700
aes-gcm,2048,230,30500
aes-gcm,2048,231,30800
aes-gcm,2048,232,30700
aes-gcm,2048,233,31100
aes-gcm,2048,234,30300
aes-gcm,2048,235,30900
aes-gcm,2048,236,30400
aes-gcm,2048,237,30300
aes-gcm,2048,238,33100
aes-gcm,2048,239,30500
aes-gcm,2048,240,30900
aes-gcm,2048,241,30600
aes-gcm,2048,242,30800
aes-gcm,2048,243,30400
aes-gcm,2048,244,31000
aes-gcm,2048,245,34700
aes-gcm,2048,246,30700
aes-gcm,2048,247,30800
aes-gcm,2048,248,30700
aes-gcm,2048,249,30500
aes-gcm,2048,250,30500
aes-gcm,2048,251,30600
aes-gcm,2048,252,30400
aes-gcm,2048,253,30600
aes-gcm,2048,254,30600
aes-gcm,2048,255,30500
aes-gcm,2048,256,30800
aes-gcm,2048,257,31500
aes-gcm,2048,258,30700
aes-gcm,2048,259,30700
aes-gcm,2048,260,31100
aes-gcm,2048,261,30600
aes-gcm,2048,262,30700
aes-gcm,2048,263,30900
aes-gcm,2048,264,30400
aes-gcm,2048,265,31100
aes-gcm,2048,266,30600
aes-gcm,2048,267,31000
aes-gcm,2048,268,30700
aes-gcm,2048,269,31000
aes-gcm,2048,270,32700
aes-gcm,2048,271,30700
aes-gcm,2048,272,30700
aes-gcm,2048,273,30300
aes-gcm,2048,274,30600
aes-gcm,2048,275,30700
aes-gcm,2048,276,30600
aes-gcm,2048,277,30700
aes-gcm,2048,278,34700
aes-gcm,2048,279,30400
aes-gcm,2048,280,31000
aes-gcm,2048,281,30400
aes-gcm,2048,282,30300
aes-gcm,2048,283,30500
aes-gcm,2048,284,30400
aes-gcm,2048,285,31600
aes-gcm,2048,286,30700
aes-gcm,2048,287,31000
aes-gcm,2048,288,30500
aes-gcm,2048,289,30800
aes-gcm,2048,290,30700
aes-gcm,2048,291,30300
aes-gcm,2048,292,30700
aes-gcm,2048,293,30500
aes-gcm,2048,294,30800
aes-gcm,2048,295,30500
aes-gcm,2048,296,30700
aes-gcm,2048,297,30400
aes-gcm,2048,298,31000
aes-gcm,2048,299,30700
aes-gcm,2048,300,30300
aes-gcm,2048,301,30800
aes-gcm,2048,302,32400
aes-gcm,2048,303,30800
aes-gcm,2048,304,30900
aes-gcm,2048,305,30800
aes-gcm,2048,306,30500
aes-gcm,2048,307,30800
aes-gcm,2048,308,30900
aes-gcm,2048,309,30600
aes-gcm,2048,310,30900
aes-gcm,2048,311,34100
aes-gcm,2048,312,31100
aes-gcm,2048,313,30400
aes-gcm,2048,314,30700
aes-gcm,2048,315,30400
aes-gcm,2048,316,30600
aes-gcm,2048,317,30500
aes-gcm,2048,318,30500
aes-gcm,2048,319,30900
aes-gcm,2048,320,31400
aes-gcm,2048,321,30800
aes-gcm,2048,322,30700
aes-gcm,2048,323,30900
aes-gcm,2048,324,30200
aes-gcm,2048,325,30900
aes-gcm,2048,326,30600
aes-gcm,2048,327,30400
aes-gcm,2048,328,31100
aes-gcm,2048,329,30700
aes-gcm,2048,330,30700
aes-gcm,2048,331,30600
aes-gcm,2048,332,30700
aes-gcm,2048,333,30300
aes-gcm,2048,334,44400
aes-gcm,2048,335,31300
aes-gcm,2048,336,30400
aes-gcm,2048,337,30700
aes-gcm,2048,338,30500
aes-gcm,2048,339,30500
aes-gcm,2048,340,30600
aes-gcm,2048,341,30600
aes-gcm,2048,342,30600
aes-gcm,2048,343,30500
aes-gcm,2048,344,34300
aes-gcm,2048,345,30400
aes-gcm,2048,346,30400
aes-gcm,2048,347,30600
aes-gcm,2048,348,31400
aes-gcm,2048,349,30400
aes-gcm,2048,350,30800
aes-gcm,2048,351,30200
aes-gcm,2048,352,30800
aes-gcm,2048,353,30700
aes-gcm,2048,354,30700
aes-gcm,2048,355,30600
aes-gcm,2048,356,30400
aes-gcm,2048,357,30700
aes-gcm,2048,358,30400
aes-gcm,2048,359,30700
aes-gcm,2048,360,30900
aes-gcm,2048,361,30700
aes-gcm,2048,362,30600
aes-gcm,2048,363,30600
aes-gcm,2048,364,30700
aes-gcm,2048,365,31300
aes-gcm,2048,366,32500
aes-gcm,2048,367,30600
aes-gcm,2048,368,30700
aes-gcm,2048,369,30600
aes-gcm,2048,370,30700
aes-gcm,2048,371,30300
aes-gcm,2048,372,30500
aes-gcm,2048,373,30700
aes-gcm,2048,374,30700
aes-gcm,2048,375,30600
aes-gcm,2048,376,30900
aes-gcm,2048,377,34400
aes-gcm,2048,378,30600
aes-gcm,2048,379,30800
aes-gcm,2048,380,30500
aes-gcm,2048,381,30200
aes-gcm,2048,382,30700
aes-gcm,2048,383,30400
aes-gcm,2048,384,31500
aes-gcm,2048,385,30700
aes-gcm,2048,386,30800
aes-gcm,2048,387,30500
aes-gcm,2048,388,30700
aes-gcm,2048,389,30400
aes-gcm,2048,390,30400
aes-gcm,2048,391,30500
aes-gcm,2048,392,30800
aes-gcm,2048,393,30700
aes-gcm,2048,394,30400
aes-gcm,2048,395,31000
aes-gcm,2048,396,30300
aes-gcm,2048,397,30800
aes-gcm,2048,398,31900
aes-gcm,2048,399,30400
aes-gcm,2048,400,31200
aes-gcm,2048,401,30600
aes-gcm,2048,402,30800
aes-gcm,2048,403,30600
aes-gcm,2048,404,31000
aes-gcm,2048,405,30600
aes-gcm,2048,406,31000
aes-gcm,2048,407,30600
aes-gcm,2048,408,30300
aes-gcm,2048,409,30600
aes-gcm,2048,410,34000
aes-gcm,2048,411,30700
aes-gcm,2048,412,31400
aes-gcm,2048,413,30500
aes-gcm,2048,414,30200
aes-gcm,2048,415,30500
aes-gcm,2048,416,30400
aes-gcm,2048,417,30400
aes-gcm,2048,418,30700
aes-gcm,2048,419,30600
aes-gcm,2048,420,30900
aes-gcm,2048,421,30500
aes-gcm,2048,422,30900
aes-gcm,2048,423,30400
aes-gcm,2048,424,30700
aes-gcm,2048,425,30800
aes-gcm,2048,426,30300
aes-gcm,2048,427,30900
aes-gcm,2048,428,30600
aes-gcm,2048,429,30600
aes-gcm,2048,430,30400
aes-gcm,2048,431,30800
aes-gcm,2048,432,30300
aes-gcm,2048,433,30800
aes-gcm,2048,434,30700
aes-gcm,2048,435,30600
aes-gcm,2048,436,30900
aes-gcm,2048,437,30600
aes-gcm,2048,438,30700
aes-gcm,2048,439,30500
aes-gcm,2048,440,31200
aes-gcm,2048,441,30200
aes-gcm,2048,442,30700
aes-gcm,2048,443,34100
aes-gcm,2048,444,30500
aes-gcm,2048,445,30700
aes-gcm,2048,446,30400
aes-gcm,2048,447,30700
aes-gcm,2048,448,31100
aes-gcm,2048,449,30900
aes-gcm,2048,450,30300
aes-gcm,2048,451,30700
aes-gcm,2048,452,30400
aes-gcm,2048,453,30300
aes-gcm,2048,454,30800
aes-gcm,2048,455,30700
aes-gcm,2048,456,30700
aes-gcm,2048,457,30600
aes-gcm,2048,458,31200
aes-gcm,2048,459,30600
aes-gcm,2048,460,30800
aes-gcm,2048,461,30700
aes-gcm,2048,462,30800
aes-gcm,2048,463,30600
aes-gcm,2048,464,30600
aes-gcm,2048,465,30700
aes-gcm,2048,466,30600
aes-gcm,2048,467,30800
aes-gcm,2048,468,30400
aes-gcm,2048,469,30700
aes-gcm,2048,470,31000
aes-gcm,2048,471,30400
aes-gcm,2048,472,31000
aes-gcm,2048,473,30400
aes-gcm,2048,474,30600
aes-gcm,2048,475,30700
aes-gcm,2048,476,35200
aes-gcm,2048,477,30600
aes-gcm,2048,478,30700
aes-gcm,2048,479,30600
aes-gcm,2048,480,30400
aes-gcm,2048,481,30700
aes-gcm,2048,482,30400
aes-gcm,2048,483,30300
aes-gcm,2048,484,30500
aes-gcm,2048,485,30900
aes-gcm,2048,486,30400
aes-gcm,2048,487,30800
aes-gcm,2048,488,30600
aes-gcm,2048,489,30600
aes-gcm,2048,490,30800
aes-gcm,2048,491,30600
aes-gcm,2048,492,30700
aes-gcm,2048,493,30500
aes-gcm,2048,494,32100
aes-gcm,2048,495,30600
aes-gcm,2048,496,30800
aes-gcm,2048,497,30500
aes-gcm,2048,498,30200
aes-gcm,2048,499,30600
aes-gcm,2048,500,30600
aes-gcm,2048,501,30700
aes-gcm,2048,502,30500
aes-gcm,2048,503,30500
aes-gcm,2048,504,30600
aes-gcm,2048,505,30600
aes-gcm,2048,506,30500
aes-gcm,2048,507,30300
aes-gcm,2048,508,30800
aes-gcm,2048,509,34200
aes-gcm,2048,510,30800
aes-gcm,2048,511,30600
aes-gcm,2048,512,32000
aes-gcm,2048,513,30300
aes-gcm,2048,514,30700
aes-gcm,2048,515,30600
aes-gcm,2048,516,30100
aes-gcm,2048,517,30800
aes-gcm,2048,518,30500
aes-gcm,2048,519,30700
aes-gcm,2048,520,30800
aes-gcm,2048,521,30800
aes-gcm,2048,522,30400
aes-gcm,2048,523,30800
aes-gcm,2048,524,94300
aes-gcm,2048,525,142600
aes-gcm,2048,526,74200
aes-gcm,2048,527,35200
aes-gcm,2048,528,32300
aes-gcm,2048,529,32500
aes-gcm,2048,530,31400
aes-gcm,2048,531,32900
aes-gcm,2048,532,31000
aes-gcm,2048,533,30800
aes-gcm,2048,534,30700
aes-gcm,2048,535,31500
aes-gcm,2048,536,30800
aes-gcm,2048,537,30900
aes-gcm,2048,538,30500
aes-gcm,2048,539,31100
aes-gcm,2048,540,31600
aes-gcm,2048,541,30900
aes-gcm,2048,542,39800
aes-gcm,2048,543,30800
aes-gcm,2048,544,30900
aes-gcm,2048,545,30600
aes-gcm,2048,546,30800
aes-gcm,2048,547,30400
aes-gcm,2048,548,30800
aes-gcm,2048,549,30100
aes-gcm,2048,550,31300
aes-gcm,2048,551,32300
aes-gcm,2048,552,30800
aes-gcm,2048,553,30900
aes-gcm,2048,554,30600
aes-gcm,2048,555,30700
aes-gcm,2048,556,30700
aes-gcm,2048,557,30900
aes-gcm,2048,558,30500
aes-gcm,2048,559,30800
aes-gcm,2048,560,30700
aes-gcm,2048,561,30500
aes-gcm,2048,562,31100
aes-gcm,2048,563,30500
aes-gcm,2048,564,30400
aes-gcm,2048,565,30600
aes-gcm,2048,566,30800
aes-gcm,2048,567,30800
aes-gcm,2048,568,30700
aes-gcm,2048,569,30600
aes-gcm,2048,570,30400
aes-gcm,2048,571,30900
aes-gcm,2048,572,30600
aes-gcm,2048,573,30800
aes-gcm,2048,574,30600
aes-gcm,2048,575,36700
aes-gcm,2048,576,30600
aes-gcm,2048,577,30600
aes-gcm,2048,578,30700
aes-gcm,2048,579,30500
aes-gcm,2048,580,30600
aes-gcm,2048,581,30500
aes-gcm,2048,582,30800
aes-gcm,2048,583,31600
aes-gcm,2048,584,30800
aes-gcm,2048,585,30400
aes-gcm,2048,586,31100
aes-gcm,2048,587,30600
aes-gcm,2048,588,30500
aes-gcm,2048,589,30800
aes-gcm,2048,590,30700
aes-gcm,2048,591,30800
aes-gcm,2048,592,30800
aes-gcm,2048,593,31000
aes-gcm,2048,594,30200
aes-gcm,2048,595,30900
aes-gcm,2048,596,30900
aes-gcm,2048,597,30500
aes-gcm,2048,598,30800
aes-gcm,2048,599,30700
aes-gcm,2048,600,30800
aes-gcm,2048,601,30500
aes-gcm,2048,602,30900
aes-gcm,2048,603,31300
aes-gcm,2048,604,30700
aes-gcm,2048,605,30600
aes-gcm,2048,606,30400
aes-gcm,2048,607,30800
aes-gcm,2048,608,35200
aes-gcm,2048,609,30800
aes-gcm,2048,610,30600
aes-gcm,2048,611,30600
aes-gcm,2048,612,30500
aes-gcm,2048,613,30600
aes-gcm,2048,614,30800
aes-gcm,2048,615,68100
aes-gcm,2048,616,156800
aes-gcm,2048,617,137900
aes-gcm,2048,618,193200
aes-gcm,2048,619,159300
aes-gcm,2048,620,66900
aes-gcm,2048,621,35200
aes-gcm,2048,622,32400
aes-gcm,2048,623,31600
aes-gcm,2048,624,31300
aes-gcm,2048,625,31100
aes-gcm,2048,626,30900
aes-gcm,2048,627,34000
aes-gcm,2048,628,31600
aes-gcm,2048,629,31000
aes-gcm,2048,630,30600
aes-gcm,2048,631,30700
aes-gcm,2048,632,30900
aes-gcm,2048,633,30600
aes-gcm,2048,634,31000
aes-gcm,2048,635,30900
aes-gcm,2048,636,30700
aes-gcm,2048,637,30900
aes-gcm,2048,638,31200
aes-gcm,2048,639,31300
aes-gcm,2048,640,30900
aes-gcm,2048,641,39300
aes-gcm,2048,642,31100
aes-gcm,2048,643,32900
aes-gcm,2048,644,30500
aes-gcm,2048,645,30700
aes-gcm,2048,646,30300
aes-gcm,2048,647,30800
aes-gcm,2048,648,30900
aes-gcm,2048,649,30800
aes-gcm,2048,650,30900
aes-gcm,2048,651,30800
aes-gcm,2048,652,31000
aes-gcm,2048,653,30800
aes-gcm,2048,654,30800
aes-gcm,2048,655,30700
aes-gcm,2048,656,30900
aes-gcm,2048,657,30600
aes-gcm,2048,658,30800
aes-gcm,2048,659,33800
aes-gcm,2048,660,32000
aes-gcm,2048,661,30900
aes-gcm,2048,662,30700
aes-gcm,2048,663,30500
aes-gcm,2048,664,30800
aes-gcm,2048,665,31000
aes-gcm,2048,666,30500
aes-gcm,2048,667,31800
aes-gcm,2048,668,30500
aes-gcm,2048,669,30500
aes-gcm,2048,670,31200
aes-gcm,2048,671,30500
aes-gcm,2048,672,30700
aes-gcm,2048,673,30400
aes-gcm,2048,674,35700
aes-gcm,2048,675,30600
aes-gcm,2048,676,30600
aes-gcm,2048,677,30400
aes-gcm,2048,678,30200
aes-gcm,2048,679,30600
aes-gcm,2048,680,30800
aes-gcm,2048,681,30400
aes-gcm,2048,682,30700
aes-gcm,2048,683,30700
aes-gcm,2048,684,30400
aes-gcm,2048,685,30700
aes-gcm,2048,686,30400
aes-gcm,2048,687,30500
aes-gcm,2048,688,30700
aes-gcm,2048,689,30600
aes-gcm,2048,690,30800
aes-gcm,2048,691,32000
aes-gcm,2048,692,31100
aes-gcm,2048,693,30600
aes-gcm,2048,694,30800
aes-gcm,2048,695,30500
aes-gcm,2048,696,30300
aes-gcm,2048,697,31200
aes-gcm,2048,698,30800
aes-gcm,2048,699,30600
aes-gcm,2048,700,30600
aes-gcm,2048,701,30800
aes-gcm,2048,702,30600
aes-gcm,2048,703,31300
aes-gcm,2048,704,30700
aes-gcm,2048,705,30300
aes-gcm,2048,706,30600
aes-gcm,2048,707,36900
aes-gcm,2048,708,31600
aes-gcm,2048,709,30400
aes-gcm,2048,710,30800
aes-gcm,2048,711,30200
aes-gcm,2048,712,30900
aes-gcm,2048,713,30600
aes-gcm,2048,714,30200
aes-gcm,2048,715,30800
aes-gcm,2048,716,30600
aes-gcm,2048,717,31000
aes-gcm,2048,718,30800
aes-gcm,2048,719,30800
aes-gcm,2048,720,30700
aes-gcm,2048,721,30800
aes-gcm,2048,722,30600
aes-gcm,2048,723,32100
aes-gcm,2048,724,33100
aes-gcm,2048,725,30900
aes-gcm,2048,726,30600
aes-gcm,2048,727,30500
aes-gcm,2048,728,30900
aes-gcm,2048,729,30500
aes-gcm,2048,730,31200
aes-gcm,2048,731,31600
aes-gcm,2048,732,30600
aes-gcm,2048,733,30600
aes-gcm,2048,734,30700
aes-gcm,2048,735,30900
aes-gcm,2048,736,30500
aes-gcm,2048,737,30900
aes-gcm,2048,738,30500
aes-gcm,2048,739,30800
aes-gcm,2048,740,34100
aes-gcm,2048,741,30500
aes-gcm,2048,742,30700
aes-gcm,2048,743,30400
aes-gcm,2048,744,31000
aes-gcm,2048,745,30300
aes-gcm,2048,746,30600
aes-gcm,2048,747,30400
aes-gcm,2048,748,30900
aes-gcm,2048,749,30600
aes-gcm,2048,750,30700
aes-gcm,2048,751,30700
aes-gcm,2048,752,30600
aes-gcm,2048,753,30800
aes-gcm,2048,754,30500
aes-gcm,2048,755,31300
aes-gcm,2048,756,32400
aes-gcm,2048,757,30900
aes-gcm,2048,758,30800
aes-gcm,2048,759,30400
aes-gcm,2048,760,30900
aes-gcm,2048,761,30500
aes-gcm,2048,762,30800
aes-gcm,2048,763,30600
aes-gcm,2048,764,30700
aes-gcm,2048,765,30500
aes-gcm,2048,766,31100
aes-gcm,2048,767,31500
aes-gcm,2048,768,30600
aes-gcm,2048,769,31000
aes-gcm,2048,770,30600
aes-gcm,2048,771,30800
aes-gcm,2048,772,31300
aes-gcm,2048,773,34500
aes-gcm,2048,774,30500
aes-gcm,2048,775,30500
aes-gcm,2048,776,30600
aes-gcm,2048,777,30300
aes-gcm,2048,778,30600
aes-gcm,2048,779,30400
aes-gcm,2048,780,30500
aes-gcm,2048,781,30600
aes-gcm,2048,782,30600
aes-gcm,2048,783,30600
aes-gcm,2048,784,30600
aes-gcm,2048,785,30400
aes-gcm,2048,786,30500
aes-gcm,2048,787,31200
aes-gcm,2048,788,32400
aes-gcm,2048,789,31400
aes-gcm,2048,790,30700
aes-gcm,2048,791,32400
aes-gcm,2048,792,30500
aes-gcm,2048,793,30800
aes-gcm,2048,794,30700
aes-gcm,2048,795,31700
aes-gcm,2048,796,31000
aes-gcm,2048,797,30700
aes-gcm,2048,798,31000
aes-gcm,2048,799,30700
aes-gcm,2048,800,30900
aes-gcm,2048,801,30700
aes-gcm,2048,802,30700
aes-gcm,2048,803,30500
aes-gcm,2048,804,30400
aes-gcm,2048,805,30900
aes-gcm,2048,806,34100
aes-gcm,2048,807,30900
aes-gcm,2048,808,30800
aes-gcm,2048,809,30500
aes-gcm,2048,810,30300
aes-gcm,2048,811,30600
aes-gcm,2048,812,30400
aes-gcm,2048,813,30300
aes-gcm,2048,814,30800
aes-gcm,2048,815,30600
aes-gcm,2048,816,30800
aes-gcm,2048,817,30600
aes-gcm,2048,818,30800
aes-gcm,2048,819,30800
aes-gcm,2048,820,32500
aes-gcm,2048,821,30800
aes-gcm,2048,822,30700
aes-gcm,2048,823,30700
aes-gcm,2048,824,30600
aes-gcm,2048,825,30800
aes-gcm,2048,826,30800
aes-gcm,2048,827,30800
aes-gcm,2048,828,30300
aes-gcm,2048,829,30700
aes-gcm,2048,830,31500
aes-gcm,2048,831,30400
aes-gcm,2048,832,30800
aes-gcm,2048,833,30600
aes-gcm,2048,834,30700
aes-gcm,2048,835,30600
aes-gcm,2048,836,30700
aes-gcm,2048,837,30300
aes-gcm,2048,838,30900
aes-gcm,2048,839,34400
aes-gcm,2048,840,30900
aes-gcm,2048,841,32300
aes-gcm,2048,842,30500
aes-gcm,2048,843,30600
aes-gcm,2048,844,30400
aes-gcm,2048,845,30900
aes-gcm,2048,846,30300
aes-gcm,2048,847,30800
aes-gcm,2048,848,30500
aes-gcm,2048,849,30400
aes-gcm,2048,850,30800
aes-gcm,2048,851,31000
aes-gcm,2048,852,35700
aes-gcm,2048,853,30700
aes-gcm,2048,854,30800
aes-gcm,2048,855,30500
aes-gcm,2048,856,30900
aes-gcm,2048,857,30500
aes-gcm,2048,858,31200
aes-gcm,2048,859,30500
aes-gcm,2048,860,30500
aes-gcm,2048,861,30600
aes-gcm,2048,862,30900
aes-gcm,2048,863,30700
aes-gcm,2048,864,30300
aes-gcm,2048,865,30900
aes-gcm,2048,866,30500
aes-gcm,2048,867,30400
aes-gcm,2048,868,30800
aes-gcm,2048,869,30600
aes-gcm,2048,870,30400
aes-gcm,2048,871,30300
aes-gcm,2048,872,34600
aes-gcm,2048,873,30300
aes-gcm,2048,874,30500
aes-gcm,2048,875,30500
aes-gcm,2048,876,30100
aes-gcm,2048,877,30700
aes-gcm,2048,878,30500
aes-gcm,2048,879,30400
aes-gcm,2048,880,30500
aes-gcm,2048,881,30700
aes-gcm,2048,882,30700
aes-gcm,2048,883,31000
aes-gcm,2048,884,31600
aes-gcm,2048,885,30500
aes-gcm,2048,886,30700
aes-gcm,2048,887,30500
aes-gcm,2048,888,30300
aes-gcm,2048,889,30400
aes-gcm,2048,890,30900
aes-gcm,2048,891,30400
aes-gcm,2048,892,30800
aes-gcm,2048,893,30300
aes-gcm,2048,894,31100
aes-gcm,2048,895,30800
aes-gcm,2048,896,30300
aes-gcm,2048,897,30600
aes-gcm,2048,898,30600
aes-gcm,2048,899,30700
aes-gcm,2048,900,30300
aes-gcm,2048,901,30700
aes-gcm,2048,902,30500
aes-gcm,2048,903,30700
aes-gcm,2048,904,30900
aes-gcm,2048,905,34200
aes-gcm,2048,906,30900
aes-gcm,2048,907,30600
aes-gcm,2048,908,30600
aes-gcm,2048,909,30100
aes-gcm,2048,910,30500
aes-gcm,2048,911,30400
aes-gcm,2048,912,30300
aes-gcm,2048,913,30800
aes-gcm,2048,914,30600
aes-gcm,2048,915,31300
aes-gcm,2048,916,32400
aes-gcm,2048,917,104200
aes-gcm,2048,918,139700
aes-gcm,2048,919,54300
aes-gcm,2048,920,70300
aes-gcm,2048,921,50000
aes-gcm,2048,922,35800
aes-gcm,2048,923,31300
aes-gcm,2048,924,31100
aes-gcm,2048,925,30800
aes-gcm,2048,926,35200
aes-gcm,2048,927,30400
aes-gcm,2048,928,31100
aes-gcm,2048,929,31000
aes-gcm,2048,930,30700
aes-gcm,2048,931,30800
aes-gcm,2048,932,31000
aes-gcm,2048,933,30900
aes-gcm,2048,934,30800
aes-gcm,2048,935,31200
aes-gcm,2048,936,30300
aes-gcm,2048,937,30900
aes-gcm,2048,938,39400
aes-gcm,2048,939,30800
aes-gcm,2048,940,31000
aes-gcm,2048,941,30700
aes-gcm,2048,942,30700
aes-gcm,2048,943,30700
aes-gcm,2048,944,30900
aes-gcm,2048,945,30600
aes-gcm,2048,946,31000
aes-gcm,2048,947,30800
aes-gcm,2048,948,30900
aes-gcm,2048,949,31100
aes-gcm,2048,950,30800
aes-gcm,2048,951,30700
aes-gcm,2048,952,30700
aes-gcm,2048,953,31300
aes-gcm,2048,954,30700
aes-gcm,2048,955,31200
aes-gcm,2048,956,33800
aes-gcm,2048,957,30600
aes-gcm,2048,958,31600
aes-gcm,2048,959,31000
aes-gcm,2048,960,30800
aes-gcm,2048,961,30700
aes-gcm,2048,962,30900
aes-gcm,2048,963,30500
aes-gcm,2048,964,30800
aes-gcm,2048,965,30700
aes-gcm,2048,966,30500
aes-gcm,2048,967,30800
aes-gcm,2048,968,30700
aes-gcm,2048,969,30600
aes-gcm,2048,970,30800
aes-gcm,2048,971,36100
aes-gcm,2048,972,30900
aes-gcm,2048,973,30700
aes-gcm,2048,974,30500
aes-gcm,2048,975,30700
aes-gcm,2048,976,30900
aes-gcm,2048,977,30700
aes-gcm,2048,978,30500
aes-gcm,2048,979,30600
aes-gcm,2048,980,31100
aes-gcm,2048,981,30800
aes-gcm,2048,982,30900
aes-gcm,2048,983,30600
aes-gcm,2048,984,30300
aes-gcm,2048,985,31000
aes-gcm,2048,986,31700
aes-gcm,2048,987,30800
aes-gcm,2048,988,32100
aes-gcm,2048,989,30900
aes-gcm,2048,990,30800
aes-gcm,2048,991,31000
aes-gcm,2048,992,30900
aes-gcm,2048,993,30500
aes-gcm,2048,994,30800
aes-gcm,2048,995,30700
aes-gcm,2048,996,30700
aes-gcm,2048,997,30500
aes-gcm,2048,998,30900
aes-gcm,2048,999,30400
aes-gcm,2048,1000,30800
aes-gcm,2048,1001,30600
aes-gcm,2048,1002,34600
aes-gcm,2048,1003,30900
aes-gcm,2048,1004,34800
aes-gcm,2048,1005,31100
aes-gcm,2048,1006,30700
aes-gcm,2048,1007,30900
aes-gcm,2048,1008,30400
aes-gcm,2048,1009,30400
aes-gcm,2048,1010,30600
aes-gcm,2048,1011,30400
aes-gcm,2048,1012,31000
aes-gcm,2048,1013,30800
aes-gcm,2048,1014,30800
aes-gcm,2048,1015,30800
aes-gcm,2048,1016,31000
aes-gcm,2048,1017,30700
aes-gcm,2048,1018,30800
aes-gcm,2048,1019,30800
aes-gcm,2048,1020,30200
aes-gcm,2048,1021,30700
aes-gcm,2048,1022,31600
aes-gcm,2048,1023,30800
aes-gcm,2048,1024,30900
aes-gcm,2048,1025,31000
aes-gcm,2048,1026,30500
aes-gcm,2048,1027,30800
aes-gcm,2048,1028,30700
aes-gcm,2048,1029,30500
aes-gcm,2048,1030,31000
aes-gcm,2048,1031,30600
aes-gcm,2048,1032,30700
aes-gcm,2048,1033,30500
aes-gcm,2048,1034,33400
aes-gcm,2048,1035,30500
aes-gcm,2048,1036,30900
aes-gcm,2048,1037,34900
aes-gcm,2048,1038,30600
aes-gcm,2048,1039,30700
aes-gcm,2048,1040,30500
aes-gcm,2048,1041,30500
aes-gcm,2048,1042,30400
aes-gcm,2048,1043,30800
aes-gcm,2048,1044,30300
aes-gcm,2048,1045,31100
aes-gcm,2048,1046,30500
aes-gcm,2048,1047,30600
aes-gcm,2048,1048,30600
aes-gcm,2048,1049,30800
aes-gcm,2048,1050,35800
aes-gcm,2048,1051,30900
aes-gcm,2048,1052,30800
aes-gcm,2048,1053,30700
aes-gcm,2048,1054,30700
aes-gcm,2048,1055,30900
aes-gcm,2048,1056,30700
aes-gcm,2048,1057,30900
aes-gcm,2048,1058,30600
aes-gcm,2048,1059,30700
aes-gcm,2048,1060,30900
aes-gcm,2048,1061,31000
aes-gcm,2048,1062,30500
aes-gcm,2048,1063,30700
aes-gcm,2048,1064,30600
aes-gcm,2048,1065,30500
aes-gcm,2048,1066,31100
aes-gcm,2048,1067,30700
aes-gcm,2048,1068,30500
aes-gcm,2048,1069,30400
aes-gcm,2048,1070,34800
aes-gcm,2048,1071,32200
aes-gcm,2048,1072,30800
aes-gcm,2048,1073,30300
aes-gcm,2048,1074,30300
aes-gcm,2048,1075,30700
aes-gcm,2048,1076,30700
aes-gcm,2048,1077,30800
aes-gcm,2048,1078,30700
aes-gcm,2048,1079,30700
aes-gcm,2048,1080,30600
aes-gcm,2048,1081,30900
aes-gcm,2048,1082,30600
aes-gcm,2048,1083,30500
aes-gcm,2048,1084,87900
aes-gcm,2048,1085,81700
aes-gcm,2048,1086,39800
aes-gcm,2048,1087,31400
aes-gcm,2048,1088,31200
aes-gcm,2048,1089,31200
aes-gcm,2048,1090,31800
aes-gcm,2048,1091,88400
aes-gcm,2048,1092,127400
aes-gcm,2048,1093,98400
aes-gcm,2048,1094,64800
aes-gcm,2048,1095,48200
aes-gcm,2048,1096,46700
aes-gcm,2048,1097,160000
aes-gcm,2048,1098,127800
aes-gcm,2048,1099,47500
aes-gcm,2048,1100,82900
aes-gcm,2048,1101,35500
aes-gcm,2048,1102,49100
aes-gcm,2048,1103,45700
aes-gcm,2048,1104,31600
aes-gcm,2048,1105,30900
aes-gcm,2048,1106,71100
aes-gcm,2048,1107,120600
aes-gcm,2048,1108,63400
aes-gcm,2048,1109,47800
aes-gcm,2048,1110,44800
aes-gcm,2048,1111,34600
aes-gcm,2048,1112,138400
aes-gcm,2048,1113,88300
aes-gcm,2048,1114,42300
aes-gcm,2048,1115,33700
aes-gcm,2048,1116,30800
aes-gcm,2048,1117,31000
aes-gcm,2048,1118,30600
aes-gcm,2048,1119,30800
aes-gcm,2048,1120,31000
aes-gcm,2048,1121,30600
aes-gcm,2048,1122,64900
aes-gcm,2048,1123,31900
aes-gcm,2048,1124,71700
aes-gcm,2048,1125,122900
aes-gcm,2048,1126,58800
aes-gcm,2048,1127,57000
aes-gcm,2048,1128,85500
aes-gcm,2048,1129,58300
aes-gcm,2048,1130,98800
aes-gcm,2048,1131,58200
aes-gcm,2048,1132,40200
aes-gcm,2048,1133,36000
aes-gcm,2048,1134,79900
aes-gcm,2048,1135,86900
aes-gcm,2048,1136,50200
aes-gcm,2048,1137,39800
aes-gcm,2048,1138,33700
aes-gcm,2048,1139,32400
aes-gcm,2048,1140,49800
aes-gcm,2048,1141,96300
aes-gcm,2048,1142,63800
aes-gcm,2048,1143,34000
aes-gcm,2048,1144,33100
aes-gcm,2048,1145,31300
aes-gcm,2048,1146,30800
aes-gcm,2048,1147,30900
aes-gcm,2048,1148,30900
aes-gcm,2048,1149,32900
aes-gcm,2048,1150,31300
aes-gcm,2048,1151,82900
aes-gcm,2048,1152,83000
aes-gcm,2048,1153,39200
aes-gcm,2048,1154,38400
aes-gcm,2048,1155,32700
aes-gcm,2048,1156,47900
aes-gcm,2048,1157,86800
aes-gcm,2048,1158,57800
aes-gcm,2048,1159,55100
aes-gcm,2048,1160,35600
aes-gcm,2048,1161,32300
aes-gcm,2048,1162,34000
aes-gcm,2048,1163,31100
aes-gcm,2048,1164,30400
aes-gcm,2048,1165,82800
aes-gcm,2048,1166,81500
aes-gcm,2048,1167,66100
aes-gcm,2048,1168,40900
aes-gcm,2048,1169,63900
aes-gcm,2048,1170,85500
aes-gcm,2048,1171,53500
aes-gcm,2048,1172,88300
aes-gcm,2048,1173,41800
aes-gcm,2048,1174,32800
aes-gcm,2048,1175,32300
aes-gcm,2048,1176,31400
aes-gcm,2048,1177,34100
aes-gcm,2048,1178,31800
aes-gcm,2048,1179,31300
aes-gcm,2048,1180,31400
aes-gcm,2048,1181,30800
aes-gcm,2048,1182,30900
aes-gcm,2048,1183,33400
aes-gcm,2048,1184,50600
aes-gcm,2048,1185,86600
aes-gcm,2048,1186,42100
aes-gcm,2048,1187,33800
aes-gcm,2048,1188,32000
aes-gcm,2048,1189,30900
aes-gcm,2048,1190,73200
aes-gcm,2048,1191,46300
aes-gcm,2048,1192,32900
aes-gcm,2048,1193,31100
aes-gcm,2048,1194,36000
aes-gcm,2048,1195,31600
aes-gcm,2048,1196,30900
aes-gcm,2048,1197,31200
aes-gcm,2048,1198,31000
aes-gcm,2048,1199,30500
aes-gcm,2048,1200,30600
aes-gcm,2048,1201,31000
aes-gcm,2048,1202,41100
aes-gcm,2048,1203,31300
aes-gcm,2048,1204,30500
aes-gcm,2048,1205,30700
aes-gcm,2048,1206,30200
aes-gcm,2048,1207,30700
aes-gcm,2048,1208,30700
aes-gcm,2048,1209,30500
aes-gcm,2048,1210,31000
aes-gcm,2048,1211,30400
aes-gcm,2048,1212,30800
aes-gcm,2048,1213,31500
aes-gcm,2048,1214,30900
aes-gcm,2048,1215,30400
aes-gcm,2048,1216,30700
aes-gcm,2048,1217,30600
aes-gcm,2048,1218,30400
aes-gcm,2048,1219,31300
aes-gcm,2048,1220,30900
aes-gcm,2048,1221,30600
aes-gcm,2048,1222,30700
aes-gcm,2048,1223,30900
aes-gcm,2048,1224,30300
aes-gcm,2048,1225,31500
aes-gcm,2048,1226,30600
aes-gcm,2048,1227,30500
aes-gcm,2048,1228,30600
aes-gcm,2048,1229,30800
aes-gcm,2048,1230,30600
aes-gcm,2048,1231,30400
aes-gcm,2048,1232,30900
aes-gcm,2048,1233,30600
aes-gcm,2048,1234,30700
aes-gcm,2048,1235,35800
aes-gcm,2048,1236,30700
aes-gcm,2048,1237,30600
aes-gcm,2048,1238,30400
aes-gcm,2048,1239,30500
aes-gcm,2048,1240,30500
aes-gcm,2048,1241,31600
aes-gcm,2048,1242,30200
aes-gcm,2048,1243,30700
aes-gcm,2048,1244,30800
aes-gcm,2048,1245,30900
aes-gcm,2048,1246,30800
aes-gcm,2048,1247,30600
aes-gcm,2048,1248,30700
aes-gcm,2048,1249,30500
aes-gcm,2048,1250,31000
aes-gcm,2048,1251,30500
aes-gcm,2048,1252,30800
aes-gcm,2048,1253,30900
aes-gcm,2048,1254,30300
aes-gcm,2048,1255,31000
aes-gcm,2048,1256,30400
aes-gcm,2048,1257,30900
aes-gcm,2048,1258,30600
aes-gcm,2048,1259,30700
aes-gcm,2048,1260,30500
aes-gcm,2048,1261,30700
aes-gcm,2048,1262,30600
aes-gcm,2048,1263,30500
aes-gcm,2048,1264,30800
aes-gcm,2048,1265,30700
aes-gcm,2048,1266,30400
aes-gcm,2048,1267,30800
aes-gcm,2048,1268,35000
aes-gcm,2048,1269,30500
aes-gcm,2048,1270,30700
aes-gcm,2048,1271,30700
aes-gcm,2048,1272,30600
aes-gcm,2048,1273,30600
aes-gcm,2048,1274,30600
aes-gcm,2048,1275,30500
aes-gcm,2048,1276,30700
aes-gcm,2048,1277,32100
aes-gcm,2048,1278,30600
aes-gcm,2048,1279,30700
aes-gcm,2048,1280,30700
aes-gcm,2048,1281,30300
aes-gcm,2048,1282,30600
aes-gcm,2048,1283,30700
aes-gcm,2048,1284,30500
aes-gcm,2048,1285,30500
aes-gcm,2048,1286,30900
aes-gcm,2048,1287,30600
aes-gcm,2048,1288,30900
aes-gcm,2048,1289,30500
aes-gcm,2048,1290,30200
aes-gcm,2048,1291,30700
aes-gcm,2048,1292,30600
aes-gcm,2048,1293,30700
aes-gcm,2048,1294,30400
aes-gcm,2048,1295,30700
aes-gcm,2048,1296,30200
aes-gcm,2048,1297,30800
aes-gcm,2048,1298,30400
aes-gcm,2048,1299,30300
aes-gcm,2048,1300,30800
aes-gcm,2048,1301,34700
aes-gcm,2048,1302,30800
aes-gcm,2048,1303,30500
aes-gcm,2048,1304,30800
aes-gcm,2048,1305,31300
aes-gcm,2048,1306,30800
aes-gcm,2048,1307,30600
aes-gcm,2048,1308,30400
aes-gcm,2048,1309,30700
aes-gcm,2048,1310,30500
aes-gcm,2048,1311,30900
aes-gcm,2048,1312,30600
aes-gcm,2048,1313,30500
aes-gcm,2048,1314,30200
aes-gcm,2048,1315,30800
aes-gcm,2048,1316,30600
aes-gcm,2048,1317,30500
aes-gcm,2048,1318,30700
aes-gcm,2048,1319,30700
aes-gcm,2048,1320,30800
aes-gcm,2048,1321,30400
aes-gcm,2048,1322,33600
aes-gcm,2048,1323,30400
aes-gcm,2048,1324,30800
aes-gcm,2048,1325,30700
aes-gcm,2048,1326,30300
aes-gcm,2048,1327,30600
aes-gcm,2048,1328,30500
aes-gcm,2048,1329,30700
aes-gcm,2048,1330,30600
aes-gcm,2048,1331,30700
aes-gcm,2048,1332,30500
aes-gcm,2048,1333,30800
aes-gcm,2048,1334,34700
aes-gcm,2048,1335,30600
aes-gcm,2048,1336,30700
aes-gcm,2048,1337,30400
aes-gcm,2048,1338,30500
aes-gcm,2048,1339,30700
aes-gcm,2048,1340,31600
aes-gcm,2048,1341,30200
aes-gcm,2048,1342,30700
aes-gcm,2048,1343,30300
aes-gcm,2048,1344,30400
aes-gcm,2048,1345,30700
aes-gcm,2048,1346,30600
aes-gcm,2048,1347,30900
aes-gcm,2048,1348,30600
aes-gcm,2048,1349,30600
aes-gcm,2048,1350,30500
aes-gcm,2048,1351,30800
aes-gcm,2048,1352,30400
aes-gcm,2048,1353,30300
aes-gcm,2048,1354,32100
aes-gcm,2048,1355,30700
aes-gcm,2048,1356,30700
aes-gcm,2048,1357,30700
aes-gcm,2048,1358,30500
aes-gcm,2048,1359,30200
aes-gcm,2048,1360,30700
aes-gcm,2048,1361,30600
aes-gcm,2048,1362,30400
aes-gcm,2048,1363,30700
aes-gcm,2048,1364,30500
aes-gcm,2048,1365,30500
aes-gcm,2048,1366,30800
aes-gcm,2048,1367,34500
aes-gcm,2048,1368,31700
aes-gcm,2048,1369,30500
aes-gcm,2048,1370,30400
aes-gcm,2048,1371,30300
aes-gcm,2048,1372,30800
aes-gcm,2048,1373,30300
aes-gcm,2048,1374,30600
aes-gcm,2048,1375,30700
aes-gcm,2048,1376,30700
aes-gcm,2048,1377,30500
aes-gcm,2048,1378,30600
aes-gcm,2048,1379,30800
aes-gcm,2048,1380,30400
aes-gcm,2048,1381,30700
aes-gcm,2048,1382,30500
aes-gcm,2048,1383,30800
aes-gcm,2048,1384,30400
aes-gcm,2048,1385,30900
aes-gcm,2048,1386,33400
aes-gcm,2048,1387,30800
aes-gcm,2048,1388,30300
aes-gcm,2048,1389,30300
aes-gcm,2048,1390,30900
aes-gcm,2048,1391,30300
aes-gcm,2048,1392,30800
aes-gcm,2048,1393,30300
aes-gcm,2048,1394,30600
aes-gcm,2048,1395,30400
aes-gcm,2048,1396,30700
aes-gcm,2048,1397,30700
aes-gcm,2048,1398,30500
aes-gcm,2048,1399,30600
aes-gcm,2048,1400,34400
aes-gcm,2048,1401,30700
aes-gcm,2048,1402,30500
aes-gcm,2048,1403,30800
aes-gcm,2048,1404,31100
aes-gcm,2048,1405,30600
aes-gcm,2048,1406,30300
aes-gcm,2048,1407,30400
aes-gcm,2048,1408,30600
aes-gcm,2048,1409,30400
aes-gcm,2048,1410,30700
aes-gcm,2048,1411,31000
aes-gcm,2048,1412,30900
aes-gcm,2048,1413,30300
aes-gcm,2048,1414,30800
aes-gcm,2048,1415,30800
aes-gcm,2048,1416,30200
aes-gcm,2048,1417,30700
aes-gcm,2048,1418,32200
aes-gcm,2048,1419,30700
aes-gcm,2048,1420,31100
aes-gcm,2048,1421,31300
aes-gcm,2048,1422,30200
aes-gcm,2048,1423,30500
aes-gcm,2048,1424,30300
aes-gcm,2048,1425,30600
aes-gcm,2048,1426,30600
aes-gcm,2048,1427,30700
aes-gcm,2048,1428,30600
aes-gcm,2048,1429,30700
aes-gcm,2048,1430,30900
aes-gcm,2048,1431,30300
aes-gcm,2048,1432,31800
aes-gcm,2048,1433,34200
aes-gcm,2048,1434,30600
aes-gcm,2048,1435,30600
aes-gcm,2048,1436,30400
aes-gcm,2048,1437,30600
aes-gcm,2048,1438,30500
aes-gcm,2048,1439,30600
aes-gcm,2048,1440,30400
aes-gcm,2048,1441,30900
aes-gcm,2048,1442,30600
aes-gcm,2048,1443,30600
aes-gcm,2048,1444,30700
aes-gcm,2048,1445,30600
aes-gcm,2048,1446,30400
aes-gcm,2048,1447,30600
aes-gcm,2048,1448,30600
aes-gcm,2048,1449,30300
aes-gcm,2048,1450,31300
aes-gcm,2048,1451,30400
aes-gcm,2048,1452,30400
aes-gcm,2048,1453,31100
aes-gcm,2048,1454,30400
aes-gcm,2048,1455,30500
aes-gcm,2048,1456,30700
aes-gcm,2048,1457,31000
aes-gcm,2048,1458,30500
aes-gcm,2048,1459,30600
aes-gcm,2048,1460,30600
aes-gcm,2048,1461,30300
aes-gcm,2048,1462,30800
aes-gcm,2048,1463,30400
aes-gcm,2048,1464,30700
aes-gcm,2048,1465,34000
aes-gcm,2048,1466,34400
aes-gcm,2048,1467,30500
aes-gcm,2048,1468,31200
aes-gcm,2048,1469,30400
aes-gcm,2048,1470,30300
aes-gcm,2048,1471,30600
aes-gcm,2048,1472,30400
aes-gcm,2048,1473,30500
aes-gcm,2048,1474,30500
aes-gcm,2048,1475,31000
aes-gcm,2048,1476,30400
aes-gcm,2048,1477,30600
aes-gcm,2048,1478,30600
aes-gcm,2048,1479,30500
aes-gcm,2048,1480,30800
aes-gcm,2048,1481,30600
aes-gcm,2048,1482,30700
aes-gcm,2048,1483,30400
aes-gcm,2048,1484,30800
aes-gcm,2048,1485,30500
aes-gcm,2048,1486,30800
aes-gcm,2048,1487,30700
aes-gcm,2048,1488,30200
aes-gcm,2048,1489,30600
aes-gcm,2048,1490,30500
aes-gcm,2048,1491,30600
aes-gcm,2048,1492,30600
aes-gcm,2048,1493,30600
aes-gcm,2048,1494,30300
aes-gcm,2048,1495,30700
aes-gcm,2048,1496,31500
aes-gcm,2048,1497,30200
aes-gcm,2048,1498,30600
aes-gcm,2048,1499,34000
aes-gcm,2048,1500,30900
aes-gcm,2048,1501,30200
aes-gcm,2048,1502,30400
aes-gcm,2048,1503,30200
aes-gcm,2048,1504,30400
aes-gcm,2048,1505,30300
aes-gcm,2048,1506,30100
aes-gcm,2048,1507,30800
aes-gcm,2048,1508,30400
aes-gcm,2048,1509,30700
aes-gcm,2048,1510,30700
aes-gcm,2048,1511,30800
aes-gcm,2048,1512,30500
aes-gcm,2048,1513,30700
aes-gcm,2048,1514,30400
aes-gcm,2048,1515,96700
aes-gcm,2048,1516,185100
aes-gcm,2048,1517,88800
aes-gcm,2048,1518,98600
aes-gcm,2048,1519,136700
aes-gcm,2048,1520,46900
aes-gcm,2048,1521,79800
aes-gcm,2048,1522,73300
aes-gcm,2048,1523,48500
aes-gcm,2048,1524,45500
aes-gcm,2048,1525,45500
aes-gcm,2048,1526,44900
aes-gcm,2048,1527,45600
aes-gcm,2048,1528,53100
aes-gcm,2048,1529,46200
aes-gcm,2048,1530,31300
aes-gcm,2048,1531,31800
aes-gcm,2048,1532,47600
aes-gcm,2048,1533,32500
aes-gcm,2048,1534,97900
aes-gcm,2048,1535,104900
aes-gcm,2048,1536,60800
aes-gcm,2048,1537,35400
aes-gcm,2048,1538,32000
aes-gcm,2048,1539,31100
aes-gcm,2048,1540,32100
aes-gcm,2048,1541,31500
aes-gcm,2048,1542,30800
aes-gcm,2048,1543,30800
aes-gcm,2048,1544,30400
aes-gcm,2048,1545,30900
aes-gcm,2048,1546,30600
aes-gcm,2048,1547,30900
aes-gcm,2048,1548,30900
aes-gcm,2048,1549,31000
aes-gcm,2048,1550,31000
aes-gcm,2048,1551,31900
aes-gcm,2048,1552,31400
aes-gcm,2048,1553,30800
aes-gcm,2048,1554,30800
aes-gcm,2048,1555,30600
aes-gcm,2048,1556,30800
aes-gcm,2048,1557,30400
aes-gcm,2048,1558,30700
aes-gcm,2048,1559,30600
aes-gcm,2048,1560,32000
aes-gcm,2048,1561,31200
aes-gcm,2048,1562,30700
aes-gcm,2048,1563,30700
aes-gcm,2048,1564,30500
aes-gcm,2048,1565,46800
aes-gcm,2048,1566,30700
aes-gcm,2048,1567,30600
aes-gcm,2048,1568,30400
aes-gcm,2048,1569,30400
aes-gcm,2048,1570,30600
aes-gcm,2048,1571,30500
aes-gcm,2048,1572,31000
aes-gcm,2048,1573,30700
aes-gcm,2048,1574,30600
aes-gcm,2048,1575,30700
aes-gcm,2048,1576,30800
aes-gcm,2048,1577,30600
aes-gcm,2048,1578,30400
aes-gcm,2048,1579,30700
aes-gcm,2048,1580,30800
aes-gcm,2048,1581,31000
aes-gcm,2048,1582,32400
aes-gcm,2048,1583,36900
aes-gcm,2048,1584,30500
aes-gcm,2048,1585,30900
aes-gcm,2048,1586,30500
aes-gcm,2048,1587,30500
aes-gcm,2048,1588,31000
aes-gcm,2048,1589,30700
aes-gcm,2048,1590,30800
aes-gcm,2048,1591,30800
aes-gcm,2048,1592,31000
aes-gcm,2048,1593,30400
aes-gcm,2048,1594,30800
aes-gcm,2048,1595,31400
aes-gcm,2048,1596,30600
aes-gcm,2048,1597,30900
aes-gcm,2048,1598,35700
aes-gcm,2048,1599,30700
aes-gcm,2048,1600,30400
aes-gcm,2048,1601,30600
aes-gcm,2048,1602,30400
aes-gcm,2048,1603,30600
aes-gcm,2048,1604,30800
aes-gcm,2048,1605,30100
aes-gcm,2048,1606,30600
aes-gcm,2048,1607,30500
aes-gcm,2048,1608,30600
aes-gcm,2048,1609,30600
aes-gcm,2048,1610,30700
aes-gcm,2048,1611,30200
aes-gcm,2048,1612,30900
aes-gcm,2048,1613,30500
aes-gcm,2048,1614,35000
aes-gcm,2048,1615,31000
aes-gcm,2048,1616,30500
aes-gcm,2048,1617,30500
aes-gcm,2048,1618,30700
aes-gcm,2048,1619,30500
aes-gcm,2048,1620,30400
aes-gcm,2048,1621,30900
aes-gcm,2048,1622,30600
aes-gcm,2048,1623,31200
aes-gcm,2048,1624,30800
aes-gcm,2048,1625,30800
aes-gcm,2048,1626,30500
aes-gcm,2048,1627,30600
aes-gcm,2048,1628,30700
aes-gcm,2048,1629,30200
aes-gcm,2048,1630,30900
aes-gcm,2048,1631,34600
aes-gcm,2048,1632,30600
aes-gcm,2048,1633,30900
aes-gcm,2048,1634,30500
aes-gcm,2048,1635,30700
aes-gcm,2048,1636,30600
aes-gcm,2048,1637,30400
aes-gcm,2048,1638,30200
aes-gcm,2048,1639,30700
aes-gcm,2048,1640,30600
aes-gcm,2048,1641,30500
aes-gcm,2048,1642,30700
aes-gcm,2048,1643,30300
aes-gcm,2048,1644,30800
aes-gcm,2048,1645,30400
aes-gcm,2048,1646,36400
aes-gcm,2048,1647,29200
aes-gcm,2048,1648,30900
aes-gcm,2048,1649,30600
aes-gcm,2048,1650,30400
aes-gcm,2048,1651,30700
aes-gcm,2048,1652,30800
aes-gcm,2048,1653,30600
aes-gcm,2048,1654,30500
aes-gcm,2048,1655,31000
aes-gcm,2048,1656,30600
aes-gcm,2048,1657,31000
aes-gcm,2048,1658,30600
aes-gcm,2048,1659,31000
aes-gcm,2048,1660,30800
aes-gcm,2048,1661,30500
aes-gcm,2048,1662,30700
aes-gcm,2048,1663,30600
aes-gcm,2048,1664,34500
aes-gcm,2048,1665,30800
aes-gcm,2048,1666,30500
aes-gcm,2048,1667,30500
aes-gcm,2048,1668,30400
aes-gcm,2048,1669,30500
aes-gcm,2048,1670,30700
aes-gcm,2048,1671,30400
aes-gcm,2048,1672,30800
aes-gcm,2048,1673,30700
aes-gcm,2048,1674,30500
aes-gcm,2048,1675,30800
aes-gcm,2048,1676,30600
aes-gcm,2048,1677,30300
aes-gcm,2048,1678,32400
aes-gcm,2048,1679,30400
aes-gcm,2048,1680,30800
aes-gcm,2048,1681,30500
aes-gcm,2048,1682,30700
aes-gcm,2048,1683,30300
aes-gcm,2048,1684,30900
aes-gcm,2048,1685,30800
aes-gcm,2048,1686,30400
aes-gcm,2048,1687,31800
aes-gcm,2048,1688,30700
aes-gcm,2048,1689,30900
aes-gcm,2048,1690,30600
aes-gcm,2048,1691,30700
aes-gcm,2048,1692,30400
aes-gcm,2048,1693,30900
aes-gcm,2048,1694,30500
aes-gcm,2048,1695,30400
aes-gcm,2048,1696,30700
aes-gcm,2048,1697,34300
aes-gcm,2048,1698,30700
aes-gcm,2048,1699,30500
aes-gcm,2048,1700,31100
aes-gcm,2048,1701,30200
aes-gcm,2048,1702,30500
aes-gcm,2048,1703,30500
aes-gcm,2048,1704,30300
aes-gcm,2048,1705,30900
aes-gcm,2048,1706,30500
aes-gcm,2048,1707,30700
aes-gcm,2048,1708,30800
aes-gcm,2048,1709,30700
aes-gcm,2048,1710,32400
aes-gcm,2048,1711,31500
aes-gcm,2048,1712,30600
aes-gcm,2048,1713,30700
aes-gcm,2048,1714,30700
aes-gcm,2048,1715,30500
aes-gcm,2048,1716,30500
aes-gcm,2048,1717,30700
aes-gcm,2048,1718,30600
aes-gcm,2048,1719,30400
aes-gcm,2048,1720,30900
aes-gcm,2048,1721,30700
aes-gcm,2048,1722,30500
aes-gcm,2048,1723,31300
aes-gcm,2048,1724,30500
aes-gcm,2048,1725,30700
aes-gcm,2048,1726,30500
aes-gcm,2048,1727,30800
aes-gcm,2048,1728,30500
aes-gcm,2048,1729,30900
aes-gcm,2048,1730,34100
aes-gcm,2048,1731,30400
aes-gcm,2048,1732,30800
aes-gcm,2048,1733,30200
aes-gcm,2048,1734,30400
aes-gcm,2048,1735,30400
aes-gcm,2048,1736,30800
aes-gcm,2048,1737,30400
aes-gcm,2048,1738,30800
aes-gcm,2048,1739,30600
aes-gcm,2048,1740,30700
aes-gcm,2048,1741,30700
aes-gcm,2048,1742,31800
aes-gcm,2048,1743,32300
aes-gcm,2048,1744,30500
aes-gcm,2048,1745,31000
aes-gcm,2048,1746,30500
aes-gcm,2048,1747,30800
aes-gcm,2048,1748,30500
aes-gcm,2048,1749,30200
aes-gcm,2048,1750,30900
aes-gcm,2048,1751,31500
aes-gcm,2048,1752,30800
aes-gcm,2048,1753,30800
aes-gcm,2048,1754,30700
aes-gcm,2048,1755,30500
aes-gcm,2048,1756,30700
aes-gcm,2048,1757,30400
aes-gcm,2048,1758,30200
aes-gcm,2048,1759,30600
aes-gcm,2048,1760,30700
aes-gcm,2048,1761,30600
aes-gcm,2048,1762,30500
aes-gcm,2048,1763,34400
aes-gcm,2048,1764,30800
aes-gcm,2048,1765,30900
aes-gcm,2048,1766,30200
aes-gcm,2048,1767,30400
aes-gcm,2048,1768,30300
aes-gcm,2048,1769,30400
aes-gcm,2048,1770,30400
aes-gcm,2048,1771,30600
aes-gcm,2048,1772,30800
aes-gcm,2048,1773,30400
aes-gcm,2048,1774,30900
aes-gcm,2048,1775,32100
aes-gcm,2048,1776,30400
aes-gcm,2048,1777,30700
aes-gcm,2048,1778,30400
aes-gcm,2048,1779,30700
aes-gcm,2048,1780,30500
aes-gcm,2048,1781,30700
aes-gcm,2048,1782,30200
aes-gcm,2048,1783,30800
aes-gcm,2048,1784,30500
aes-gcm,2048,1785,30500
aes-gcm,2048,1786,30700
aes-gcm,2048,1787,31400
aes-gcm,2048,1788,30700
aes-gcm,2048,1789,30600
aes-gcm,2048,1790,31000
aes-gcm,2048,1791,30500
aes-gcm,2048,1792,30900
aes-gcm,2048,1793,30600
aes-gcm,2048,1794,30200
aes-gcm,2048,1795,30500
aes-gcm,2048,1796,34200
aes-gcm,2048,1797,30900
aes-gcm,2048,1798,30300
aes-gcm,2048,1799,30500
aes-gcm,2048,1800,30400
aes-gcm,2048,1801,30500
aes-gcm,2048,1802,30500
aes-gcm,2048,1803,30200
aes-gcm,2048,1804,30800
aes-gcm,2048,1805,30600
aes-gcm,2048,1806,30700
aes-gcm,2048,1807,30800
aes-gcm,2048,1808,30800
aes-gcm,2048,1809,30200
aes-gcm,2048,1810,30600
aes-gcm,2048,1811,30500
aes-gcm,2048,1812,30500
aes-gcm,2048,1813,30800
aes-gcm,2048,1814,30500
aes-gcm,2048,1815,31700
aes-gcm,2048,1816,30800
aes-gcm,2048,1817,30800
aes-gcm,2048,1818,30200
aes-gcm,2048,1819,30900
aes-gcm,2048,1820,30700
aes-gcm,2048,1821,30500
aes-gcm,2048,1822,30900
aes-gcm,2048,1823,30400
aes-gcm,2048,1824,30400
aes-gcm,2048,1825,30600
aes-gcm,2048,1826,30500
aes-gcm,2048,1827,30500
aes-gcm,2048,1828,31000
aes-gcm,2048,1829,33800
aes-gcm,2048,1830,30500
aes-gcm,2048,1831,30500
aes-gcm,2048,1832,30500
aes-gcm,2048,1833,30300
aes-gcm,2048,1834,30300
aes-gcm,2048,1835,30700
aes-gcm,2048,1836,31600
aes-gcm,2048,1837,30900
aes-gcm,2048,1838,30500
aes-gcm,2048,1839,31600
aes-gcm,2048,1840,30800
aes-gcm,2048,1841,30500
aes-gcm,2048,1842,30900
aes-gcm,2048,1843,30600
aes-gcm,2048,1844,30600
aes-gcm,2048,1845,30200
aes-gcm,2048,1846,30700
aes-gcm,2048,1847,30700
aes-gcm,2048,1848,30400
aes-gcm,2048,1849,30800
aes-gcm,2048,1850,31400
aes-gcm,2048,1851,30600
aes-gcm,2048,1852,30600
aes-gcm,2048,1853,30500
aes-gcm,2048,1854,30300
aes-gcm,2048,1855,30700
aes-gcm,2048,1856,30300
aes-gcm,2048,1857,30700
aes-gcm,2048,1858,30700
aes-gcm,2048,1859,30600
aes-gcm,2048,1860,31100
aes-gcm,2048,1861,30500
aes-gcm,2048,1862,34300
aes-gcm,2048,1863,30500
aes-gcm,2048,1864,30700
aes-gcm,2048,1865,30300
aes-gcm,2048,1866,30100
aes-gcm,2048,1867,30600
aes-gcm,2048,1868,30500
aes-gcm,2048,1869,30500
aes-gcm,2048,1870,31500
aes-gcm,2048,1871,30800
aes-gcm,2048,1872,35200
aes-gcm,2048,1873,30500
aes-gcm,2048,1874,30400
aes-gcm,2048,1875,30400
aes-gcm,2048,1876,30800
aes-gcm,2048,1877,30400
aes-gcm,2048,1878,31400
aes-gcm,2048,1879,30700
aes-gcm,2048,1880,30800
aes-gcm,2048,1881,30500
aes-gcm,2048,1882,30800
aes-gcm,2048,1883,30300
aes-gcm,2048,1884,30200
aes-gcm,2048,1885,30800
aes-gcm,2048,1886,30300
aes-gcm,2048,1887,30500
aes-gcm,2048,1888,30300
aes-gcm,2048,1889,30900
aes-gcm,2048,1890,30400
aes-gcm,2048,1891,30700
aes-gcm,2048,1892,30800
aes-gcm,2048,1893,30200
aes-gcm,2048,1894,30800
aes-gcm,2048,1895,34000
aes-gcm,2048,1896,31000
aes-gcm,2048,1897,30500
aes-gcm,2048,1898,30600
aes-gcm,2048,1899,30200
aes-gcm,2048,1900,30700
aes-gcm,2048,1901,30400
aes-gcm,2048,1902,30500
aes-gcm,2048,1903,32500
aes-gcm,2048,1904,30900
aes-gcm,2048,1905,30800
aes-gcm,2048,1906,30500
aes-gcm,2048,1907,30700
aes-gcm,2048,1908,30300
aes-gcm,2048,1909,30500
aes-gcm,2048,1910,30600
aes-gcm,2048,1911,30500
aes-gcm,2048,1912,30900
aes-gcm,2048,1913,30700
aes-gcm,2048,1914,31400
aes-gcm,2048,1915,30500
aes-gcm,2048,1916,30500
aes-gcm,2048,1917,30300
aes-gcm,2048,1918,30800
aes-gcm,2048,1919,30400
aes-gcm,2048,1920,30200
aes-gcm,2048,1921,30800
aes-gcm,2048,1922,30300
aes-gcm,2048,1923,30500
aes-gcm,2048,1924,30700
aes-gcm,2048,1925,30800
aes-gcm,2048,1926,30200
aes-gcm,2048,1927,30800
aes-gcm,2048,1928,34100
aes-gcm,2048,1929,30400
aes-gcm,2048,1930,30700
aes-gcm,2048,1931,30200
aes-gcm,2048,1932,30400
aes-gcm,2048,1933,30200
aes-gcm,2048,1934,30600
aes-gcm,2048,1935,30500
aes-gcm,2048,1936,33000
aes-gcm,2048,1937,30500
aes-gcm,2048,1938,30500
aes-gcm,2048,1939,30600
aes-gcm,2048,1940,30600
aes-gcm,2048,1941,30500
aes-gcm,2048,1942,31300
aes-gcm,2048,1943,30800
aes-gcm,2048,1944,30600
aes-gcm,2048,1945,30800
aes-gcm,2048,1946,30500
aes-gcm,2048,1947,30500
aes-gcm,2048,1948,30600
aes-gcm,2048,1949,30500
aes-gcm,2048,1950,30500
aes-gcm,2048,1951,30300
aes-gcm,2048,1952,30800
aes-gcm,2048,1953,30600
aes-gcm,2048,1954,30500
aes-gcm,2048,1955,30500
aes-gcm,2048,1956,30400
aes-gcm,2048,1957,30400
aes-gcm,2048,1958,30300
aes-gcm,2048,1959,30300
aes-gcm,2048,1960,30900
aes-gcm,2048,1961,34200
aes-gcm,2048,1962,30600
aes-gcm,2048,1963,30800
aes-gcm,2048,1964,30500
aes-gcm,2048,1965,30500
aes-gcm,2048,1966,30600
aes-gcm,2048,1967,30500
aes-gcm,2048,1968,35700
aes-gcm,2048,1969,30500
aes-gcm,2048,1970,30700
aes-gcm,2048,1971,30700
aes-gcm,2048,1972,30800
aes-gcm,2048,1973,30700
aes-gcm,2048,1974,30300
aes-gcm,2048,1975,31000
aes-gcm,2048,1976,30600
aes-gcm,2048,1977,30800
aes-gcm,2048,1978,31100
aes-gcm,2048,1979,30700
aes-gcm,2048,1980,30300
aes-gcm,2048,1981,30700
aes-gcm,2048,1982,30200
aes-gcm,2048,1983,30200
aes-gcm,2048,1984,30700
aes-gcm,2048,1985,30500
aes-gcm,2048,1986,30600
aes-gcm,2048,1987,30400
aes-gcm,2048,1988,31000
aes-gcm,2048,1989,30400
aes-gcm,2048,1990,30800
aes-gcm,2048,1991,30500
aes-gcm,2048,1992,30500
aes-gcm,2048,1993,30600
aes-gcm,2048,1994,33900
aes-gcm,2048,1995,31100
aes-gcm,2048,1996,30300
aes-gcm,2048,1997,30400
aes-gcm,2048,1998,30400
aes-gcm,2048,1999,30500
