algorithm,message_size_bytes,iteration,latency_ns
chacha20-poly1305,128,0,33200
chacha20-poly1305,128,1,33300
chacha20-poly1305,128,2,32300
chacha20-poly1305,128,3,32200
chacha20-poly1305,128,4,32300
chacha20-poly1305,128,5,32700
chacha20-poly1305,128,6,32300
chacha20-poly1305,128,7,32600
chacha20-poly1305,128,8,31900
chacha20-poly1305,128,9,32500
chacha20-poly1305,128,10,32400
chacha20-poly1305,128,11,31800
chacha20-poly1305,128,12,32800
chacha20-poly1305,128,13,32300
chacha20-poly1305,128,14,32500
chacha20-poly1305,128,15,32300
chacha20-poly1305,128,16,32000
chacha20-poly1305,128,17,34600
chacha20-poly1305,128,18,32400
chacha20-poly1305,128,19,32800
chacha20-poly1305,128,20,32100
chacha20-poly1305,128,21,32700
chacha20-poly1305,128,22,33000
chacha20-poly1305,128,23,32400
chacha20-poly1305,128,24,32200
chacha20-poly1305,128,25,32300
chacha20-poly1305,128,26,32200
chacha20-poly1305,128,27,33400
chacha20-poly1305,128,28,32500
chacha20-poly1305,128,29,32500
chacha20-poly1305,128,30,31400
chacha20-poly1305,128,31,32400
chacha20-poly1305,128,32,32400
chacha20-poly1305,128,33,31500
chacha20-poly1305,128,34,32600
chacha20-poly1305,128,35,32400
chacha20-poly1305,128,36,31400
chacha20-poly1305,128,37,32500
chacha20-poly1305,128,38,32300
chacha20-poly1305,128,39,31800
chacha20-poly1305,128,40,32300
chacha20-poly1305,128,41,32400
chacha20-poly1305,128,42,31400
chacha20-poly1305,128,43,32700
chacha20-poly1305,128,44,32700
chacha20-poly1305,128,45,31800
chacha20-poly1305,128,46,32500
chacha20-poly1305,128,47,32200
chacha20-poly1305,128,48,31400
chacha20-poly1305,128,49,32300
chacha20-poly1305,128,50,32500
chacha20-poly1305,128,51,31500
chacha20-poly1305,128,52,33300
chacha20-poly1305,128,53,32700
chacha20-poly1305,128,54,32300
chacha20-poly1305,128,55,32600
chacha20-poly1305,128,56,32000
chacha20-poly1305,128,57,121100
chacha20-poly1305,128,58,45700
chacha20-poly1305,128,59,46300
chacha20-poly1305,128,60,155600
chacha20-poly1305,128,61,88500
chacha20-poly1305,128,62,43100
chacha20-poly1305,128,63,73900
chacha20-poly1305,128,64,34700
chacha20-poly1305,128,65,40800
chacha20-poly1305,128,66,57700
chacha20-poly1305,128,67,49500
chacha20-poly1305,128,68,33600
chacha20-poly1305,128,69,84900
chacha20-poly1305,128,70,94800
chacha20-poly1305,128,71,47600
chacha20-poly1305,128,72,35700
chacha20-poly1305,128,73,33200
chacha20-poly1305,128,74,33000
chacha20-poly1305,128,75,31900
chacha20-poly1305,128,76,32400
chacha20-poly1305,128,77,33100
chacha20-poly1305,128,78,31900
chacha20-poly1305,128,79,32600
chacha20-poly1305,128,80,32100
chacha20-poly1305,128,81,32400
chacha20-poly1305,128,82,32300
chacha20-poly1305,128,83,31400
chacha20-poly1305,128,84,32400
chacha20-poly1305,128,85,32300
chacha20-poly1305,128,86,31700
chacha20-poly1305,128,87,32500
chacha20-poly1305,128,88,32500
chacha20-poly1305,128,89,32600
chacha20-poly1305,128,90,32100
chacha20-poly1305,128,91,32100
chacha20-poly1305,128,92,32200
chacha20-poly1305,128,93,32500
chacha20-poly1305,128,94,31500
chacha20-poly1305,128,95,32400
chacha20-poly1305,128,96,32400
chacha20-poly1305,128,97,32100
chacha20-poly1305,128,98,32300
chacha20-poly1305,128,99,32000
chacha20-poly1305,128,100,31500
chacha20-poly1305,128,101,32300
chacha20-poly1305,128,102,32100
chacha20-poly1305,128,103,33900
chacha20-poly1305,128,104,32500
chacha20-poly1305,128,105,32000
chacha20-poly1305,128,106,31600
chacha20-poly1305,128,107,32100
chacha20-poly1305,128,108,31800
chacha20-poly1305,128,109,32100
chacha20-poly1305,128,110,32200
chacha20-poly1305,128,111,32300
chacha20-poly1305,128,112,32200
chacha20-poly1305,128,113,32300
chacha20-poly1305,128,114,31400
chacha20-poly1305,128,115,32500
chacha20-poly1305,128,116,32700
chacha20-poly1305,128,117,31700
chacha20-poly1305,128,118,32300
chacha20-poly1305,128,119,32600
chacha20-poly1305,128,120,32400
chacha20-poly1305,128,121,31900
chacha20-poly1305,128,122,32100
chacha20-poly1305,128,123,32300
chacha20-poly1305,128,124,32400
chacha20-poly1305,128,125,32200
chacha20-poly1305,128,126,31700
chacha20-poly1305,128,127,32400
chacha20-poly1305,128,128,32300
chacha20-poly1305,128,129,31200
chacha20-poly1305,128,130,32200
chacha20-poly1305,128,131,32200
chacha20-poly1305,128,132,31300
chacha20-poly1305,128,133,32600
chacha20-poly1305,128,134,32200
chacha20-poly1305,128,135,32100
chacha20-poly1305,128,136,32500
chacha20-poly1305,128,137,31200
chacha20-poly1305,128,138,32600
chacha20-poly1305,128,139,32100
chacha20-poly1305,128,140,32000
chacha20-poly1305,128,141,32200
chacha20-poly1305,128,142,32300
chacha20-poly1305,128,143,32400
chacha20-poly1305,128,144,32200
chacha20-poly1305,128,145,32000
chacha20-poly1305,128,146,32200
chacha20-poly1305,128,147,32400
chacha20-poly1305,128,148,31200
chacha20-poly1305,128,149,32800
chacha20-poly1305,128,150,33400
chacha20-poly1305,128,151,32700
chacha20-poly1305,128,152,32800
chacha20-poly1305,128,153,32100
chacha20-poly1305,128,154,31600
chacha20-poly1305,128,155,32100
chacha20-poly1305,128,156,32200
chacha20-poly1305,128,157,31300
chacha20-poly1305,128,158,32500
chacha20-poly1305,128,159,32300
chacha20-poly1305,128,160,32500
chacha20-poly1305,128,161,32400
chacha20-poly1305,128,162,31200
chacha20-poly1305,128,163,32600
chacha20-poly1305,128,164,33400
chacha20-poly1305,128,165,178700
chacha20-poly1305,128,166,172200
chacha20-poly1305,128,167,115900
chacha20-poly1305,128,168,67600
chacha20-poly1305,128,169,64200
chacha20-poly1305,128,170,36100
chacha20-poly1305,128,171,33100
chacha20-poly1305,128,172,62800
chacha20-poly1305,128,173,55900
chacha20-poly1305,128,174,35900
chacha20-poly1305,128,175,32800
chacha20-poly1305,128,176,34300
chacha20-poly1305,128,177,73500
chacha20-poly1305,128,178,46600
chacha20-poly1305,128,179,73200
chacha20-poly1305,128,180,69800
chacha20-poly1305,128,181,100000
chacha20-poly1305,128,182,96300
chacha20-poly1305,128,183,90800
chacha20-poly1305,128,184,41800
chacha20-poly1305,128,185,34400
chacha20-poly1305,128,186,56200
chacha20-poly1305,128,187,92600
chacha20-poly1305,128,188,42500
chacha20-poly1305,128,189,33200
chacha20-poly1305,128,190,32700
chacha20-poly1305,128,191,32200
chacha20-poly1305,128,192,32100
chacha20-poly1305,128,193,31900
chacha20-poly1305,128,194,32400
chacha20-poly1305,128,195,32600
chacha20-poly1305,128,196,32300
chacha20-poly1305,128,197,40800
chacha20-poly1305,128,198,32400
chacha20-poly1305,128,199,32200
chacha20-poly1305,128,200,32000
chacha20-poly1305,128,201,32400
chacha20-poly1305,128,202,32000
chacha20-poly1305,128,203,32100
chacha20-poly1305,128,204,31800
chacha20-poly1305,128,205,31900
chacha20-poly1305,128,206,32100
chacha20-poly1305,128,207,32000
chacha20-poly1305,128,208,32200
chacha20-poly1305,128,209,32000
chacha20-poly1305,128,210,32200
chacha20-poly1305,128,211,32000
chacha20-poly1305,128,212,32100
chacha20-poly1305,128,213,31900
chacha20-poly1305,128,214,32000
chacha20-poly1305,128,215,31900
chacha20-poly1305,128,216,32200
chacha20-poly1305,128,217,32100
chacha20-poly1305,128,218,32000
chacha20-poly1305,128,219,32300
chacha20-poly1305,128,220,31900
chacha20-poly1305,128,221,32200
chacha20-poly1305,128,222,31800
chacha20-poly1305,128,223,32000
chacha20-poly1305,128,224,31900
chacha20-poly1305,128,225,31900
chacha20-poly1305,128,226,31900
chacha20-poly1305,128,227,35800
chacha20-poly1305,128,228,31900
chacha20-poly1305,128,229,32200
chacha20-poly1305,128,230,32200
chacha20-poly1305,128,231,32100
chacha20-poly1305,128,232,32200
chacha20-poly1305,128,233,32100
chacha20-poly1305,128,234,31900
chacha20-poly1305,128,235,32200
chacha20-poly1305,128,236,32000
chacha20-poly1305,128,237,53300
chacha20-poly1305,128,238,31900
chacha20-poly1305,128,239,30800
chacha20-poly1305,128,240,30900
chacha20-poly1305,128,241,30600
chacha20-poly1305,128,242,30100
chacha20-poly1305,128,243,31400
chacha20-poly1305,128,244,30500
chacha20-poly1305,128,245,30000
chacha20-poly1305,128,246,30400
chacha20-poly1305,128,247,30100
chacha20-poly1305,128,248,30500
chacha20-poly1305,128,249,30600
chacha20-poly1305,128,250,30500
chacha20-poly1305,128,251,30300
chacha20-poly1305,128,252,30300
chacha20-poly1305,128,253,30900
chacha20-poly1305,128,254,30000
chacha20-poly1305,128,255,30600
chacha20-poly1305,128,256,30500
chacha20-poly1305,128,257,30300
chacha20-poly1305,128,258,31400
chacha20-poly1305,128,259,31100
chacha20-poly1305,128,260,30100
chacha20-poly1305,128,261,30400
chacha20-poly1305,128,262,30700
chacha20-poly1305,128,263,30200
chacha20-poly1305,128,264,30600
chacha20-poly1305,128,265,30400
chacha20-poly1305,128,266,31100
chacha20-poly1305,128,267,30300
chacha20-poly1305,128,268,30500
chacha20-poly1305,128,269,30400
chacha20-poly1305,128,270,30500
chacha20-poly1305,128,271,30600
chacha20-poly1305,128,272,30200
chacha20-poly1305,128,273,30500
chacha20-poly1305,128,274,30400
chacha20-poly1305,128,275,30400
chacha20-poly1305,128,276,30500
chacha20-poly1305,128,277,30600
chacha20-poly1305,128,278,29900
chacha20-poly1305,128,279,30200
chacha20-poly1305,128,280,30600
chacha20-poly1305,128,281,29900
chacha20-poly1305,128,282,30300
chacha20-poly1305,128,283,30600
chacha20-poly1305,128,284,30300
chacha20-poly1305,128,285,30300
chacha20-poly1305,128,286,30500
chacha20-poly1305,128,287,30100
chacha20-poly1305,128,288,30200
chacha20-poly1305,128,289,30500
chacha20-poly1305,128,290,30000
chacha20-poly1305,128,291,38900
chacha20-poly1305,128,292,30400
chacha20-poly1305,128,293,30600
chacha20-poly1305,128,294,30100
chacha20-poly1305,128,295,30600
chacha20-poly1305,128,296,30200
chacha20-poly1305,128,297,30400
chacha20-poly1305,128,298,30500
chacha20-poly1305,128,299,30300
chacha20-poly1305,128,300,30800
chacha20-poly1305,128,301,30300
chacha20-poly1305,128,302,30400
chacha20-poly1305,128,303,30400
chacha20-poly1305,128,304,30600
chacha20-poly1305,128,305,30000
chacha20-poly1305,128,306,30300
chacha20-poly1305,128,307,31300
chacha20-poly1305,128,308,30100
chacha20-poly1305,128,309,30600
chacha20-poly1305,128,310,30400
chacha20-poly1305,128,311,30300
chacha20-poly1305,128,312,30300
chacha20-poly1305,128,313,30400
chacha20-poly1305,128,314,30000
chacha20-poly1305,128,315,30400
chacha20-poly1305,128,316,30500
chacha20-poly1305,128,317,30200
chacha20-poly1305,128,318,30600
chacha20-poly1305,128,319,30500
chacha20-poly1305,128,320,30200
chacha20-poly1305,128,321,69300
chacha20-poly1305,128,322,123200
chacha20-poly1305,128,323,56900
chacha20-poly1305,128,324,50500
chacha20-poly1305,128,325,84900
chacha20-poly1305,128,326,124100
chacha20-poly1305,128,327,45400
chacha20-poly1305,128,328,71000
chacha20-poly1305,128,329,60000
chacha20-poly1305,128,330,57800
chacha20-poly1305,128,331,35100
chacha20-poly1305,128,332,31100
chacha20-poly1305,128,333,30600
chacha20-poly1305,128,334,31000
chacha20-poly1305,128,335,30200
chacha20-poly1305,128,336,30700
chacha20-poly1305,128,337,80600
chacha20-poly1305,128,338,83200
chacha20-poly1305,128,339,39400
chacha20-poly1305,128,340,32800
chacha20-poly1305,128,341,32000
chacha20-poly1305,128,342,40100
chacha20-poly1305,128,343,31700
chacha20-poly1305,128,344,30500
chacha20-poly1305,128,345,30900
chacha20-poly1305,128,346,30900
chacha20-poly1305,128,347,30500
chacha20-poly1305,128,348,30700
chacha20-poly1305,128,349,30900
chacha20-poly1305,128,350,30000
chacha20-poly1305,128,351,30100
chacha20-poly1305,128,352,30200
chacha20-poly1305,128,353,30100
chacha20-poly1305,128,354,30200
chacha20-poly1305,128,355,30200
chacha20-poly1305,128,356,30300
chacha20-poly1305,128,357,30100
chacha20-poly1305,128,358,30600
chacha20-poly1305,128,359,30200
chacha20-poly1305,128,360,30600
chacha20-poly1305,128,361,30400
chacha20-poly1305,128,362,29900
chacha20-poly1305,128,363,30400
chacha20-poly1305,128,364,30100
chacha20-poly1305,128,365,30100
chacha20-poly1305,128,366,30100
chacha20-poly1305,128,367,30500
chacha20-poly1305,128,368,30000
chacha20-poly1305,128,369,31100
chacha20-poly1305,128,370,30600
chacha20-poly1305,128,371,30800
chacha20-poly1305,128,372,30700
chacha20-poly1305,128,373,30300
chacha20-poly1305,128,374,30200
chacha20-poly1305,128,375,30300
chacha20-poly1305,128,376,30500
chacha20-poly1305,128,377,30100
chacha20-poly1305,128,378,30600
chacha20-poly1305,128,379,30500
chacha20-poly1305,128,380,30100
chacha20-poly1305,128,381,30600
chacha20-poly1305,128,382,30400
chacha20-poly1305,128,383,30200
chacha20-poly1305,128,384,30300
chacha20-poly1305,128,385,30500
chacha20-poly1305,128,386,30100
chacha20-poly1305,128,387,30200
chacha20-poly1305,128,388,30900
chacha20-poly1305,128,389,30000
chacha20-poly1305,128,390,30500
chacha20-poly1305,128,391,30300
chacha20-poly1305,128,392,30300
chacha20-poly1305,128,393,30300
chacha20-poly1305,128,394,31200
chacha20-poly1305,128,395,30100
chacha20-poly1305,128,396,30100
chacha20-poly1305,128,397,30500
chacha20-poly1305,128,398,30000
chacha20-poly1305,128,399,30800
chacha20-poly1305,128,400,30200
chacha20-poly1305,128,401,30300
chacha20-poly1305,128,402,31700
chacha20-poly1305,128,403,30700
chacha20-poly1305,128,404,30100
chacha20-poly1305,128,405,30200
chacha20-poly1305,128,406,31200
chacha20-poly1305,128,407,29900
chacha20-poly1305,128,408,30700
chacha20-poly1305,128,409,30200
chacha20-poly1305,128,410,30300
chacha20-poly1305,128,411,30300
chacha20-poly1305,128,412,30600
chacha20-poly1305,128,413,30300
chacha20-poly1305,128,414,30200
chacha20-poly1305,128,415,30700
chacha20-poly1305,128,416,29900
chacha20-poly1305,128,417,30200
chacha20-poly1305,128,418,30200
chacha20-poly1305,128,419,30200
chacha20-poly1305,128,420,30500
chacha20-poly1305,128,421,30800
chacha20-poly1305,128,422,30100
chacha20-poly1305,128,423,30100
chacha20-poly1305,128,424,30700
chacha20-poly1305,128,425,30100
chacha20-poly1305,128,426,30400
chacha20-poly1305,128,427,30200
chacha20-poly1305,128,428,30300
chacha20-poly1305,128,429,30200
chacha20-poly1305,128,430,30400
chacha20-poly1305,128,431,30000
chacha20-poly1305,128,432,30100
chacha20-poly1305,128,433,30300
chacha20-poly1305,128,434,32600
chacha20-poly1305,128,435,70300
chacha20-poly1305,128,436,150600
chacha20-poly1305,128,437,86000
chacha20-poly1305,128,438,39500
chacha20-poly1305,128,439,32200
chacha20-poly1305,128,440,30600
chacha20-poly1305,128,441,30600
chacha20-poly1305,128,442,30500
chacha20-poly1305,128,443,30300
chacha20-poly1305,128,444,30900
chacha20-poly1305,128,445,30300
chacha20-poly1305,128,446,30900
chacha20-poly1305,128,447,30300
chacha20-poly1305,128,448,30300
chacha20-poly1305,128,449,30200
chacha20-poly1305,128,450,30200
chacha20-poly1305,128,451,30600
chacha20-poly1305,128,452,29900
chacha20-poly1305,128,453,30500
chacha20-poly1305,128,454,30500
chacha20-poly1305,128,455,30400
chacha20-poly1305,128,456,30000
chacha20-poly1305,128,457,30600
chacha20-poly1305,128,458,52400
chacha20-poly1305,128,459,54900
chacha20-poly1305,128,460,34500
chacha20-poly1305,128,461,31000
chacha20-poly1305,128,462,31600
chacha20-poly1305,128,463,78300
chacha20-poly1305,128,464,130800
chacha20-poly1305,128,465,59600
chacha20-poly1305,128,466,34100
chacha20-poly1305,128,467,87600
chacha20-poly1305,128,468,91900
chacha20-poly1305,128,469,64500
chacha20-poly1305,128,470,40900
chacha20-poly1305,128,471,33000
chacha20-poly1305,128,472,30700
chacha20-poly1305,128,473,85400
chacha20-poly1305,128,474,88900
chacha20-poly1305,128,475,42100
chacha20-poly1305,128,476,31800
chacha20-poly1305,128,477,30800
chacha20-poly1305,128,478,30700
chacha20-poly1305,128,479,30400
chacha20-poly1305,128,480,30600
chacha20-poly1305,128,481,30400
chacha20-poly1305,128,482,30500
chacha20-poly1305,128,483,30700
chacha20-poly1305,128,484,30700
chacha20-poly1305,128,485,30200
chacha20-poly1305,128,486,30500
chacha20-poly1305,128,487,30700
chacha20-poly1305,128,488,30200
chacha20-poly1305,128,489,30400
chacha20-poly1305,128,490,30400
chacha20-poly1305,128,491,30300
chacha20-poly1305,128,492,30400
chacha20-poly1305,128,493,30900
chacha20-poly1305,128,494,30200
chacha20-poly1305,128,495,30700
chacha20-poly1305,128,496,30900
chacha20-poly1305,128,497,30100
chacha20-poly1305,128,498,32500
chacha20-poly1305,128,499,30600
chacha20-poly1305,128,500,30400
chacha20-poly1305,128,501,30400
chacha20-poly1305,128,502,30500
chacha20-poly1305,128,503,30400
chacha20-poly1305,128,504,30700
chacha20-poly1305,128,505,30600
chacha20-poly1305,128,506,30600
chacha20-poly1305,128,507,33400
chacha20-poly1305,128,508,30300
chacha20-poly1305,128,509,30400
chacha20-poly1305,128,510,30300
chacha20-poly1305,128,511,30700
chacha20-poly1305,128,512,30300
chacha20-poly1305,128,513,30400
chacha20-poly1305,128,514,30400
chacha20-poly1305,128,515,30400
chacha20-poly1305,128,516,30800
chacha20-poly1305,128,517,30400
chacha20-poly1305,128,518,30300
chacha20-poly1305,128,519,30400
chacha20-poly1305,128,520,30900
chacha20-poly1305,128,521,30800
chacha20-poly1305,128,522,30400
chacha20-poly1305,128,523,30600
chacha20-poly1305,128,524,30200
chacha20-poly1305,128,525,30700
chacha20-poly1305,128,526,30500
chacha20-poly1305,128,527,31000
chacha20-poly1305,128,528,30200
chacha20-poly1305,128,529,30600
chacha20-poly1305,128,530,30300
chacha20-poly1305,128,531,30500
chacha20-poly1305,128,532,30600
chacha20-poly1305,128,533,30300
chacha20-poly1305,128,534,30500
chacha20-poly1305,128,535,30300
chacha20-poly1305,128,536,30800
chacha20-poly1305,128,537,30300
chacha20-poly1305,128,538,30700
chacha20-poly1305,128,539,31400
chacha20-poly1305,128,540,30300
chacha20-poly1305,128,541,30600
chacha20-poly1305,128,542,30200
chacha20-poly1305,128,543,30700
chacha20-poly1305,128,544,30600
chacha20-poly1305,128,545,30500
chacha20-poly1305,128,546,30400
chacha20-poly1305,128,547,30800
chacha20-poly1305,128,548,30300
chacha20-poly1305,128,549,30300
chacha20-poly1305,128,550,30700
chacha20-poly1305,128,551,30200
chacha20-poly1305,128,552,30700
chacha20-poly1305,128,553,30400
chacha20-poly1305,128,554,30300
chacha20-poly1305,128,555,30600
chacha20-poly1305,128,556,30500
chacha20-poly1305,128,557,30300
chacha20-poly1305,128,558,30300
chacha20-poly1305,128,559,31000
chacha20-poly1305,128,560,30100
chacha20-poly1305,128,561,30500
chacha20-poly1305,128,562,31100
chacha20-poly1305,128,563,30500
chacha20-poly1305,128,564,30400
chacha20-poly1305,128,565,30500
chacha20-poly1305,128,566,30300
chacha20-poly1305,128,567,30400
chacha20-poly1305,128,568,30900
chacha20-poly1305,128,569,30300
chacha20-poly1305,128,570,30800
chacha20-poly1305,128,571,30500
chacha20-poly1305,128,572,35000
chacha20-poly1305,128,573,30300
chacha20-poly1305,128,574,30400
chacha20-poly1305,128,575,30100
chacha20-poly1305,128,576,30500
chacha20-poly1305,128,577,30600
chacha20-poly1305,128,578,30200
chacha20-poly1305,128,579,30700
chacha20-poly1305,128,580,30400
chacha20-poly1305,128,581,30400
chacha20-poly1305,128,582,30300
chacha20-poly1305,128,583,30500
chacha20-poly1305,128,584,30400
chacha20-poly1305,128,585,31000
chacha20-poly1305,128,586,30700
chacha20-poly1305,128,587,30200
chacha20-poly1305,128,588,30500
chacha20-poly1305,128,589,30500
chacha20-poly1305,128,590,30500
chacha20-poly1305,128,591,30600
chacha20-poly1305,128,592,30700
chacha20-poly1305,128,593,30100
chacha20-poly1305,128,594,30200
chacha20-poly1305,128,595,30600
chacha20-poly1305,128,596,30200
chacha20-poly1305,128,597,30500
chacha20-poly1305,128,598,30400
chacha20-poly1305,128,599,30300
chacha20-poly1305,128,600,30600
chacha20-poly1305,128,601,30600
chacha20-poly1305,128,602,32700
chacha20-poly1305,128,603,57200
chacha20-poly1305,128,604,91700
chacha20-poly1305,128,605,174400
chacha20-poly1305,128,606,160300
chacha20-poly1305,128,607,110200
chacha20-poly1305,128,608,134800
chacha20-poly1305,128,609,88200
chacha20-poly1305,128,610,102900
chacha20-poly1305,128,611,59000
chacha20-poly1305,128,612,33800
chacha20-poly1305,128,613,33400
chacha20-poly1305,128,614,40800
chacha20-poly1305,128,615,31300
chacha20-poly1305,128,616,30400
chacha20-poly1305,128,617,31100
chacha20-poly1305,128,618,30700
chacha20-poly1305,128,619,30700
chacha20-poly1305,128,620,30200
chacha20-poly1305,128,621,30300
chacha20-poly1305,128,622,30400
chacha20-poly1305,128,623,30200
chacha20-poly1305,128,624,30400
chacha20-poly1305,128,625,30400
chacha20-poly1305,128,626,32300
chacha20-poly1305,128,627,30100
chacha20-poly1305,128,628,30900
chacha20-poly1305,128,629,30100
chacha20-poly1305,128,630,30400
chacha20-poly1305,128,631,30600
chacha20-poly1305,128,632,30000
chacha20-poly1305,128,633,30600
chacha20-poly1305,128,634,30400
chacha20-poly1305,128,635,30700
chacha20-poly1305,128,636,30200
chacha20-poly1305,128,637,30600
chacha20-poly1305,128,638,30200
chacha20-poly1305,128,639,30700
chacha20-poly1305,128,640,30500
chacha20-poly1305,128,641,30100
chacha20-poly1305,128,642,30500
chacha20-poly1305,128,643,30500
chacha20-poly1305,128,644,30400
chacha20-poly1305,128,645,31700
chacha20-poly1305,128,646,30600
chacha20-poly1305,128,647,30100
chacha20-poly1305,128,648,30300
chacha20-poly1305,128,649,31600
chacha20-poly1305,128,650,30200
chacha20-poly1305,128,651,30600
chacha20-poly1305,128,652,30200
chacha20-poly1305,128,653,30500
chacha20-poly1305,128,654,30300
chacha20-poly1305,128,655,30600
chacha20-poly1305,128,656,30000
chacha20-poly1305,128,657,30300
chacha20-poly1305,128,658,30800
chacha20-poly1305,128,659,30200
chacha20-poly1305,128,660,30700
chacha20-poly1305,128,661,30500
chacha20-poly1305,128,662,30300
chacha20-poly1305,128,663,30300
chacha20-poly1305,128,664,30300
chacha20-poly1305,128,665,30100
chacha20-poly1305,128,666,30200
chacha20-poly1305,128,667,30700
chacha20-poly1305,128,668,30400
chacha20-poly1305,128,669,30500
chacha20-poly1305,128,670,30200
chacha20-poly1305,128,671,30700
chacha20-poly1305,128,672,30300
chacha20-poly1305,128,673,30700
chacha20-poly1305,128,674,30200
chacha20-poly1305,128,675,30500
chacha20-poly1305,128,676,30500
chacha20-poly1305,128,677,30100
chacha20-poly1305,128,678,35400
chacha20-poly1305,128,679,30400
chacha20-poly1305,128,680,30300
chacha20-poly1305,128,681,30300
chacha20-poly1305,128,682,30700
chacha20-poly1305,128,683,30300
chacha20-poly1305,128,684,30100
chacha20-poly1305,128,685,30600
chacha20-poly1305,128,686,30100
chacha20-poly1305,128,687,30400
chacha20-poly1305,128,688,30200
chacha20-poly1305,128,689,30300
chacha20-poly1305,128,690,31100
chacha20-poly1305,128,691,30600
chacha20-poly1305,128,692,30500
chacha20-poly1305,128,693,30400
chacha20-poly1305,128,694,31000
chacha20-poly1305,128,695,30200
chacha20-poly1305,128,696,30400
chacha20-poly1305,128,697,30300
chacha20-poly1305,128,698,30300
chacha20-poly1305,128,699,30600
chacha20-poly1305,128,700,30600
chacha20-poly1305,128,701,30100
chacha20-poly1305,128,702,30300
chacha20-poly1305,128,703,30900
chacha20-poly1305,128,704,30100
chacha20-poly1305,128,705,30800
chacha20-poly1305,128,706,30200
chacha20-poly1305,128,707,30500
chacha20-poly1305,128,708,30400
chacha20-poly1305,128,709,30500
chacha20-poly1305,128,710,32900
chacha20-poly1305,128,711,30600
chacha20-poly1305,128,712,30500
chacha20-poly1305,128,713,31400
chacha20-poly1305,128,714,30800
chacha20-poly1305,128,715,30500
chacha20-poly1305,128,716,30400
chacha20-poly1305,128,717,30300
chacha20-poly1305,128,718,30500
chacha20-poly1305,128,719,30100
chacha20-poly1305,128,720,30400
chacha20-poly1305,128,721,30400
chacha20-poly1305,128,722,30100
chacha20-poly1305,128,723,30600
chacha20-poly1305,128,724,30600
chacha20-poly1305,128,725,30300
chacha20-poly1305,128,726,30300
chacha20-poly1305,128,727,30700
chacha20-poly1305,128,728,30200
chacha20-poly1305,128,729,30200
chacha20-poly1305,128,730,30800
chacha20-poly1305,128,731,30100
chacha20-poly1305,128,732,30400
chacha20-poly1305,128,733,30300
chacha20-poly1305,128,734,30300
chacha20-poly1305,128,735,30600
chacha20-poly1305,128,736,30500
chacha20-poly1305,128,737,30100
chacha20-poly1305,128,738,30300
chacha20-poly1305,128,739,30400
chacha20-poly1305,128,740,30000
chacha20-poly1305,128,741,77800
chacha20-poly1305,128,742,121100
chacha20-poly1305,128,743,58000
chacha20-poly1305,128,744,48500
chacha20-poly1305,128,745,171800
chacha20-poly1305,128,746,128200
chacha20-poly1305,128,747,87600
chacha20-poly1305,128,748,69800
chacha20-poly1305,128,749,41200
chacha20-poly1305,128,750,33600
chacha20-poly1305,128,751,72700
chacha20-poly1305,128,752,89400
chacha20-poly1305,128,753,90200
chacha20-poly1305,128,754,40600
chacha20-poly1305,128,755,32300
chacha20-poly1305,128,756,31000
chacha20-poly1305,128,757,31200
chacha20-poly1305,128,758,30400
chacha20-poly1305,128,759,31100
chacha20-poly1305,128,760,30700
chacha20-poly1305,128,761,30300
chacha20-poly1305,128,762,30300
chacha20-poly1305,128,763,30800
chacha20-poly1305,128,764,30200
chacha20-poly1305,128,765,30300
chacha20-poly1305,128,766,30600
chacha20-poly1305,128,767,30200
chacha20-poly1305,128,768,30600
chacha20-poly1305,128,769,30700
chacha20-poly1305,128,770,30400
chacha20-poly1305,128,771,30200
chacha20-poly1305,128,772,30600
chacha20-poly1305,128,773,29900
chacha20-poly1305,128,774,30200
chacha20-poly1305,128,775,30600
chacha20-poly1305,128,776,30700
chacha20-poly1305,128,777,30700
chacha20-poly1305,128,778,30500
chacha20-poly1305,128,779,30400
chacha20-poly1305,128,780,30400
chacha20-poly1305,128,781,30200
chacha20-poly1305,128,782,30000
chacha20-poly1305,128,783,30200
chacha20-poly1305,128,784,32100
chacha20-poly1305,128,785,30100
chacha20-poly1305,128,786,30400
chacha20-poly1305,128,787,30300
chacha20-poly1305,128,788,30100
chacha20-poly1305,128,789,30200
chacha20-poly1305,128,790,30300
chacha20-poly1305,128,791,30200
chacha20-poly1305,128,792,30300
chacha20-poly1305,128,793,30400
chacha20-poly1305,128,794,30000
chacha20-poly1305,128,795,30800
chacha20-poly1305,128,796,30300
chacha20-poly1305,128,797,30600
chacha20-poly1305,128,798,30500
chacha20-poly1305,128,799,30500
chacha20-poly1305,128,800,29900
chacha20-poly1305,128,801,30200
chacha20-poly1305,128,802,30300
chacha20-poly1305,128,803,30100
chacha20-poly1305,128,804,30400
chacha20-poly1305,128,805,30300
chacha20-poly1305,128,806,30300
chacha20-poly1305,128,807,30100
chacha20-poly1305,128,808,30700
chacha20-poly1305,128,809,30200
chacha20-poly1305,128,810,30200
chacha20-poly1305,128,811,30300
chacha20-poly1305,128,812,30200
chacha20-poly1305,128,813,30300
chacha20-poly1305,128,814,30200
chacha20-poly1305,128,815,30300
chacha20-poly1305,128,816,30300
chacha20-poly1305,128,817,31100
chacha20-poly1305,128,818,30300
chacha20-poly1305,128,819,30400
chacha20-poly1305,128,820,30600
chacha20-poly1305,128,821,30000
chacha20-poly1305,128,822,30500
chacha20-poly1305,128,823,30500
chacha20-poly1305,128,824,30400
chacha20-poly1305,128,825,30300
chacha20-poly1305,128,826,30300
chacha20-poly1305,128,827,30200
chacha20-poly1305,128,828,30100
chacha20-poly1305,128,829,30500
chacha20-poly1305,128,830,30400
chacha20-poly1305,128,831,30500
chacha20-poly1305,128,832,30500
chacha20-poly1305,128,833,30300
chacha20-poly1305,128,834,30400
chacha20-poly1305,128,835,30500
chacha20-poly1305,128,836,30000
chacha20-poly1305,128,837,30300
chacha20-poly1305,128,838,30500
chacha20-poly1305,128,839,30000
chacha20-poly1305,128,840,31100
chacha20-poly1305,128,841,30400
chacha20-poly1305,128,842,30200
chacha20-poly1305,128,843,30200
chacha20-poly1305,128,844,30600
chacha20-poly1305,128,845,29900
chacha20-poly1305,128,846,30100
chacha20-poly1305,128,847,30400
chacha20-poly1305,128,848,30800
chacha20-poly1305,128,849,32100
chacha20-poly1305,128,850,31700
chacha20-poly1305,128,851,30500
chacha20-poly1305,128,852,30200
chacha20-poly1305,128,853,30400
chacha20-poly1305,128,854,30100
chacha20-poly1305,128,855,30400
chacha20-poly1305,128,856,30400
chacha20-poly1305,128,857,30200
chacha20-poly1305,128,858,30600
chacha20-poly1305,128,859,30300
chacha20-poly1305,128,860,30300
chacha20-poly1305,128,861,30300
chacha20-poly1305,128,862,30700
chacha20-poly1305,128,863,30200
chacha20-poly1305,128,864,30600
chacha20-poly1305,128,865,30500
chacha20-poly1305,128,866,30000
chacha20-poly1305,128,867,30300
chacha20-poly1305,128,868,30400
chacha20-poly1305,128,869,30500
chacha20-poly1305,128,870,30400
chacha20-poly1305,128,871,30600
chacha20-poly1305,128,872,30000
chacha20-poly1305,128,873,30400
chacha20-poly1305,128,874,30500
chacha20-poly1305,128,875,30100
chacha20-poly1305,128,876,30500
chacha20-poly1305,128,877,30300
chacha20-poly1305,128,878,30300
chacha20-poly1305,128,879,30300
chacha20-poly1305,128,880,30500
chacha20-poly1305,128,881,94000
chacha20-poly1305,128,882,87600
chacha20-poly1305,128,883,40400
chacha20-poly1305,128,884,31600
chacha20-poly1305,128,885,31000
chacha20-poly1305,128,886,30600
chacha20-poly1305,128,887,137700
chacha20-poly1305,128,888,102500
chacha20-poly1305,128,889,59500
chacha20-poly1305,128,890,38900
chacha20-poly1305,128,891,90900
chacha20-poly1305,128,892,99500
chacha20-poly1305,128,893,104500
chacha20-poly1305,128,894,99600
chacha20-poly1305,128,895,72200
chacha20-poly1305,128,896,60800
chacha20-poly1305,128,897,33900
chacha20-poly1305,128,898,32200
chacha20-poly1305,128,899,30800
chacha20-poly1305,128,900,31000
chacha20-poly1305,128,901,30900
chacha20-poly1305,128,902,30000
chacha20-poly1305,128,903,31100
chacha20-poly1305,128,904,32700
chacha20-poly1305,128,905,30400
chacha20-poly1305,128,906,30300
chacha20-poly1305,128,907,30300
chacha20-poly1305,128,908,30600
chacha20-poly1305,128,909,30500
chacha20-poly1305,128,910,30500
chacha20-poly1305,128,911,30200
chacha20-poly1305,128,912,30700
chacha20-poly1305,128,913,30600
chacha20-poly1305,128,914,30600
chacha20-poly1305,128,915,30400
chacha20-poly1305,128,916,30600
chacha20-poly1305,128,917,30200
chacha20-poly1305,128,918,31000
chacha20-poly1305,128,919,30900
chacha20-poly1305,128,920,30100
chacha20-poly1305,128,921,30800
chacha20-poly1305,128,922,30400
chacha20-poly1305,128,923,30400
chacha20-poly1305,128,924,30800
chacha20-poly1305,128,925,31100
chacha20-poly1305,128,926,29900
chacha20-poly1305,128,927,30200
chacha20-poly1305,128,928,30400
chacha20-poly1305,128,929,30000
chacha20-poly1305,128,930,30500
chacha20-poly1305,128,931,30400
chacha20-poly1305,128,932,30300
chacha20-poly1305,128,933,30400
chacha20-poly1305,128,934,30500
chacha20-poly1305,128,935,30200
chacha20-poly1305,128,936,30400
chacha20-poly1305,128,937,30700
chacha20-poly1305,128,938,29900
chacha20-poly1305,128,939,30500
chacha20-poly1305,128,940,30300
chacha20-poly1305,128,941,30300
chacha20-poly1305,128,942,30200
chacha20-poly1305,128,943,30400
chacha20-poly1305,128,944,30200
chacha20-poly1305,128,945,35700
chacha20-poly1305,128,946,30800
chacha20-poly1305,128,947,30400
chacha20-poly1305,128,948,30800
chacha20-poly1305,128,949,30400
chacha20-poly1305,128,950,30300
chacha20-poly1305,128,951,30500
chacha20-poly1305,128,952,30600
chacha20-poly1305,128,953,30100
chacha20-poly1305,128,954,30300
chacha20-poly1305,128,955,30400
chacha20-poly1305,128,956,31900
chacha20-poly1305,128,957,30800
chacha20-poly1305,128,958,30500
chacha20-poly1305,128,959,30500
chacha20-poly1305,128,960,30400
chacha20-poly1305,128,961,30600
chacha20-poly1305,128,962,30200
chacha20-poly1305,128,963,30300
chacha20-poly1305,128,964,30900
chacha20-poly1305,128,965,30200
chacha20-poly1305,128,966,30400
chacha20-poly1305,128,967,30500
chacha20-poly1305,128,968,31400
chacha20-poly1305,128,969,30300
chacha20-poly1305,128,970,30500
chacha20-poly1305,128,971,30300
chacha20-poly1305,128,972,30400
chacha20-poly1305,128,973,30400
chacha20-poly1305,128,974,30200
chacha20-poly1305,128,975,30600
chacha20-poly1305,128,976,30300
chacha20-poly1305,128,977,30400
chacha20-poly1305,128,978,30300
chacha20-poly1305,128,979,30700
chacha20-poly1305,128,980,30200
chacha20-poly1305,128,981,30500
chacha20-poly1305,128,982,30500
chacha20-poly1305,128,983,30400
chacha20-poly1305,128,984,30600
chacha20-poly1305,128,985,30400
chacha20-poly1305,128,986,30200
chacha20-poly1305,128,987,30300
chacha20-poly1305,128,988,30700
chacha20-poly1305,128,989,31000
chacha20-poly1305,128,990,30400
chacha20-poly1305,128,991,30700
chacha20-poly1305,128,992,30100
chacha20-poly1305,128,993,30500
chacha20-poly1305,128,994,30600
chacha20-poly1305,128,995,30400
chacha20-poly1305,128,996,30300
chacha20-poly1305,128,997,30500
chacha20-poly1305,128,998,30100
chacha20-poly1305,128,999,30600
chacha20-poly1305,128,1000,30500
chacha20-poly1305,128,1001,30200
chacha20-poly1305,128,1002,30500
chacha20-poly1305,128,1003,30200
chacha20-poly1305,128,1004,30500
chacha20-poly1305,128,1005,30300
chacha20-poly1305,128,1006,30400
chacha20-poly1305,128,1007,30200
chacha20-poly1305,128,1008,30900
chacha20-poly1305,128,1009,30400
chacha20-poly1305,128,1010,30200
chacha20-poly1305,128,1011,30600
chacha20-poly1305,128,1012,30200
chacha20-poly1305,128,1013,30200
chacha20-poly1305,128,1014,30300
chacha20-poly1305,128,1015,31000
chacha20-poly1305,128,1016,30100
chacha20-poly1305,128,1017,30200
chacha20-poly1305,128,1018,30600
chacha20-poly1305,128,1019,30400
chacha20-poly1305,128,1020,30700
chacha20-poly1305,128,1021,77000
chacha20-poly1305,128,1022,124700
chacha20-poly1305,128,1023,58600
chacha20-poly1305,128,1024,35300
chacha20-poly1305,128,1025,31300
chacha20-poly1305,128,1026,30700
chacha20-poly1305,128,1027,30600
chacha20-poly1305,128,1028,29900
chacha20-poly1305,128,1029,63600
chacha20-poly1305,128,1030,90500
chacha20-poly1305,128,1031,45500
chacha20-poly1305,128,1032,34000
chacha20-poly1305,128,1033,33500
chacha20-poly1305,128,1034,31000
chacha20-poly1305,128,1035,31200
chacha20-poly1305,128,1036,30600
chacha20-poly1305,128,1037,30200
chacha20-poly1305,128,1038,62900
chacha20-poly1305,128,1039,33000
chacha20-poly1305,128,1040,67000
chacha20-poly1305,128,1041,43000
chacha20-poly1305,128,1042,66900
chacha20-poly1305,128,1043,87500
chacha20-poly1305,128,1044,70100
chacha20-poly1305,128,1045,52200
chacha20-poly1305,128,1046,33000
chacha20-poly1305,128,1047,88100
chacha20-poly1305,128,1048,58300
chacha20-poly1305,128,1049,34000
chacha20-poly1305,128,1050,31100
chacha20-poly1305,128,1051,30800
chacha20-poly1305,128,1052,31000
chacha20-poly1305,128,1053,31000
chacha20-poly1305,128,1054,30500
chacha20-poly1305,128,1055,30200
chacha20-poly1305,128,1056,30600
chacha20-poly1305,128,1057,30300
chacha20-poly1305,128,1058,30200
chacha20-poly1305,128,1059,30600
chacha20-poly1305,128,1060,30500
chacha20-poly1305,128,1061,30300
chacha20-poly1305,128,1062,30400
chacha20-poly1305,128,1063,30700
chacha20-poly1305,128,1064,30100
chacha20-poly1305,128,1065,30500
chacha20-poly1305,128,1066,33900
chacha20-poly1305,128,1067,30500
chacha20-poly1305,128,1068,30300
chacha20-poly1305,128,1069,30500
chacha20-poly1305,128,1070,30100
chacha20-poly1305,128,1071,30200
chacha20-poly1305,128,1072,32500
chacha20-poly1305,128,1073,30300
chacha20-poly1305,128,1074,30500
chacha20-poly1305,128,1075,30600
chacha20-poly1305,128,1076,30200
chacha20-poly1305,128,1077,30400
chacha20-poly1305,128,1078,30500
chacha20-poly1305,128,1079,30400
chacha20-poly1305,128,1080,30400
chacha20-poly1305,128,1081,30600
chacha20-poly1305,128,1082,30100
chacha20-poly1305,128,1083,30600
chacha20-poly1305,128,1084,30600
chacha20-poly1305,128,1085,30600
chacha20-poly1305,128,1086,30400
chacha20-poly1305,128,1087,30800
chacha20-poly1305,128,1088,30300
chacha20-poly1305,128,1089,30600
chacha20-poly1305,128,1090,30600
chacha20-poly1305,128,1091,30200
chacha20-poly1305,128,1092,30700
chacha20-poly1305,128,1093,30400
chacha20-poly1305,128,1094,30500
chacha20-poly1305,128,1095,31200
chacha20-poly1305,128,1096,31000
chacha20-poly1305,128,1097,30300
chacha20-poly1305,128,1098,32400
chacha20-poly1305,128,1099,30700
chacha20-poly1305,128,1100,30100
chacha20-poly1305,128,1101,30400
chacha20-poly1305,128,1102,30400
chacha20-poly1305,128,1103,30400
chacha20-poly1305,128,1104,30600
chacha20-poly1305,128,1105,30900
chacha20-poly1305,128,1106,30600
chacha20-poly1305,128,1107,30600
chacha20-poly1305,128,1108,30700
chacha20-poly1305,128,1109,30300
chacha20-poly1305,128,1110,30500
chacha20-poly1305,128,1111,30800
chacha20-poly1305,128,1112,30300
chacha20-poly1305,128,1113,30300
chacha20-poly1305,128,1114,30400
chacha20-poly1305,128,1115,30200
chacha20-poly1305,128,1116,30500
chacha20-poly1305,128,1117,30800
chacha20-poly1305,128,1118,30100
chacha20-poly1305,128,1119,30600
chacha20-poly1305,128,1120,30300
chacha20-poly1305,128,1121,30300
chacha20-poly1305,128,1122,30200
chacha20-poly1305,128,1123,30600
chacha20-poly1305,128,1124,30200
chacha20-poly1305,128,1125,30600
chacha20-poly1305,128,1126,30800
chacha20-poly1305,128,1127,30400
chacha20-poly1305,128,1128,30600
chacha20-poly1305,128,1129,30600
chacha20-poly1305,128,1130,30500
chacha20-poly1305,128,1131,29900
chacha20-poly1305,128,1132,30500
chacha20-poly1305,128,1133,30300
chacha20-poly1305,128,1134,30200
chacha20-poly1305,128,1135,30600
chacha20-poly1305,128,1136,30700
chacha20-poly1305,128,1137,30600
chacha20-poly1305,128,1138,30300
chacha20-poly1305,128,1139,30800
chacha20-poly1305,128,1140,30500
chacha20-poly1305,128,1141,30600
chacha20-poly1305,128,1142,30200
chacha20-poly1305,128,1143,30400
chacha20-poly1305,128,1144,30400
chacha20-poly1305,128,1145,30200
chacha20-poly1305,128,1146,30300
chacha20-poly1305,128,1147,30700
chacha20-poly1305,128,1148,30500
chacha20-poly1305,128,1149,30500
chacha20-poly1305,128,1150,30500
chacha20-poly1305,128,1151,30300
chacha20-poly1305,128,1152,30400
chacha20-poly1305,128,1153,30600
chacha20-poly1305,128,1154,30000
chacha20-poly1305,128,1155,30400
chacha20-poly1305,128,1156,30500
chacha20-poly1305,128,1157,30600
chacha20-poly1305,128,1158,30400
chacha20-poly1305,128,1159,31500
chacha20-poly1305,128,1160,30400
chacha20-poly1305,128,1161,30400
chacha20-poly1305,128,1162,115600
chacha20-poly1305,128,1163,42900
chacha20-poly1305,128,1164,39300
chacha20-poly1305,128,1165,79400
chacha20-poly1305,128,1166,87100
chacha20-poly1305,128,1167,87000
chacha20-poly1305,128,1168,119400
chacha20-poly1305,128,1169,57600
chacha20-poly1305,128,1170,34300
chacha20-poly1305,128,1171,125400
chacha20-poly1305,128,1172,98300
chacha20-poly1305,128,1173,75500
chacha20-poly1305,128,1174,67400
chacha20-poly1305,128,1175,41500
chacha20-poly1305,128,1176,32200
chacha20-poly1305,128,1177,31300
chacha20-poly1305,128,1178,30400
chacha20-poly1305,128,1179,31000
chacha20-poly1305,128,1180,30600
chacha20-poly1305,128,1181,30100
chacha20-poly1305,128,1182,31200
chacha20-poly1305,128,1183,30400
chacha20-poly1305,128,1184,30300
chacha20-poly1305,128,1185,30300
chacha20-poly1305,128,1186,30400
chacha20-poly1305,128,1187,30100
chacha20-poly1305,128,1188,30100
chacha20-poly1305,128,1189,30500
chacha20-poly1305,128,1190,30300
chacha20-poly1305,128,1191,30600
chacha20-poly1305,128,1192,30500
chacha20-poly1305,128,1193,30600
chacha20-poly1305,128,1194,30000
chacha20-poly1305,128,1195,30500
chacha20-poly1305,128,1196,30000
chacha20-poly1305,128,1197,30300
chacha20-poly1305,128,1198,30300
chacha20-poly1305,128,1199,30200
chacha20-poly1305,128,1200,33100
chacha20-poly1305,128,1201,30600
chacha20-poly1305,128,1202,30700
chacha20-poly1305,128,1203,30400
chacha20-poly1305,128,1204,30800
chacha20-poly1305,128,1205,30200
chacha20-poly1305,128,1206,30200
chacha20-poly1305,128,1207,31800
chacha20-poly1305,128,1208,30100
chacha20-poly1305,128,1209,30400
chacha20-poly1305,128,1210,30400
chacha20-poly1305,128,1211,30500
chacha20-poly1305,128,1212,30200
chacha20-poly1305,128,1213,30500
chacha20-poly1305,128,1214,30100
chacha20-poly1305,128,1215,30400
chacha20-poly1305,128,1216,30300
chacha20-poly1305,128,1217,30100
chacha20-poly1305,128,1218,30500
chacha20-poly1305,128,1219,30100
chacha20-poly1305,128,1220,30600
chacha20-poly1305,128,1221,30100
chacha20-poly1305,128,1222,30600
chacha20-poly1305,128,1223,31100
chacha20-poly1305,128,1224,30000
chacha20-poly1305,128,1225,30500
chacha20-poly1305,128,1226,30200
chacha20-poly1305,128,1227,30400
chacha20-poly1305,128,1228,30200
chacha20-poly1305,128,1229,30400
chacha20-poly1305,128,1230,30200
chacha20-poly1305,128,1231,30400
chacha20-poly1305,128,1232,30400
chacha20-poly1305,128,1233,30100
chacha20-poly1305,128,1234,30200
chacha20-poly1305,128,1235,30300
chacha20-poly1305,128,1236,30500
chacha20-poly1305,128,1237,30200
chacha20-poly1305,128,1238,30100
chacha20-poly1305,128,1239,31700
chacha20-poly1305,128,1240,30600
chacha20-poly1305,128,1241,30000
chacha20-poly1305,128,1242,30500
chacha20-poly1305,128,1243,30700
chacha20-poly1305,128,1244,30100
chacha20-poly1305,128,1245,30500
chacha20-poly1305,128,1246,30400
chacha20-poly1305,128,1247,30300
chacha20-poly1305,128,1248,29900
chacha20-poly1305,128,1249,30400
chacha20-poly1305,128,1250,30100
chacha20-poly1305,128,1251,30400
chacha20-poly1305,128,1252,30700
chacha20-poly1305,128,1253,30100
chacha20-poly1305,128,1254,30400
chacha20-poly1305,128,1255,30200
chacha20-poly1305,128,1256,30200
chacha20-poly1305,128,1257,30300
chacha20-poly1305,128,1258,30400
chacha20-poly1305,128,1259,30100
chacha20-poly1305,128,1260,30100
chacha20-poly1305,128,1261,30500
chacha20-poly1305,128,1262,30200
chacha20-poly1305,128,1263,31200
chacha20-poly1305,128,1264,30400
chacha20-poly1305,128,1265,30100
chacha20-poly1305,128,1266,30100
chacha20-poly1305,128,1267,30400
chacha20-poly1305,128,1268,30200
chacha20-poly1305,128,1269,30000
chacha20-poly1305,128,1270,30300
chacha20-poly1305,128,1271,30000
chacha20-poly1305,128,1272,30600
chacha20-poly1305,128,1273,30300
chacha20-poly1305,128,1274,30100
chacha20-poly1305,128,1275,30200
chacha20-poly1305,128,1276,30300
chacha20-poly1305,128,1277,29900
chacha20-poly1305,128,1278,30200
chacha20-poly1305,128,1279,30300
chacha20-poly1305,128,1280,29900
chacha20-poly1305,128,1281,30300
chacha20-poly1305,128,1282,30500
chacha20-poly1305,128,1283,30300
chacha20-poly1305,128,1284,30200
chacha20-poly1305,128,1285,30400
chacha20-poly1305,128,1286,30800
chacha20-poly1305,128,1287,30200
chacha20-poly1305,128,1288,30400
chacha20-poly1305,128,1289,30100
chacha20-poly1305,128,1290,30600
chacha20-poly1305,128,1291,30300
chacha20-poly1305,128,1292,30400
chacha20-poly1305,128,1293,30500
chacha20-poly1305,128,1294,30200
chacha20-poly1305,128,1295,30000
chacha20-poly1305,128,1296,30300
chacha20-poly1305,128,1297,30100
chacha20-poly1305,128,1298,30000
chacha20-poly1305,128,1299,30300
chacha20-poly1305,128,1300,30400
chacha20-poly1305,128,1301,114400
chacha20-poly1305,128,1302,151600
chacha20-poly1305,128,1303,176600
chacha20-poly1305,128,1304,74400
chacha20-poly1305,128,1305,87500
chacha20-poly1305,128,1306,55100
chacha20-poly1305,128,1307,87700
chacha20-poly1305,128,1308,55100
chacha20-poly1305,128,1309,67700
chacha20-poly1305,128,1310,64800
chacha20-poly1305,128,1311,85600
chacha20-poly1305,128,1312,40300
chacha20-poly1305,128,1313,31700
chacha20-poly1305,128,1314,30700
chacha20-poly1305,128,1315,30700
chacha20-poly1305,128,1316,30700
chacha20-poly1305,128,1317,30900
chacha20-poly1305,128,1318,30500
chacha20-poly1305,128,1319,30300
chacha20-poly1305,128,1320,30800
chacha20-poly1305,128,1321,30500
chacha20-poly1305,128,1322,30000
chacha20-poly1305,128,1323,30400
chacha20-poly1305,128,1324,30400
chacha20-poly1305,128,1325,30000
chacha20-poly1305,128,1326,30500
chacha20-poly1305,128,1327,32700
chacha20-poly1305,128,1328,30500
chacha20-poly1305,128,1329,30400
chacha20-poly1305,128,1330,30500
chacha20-poly1305,128,1331,30400
chacha20-poly1305,128,1332,30300
chacha20-poly1305,128,1333,30500
chacha20-poly1305,128,1334,30000
chacha20-poly1305,128,1335,30500
chacha20-poly1305,128,1336,30300
chacha20-poly1305,128,1337,30500
chacha20-poly1305,128,1338,30400
chacha20-poly1305,128,1339,30300
chacha20-poly1305,128,1340,30000
chacha20-poly1305,128,1341,30300
chacha20-poly1305,128,1342,30800
chacha20-poly1305,128,1343,30000
chacha20-poly1305,128,1344,36100
chacha20-poly1305,128,1345,30400
chacha20-poly1305,128,1346,30400
chacha20-poly1305,128,1347,30300
chacha20-poly1305,128,1348,30600
chacha20-poly1305,128,1349,30200
chacha20-poly1305,128,1350,31300
chacha20-poly1305,128,1351,30500
chacha20-poly1305,128,1352,30200
chacha20-poly1305,128,1353,30300
chacha20-poly1305,128,1354,30400
chacha20-poly1305,128,1355,30200
chacha20-poly1305,128,1356,30200
chacha20-poly1305,128,1357,30800
chacha20-poly1305,128,1358,30200
chacha20-poly1305,128,1359,30400
chacha20-poly1305,128,1360,30500
chacha20-poly1305,128,1361,29900
chacha20-poly1305,128,1362,30400
chacha20-poly1305,128,1363,30400
chacha20-poly1305,128,1364,30100
chacha20-poly1305,128,1365,30300
chacha20-poly1305,128,1366,30300
chacha20-poly1305,128,1367,30100
chacha20-poly1305,128,1368,30200
chacha20-poly1305,128,1369,30600
chacha20-poly1305,128,1370,30100
chacha20-poly1305,128,1371,30400
chacha20-poly1305,128,1372,30300
chacha20-poly1305,128,1373,30100
chacha20-poly1305,128,1374,30300
chacha20-poly1305,128,1375,30400
chacha20-poly1305,128,1376,30100
chacha20-poly1305,128,1377,32600
chacha20-poly1305,128,1378,30700
chacha20-poly1305,128,1379,30000
chacha20-poly1305,128,1380,30700
chacha20-poly1305,128,1381,30400
chacha20-poly1305,128,1382,30300
chacha20-poly1305,128,1383,30200
chacha20-poly1305,128,1384,30500
chacha20-poly1305,128,1385,30200
chacha20-poly1305,128,1386,30200
chacha20-poly1305,128,1387,30600
chacha20-poly1305,128,1388,30100
chacha20-poly1305,128,1389,30500
chacha20-poly1305,128,1390,30300
chacha20-poly1305,128,1391,31100
chacha20-poly1305,128,1392,30300
chacha20-poly1305,128,1393,30400
chacha20-poly1305,128,1394,30100
chacha20-poly1305,128,1395,30400
chacha20-poly1305,128,1396,30500
chacha20-poly1305,128,1397,30100
chacha20-poly1305,128,1398,30700
chacha20-poly1305,128,1399,30200
chacha20-poly1305,128,1400,30200
chacha20-poly1305,128,1401,30500
chacha20-poly1305,128,1402,30400
chacha20-poly1305,128,1403,30100
chacha20-poly1305,128,1404,30200
chacha20-poly1305,128,1405,30500
chacha20-poly1305,128,1406,30300
chacha20-poly1305,128,1407,30600
chacha20-poly1305,128,1408,30500
chacha20-poly1305,128,1409,33000
chacha20-poly1305,128,1410,30100
chacha20-poly1305,128,1411,30500
chacha20-poly1305,128,1412,30300
chacha20-poly1305,128,1413,30400
chacha20-poly1305,128,1414,31200
chacha20-poly1305,128,1415,30000
chacha20-poly1305,128,1416,30700
chacha20-poly1305,128,1417,30300
chacha20-poly1305,128,1418,30200
chacha20-poly1305,128,1419,30100
chacha20-poly1305,128,1420,30300
chacha20-poly1305,128,1421,30100
chacha20-poly1305,128,1422,30200
chacha20-poly1305,128,1423,30700
chacha20-poly1305,128,1424,30200
chacha20-poly1305,128,1425,30400
chacha20-poly1305,128,1426,30400
chacha20-poly1305,128,1427,30600
chacha20-poly1305,128,1428,30200
chacha20-poly1305,128,1429,30400
chacha20-poly1305,128,1430,30100
chacha20-poly1305,128,1431,30200
chacha20-poly1305,128,1432,30500
chacha20-poly1305,128,1433,30300
chacha20-poly1305,128,1434,30400
chacha20-poly1305,128,1435,30400
chacha20-poly1305,128,1436,30100
chacha20-poly1305,128,1437,30300
chacha20-poly1305,128,1438,30700
chacha20-poly1305,128,1439,30000
chacha20-poly1305,128,1440,30500
chacha20-poly1305,128,1441,30700
chacha20-poly1305,128,1442,31500
chacha20-poly1305,128,1443,30600
chacha20-poly1305,128,1444,30300
chacha20-poly1305,128,1445,30300
chacha20-poly1305,128,1446,30300
chacha20-poly1305,128,1447,30600
chacha20-poly1305,128,1448,30200
chacha20-poly1305,128,1449,30300
chacha20-poly1305,128,1450,30300
chacha20-poly1305,128,1451,30200
chacha20-poly1305,128,1452,30400
chacha20-poly1305,128,1453,30100
chacha20-poly1305,128,1454,30100
chacha20-poly1305,128,1455,31400
chacha20-poly1305,128,1456,30400
chacha20-poly1305,128,1457,30500
chacha20-poly1305,128,1458,54500
chacha20-poly1305,128,1459,71900
chacha20-poly1305,128,1460,80700
chacha20-poly1305,128,1461,34600
chacha20-poly1305,128,1462,30700
chacha20-poly1305,128,1463,30400
chacha20-poly1305,128,1464,30200
chacha20-poly1305,128,1465,30500
chacha20-poly1305,128,1466,30600
chacha20-poly1305,128,1467,30400
chacha20-poly1305,128,1468,30400
chacha20-poly1305,128,1469,30100
chacha20-poly1305,128,1470,56700
chacha20-poly1305,128,1471,73200
chacha20-poly1305,128,1472,58200
chacha20-poly1305,128,1473,33800
chacha20-poly1305,128,1474,31200
chacha20-poly1305,128,1475,30300
chacha20-poly1305,128,1476,30600
chacha20-poly1305,128,1477,30700
chacha20-poly1305,128,1478,33100
chacha20-poly1305,128,1479,30900
chacha20-poly1305,128,1480,30600
chacha20-poly1305,128,1481,30200
chacha20-poly1305,128,1482,30300
chacha20-poly1305,128,1483,30500
chacha20-poly1305,128,1484,30200
chacha20-poly1305,128,1485,30400
chacha20-poly1305,128,1486,30500
chacha20-poly1305,128,1487,30100
chacha20-poly1305,128,1488,30500
chacha20-poly1305,128,1489,30600
chacha20-poly1305,128,1490,31100
chacha20-poly1305,128,1491,30500
chacha20-poly1305,128,1492,30700
chacha20-poly1305,128,1493,30500
chacha20-poly1305,128,1494,30300
chacha20-poly1305,128,1495,30700
chacha20-poly1305,128,1496,30500
chacha20-poly1305,128,1497,30700
chacha20-poly1305,128,1498,30500
chacha20-poly1305,128,1499,32800
chacha20-poly1305,128,1500,100200
chacha20-poly1305,128,1501,121000
chacha20-poly1305,128,1502,56100
chacha20-poly1305,128,1503,33300
chacha20-poly1305,128,1504,35700
chacha20-poly1305,128,1505,30400
chacha20-poly1305,128,1506,30600
chacha20-poly1305,128,1507,30200
chacha20-poly1305,128,1508,30300
chacha20-poly1305,128,1509,30900
chacha20-poly1305,128,1510,30700
chacha20-poly1305,128,1511,30300
chacha20-poly1305,128,1512,30300
chacha20-poly1305,128,1513,30800
chacha20-poly1305,128,1514,30200
chacha20-poly1305,128,1515,30600
chacha20-poly1305,128,1516,30200
chacha20-poly1305,128,1517,30600
chacha20-poly1305,128,1518,32400
chacha20-poly1305,128,1519,30600
chacha20-poly1305,128,1520,30500
chacha20-poly1305,128,1521,30500
chacha20-poly1305,128,1522,30600
chacha20-poly1305,128,1523,30300
chacha20-poly1305,128,1524,30400
chacha20-poly1305,128,1525,31100
chacha20-poly1305,128,1526,30500
chacha20-poly1305,128,1527,30500
chacha20-poly1305,128,1528,30700
chacha20-poly1305,128,1529,30000
chacha20-poly1305,128,1530,30200
chacha20-poly1305,128,1531,30800
chacha20-poly1305,128,1532,29900
chacha20-poly1305,128,1533,30500
chacha20-poly1305,128,1534,30600
chacha20-poly1305,128,1535,30300
chacha20-poly1305,128,1536,30300
chacha20-poly1305,128,1537,30500
chacha20-poly1305,128,1538,30200
chacha20-poly1305,128,1539,30200
chacha20-poly1305,128,1540,30500
chacha20-poly1305,128,1541,31300
chacha20-poly1305,128,1542,30500
chacha20-poly1305,128,1543,30400
chacha20-poly1305,128,1544,30300
chacha20-poly1305,128,1545,30500
chacha20-poly1305,128,1546,30600
chacha20-poly1305,128,1547,30200
chacha20-poly1305,128,1548,31500
chacha20-poly1305,128,1549,36400
chacha20-poly1305,128,1550,54800
chacha20-poly1305,128,1551,57600
chacha20-poly1305,128,1552,34200
chacha20-poly1305,128,1553,32000
chacha20-poly1305,128,1554,31000
chacha20-poly1305,128,1555,31500
chacha20-poly1305,128,1556,30400
chacha20-poly1305,128,1557,31200
chacha20-poly1305,128,1558,31300
chacha20-poly1305,128,1559,30700
chacha20-poly1305,128,1560,31200
chacha20-poly1305,128,1561,30800
chacha20-poly1305,128,1562,30900
chacha20-poly1305,128,1563,30600
chacha20-poly1305,128,1564,31000
chacha20-poly1305,128,1565,30800
chacha20-poly1305,128,1566,30700
chacha20-poly1305,128,1567,31100
chacha20-poly1305,128,1568,30800
chacha20-poly1305,128,1569,42600
chacha20-poly1305,128,1570,81000
chacha20-poly1305,128,1571,37400
chacha20-poly1305,128,1572,31900
chacha20-poly1305,128,1573,31400
chacha20-poly1305,128,1574,30500
chacha20-poly1305,128,1575,33700
chacha20-poly1305,128,1576,39200
chacha20-poly1305,128,1577,36900
chacha20-poly1305,128,1578,32300
chacha20-poly1305,128,1579,30900
chacha20-poly1305,128,1580,30800
chacha20-poly1305,128,1581,30600
chacha20-poly1305,128,1582,31400
chacha20-poly1305,128,1583,30200
chacha20-poly1305,128,1584,31300
chacha20-poly1305,128,1585,32400
chacha20-poly1305,128,1586,30700
chacha20-poly1305,128,1587,151000
chacha20-poly1305,128,1588,133500
chacha20-poly1305,128,1589,86800
chacha20-poly1305,128,1590,99200
chacha20-poly1305,128,1591,106400
chacha20-poly1305,128,1592,59600
chacha20-poly1305,128,1593,34200
chacha20-poly1305,128,1594,31800
chacha20-poly1305,128,1595,31100
chacha20-poly1305,128,1596,30800
chacha20-poly1305,128,1597,30800
chacha20-poly1305,128,1598,30700
chacha20-poly1305,128,1599,65600
chacha20-poly1305,128,1600,32100
chacha20-poly1305,128,1601,52500
chacha20-poly1305,128,1602,67300
chacha20-poly1305,128,1603,103800
chacha20-poly1305,128,1604,57700
chacha20-poly1305,128,1605,36700
chacha20-poly1305,128,1606,31300
chacha20-poly1305,128,1607,30900
chacha20-poly1305,128,1608,31000
chacha20-poly1305,128,1609,30800
chacha20-poly1305,128,1610,30200
chacha20-poly1305,128,1611,30300
chacha20-poly1305,128,1612,30400
chacha20-poly1305,128,1613,30600
chacha20-poly1305,128,1614,30600
chacha20-poly1305,128,1615,30500
chacha20-poly1305,128,1616,30400
chacha20-poly1305,128,1617,30400
chacha20-poly1305,128,1618,30700
chacha20-poly1305,128,1619,30300
chacha20-poly1305,128,1620,30200
chacha20-poly1305,128,1621,30600
chacha20-poly1305,128,1622,30300
chacha20-poly1305,128,1623,30700
chacha20-poly1305,128,1624,30600
chacha20-poly1305,128,1625,30600
chacha20-poly1305,128,1626,30300
chacha20-poly1305,128,1627,30600
chacha20-poly1305,128,1628,33500
chacha20-poly1305,128,1629,30700
chacha20-poly1305,128,1630,30400
chacha20-poly1305,128,1631,30200
chacha20-poly1305,128,1632,30500
chacha20-poly1305,128,1633,30300
chacha20-poly1305,128,1634,30500
chacha20-poly1305,128,1635,30400
chacha20-poly1305,128,1636,30500
chacha20-poly1305,128,1637,30200
chacha20-poly1305,128,1638,30200
chacha20-poly1305,128,1639,30700
chacha20-poly1305,128,1640,30300
chacha20-poly1305,128,1641,30600
chacha20-poly1305,128,1642,30300
chacha20-poly1305,128,1643,30500
chacha20-poly1305,128,1644,30300
chacha20-poly1305,128,1645,30900
chacha20-poly1305,128,1646,31100
chacha20-poly1305,128,1647,30400
chacha20-poly1305,128,1648,30500
chacha20-poly1305,128,1649,30200
chacha20-poly1305,128,1650,30600
chacha20-poly1305,128,1651,30300
chacha20-poly1305,128,1652,30200
chacha20-poly1305,128,1653,30200
chacha20-poly1305,128,1654,30600
chacha20-poly1305,128,1655,30200
chacha20-poly1305,128,1656,30700
chacha20-poly1305,128,1657,30600
chacha20-poly1305,128,1658,30200
chacha20-poly1305,128,1659,30500
chacha20-poly1305,128,1660,30800
chacha20-poly1305,128,1661,30700
chacha20-poly1305,128,1662,30300
chacha20-poly1305,128,1663,30700
chacha20-poly1305,128,1664,30200
chacha20-poly1305,128,1665,30300
chacha20-poly1305,128,1666,30600
chacha20-poly1305,128,1667,30200
chacha20-poly1305,128,1668,30500
chacha20-poly1305,128,1669,31200
chacha20-poly1305,128,1670,30500
chacha20-poly1305,128,1671,30300
chacha20-poly1305,128,1672,30600
chacha20-poly1305,128,1673,30500
chacha20-poly1305,128,1674,30300
chacha20-poly1305,128,1675,30700
chacha20-poly1305,128,1676,30100
chacha20-poly1305,128,1677,30600
chacha20-poly1305,128,1678,30400
chacha20-poly1305,128,1679,30400
chacha20-poly1305,128,1680,30300
chacha20-poly1305,128,1681,30600
chacha20-poly1305,128,1682,30600
chacha20-poly1305,128,1683,30300
chacha20-poly1305,128,1684,30600
chacha20-poly1305,128,1685,30200
chacha20-poly1305,128,1686,30600
chacha20-poly1305,128,1687,30400
chacha20-poly1305,128,1688,30500
chacha20-poly1305,128,1689,30100
chacha20-poly1305,128,1690,30400
chacha20-poly1305,128,1691,30100
chacha20-poly1305,128,1692,30100
chacha20-poly1305,128,1693,32700
chacha20-poly1305,128,1694,30000
chacha20-poly1305,128,1695,30500
chacha20-poly1305,128,1696,30200
chacha20-poly1305,128,1697,30400
chacha20-poly1305,128,1698,30500
chacha20-poly1305,128,1699,30600
chacha20-poly1305,128,1700,30100
chacha20-poly1305,128,1701,30300
chacha20-poly1305,128,1702,30500
chacha20-poly1305,128,1703,30200
chacha20-poly1305,128,1704,30800
chacha20-poly1305,128,1705,30600
chacha20-poly1305,128,1706,30400
chacha20-poly1305,128,1707,30300
chacha20-poly1305,128,1708,30300
chacha20-poly1305,128,1709,30300
chacha20-poly1305,128,1710,31000
chacha20-poly1305,128,1711,30600
chacha20-poly1305,128,1712,30300
chacha20-poly1305,128,1713,30500
chacha20-poly1305,128,1714,30600
chacha20-poly1305,128,1715,30400
chacha20-poly1305,128,1716,30300
chacha20-poly1305,128,1717,30400
chacha20-poly1305,128,1718,30100
chacha20-poly1305,128,1719,30300
chacha20-poly1305,128,1720,30600
chacha20-poly1305,128,1721,30000
chacha20-poly1305,128,1722,30500
chacha20-poly1305,128,1723,30500
chacha20-poly1305,128,1724,30400
chacha20-poly1305,128,1725,116400
chacha20-poly1305,128,1726,42700
chacha20-poly1305,128,1727,141500
chacha20-poly1305,128,1728,100600
chacha20-poly1305,128,1729,56600
chacha20-poly1305,128,1730,33100
chacha20-poly1305,128,1731,68500
chacha20-poly1305,128,1732,32500
chacha20-poly1305,128,1733,41100
chacha20-poly1305,128,1734,54400
chacha20-poly1305,128,1735,80300
chacha20-poly1305,128,1736,39900
chacha20-poly1305,128,1737,32400
chacha20-poly1305,128,1738,48900
chacha20-poly1305,128,1739,66500
chacha20-poly1305,128,1740,98700
chacha20-poly1305,128,1741,90800
chacha20-poly1305,128,1742,41000
chacha20-poly1305,128,1743,32700
chacha20-poly1305,128,1744,31200
chacha20-poly1305,128,1745,30400
chacha20-poly1305,128,1746,30600
chacha20-poly1305,128,1747,30800
chacha20-poly1305,128,1748,30500
chacha20-poly1305,128,1749,30400
chacha20-poly1305,128,1750,30800
chacha20-poly1305,128,1751,30500
chacha20-poly1305,128,1752,30500
chacha20-poly1305,128,1753,30800
chacha20-poly1305,128,1754,30300
chacha20-poly1305,128,1755,30400
chacha20-poly1305,128,1756,30400
chacha20-poly1305,128,1757,30100
chacha20-poly1305,128,1758,30600
chacha20-poly1305,128,1759,30400
chacha20-poly1305,128,1760,30300
chacha20-poly1305,128,1761,30600
chacha20-poly1305,128,1762,30800
chacha20-poly1305,128,1763,30300
chacha20-poly1305,128,1764,30500
chacha20-poly1305,128,1765,30500
chacha20-poly1305,128,1766,30100
chacha20-poly1305,128,1767,31000
chacha20-poly1305,128,1768,30400
chacha20-poly1305,128,1769,32500
chacha20-poly1305,128,1770,32000
chacha20-poly1305,128,1771,30700
chacha20-poly1305,128,1772,30300
chacha20-poly1305,128,1773,31200
chacha20-poly1305,128,1774,30400
chacha20-poly1305,128,1775,30300
chacha20-poly1305,128,1776,30500
chacha20-poly1305,128,1777,30400
chacha20-poly1305,128,1778,30500
chacha20-poly1305,128,1779,30500
chacha20-poly1305,128,1780,30600
chacha20-poly1305,128,1781,30200
chacha20-poly1305,128,1782,30600
chacha20-poly1305,128,1783,30800
chacha20-poly1305,128,1784,30100
chacha20-poly1305,128,1785,30700
chacha20-poly1305,128,1786,30300
chacha20-poly1305,128,1787,30300
chacha20-poly1305,128,1788,30400
chacha20-poly1305,128,1789,30800
chacha20-poly1305,128,1790,30200
chacha20-poly1305,128,1791,30300
chacha20-poly1305,128,1792,30700
chacha20-poly1305,128,1793,30400
chacha20-poly1305,128,1794,30500
chacha20-poly1305,128,1795,30300
chacha20-poly1305,128,1796,31200
chacha20-poly1305,128,1797,30400
chacha20-poly1305,128,1798,30800
chacha20-poly1305,128,1799,30300
chacha20-poly1305,128,1800,30200
chacha20-poly1305,128,1801,30600
chacha20-poly1305,128,1802,31100
chacha20-poly1305,128,1803,30900
chacha20-poly1305,128,1804,30400
chacha20-poly1305,128,1805,30200
chacha20-poly1305,128,1806,136300
chacha20-poly1305,128,1807,86900
chacha20-poly1305,128,1808,39400
chacha20-poly1305,128,1809,31400
chacha20-poly1305,128,1810,30800
chacha20-poly1305,128,1811,30200
chacha20-poly1305,128,1812,30600
chacha20-poly1305,128,1813,30700
chacha20-poly1305,128,1814,30400
chacha20-poly1305,128,1815,30900
chacha20-poly1305,128,1816,30500
chacha20-poly1305,128,1817,30400
chacha20-poly1305,128,1818,30600
chacha20-poly1305,128,1819,30700
chacha20-poly1305,128,1820,30100
chacha20-poly1305,128,1821,30600
chacha20-poly1305,128,1822,30400
chacha20-poly1305,128,1823,30200
chacha20-poly1305,128,1824,30400
chacha20-poly1305,128,1825,30500
chacha20-poly1305,128,1826,30200
chacha20-poly1305,128,1827,30200
chacha20-poly1305,128,1828,30800
chacha20-poly1305,128,1829,32500
chacha20-poly1305,128,1830,30500
chacha20-poly1305,128,1831,30300
chacha20-poly1305,128,1832,30100
chacha20-poly1305,128,1833,30400
chacha20-poly1305,128,1834,30300
chacha20-poly1305,128,1835,30000
chacha20-poly1305,128,1836,30300
chacha20-poly1305,128,1837,31100
chacha20-poly1305,128,1838,30200
chacha20-poly1305,128,1839,30700
chacha20-poly1305,128,1840,30200
chacha20-poly1305,128,1841,30400
chacha20-poly1305,128,1842,30300
chacha20-poly1305,128,1843,30400
chacha20-poly1305,128,1844,30000
chacha20-poly1305,128,1845,30200
chacha20-poly1305,128,1846,30500
chacha20-poly1305,128,1847,30300
chacha20-poly1305,128,1848,30400
chacha20-poly1305,128,1849,30400
chacha20-poly1305,128,1850,30200
chacha20-poly1305,128,1851,30400
chacha20-poly1305,128,1852,30300
chacha20-poly1305,128,1853,30100
chacha20-poly1305,128,1854,30100
chacha20-poly1305,128,1855,30300
chacha20-poly1305,128,1856,30000
chacha20-poly1305,128,1857,30500
chacha20-poly1305,128,1858,30400
chacha20-poly1305,128,1859,30300
chacha20-poly1305,128,1860,31300
chacha20-poly1305,128,1861,29900
chacha20-poly1305,128,1862,30100
chacha20-poly1305,128,1863,30400
chacha20-poly1305,128,1864,30500
chacha20-poly1305,128,1865,30000
chacha20-poly1305,128,1866,76100
chacha20-poly1305,128,1867,138300
chacha20-poly1305,128,1868,84500
chacha20-poly1305,128,1869,89400
chacha20-poly1305,128,1870,55800
chacha20-poly1305,128,1871,32400
chacha20-poly1305,128,1872,51800
chacha20-poly1305,128,1873,101600
chacha20-poly1305,128,1874,60000
chacha20-poly1305,128,1875,33900
chacha20-poly1305,128,1876,31200
chacha20-poly1305,128,1877,30500
chacha20-poly1305,128,1878,30900
chacha20-poly1305,128,1879,30600
chacha20-poly1305,128,1880,33100
chacha20-poly1305,128,1881,33100
chacha20-poly1305,128,1882,30600
chacha20-poly1305,128,1883,30200
chacha20-poly1305,128,1884,30600
chacha20-poly1305,128,1885,30900
chacha20-poly1305,128,1886,30500
chacha20-poly1305,128,1887,30500
chacha20-poly1305,128,1888,30700
chacha20-poly1305,128,1889,30200
chacha20-poly1305,128,1890,30300
chacha20-poly1305,128,1891,30600
chacha20-poly1305,128,1892,30000
chacha20-poly1305,128,1893,30200
chacha20-poly1305,128,1894,30000
chacha20-poly1305,128,1895,30300
chacha20-poly1305,128,1896,30300
chacha20-poly1305,128,1897,30400
chacha20-poly1305,128,1898,30000
chacha20-poly1305,128,1899,30400
chacha20-poly1305,128,1900,30400
chacha20-poly1305,128,1901,31000
chacha20-poly1305,128,1902,30300
chacha20-poly1305,128,1903,30100
chacha20-poly1305,128,1904,30100
chacha20-poly1305,128,1905,30300
chacha20-poly1305,128,1906,30500
chacha20-poly1305,128,1907,29900
chacha20-poly1305,128,1908,30000
chacha20-poly1305,128,1909,30500
chacha20-poly1305,128,1910,30100
chacha20-poly1305,128,1911,30600
chacha20-poly1305,128,1912,35900
chacha20-poly1305,128,1913,30500
chacha20-poly1305,128,1914,30300
chacha20-poly1305,128,1915,30400
chacha20-poly1305,128,1916,29900
chacha20-poly1305,128,1917,30500
chacha20-poly1305,128,1918,30500
chacha20-poly1305,128,1919,30100
chacha20-poly1305,128,1920,30600
chacha20-poly1305,128,1921,30400
chacha20-poly1305,128,1922,30500
chacha20-poly1305,128,1923,30600
chacha20-poly1305,128,1924,31300
chacha20-poly1305,128,1925,30400
chacha20-poly1305,128,1926,30300
chacha20-poly1305,128,1927,30400
chacha20-poly1305,128,1928,30200
chacha20-poly1305,128,1929,30500
chacha20-poly1305,128,1930,30400
chacha20-poly1305,128,1931,30500
chacha20-poly1305,128,1932,30300
chacha20-poly1305,128,1933,30400
chacha20-poly1305,128,1934,30000
chacha20-poly1305,128,1935,30400
chacha20-poly1305,128,1936,30600
chacha20-poly1305,128,1937,30100
chacha20-poly1305,128,1938,30500
chacha20-poly1305,128,1939,30400
chacha20-poly1305,128,1940,30200
chacha20-poly1305,128,1941,31000
chacha20-poly1305,128,1942,30800
chacha20-poly1305,128,1943,30100
chacha20-poly1305,128,1944,30300
chacha20-poly1305,128,1945,154100
chacha20-poly1305,128,1946,94900
chacha20-poly1305,128,1947,40800
chacha20-poly1305,128,1948,32300
chacha20-poly1305,128,1949,31800
chacha20-poly1305,128,1950,30700
chacha20-poly1305,128,1951,30800
chacha20-poly1305,128,1952,30200
chacha20-poly1305,128,1953,31000
chacha20-poly1305,128,1954,30600
chacha20-poly1305,128,1955,30000
chacha20-poly1305,128,1956,30700
chacha20-poly1305,128,1957,30500
chacha20-poly1305,128,1958,30400
chacha20-poly1305,128,1959,30500
chacha20-poly1305,128,1960,30600
chacha20-poly1305,128,1961,30500
chacha20-poly1305,128,1962,30300
chacha20-poly1305,128,1963,30700
chacha20-poly1305,128,1964,30600
chacha20-poly1305,128,1965,31700
chacha20-poly1305,128,1966,30500
chacha20-poly1305,128,1967,30800
chacha20-poly1305,128,1968,30500
chacha20-poly1305,128,1969,30600
chacha20-poly1305,128,1970,30500
chacha20-poly1305,128,1971,30300
chacha20-poly1305,128,1972,30500
chacha20-poly1305,128,1973,29900
chacha20-poly1305,128,1974,30700
chacha20-poly1305,128,1975,30400
chacha20-poly1305,128,1976,30300
chacha20-poly1305,128,1977,30200
chacha20-poly1305,128,1978,30400
chacha20-poly1305,128,1979,30100
chacha20-poly1305,128,1980,30400
chacha20-poly1305,128,1981,30900
chacha20-poly1305,128,1982,30000
chacha20-poly1305,128,1983,30400
chacha20-poly1305,128,1984,30100
chacha20-poly1305,128,1985,30500
chacha20-poly1305,128,1986,30400
chacha20-poly1305,128,1987,30700
chacha20-poly1305,128,1988,31400
chacha20-poly1305,128,1989,30600
chacha20-poly1305,128,1990,30600
chacha20-poly1305,128,1991,30400
chacha20-poly1305,128,1992,30400
chacha20-poly1305,128,1993,30400
chacha20-poly1305,128,1994,30300
chacha20-poly1305,128,1995,30300
chacha20-poly1305,128,1996,30700
chacha20-poly1305,128,1997,30100
chacha20-poly1305,128,1998,30300
chacha20-poly1305,128,1999,30400
chacha20-poly1305,512,0,31400
chacha20-poly1305,512,1,31400
chacha20-poly1305,512,2,31200
chacha20-poly1305,512,3,31000
chacha20-poly1305,512,4,31400
chacha20-poly1305,512,5,30900
chacha20-poly1305,512,6,31100
chacha20-poly1305,512,7,31200
chacha20-poly1305,512,8,30800
chacha20-poly1305,512,9,31100
chacha20-poly1305,512,10,31100
chacha20-poly1305,512,11,31200
chacha20-poly1305,512,12,31100
chacha20-poly1305,512,13,31200
chacha20-poly1305,512,14,31900
chacha20-poly1305,512,15,30900
chacha20-poly1305,512,16,31400
chacha20-poly1305,512,17,31000
chacha20-poly1305,512,18,31200
chacha20-poly1305,512,19,31100
chacha20-poly1305,512,20,31200
chacha20-poly1305,512,21,31200
chacha20-poly1305,512,22,31300
chacha20-poly1305,512,23,31000
chacha20-poly1305,512,24,30800
chacha20-poly1305,512,25,31200
chacha20-poly1305,512,26,30500
chacha20-poly1305,512,27,31000
chacha20-poly1305,512,28,32000
chacha20-poly1305,512,29,31000
chacha20-poly1305,512,30,31100
chacha20-poly1305,512,31,31300
chacha20-poly1305,512,32,30800
chacha20-poly1305,512,33,31100
chacha20-poly1305,512,34,31200
chacha20-poly1305,512,35,30700
chacha20-poly1305,512,36,31200
chacha20-poly1305,512,37,31000
chacha20-poly1305,512,38,31300
chacha20-poly1305,512,39,31000
chacha20-poly1305,512,40,31400
chacha20-poly1305,512,41,30900
chacha20-poly1305,512,42,31200
chacha20-poly1305,512,43,31200
chacha20-poly1305,512,44,31200
chacha20-poly1305,512,45,31400
chacha20-poly1305,512,46,31700
chacha20-poly1305,512,47,31200
chacha20-poly1305,512,48,30900
chacha20-poly1305,512,49,31000
chacha20-poly1305,512,50,31100
chacha20-poly1305,512,51,31000
chacha20-poly1305,512,52,31200
chacha20-poly1305,512,53,30800
chacha20-poly1305,512,54,31100
chacha20-poly1305,512,55,31400
chacha20-poly1305,512,56,31000
chacha20-poly1305,512,57,31100
chacha20-poly1305,512,58,31200
chacha20-poly1305,512,59,62300
chacha20-poly1305,512,60,95400
chacha20-poly1305,512,61,64300
chacha20-poly1305,512,62,58500
chacha20-poly1305,512,63,35700
chacha20-poly1305,512,64,32700
chacha20-poly1305,512,65,31700
chacha20-poly1305,512,66,31200
chacha20-poly1305,512,67,31700
chacha20-poly1305,512,68,62300
chacha20-poly1305,512,69,34500
chacha20-poly1305,512,70,69200
chacha20-poly1305,512,71,43700
chacha20-poly1305,512,72,33200
chacha20-poly1305,512,73,31400
chacha20-poly1305,512,74,31400
chacha20-poly1305,512,75,31000
chacha20-poly1305,512,76,32000
chacha20-poly1305,512,77,31200
chacha20-poly1305,512,78,31200
chacha20-poly1305,512,79,31500
chacha20-poly1305,512,80,31000
chacha20-poly1305,512,81,31300
chacha20-poly1305,512,82,31300
chacha20-poly1305,512,83,33400
chacha20-poly1305,512,84,31500
chacha20-poly1305,512,85,32000
chacha20-poly1305,512,86,31000
chacha20-poly1305,512,87,31200
chacha20-poly1305,512,88,31400
chacha20-poly1305,512,89,31100
chacha20-poly1305,512,90,31200
chacha20-poly1305,512,91,31100
chacha20-poly1305,512,92,32100
chacha20-poly1305,512,93,31100
chacha20-poly1305,512,94,31500
chacha20-poly1305,512,95,31000
chacha20-poly1305,512,96,31100
chacha20-poly1305,512,97,31600
chacha20-poly1305,512,98,31400
chacha20-poly1305,512,99,31400
chacha20-poly1305,512,100,31200
chacha20-poly1305,512,101,31100
chacha20-poly1305,512,102,31100
chacha20-poly1305,512,103,32200
chacha20-poly1305,512,104,30900
chacha20-poly1305,512,105,31100
chacha20-poly1305,512,106,31500
chacha20-poly1305,512,107,31100
chacha20-poly1305,512,108,31400
chacha20-poly1305,512,109,31300
chacha20-poly1305,512,110,31100
chacha20-poly1305,512,111,31000
chacha20-poly1305,512,112,31400
chacha20-poly1305,512,113,31100
chacha20-poly1305,512,114,31600
chacha20-poly1305,512,115,34200
chacha20-poly1305,512,116,31500
chacha20-poly1305,512,117,31500
chacha20-poly1305,512,118,31200
chacha20-poly1305,512,119,31500
chacha20-poly1305,512,120,31100
chacha20-poly1305,512,121,31400
chacha20-poly1305,512,122,31100
chacha20-poly1305,512,123,31000
chacha20-poly1305,512,124,31600
chacha20-poly1305,512,125,31200
chacha20-poly1305,512,126,31700
chacha20-poly1305,512,127,31200
chacha20-poly1305,512,128,31400
chacha20-poly1305,512,129,31300
chacha20-poly1305,512,130,31200
chacha20-poly1305,512,131,31100
chacha20-poly1305,512,132,31200
chacha20-poly1305,512,133,31400
chacha20-poly1305,512,134,31100
chacha20-poly1305,512,135,31300
chacha20-poly1305,512,136,31100
chacha20-poly1305,512,137,31600
chacha20-poly1305,512,138,31300
chacha20-poly1305,512,139,31400
chacha20-poly1305,512,140,31200
chacha20-poly1305,512,141,31100
chacha20-poly1305,512,142,31500
chacha20-poly1305,512,143,31000
chacha20-poly1305,512,144,31100
chacha20-poly1305,512,145,30900
chacha20-poly1305,512,146,31800
chacha20-poly1305,512,147,31500
chacha20-poly1305,512,148,31600
chacha20-poly1305,512,149,31500
chacha20-poly1305,512,150,30900
chacha20-poly1305,512,151,31500
chacha20-poly1305,512,152,31100
chacha20-poly1305,512,153,31200
chacha20-poly1305,512,154,31500
chacha20-poly1305,512,155,31400
chacha20-poly1305,512,156,31800
chacha20-poly1305,512,157,31400
chacha20-poly1305,512,158,31100
chacha20-poly1305,512,159,31400
chacha20-poly1305,512,160,31600
chacha20-poly1305,512,161,31100
chacha20-poly1305,512,162,31400
chacha20-poly1305,512,163,31200
chacha20-poly1305,512,164,31300
chacha20-poly1305,512,165,31000
chacha20-poly1305,512,166,31200
chacha20-poly1305,512,167,30800
chacha20-poly1305,512,168,31100
chacha20-poly1305,512,169,31500
chacha20-poly1305,512,170,31100
chacha20-poly1305,512,171,31100
chacha20-poly1305,512,172,31200
chacha20-poly1305,512,173,31100
chacha20-poly1305,512,174,31000
chacha20-poly1305,512,175,31400
chacha20-poly1305,512,176,30800
chacha20-poly1305,512,177,31000
chacha20-poly1305,512,178,34300
chacha20-poly1305,512,179,31200
chacha20-poly1305,512,180,31500
chacha20-poly1305,512,181,31300
chacha20-poly1305,512,182,73500
chacha20-poly1305,512,183,72300
chacha20-poly1305,512,184,89100
chacha20-poly1305,512,185,121600
chacha20-poly1305,512,186,87700
chacha20-poly1305,512,187,101000
chacha20-poly1305,512,188,218000
chacha20-poly1305,512,189,141900
chacha20-poly1305,512,190,75500
chacha20-poly1305,512,191,90600
chacha20-poly1305,512,192,41900
chacha20-poly1305,512,193,89900
chacha20-poly1305,512,194,103100
chacha20-poly1305,512,195,63000
chacha20-poly1305,512,196,64000
chacha20-poly1305,512,197,59200
chacha20-poly1305,512,198,36100
chacha20-poly1305,512,199,32500
chacha20-poly1305,512,200,31900
chacha20-poly1305,512,201,31300
chacha20-poly1305,512,202,31500
chacha20-poly1305,512,203,31100
chacha20-poly1305,512,204,31700
chacha20-poly1305,512,205,31500
chacha20-poly1305,512,206,31100
chacha20-poly1305,512,207,31300
chacha20-poly1305,512,208,31000
chacha20-poly1305,512,209,37400
chacha20-poly1305,512,210,32000
chacha20-poly1305,512,211,31600
chacha20-poly1305,512,212,30800
chacha20-poly1305,512,213,48500
chacha20-poly1305,512,214,105200
chacha20-poly1305,512,215,59800
chacha20-poly1305,512,216,35800
chacha20-poly1305,512,217,32500
chacha20-poly1305,512,218,32200
chacha20-poly1305,512,219,31300
chacha20-poly1305,512,220,33300
chacha20-poly1305,512,221,31100
chacha20-poly1305,512,222,32000
chacha20-poly1305,512,223,31600
chacha20-poly1305,512,224,31100
chacha20-poly1305,512,225,31300
chacha20-poly1305,512,226,31400
chacha20-poly1305,512,227,31700
chacha20-poly1305,512,228,31300
chacha20-poly1305,512,229,31300
chacha20-poly1305,512,230,30900
chacha20-poly1305,512,231,31900
chacha20-poly1305,512,232,31500
chacha20-poly1305,512,233,30900
chacha20-poly1305,512,234,31500
chacha20-poly1305,512,235,31100
chacha20-poly1305,512,236,31500
chacha20-poly1305,512,237,31500
chacha20-poly1305,512,238,32200
chacha20-poly1305,512,239,31300
chacha20-poly1305,512,240,31100
chacha20-poly1305,512,241,31600
chacha20-poly1305,512,242,31100
chacha20-poly1305,512,243,31400
chacha20-poly1305,512,244,31300
chacha20-poly1305,512,245,31200
chacha20-poly1305,512,246,31100
chacha20-poly1305,512,247,31500
chacha20-poly1305,512,248,31200
chacha20-poly1305,512,249,31100
chacha20-poly1305,512,250,31800
chacha20-poly1305,512,251,31000
chacha20-poly1305,512,252,31300
chacha20-poly1305,512,253,31200
chacha20-poly1305,512,254,31300
chacha20-poly1305,512,255,30900
chacha20-poly1305,512,256,31300
chacha20-poly1305,512,257,31000
chacha20-poly1305,512,258,31100
chacha20-poly1305,512,259,31500
chacha20-poly1305,512,260,30900
chacha20-poly1305,512,261,31100
chacha20-poly1305,512,262,31200
chacha20-poly1305,512,263,31200
chacha20-poly1305,512,264,31200
chacha20-poly1305,512,265,31100
chacha20-poly1305,512,266,31300
chacha20-poly1305,512,267,31500
chacha20-poly1305,512,268,39000
chacha20-poly1305,512,269,149900
chacha20-poly1305,512,270,144100
chacha20-poly1305,512,271,51200
chacha20-poly1305,512,272,72400
chacha20-poly1305,512,273,39300
chacha20-poly1305,512,274,34000
chacha20-poly1305,512,275,31600
chacha20-poly1305,512,276,31100
chacha20-poly1305,512,277,31200
chacha20-poly1305,512,278,31700
chacha20-poly1305,512,279,31200
chacha20-poly1305,512,280,31300
chacha20-poly1305,512,281,31300
chacha20-poly1305,512,282,31100
chacha20-poly1305,512,283,32200
chacha20-poly1305,512,284,30800
chacha20-poly1305,512,285,30900
chacha20-poly1305,512,286,31500
chacha20-poly1305,512,287,30600
chacha20-poly1305,512,288,31300
chacha20-poly1305,512,289,30900
chacha20-poly1305,512,290,33700
chacha20-poly1305,512,291,30800
chacha20-poly1305,512,292,31300
chacha20-poly1305,512,293,31000
chacha20-poly1305,512,294,31200
chacha20-poly1305,512,295,31300
chacha20-poly1305,512,296,30800
chacha20-poly1305,512,297,31100
chacha20-poly1305,512,298,31200
chacha20-poly1305,512,299,31200
chacha20-poly1305,512,300,31000
chacha20-poly1305,512,301,31300
chacha20-poly1305,512,302,31000
chacha20-poly1305,512,303,30900
chacha20-poly1305,512,304,31100
chacha20-poly1305,512,305,90900
chacha20-poly1305,512,306,62700
chacha20-poly1305,512,307,35500
chacha20-poly1305,512,308,32500
chacha20-poly1305,512,309,31700
chacha20-poly1305,512,310,32100
chacha20-poly1305,512,311,31800
chacha20-poly1305,512,312,87200
chacha20-poly1305,512,313,110700
chacha20-poly1305,512,314,93200
chacha20-poly1305,512,315,39900
chacha20-poly1305,512,316,32900
chacha20-poly1305,512,317,31800
chacha20-poly1305,512,318,31700
chacha20-poly1305,512,319,32500
chacha20-poly1305,512,320,31100
chacha20-poly1305,512,321,31100
chacha20-poly1305,512,322,31700
chacha20-poly1305,512,323,31000
chacha20-poly1305,512,324,31400
chacha20-poly1305,512,325,31400
chacha20-poly1305,512,326,31100
chacha20-poly1305,512,327,30900
chacha20-poly1305,512,328,31200
chacha20-poly1305,512,329,31300
chacha20-poly1305,512,330,31100
chacha20-poly1305,512,331,31200
chacha20-poly1305,512,332,30900
chacha20-poly1305,512,333,31200
chacha20-poly1305,512,334,31100
chacha20-poly1305,512,335,31300
chacha20-poly1305,512,336,31100
chacha20-poly1305,512,337,31300
chacha20-poly1305,512,338,30900
chacha20-poly1305,512,339,31100
chacha20-poly1305,512,340,31300
chacha20-poly1305,512,341,30700
chacha20-poly1305,512,342,31000
chacha20-poly1305,512,343,34100
chacha20-poly1305,512,344,31200
chacha20-poly1305,512,345,31100
chacha20-poly1305,512,346,31500
chacha20-poly1305,512,347,31700
chacha20-poly1305,512,348,31100
chacha20-poly1305,512,349,31500
chacha20-poly1305,512,350,31200
chacha20-poly1305,512,351,31500
chacha20-poly1305,512,352,31100
chacha20-poly1305,512,353,31000
chacha20-poly1305,512,354,30900
chacha20-poly1305,512,355,31200
chacha20-poly1305,512,356,30900
chacha20-poly1305,512,357,31000
chacha20-poly1305,512,358,31100
chacha20-poly1305,512,359,31300
chacha20-poly1305,512,360,31300
chacha20-poly1305,512,361,31300
chacha20-poly1305,512,362,31100
chacha20-poly1305,512,363,31100
chacha20-poly1305,512,364,31400
chacha20-poly1305,512,365,30900
chacha20-poly1305,512,366,31000
chacha20-poly1305,512,367,31400
chacha20-poly1305,512,368,30900
chacha20-poly1305,512,369,51900
chacha20-poly1305,512,370,70100
chacha20-poly1305,512,371,49100
chacha20-poly1305,512,372,35800
chacha20-poly1305,512,373,32700
chacha20-poly1305,512,374,31100
chacha20-poly1305,512,375,31000
chacha20-poly1305,512,376,31300
chacha20-poly1305,512,377,30900
chacha20-poly1305,512,378,31500
chacha20-poly1305,512,379,31800
chacha20-poly1305,512,380,31200
chacha20-poly1305,512,381,31300
chacha20-poly1305,512,382,31300
chacha20-poly1305,512,383,30900
chacha20-poly1305,512,384,31100
chacha20-poly1305,512,385,31200
chacha20-poly1305,512,386,30900
chacha20-poly1305,512,387,31300
chacha20-poly1305,512,388,30900
chacha20-poly1305,512,389,31200
chacha20-poly1305,512,390,31400
chacha20-poly1305,512,391,31200
chacha20-poly1305,512,392,30800
chacha20-poly1305,512,393,31000
chacha20-poly1305,512,394,31300
chacha20-poly1305,512,395,30800
chacha20-poly1305,512,396,31200
chacha20-poly1305,512,397,30900
chacha20-poly1305,512,398,31000
chacha20-poly1305,512,399,31100
chacha20-poly1305,512,400,31400
chacha20-poly1305,512,401,30800
chacha20-poly1305,512,402,30900
chacha20-poly1305,512,403,31200
chacha20-poly1305,512,404,31800
chacha20-poly1305,512,405,31500
chacha20-poly1305,512,406,31400
chacha20-poly1305,512,407,31000
chacha20-poly1305,512,408,30900
chacha20-poly1305,512,409,31500
chacha20-poly1305,512,410,31400
chacha20-poly1305,512,411,32100
chacha20-poly1305,512,412,31200
chacha20-poly1305,512,413,31000
chacha20-poly1305,512,414,31100
chacha20-poly1305,512,415,31100
chacha20-poly1305,512,416,30900
chacha20-poly1305,512,417,30800
chacha20-poly1305,512,418,31200
chacha20-poly1305,512,419,31100
chacha20-poly1305,512,420,30800
chacha20-poly1305,512,421,31100
chacha20-poly1305,512,422,31000
chacha20-poly1305,512,423,31200
chacha20-poly1305,512,424,31000
chacha20-poly1305,512,425,37500
chacha20-poly1305,512,426,90800
chacha20-poly1305,512,427,61700
chacha20-poly1305,512,428,88000
chacha20-poly1305,512,429,85500
chacha20-poly1305,512,430,41500
chacha20-poly1305,512,431,32800
chacha20-poly1305,512,432,32000
chacha20-poly1305,512,433,31300
chacha20-poly1305,512,434,31800
chacha20-poly1305,512,435,31500
chacha20-poly1305,512,436,31300
chacha20-poly1305,512,437,31000
chacha20-poly1305,512,438,30900
chacha20-poly1305,512,439,31600
chacha20-poly1305,512,440,31000
chacha20-poly1305,512,441,31400
chacha20-poly1305,512,442,30900
chacha20-poly1305,512,443,31200
chacha20-poly1305,512,444,30900
chacha20-poly1305,512,445,31300
chacha20-poly1305,512,446,31500
chacha20-poly1305,512,447,77400
chacha20-poly1305,512,448,131300
chacha20-poly1305,512,449,136200
chacha20-poly1305,512,450,41900
chacha20-poly1305,512,451,33900
chacha20-poly1305,512,452,32800
chacha20-poly1305,512,453,31800
chacha20-poly1305,512,454,32100
chacha20-poly1305,512,455,31900
chacha20-poly1305,512,456,31700
chacha20-poly1305,512,457,31700
chacha20-poly1305,512,458,31900
chacha20-poly1305,512,459,31800
chacha20-poly1305,512,460,53600
chacha20-poly1305,512,461,51800
chacha20-poly1305,512,462,84700
chacha20-poly1305,512,463,77600
chacha20-poly1305,512,464,60700
chacha20-poly1305,512,465,34800
chacha20-poly1305,512,466,32600
chacha20-poly1305,512,467,31500
chacha20-poly1305,512,468,31600
chacha20-poly1305,512,469,31500
chacha20-poly1305,512,470,31300
chacha20-poly1305,512,471,69400
chacha20-poly1305,512,472,33200
chacha20-poly1305,512,473,52800
chacha20-poly1305,512,474,56400
chacha20-poly1305,512,475,39000
chacha20-poly1305,512,476,52200
chacha20-poly1305,512,477,94200
chacha20-poly1305,512,478,37500
chacha20-poly1305,512,479,32100
chacha20-poly1305,512,480,31300
chacha20-poly1305,512,481,31500
chacha20-poly1305,512,482,31200
chacha20-poly1305,512,483,31300
chacha20-poly1305,512,484,31500
chacha20-poly1305,512,485,31100
chacha20-poly1305,512,486,32000
chacha20-poly1305,512,487,31300
chacha20-poly1305,512,488,31100
chacha20-poly1305,512,489,31100
chacha20-poly1305,512,490,31600
chacha20-poly1305,512,491,30900
chacha20-poly1305,512,492,31100
chacha20-poly1305,512,493,31200
chacha20-poly1305,512,494,30900
chacha20-poly1305,512,495,31200
chacha20-poly1305,512,496,31000
chacha20-poly1305,512,497,31300
chacha20-poly1305,512,498,31200
chacha20-poly1305,512,499,31300
chacha20-poly1305,512,500,30900
chacha20-poly1305,512,501,31000
chacha20-poly1305,512,502,31200
chacha20-poly1305,512,503,35800
chacha20-poly1305,512,504,31700
chacha20-poly1305,512,505,31200
chacha20-poly1305,512,506,31200
chacha20-poly1305,512,507,34500
chacha20-poly1305,512,508,31700
chacha20-poly1305,512,509,31000
chacha20-poly1305,512,510,31200
chacha20-poly1305,512,511,31200
chacha20-poly1305,512,512,30900
chacha20-poly1305,512,513,31200
chacha20-poly1305,512,514,31000
chacha20-poly1305,512,515,31100
chacha20-poly1305,512,516,31000
chacha20-poly1305,512,517,31200
chacha20-poly1305,512,518,31400
chacha20-poly1305,512,519,31100
chacha20-poly1305,512,520,31300
chacha20-poly1305,512,521,31100
chacha20-poly1305,512,522,31200
chacha20-poly1305,512,523,31100
chacha20-poly1305,512,524,31100
chacha20-poly1305,512,525,30900
chacha20-poly1305,512,526,31200
chacha20-poly1305,512,527,30800
chacha20-poly1305,512,528,31000
chacha20-poly1305,512,529,31700
chacha20-poly1305,512,530,31100
chacha20-poly1305,512,531,31200
chacha20-poly1305,512,532,31100
chacha20-poly1305,512,533,31100
chacha20-poly1305,512,534,31700
chacha20-poly1305,512,535,33400
chacha20-poly1305,512,536,30800
chacha20-poly1305,512,537,30800
chacha20-poly1305,512,538,32000
chacha20-poly1305,512,539,30800
chacha20-poly1305,512,540,31600
chacha20-poly1305,512,541,31000
chacha20-poly1305,512,542,31100
chacha20-poly1305,512,543,31100
chacha20-poly1305,512,544,31400
chacha20-poly1305,512,545,31000
chacha20-poly1305,512,546,31400
chacha20-poly1305,512,547,31200
chacha20-poly1305,512,548,30900
chacha20-poly1305,512,549,31100
chacha20-poly1305,512,550,31300
chacha20-poly1305,512,551,31500
chacha20-poly1305,512,552,31000
chacha20-poly1305,512,553,31200
chacha20-poly1305,512,554,31000
chacha20-poly1305,512,555,30900
chacha20-poly1305,512,556,31400
chacha20-poly1305,512,557,30800
chacha20-poly1305,512,558,31100
chacha20-poly1305,512,559,31000
chacha20-poly1305,512,560,31100
chacha20-poly1305,512,561,31200
chacha20-poly1305,512,562,31400
chacha20-poly1305,512,563,30800
chacha20-poly1305,512,564,31000
chacha20-poly1305,512,565,31300
chacha20-poly1305,512,566,31600
chacha20-poly1305,512,567,31100
chacha20-poly1305,512,568,31100
chacha20-poly1305,512,569,31100
chacha20-poly1305,512,570,31000
chacha20-poly1305,512,571,31200
chacha20-poly1305,512,572,31200
chacha20-poly1305,512,573,30900
chacha20-poly1305,512,574,31600
chacha20-poly1305,512,575,30800
chacha20-poly1305,512,576,31200
chacha20-poly1305,512,577,30900
chacha20-poly1305,512,578,31100
chacha20-poly1305,512,579,31100
chacha20-poly1305,512,580,31400
chacha20-poly1305,512,581,30600
chacha20-poly1305,512,582,78500
chacha20-poly1305,512,583,76100
chacha20-poly1305,512,584,92100
chacha20-poly1305,512,585,79200
chacha20-poly1305,512,586,85000
chacha20-poly1305,512,587,75900
chacha20-poly1305,512,588,49800
chacha20-poly1305,512,589,74800
chacha20-poly1305,512,590,59700
chacha20-poly1305,512,591,99900
chacha20-poly1305,512,592,106600
chacha20-poly1305,512,593,88000
chacha20-poly1305,512,594,70800
chacha20-poly1305,512,595,40700
chacha20-poly1305,512,596,32800
chacha20-poly1305,512,597,31700
chacha20-poly1305,512,598,32300
chacha20-poly1305,512,599,32000
chacha20-poly1305,512,600,31700
chacha20-poly1305,512,601,31600
chacha20-poly1305,512,602,32300
chacha20-poly1305,512,603,31800
chacha20-poly1305,512,604,31300
chacha20-poly1305,512,605,31200
chacha20-poly1305,512,606,30900
chacha20-poly1305,512,607,31200
chacha20-poly1305,512,608,31300
chacha20-poly1305,512,609,32900
chacha20-poly1305,512,610,33300
chacha20-poly1305,512,611,30900
chacha20-poly1305,512,612,31100
chacha20-poly1305,512,613,31100
chacha20-poly1305,512,614,31300
chacha20-poly1305,512,615,31100
chacha20-poly1305,512,616,31300
chacha20-poly1305,512,617,30800
chacha20-poly1305,512,618,31300
chacha20-poly1305,512,619,31100
chacha20-poly1305,512,620,30700
chacha20-poly1305,512,621,31200
chacha20-poly1305,512,622,31200
chacha20-poly1305,512,623,31000
chacha20-poly1305,512,624,31000
chacha20-poly1305,512,625,31200
chacha20-poly1305,512,626,31000
chacha20-poly1305,512,627,31200
chacha20-poly1305,512,628,31600
chacha20-poly1305,512,629,30900
chacha20-poly1305,512,630,31400
chacha20-poly1305,512,631,31100
chacha20-poly1305,512,632,30900
chacha20-poly1305,512,633,31100
chacha20-poly1305,512,634,31000
chacha20-poly1305,512,635,30900
chacha20-poly1305,512,636,31000
chacha20-poly1305,512,637,31200
chacha20-poly1305,512,638,31000
chacha20-poly1305,512,639,31200
chacha20-poly1305,512,640,32400
chacha20-poly1305,512,641,33100
chacha20-poly1305,512,642,30800
chacha20-poly1305,512,643,31100
chacha20-poly1305,512,644,30700
chacha20-poly1305,512,645,30900
chacha20-poly1305,512,646,31300
chacha20-poly1305,512,647,30800
chacha20-poly1305,512,648,31000
chacha20-poly1305,512,649,31100
chacha20-poly1305,512,650,30900
chacha20-poly1305,512,651,30900
chacha20-poly1305,512,652,31300
chacha20-poly1305,512,653,30900
chacha20-poly1305,512,654,30800
chacha20-poly1305,512,655,31300
chacha20-poly1305,512,656,31000
chacha20-poly1305,512,657,31100
chacha20-poly1305,512,658,31600
chacha20-poly1305,512,659,31100
chacha20-poly1305,512,660,30700
chacha20-poly1305,512,661,31300
chacha20-poly1305,512,662,30700
chacha20-poly1305,512,663,31000
chacha20-poly1305,512,664,31200
chacha20-poly1305,512,665,31000
chacha20-poly1305,512,666,31700
chacha20-poly1305,512,667,31300
chacha20-poly1305,512,668,31300
chacha20-poly1305,512,669,30800
chacha20-poly1305,512,670,31200
chacha20-poly1305,512,671,30900
chacha20-poly1305,512,672,32900
chacha20-poly1305,512,673,31900
chacha20-poly1305,512,674,30800
chacha20-poly1305,512,675,31100
chacha20-poly1305,512,676,31000
chacha20-poly1305,512,677,30900
chacha20-poly1305,512,678,31200
chacha20-poly1305,512,679,31200
chacha20-poly1305,512,680,30800
chacha20-poly1305,512,681,31100
chacha20-poly1305,512,682,31400
chacha20-poly1305,512,683,31000
chacha20-poly1305,512,684,31300
chacha20-poly1305,512,685,30900
chacha20-poly1305,512,686,31500
chacha20-poly1305,512,687,30800
chacha20-poly1305,512,688,31600
chacha20-poly1305,512,689,31100
chacha20-poly1305,512,690,30900
chacha20-poly1305,512,691,31400
chacha20-poly1305,512,692,30700
chacha20-poly1305,512,693,31200
chacha20-poly1305,512,694,31100
chacha20-poly1305,512,695,31100
chacha20-poly1305,512,696,30900
chacha20-poly1305,512,697,31200
chacha20-poly1305,512,698,31000
chacha20-poly1305,512,699,31100
chacha20-poly1305,512,700,31100
chacha20-poly1305,512,701,31000
chacha20-poly1305,512,702,31000
chacha20-poly1305,512,703,30900
chacha20-poly1305,512,704,87500
chacha20-poly1305,512,705,597200
chacha20-poly1305,512,706,141400
chacha20-poly1305,512,707,107500
chacha20-poly1305,512,708,75300
chacha20-poly1305,512,709,61700
chacha20-poly1305,512,710,92000
chacha20-poly1305,512,711,35200
chacha20-poly1305,512,712,88900
chacha20-poly1305,512,713,61000
chacha20-poly1305,512,714,87200
chacha20-poly1305,512,715,88400
chacha20-poly1305,512,716,40100
chacha20-poly1305,512,717,32500
chacha20-poly1305,512,718,31700
chacha20-poly1305,512,719,31600
chacha20-poly1305,512,720,31500
chacha20-poly1305,512,721,31900
chacha20-poly1305,512,722,31400
chacha20-poly1305,512,723,30900
chacha20-poly1305,512,724,31300
chacha20-poly1305,512,725,31000
chacha20-poly1305,512,726,30900
chacha20-poly1305,512,727,31300
chacha20-poly1305,512,728,30700
chacha20-poly1305,512,729,31300
chacha20-poly1305,512,730,35100
chacha20-poly1305,512,731,32400
chacha20-poly1305,512,732,31200
chacha20-poly1305,512,733,31400
chacha20-poly1305,512,734,30700
chacha20-poly1305,512,735,30900
chacha20-poly1305,512,736,31300
chacha20-poly1305,512,737,30900
chacha20-poly1305,512,738,31000
chacha20-poly1305,512,739,30900
chacha20-poly1305,512,740,31200
chacha20-poly1305,512,741,30900
chacha20-poly1305,512,742,31700
chacha20-poly1305,512,743,30800
chacha20-poly1305,512,744,30900
chacha20-poly1305,512,745,31500
chacha20-poly1305,512,746,30600
chacha20-poly1305,512,747,31000
chacha20-poly1305,512,748,31000
chacha20-poly1305,512,749,30800
chacha20-poly1305,512,750,30900
chacha20-poly1305,512,751,31300
chacha20-poly1305,512,752,30700
chacha20-poly1305,512,753,30900
chacha20-poly1305,512,754,31100
chacha20-poly1305,512,755,30900
chacha20-poly1305,512,756,30900
chacha20-poly1305,512,757,30900
chacha20-poly1305,512,758,30900
chacha20-poly1305,512,759,30900
chacha20-poly1305,512,760,31200
chacha20-poly1305,512,761,31100
chacha20-poly1305,512,762,30800
chacha20-poly1305,512,763,31000
chacha20-poly1305,512,764,31100
chacha20-poly1305,512,765,31200
chacha20-poly1305,512,766,31100
chacha20-poly1305,512,767,30800
chacha20-poly1305,512,768,30900
chacha20-poly1305,512,769,31100
chacha20-poly1305,512,770,31100
chacha20-poly1305,512,771,30900
chacha20-poly1305,512,772,31100
chacha20-poly1305,512,773,30700
chacha20-poly1305,512,774,31000
chacha20-poly1305,512,775,31000
chacha20-poly1305,512,776,30800
chacha20-poly1305,512,777,30600
chacha20-poly1305,512,778,31100
chacha20-poly1305,512,779,30800
chacha20-poly1305,512,780,30700
chacha20-poly1305,512,781,31100
chacha20-poly1305,512,782,30700
chacha20-poly1305,512,783,31300
chacha20-poly1305,512,784,31200
chacha20-poly1305,512,785,31200
chacha20-poly1305,512,786,30700
chacha20-poly1305,512,787,31200
chacha20-poly1305,512,788,30700
chacha20-poly1305,512,789,30600
chacha20-poly1305,512,790,31200
chacha20-poly1305,512,791,30900
chacha20-poly1305,512,792,30900
chacha20-poly1305,512,793,31700
chacha20-poly1305,512,794,30600
chacha20-poly1305,512,795,30900
chacha20-poly1305,512,796,31400
chacha20-poly1305,512,797,31000
chacha20-poly1305,512,798,31100
chacha20-poly1305,512,799,31300
chacha20-poly1305,512,800,31100
chacha20-poly1305,512,801,31000
chacha20-poly1305,512,802,31100
chacha20-poly1305,512,803,30900
chacha20-poly1305,512,804,31000
chacha20-poly1305,512,805,31300
chacha20-poly1305,512,806,30900
chacha20-poly1305,512,807,30800
chacha20-poly1305,512,808,31100
chacha20-poly1305,512,809,30600
chacha20-poly1305,512,810,31000
chacha20-poly1305,512,811,31100
chacha20-poly1305,512,812,31000
chacha20-poly1305,512,813,30800
chacha20-poly1305,512,814,31100
chacha20-poly1305,512,815,30900
chacha20-poly1305,512,816,30900
chacha20-poly1305,512,817,31200
chacha20-poly1305,512,818,30700
chacha20-poly1305,512,819,31200
chacha20-poly1305,512,820,31000
chacha20-poly1305,512,821,31200
chacha20-poly1305,512,822,31000
chacha20-poly1305,512,823,31100
chacha20-poly1305,512,824,30800
chacha20-poly1305,512,825,31200
chacha20-poly1305,512,826,31400
chacha20-poly1305,512,827,30800
chacha20-poly1305,512,828,31100
chacha20-poly1305,512,829,30900
chacha20-poly1305,512,830,30800
chacha20-poly1305,512,831,31000
chacha20-poly1305,512,832,31200
chacha20-poly1305,512,833,30900
chacha20-poly1305,512,834,30900
chacha20-poly1305,512,835,31300
chacha20-poly1305,512,836,30700
chacha20-poly1305,512,837,31100
chacha20-poly1305,512,838,31100
chacha20-poly1305,512,839,31100
chacha20-poly1305,512,840,30900
chacha20-poly1305,512,841,31100
chacha20-poly1305,512,842,30900
chacha20-poly1305,512,843,75700
chacha20-poly1305,512,844,132900
chacha20-poly1305,512,845,60500
chacha20-poly1305,512,846,35500
chacha20-poly1305,512,847,32000
chacha20-poly1305,512,848,32000
chacha20-poly1305,512,849,31900
chacha20-poly1305,512,850,31600
chacha20-poly1305,512,851,30900
chacha20-poly1305,512,852,34600
chacha20-poly1305,512,853,31400
chacha20-poly1305,512,854,32100
chacha20-poly1305,512,855,31400
chacha20-poly1305,512,856,51700
chacha20-poly1305,512,857,49700
chacha20-poly1305,512,858,37300
chacha20-poly1305,512,859,55300
chacha20-poly1305,512,860,97500
chacha20-poly1305,512,861,87500
chacha20-poly1305,512,862,41300
chacha20-poly1305,512,863,32400
chacha20-poly1305,512,864,32800
chacha20-poly1305,512,865,31700
chacha20-poly1305,512,866,32200
chacha20-poly1305,512,867,31000
chacha20-poly1305,512,868,31500
chacha20-poly1305,512,869,30800
chacha20-poly1305,512,870,31200
chacha20-poly1305,512,871,31300
chacha20-poly1305,512,872,31000
chacha20-poly1305,512,873,31300
chacha20-poly1305,512,874,31400
chacha20-poly1305,512,875,31000
chacha20-poly1305,512,876,30900
chacha20-poly1305,512,877,31700
chacha20-poly1305,512,878,31200
chacha20-poly1305,512,879,30900
chacha20-poly1305,512,880,31300
chacha20-poly1305,512,881,31100
chacha20-poly1305,512,882,31600
chacha20-poly1305,512,883,31100
chacha20-poly1305,512,884,31200
chacha20-poly1305,512,885,31200
chacha20-poly1305,512,886,31400
chacha20-poly1305,512,887,31200
chacha20-poly1305,512,888,31000
chacha20-poly1305,512,889,31300
chacha20-poly1305,512,890,31000
chacha20-poly1305,512,891,31100
chacha20-poly1305,512,892,31200
chacha20-poly1305,512,893,31000
chacha20-poly1305,512,894,30900
chacha20-poly1305,512,895,31200
chacha20-poly1305,512,896,31100
chacha20-poly1305,512,897,31000
chacha20-poly1305,512,898,31200
chacha20-poly1305,512,899,30800
chacha20-poly1305,512,900,31000
chacha20-poly1305,512,901,31000
chacha20-poly1305,512,902,31000
chacha20-poly1305,512,903,30800
chacha20-poly1305,512,904,31300
chacha20-poly1305,512,905,31300
chacha20-poly1305,512,906,31200
chacha20-poly1305,512,907,31300
chacha20-poly1305,512,908,32500
chacha20-poly1305,512,909,37400
chacha20-poly1305,512,910,31300
chacha20-poly1305,512,911,31000
chacha20-poly1305,512,912,30900
chacha20-poly1305,512,913,31200
chacha20-poly1305,512,914,30900
chacha20-poly1305,512,915,30900
chacha20-poly1305,512,916,31300
chacha20-poly1305,512,917,30900
chacha20-poly1305,512,918,31000
chacha20-poly1305,512,919,31100
chacha20-poly1305,512,920,31000
chacha20-poly1305,512,921,31800
chacha20-poly1305,512,922,31300
chacha20-poly1305,512,923,30700
chacha20-poly1305,512,924,30900
chacha20-poly1305,512,925,31100
chacha20-poly1305,512,926,30900
chacha20-poly1305,512,927,31000
chacha20-poly1305,512,928,31300
chacha20-poly1305,512,929,31300
chacha20-poly1305,512,930,30900
chacha20-poly1305,512,931,31300
chacha20-poly1305,512,932,30700
chacha20-poly1305,512,933,30800
chacha20-poly1305,512,934,31300
chacha20-poly1305,512,935,30800
chacha20-poly1305,512,936,31200
chacha20-poly1305,512,937,31000
chacha20-poly1305,512,938,31600
chacha20-poly1305,512,939,31000
chacha20-poly1305,512,940,33500
chacha20-poly1305,512,941,30900
chacha20-poly1305,512,942,31000
chacha20-poly1305,512,943,31000
chacha20-poly1305,512,944,30900
chacha20-poly1305,512,945,31100
chacha20-poly1305,512,946,31100
chacha20-poly1305,512,947,31200
chacha20-poly1305,512,948,31000
chacha20-poly1305,512,949,31200
chacha20-poly1305,512,950,30800
chacha20-poly1305,512,951,31100
chacha20-poly1305,512,952,31300
chacha20-poly1305,512,953,30800
chacha20-poly1305,512,954,31200
chacha20-poly1305,512,955,30900
chacha20-poly1305,512,956,31100
chacha20-poly1305,512,957,30900
chacha20-poly1305,512,958,31200
chacha20-poly1305,512,959,30900
chacha20-poly1305,512,960,31000
chacha20-poly1305,512,961,31300
chacha20-poly1305,512,962,31100
chacha20-poly1305,512,963,31100
chacha20-poly1305,512,964,31200
chacha20-poly1305,512,965,30900
chacha20-poly1305,512,966,31400
chacha20-poly1305,512,967,31200
chacha20-poly1305,512,968,30800
chacha20-poly1305,512,969,30900
chacha20-poly1305,512,970,31500
chacha20-poly1305,512,971,30700
chacha20-poly1305,512,972,31000
chacha20-poly1305,512,973,31200
chacha20-poly1305,512,974,31000
chacha20-poly1305,512,975,30900
chacha20-poly1305,512,976,31200
chacha20-poly1305,512,977,31100
chacha20-poly1305,512,978,30900
chacha20-poly1305,512,979,31500
chacha20-poly1305,512,980,30800
chacha20-poly1305,512,981,31400
chacha20-poly1305,512,982,31100
chacha20-poly1305,512,983,31200
chacha20-poly1305,512,984,31100
chacha20-poly1305,512,985,32400
chacha20-poly1305,512,986,31000
chacha20-poly1305,512,987,30900
chacha20-poly1305,512,988,31400
chacha20-poly1305,512,989,76900
chacha20-poly1305,512,990,78000
chacha20-poly1305,512,991,89700
chacha20-poly1305,512,992,129100
chacha20-poly1305,512,993,149800
chacha20-poly1305,512,994,107400
chacha20-poly1305,512,995,176400
chacha20-poly1305,512,996,98700
chacha20-poly1305,512,997,71800
chacha20-poly1305,512,998,40700
chacha20-poly1305,512,999,54500
chacha20-poly1305,512,1000,103600
chacha20-poly1305,512,1001,101400
chacha20-poly1305,512,1002,62900
chacha20-poly1305,512,1003,35900
chacha20-poly1305,512,1004,31800
chacha20-poly1305,512,1005,31700
chacha20-poly1305,512,1006,33600
chacha20-poly1305,512,1007,37600
chacha20-poly1305,512,1008,31300
chacha20-poly1305,512,1009,31400
chacha20-poly1305,512,1010,31400
chacha20-poly1305,512,1011,31100
chacha20-poly1305,512,1012,31400
chacha20-poly1305,512,1013,31500
chacha20-poly1305,512,1014,37300
chacha20-poly1305,512,1015,35500
chacha20-poly1305,512,1016,32000
chacha20-poly1305,512,1017,54600
chacha20-poly1305,512,1018,49100
chacha20-poly1305,512,1019,36500
chacha20-poly1305,512,1020,31700
chacha20-poly1305,512,1021,31600
chacha20-poly1305,512,1022,31600
chacha20-poly1305,512,1023,31200
chacha20-poly1305,512,1024,31400
chacha20-poly1305,512,1025,30800
chacha20-poly1305,512,1026,31200
chacha20-poly1305,512,1027,31800
chacha20-poly1305,512,1028,31200
chacha20-poly1305,512,1029,30900
chacha20-poly1305,512,1030,31100
chacha20-poly1305,512,1031,30700
chacha20-poly1305,512,1032,30800
chacha20-poly1305,512,1033,31100
chacha20-poly1305,512,1034,31000
chacha20-poly1305,512,1035,31000
chacha20-poly1305,512,1036,33100
chacha20-poly1305,512,1037,31300
chacha20-poly1305,512,1038,31100
chacha20-poly1305,512,1039,31200
chacha20-poly1305,512,1040,30900
chacha20-poly1305,512,1041,30900
chacha20-poly1305,512,1042,31200
chacha20-poly1305,512,1043,30900
chacha20-poly1305,512,1044,31000
chacha20-poly1305,512,1045,31200
chacha20-poly1305,512,1046,31100
chacha20-poly1305,512,1047,30800
chacha20-poly1305,512,1048,32100
chacha20-poly1305,512,1049,30800
chacha20-poly1305,512,1050,31300
chacha20-poly1305,512,1051,31100
chacha20-poly1305,512,1052,30800
chacha20-poly1305,512,1053,31300
chacha20-poly1305,512,1054,33300
chacha20-poly1305,512,1055,31200
chacha20-poly1305,512,1056,30900
chacha20-poly1305,512,1057,31300
chacha20-poly1305,512,1058,30900
chacha20-poly1305,512,1059,31000
chacha20-poly1305,512,1060,31200
chacha20-poly1305,512,1061,30800
chacha20-poly1305,512,1062,31200
chacha20-poly1305,512,1063,30900
chacha20-poly1305,512,1064,30900
chacha20-poly1305,512,1065,30800
chacha20-poly1305,512,1066,31500
chacha20-poly1305,512,1067,33300
chacha20-poly1305,512,1068,129100
chacha20-poly1305,512,1069,90700
chacha20-poly1305,512,1070,41600
chacha20-poly1305,512,1071,33100
chacha20-poly1305,512,1072,31900
chacha20-poly1305,512,1073,31700
chacha20-poly1305,512,1074,31300
chacha20-poly1305,512,1075,31500
chacha20-poly1305,512,1076,31200
chacha20-poly1305,512,1077,31200
chacha20-poly1305,512,1078,32400
chacha20-poly1305,512,1079,31200
chacha20-poly1305,512,1080,31600
chacha20-poly1305,512,1081,31200
chacha20-poly1305,512,1082,31100
chacha20-poly1305,512,1083,31200
chacha20-poly1305,512,1084,31300
chacha20-poly1305,512,1085,31100
chacha20-poly1305,512,1086,31400
chacha20-poly1305,512,1087,31500
chacha20-poly1305,512,1088,31200
chacha20-poly1305,512,1089,31200
chacha20-poly1305,512,1090,31400
chacha20-poly1305,512,1091,31200
chacha20-poly1305,512,1092,30800
chacha20-poly1305,512,1093,31400
chacha20-poly1305,512,1094,35000
chacha20-poly1305,512,1095,30800
chacha20-poly1305,512,1096,31200
chacha20-poly1305,512,1097,31200
chacha20-poly1305,512,1098,31500
chacha20-poly1305,512,1099,31300
chacha20-poly1305,512,1100,31400
chacha20-poly1305,512,1101,31300
chacha20-poly1305,512,1102,31300
chacha20-poly1305,512,1103,30900
chacha20-poly1305,512,1104,31200
chacha20-poly1305,512,1105,31400
chacha20-poly1305,512,1106,31300
chacha20-poly1305,512,1107,31400
chacha20-poly1305,512,1108,31300
chacha20-poly1305,512,1109,31400
chacha20-poly1305,512,1110,40000
chacha20-poly1305,512,1111,33500
chacha20-poly1305,512,1112,33100
chacha20-poly1305,512,1113,75600
chacha20-poly1305,512,1114,42200
chacha20-poly1305,512,1115,33100
chacha20-poly1305,512,1116,32100
chacha20-poly1305,512,1117,48700
chacha20-poly1305,512,1118,100600
chacha20-poly1305,512,1119,63400
chacha20-poly1305,512,1120,127900
chacha20-poly1305,512,1121,117400
chacha20-poly1305,512,1122,109700
chacha20-poly1305,512,1123,116900
chacha20-poly1305,512,1124,108300
chacha20-poly1305,512,1125,61400
chacha20-poly1305,512,1126,35200
chacha20-poly1305,512,1127,32300
chacha20-poly1305,512,1128,32800
chacha20-poly1305,512,1129,31800
chacha20-poly1305,512,1130,31300
chacha20-poly1305,512,1131,31200
chacha20-poly1305,512,1132,31400
chacha20-poly1305,512,1133,31100
chacha20-poly1305,512,1134,31800
chacha20-poly1305,512,1135,31100
chacha20-poly1305,512,1136,34500
chacha20-poly1305,512,1137,31300
chacha20-poly1305,512,1138,31400
chacha20-poly1305,512,1139,31700
chacha20-poly1305,512,1140,31200
chacha20-poly1305,512,1141,31500
chacha20-poly1305,512,1142,31100
chacha20-poly1305,512,1143,31300
chacha20-poly1305,512,1144,31400
chacha20-poly1305,512,1145,31300
chacha20-poly1305,512,1146,31100
chacha20-poly1305,512,1147,31300
chacha20-poly1305,512,1148,31000
chacha20-poly1305,512,1149,30800
chacha20-poly1305,512,1150,31700
chacha20-poly1305,512,1151,30900
chacha20-poly1305,512,1152,31100
chacha20-poly1305,512,1153,31100
chacha20-poly1305,512,1154,31300
chacha20-poly1305,512,1155,31200
chacha20-poly1305,512,1156,31000
chacha20-poly1305,512,1157,30900
chacha20-poly1305,512,1158,31000
chacha20-poly1305,512,1159,31200
chacha20-poly1305,512,1160,31300
chacha20-poly1305,512,1161,31300
chacha20-poly1305,512,1162,31300
chacha20-poly1305,512,1163,31000
chacha20-poly1305,512,1164,31200
chacha20-poly1305,512,1165,31200
chacha20-poly1305,512,1166,31000
chacha20-poly1305,512,1167,30800
chacha20-poly1305,512,1168,31500
chacha20-poly1305,512,1169,31000
chacha20-poly1305,512,1170,31300
chacha20-poly1305,512,1171,31600
chacha20-poly1305,512,1172,31200
chacha20-poly1305,512,1173,31000
chacha20-poly1305,512,1174,31200
chacha20-poly1305,512,1175,31700
chacha20-poly1305,512,1176,31800
chacha20-poly1305,512,1177,31200
chacha20-poly1305,512,1178,116700
chacha20-poly1305,512,1179,68600
chacha20-poly1305,512,1180,108600
chacha20-poly1305,512,1181,62700
chacha20-poly1305,512,1182,35000
chacha20-poly1305,512,1183,32700
chacha20-poly1305,512,1184,31500
chacha20-poly1305,512,1185,31500
chacha20-poly1305,512,1186,32200
chacha20-poly1305,512,1187,31300
chacha20-poly1305,512,1188,31400
chacha20-poly1305,512,1189,31300
chacha20-poly1305,512,1190,32600
chacha20-poly1305,512,1191,33300
chacha20-poly1305,512,1192,32900
chacha20-poly1305,512,1193,31200
chacha20-poly1305,512,1194,30900
chacha20-poly1305,512,1195,31300
chacha20-poly1305,512,1196,31200
chacha20-poly1305,512,1197,31300
chacha20-poly1305,512,1198,31000
chacha20-poly1305,512,1199,31100
chacha20-poly1305,512,1200,31100
chacha20-poly1305,512,1201,31600
chacha20-poly1305,512,1202,31100
chacha20-poly1305,512,1203,31100
chacha20-poly1305,512,1204,31400
chacha20-poly1305,512,1205,30900
chacha20-poly1305,512,1206,31400
chacha20-poly1305,512,1207,31500
chacha20-poly1305,512,1208,31100
chacha20-poly1305,512,1209,30800
chacha20-poly1305,512,1210,31300
chacha20-poly1305,512,1211,30900
chacha20-poly1305,512,1212,31200
chacha20-poly1305,512,1213,31400
chacha20-poly1305,512,1214,30800
chacha20-poly1305,512,1215,31400
chacha20-poly1305,512,1216,31100
chacha20-poly1305,512,1217,31300
chacha20-poly1305,512,1218,31800
chacha20-poly1305,512,1219,31300
chacha20-poly1305,512,1220,31100
chacha20-poly1305,512,1221,31100
chacha20-poly1305,512,1222,31400
chacha20-poly1305,512,1223,30600
chacha20-poly1305,512,1224,31300
chacha20-poly1305,512,1225,31100
chacha20-poly1305,512,1226,31200
chacha20-poly1305,512,1227,31200
chacha20-poly1305,512,1228,31500
chacha20-poly1305,512,1229,30900
chacha20-poly1305,512,1230,31000
chacha20-poly1305,512,1231,31300
chacha20-poly1305,512,1232,31000
chacha20-poly1305,512,1233,31400
chacha20-poly1305,512,1234,31000
chacha20-poly1305,512,1235,31300
chacha20-poly1305,512,1236,31000
chacha20-poly1305,512,1237,31300
chacha20-poly1305,512,1238,30800
chacha20-poly1305,512,1239,31300
chacha20-poly1305,512,1240,32400
chacha20-poly1305,512,1241,31100
chacha20-poly1305,512,1242,31500
chacha20-poly1305,512,1243,31300
chacha20-poly1305,512,1244,31300
chacha20-poly1305,512,1245,31100
chacha20-poly1305,512,1246,31600
chacha20-poly1305,512,1247,30900
chacha20-poly1305,512,1248,30900
chacha20-poly1305,512,1249,31400
chacha20-poly1305,512,1250,31100
chacha20-poly1305,512,1251,31200
chacha20-poly1305,512,1252,30900
chacha20-poly1305,512,1253,31100
chacha20-poly1305,512,1254,32200
chacha20-poly1305,512,1255,81300
chacha20-poly1305,512,1256,98100
chacha20-poly1305,512,1257,114900
chacha20-poly1305,512,1258,72300
chacha20-poly1305,512,1259,40600
chacha20-poly1305,512,1260,89600
chacha20-poly1305,512,1261,97400
chacha20-poly1305,512,1262,106800
chacha20-poly1305,512,1263,61200
chacha20-poly1305,512,1264,35500
chacha20-poly1305,512,1265,32200
chacha20-poly1305,512,1266,31600
chacha20-poly1305,512,1267,31700
chacha20-poly1305,512,1268,31100
chacha20-poly1305,512,1269,31400
chacha20-poly1305,512,1270,31100
chacha20-poly1305,512,1271,35200
chacha20-poly1305,512,1272,30800
chacha20-poly1305,512,1273,31400
chacha20-poly1305,512,1274,31500
chacha20-poly1305,512,1275,31400
chacha20-poly1305,512,1276,31400
chacha20-poly1305,512,1277,91000
chacha20-poly1305,512,1278,93100
chacha20-poly1305,512,1279,43800
chacha20-poly1305,512,1280,39700
chacha20-poly1305,512,1281,50100
chacha20-poly1305,512,1282,89700
chacha20-poly1305,512,1283,89900
chacha20-poly1305,512,1284,61400
chacha20-poly1305,512,1285,35600
chacha20-poly1305,512,1286,32100
chacha20-poly1305,512,1287,65600
chacha20-poly1305,512,1288,41400
chacha20-poly1305,512,1289,33200
chacha20-poly1305,512,1290,32200
chacha20-poly1305,512,1291,32000
chacha20-poly1305,512,1292,31800
chacha20-poly1305,512,1293,31500
chacha20-poly1305,512,1294,76300
chacha20-poly1305,512,1295,44200
chacha20-poly1305,512,1296,33700
chacha20-poly1305,512,1297,31400
chacha20-poly1305,512,1298,31600
chacha20-poly1305,512,1299,31900
chacha20-poly1305,512,1300,31700
chacha20-poly1305,512,1301,31100
chacha20-poly1305,512,1302,40500
chacha20-poly1305,512,1303,33200
chacha20-poly1305,512,1304,31300
chacha20-poly1305,512,1305,31800
chacha20-poly1305,512,1306,33700
chacha20-poly1305,512,1307,31300
chacha20-poly1305,512,1308,31000
chacha20-poly1305,512,1309,31500
chacha20-poly1305,512,1310,31200
chacha20-poly1305,512,1311,31000
chacha20-poly1305,512,1312,31500
chacha20-poly1305,512,1313,31100
chacha20-poly1305,512,1314,31200
chacha20-poly1305,512,1315,31300
chacha20-poly1305,512,1316,31200
chacha20-poly1305,512,1317,31100
chacha20-poly1305,512,1318,31300
chacha20-poly1305,512,1319,31100
chacha20-poly1305,512,1320,31800
chacha20-poly1305,512,1321,31300
chacha20-poly1305,512,1322,71200
chacha20-poly1305,512,1323,197100
chacha20-poly1305,512,1324,191100
chacha20-poly1305,512,1325,136700
chacha20-poly1305,512,1326,66000
chacha20-poly1305,512,1327,89700
chacha20-poly1305,512,1328,89500
chacha20-poly1305,512,1329,40100
chacha20-poly1305,512,1330,34800
chacha20-poly1305,512,1331,31400
chacha20-poly1305,512,1332,31900
chacha20-poly1305,512,1333,64600
chacha20-poly1305,512,1334,41400
chacha20-poly1305,512,1335,33700
chacha20-poly1305,512,1336,32800
chacha20-poly1305,512,1337,31700
chacha20-poly1305,512,1338,31500
chacha20-poly1305,512,1339,32000
chacha20-poly1305,512,1340,31400
chacha20-poly1305,512,1341,31800
chacha20-poly1305,512,1342,69500
chacha20-poly1305,512,1343,42700
chacha20-poly1305,512,1344,33400
chacha20-poly1305,512,1345,34500
chacha20-poly1305,512,1346,37700
chacha20-poly1305,512,1347,31900
chacha20-poly1305,512,1348,70800
chacha20-poly1305,512,1349,35300
chacha20-poly1305,512,1350,32600
chacha20-poly1305,512,1351,31500
chacha20-poly1305,512,1352,31500
chacha20-poly1305,512,1353,31100
chacha20-poly1305,512,1354,31800
chacha20-poly1305,512,1355,30900
chacha20-poly1305,512,1356,31300
chacha20-poly1305,512,1357,32000
chacha20-poly1305,512,1358,31500
chacha20-poly1305,512,1359,31100
chacha20-poly1305,512,1360,31100
chacha20-poly1305,512,1361,31200
chacha20-poly1305,512,1362,31100
chacha20-poly1305,512,1363,31400
chacha20-poly1305,512,1364,31300
chacha20-poly1305,512,1365,31200
chacha20-poly1305,512,1366,31300
chacha20-poly1305,512,1367,32000
chacha20-poly1305,512,1368,31500
chacha20-poly1305,512,1369,31100
chacha20-poly1305,512,1370,31200
chacha20-poly1305,512,1371,31100
chacha20-poly1305,512,1372,31100
chacha20-poly1305,512,1373,30900
chacha20-poly1305,512,1374,31100
chacha20-poly1305,512,1375,31400
chacha20-poly1305,512,1376,34800
chacha20-poly1305,512,1377,31300
chacha20-poly1305,512,1378,31600
chacha20-poly1305,512,1379,31200
chacha20-poly1305,512,1380,31500
chacha20-poly1305,512,1381,31300
chacha20-poly1305,512,1382,30800
chacha20-poly1305,512,1383,31100
chacha20-poly1305,512,1384,31400
chacha20-poly1305,512,1385,31000
chacha20-poly1305,512,1386,31500
chacha20-poly1305,512,1387,31100
chacha20-poly1305,512,1388,31100
chacha20-poly1305,512,1389,31400
chacha20-poly1305,512,1390,31400
chacha20-poly1305,512,1391,31000
chacha20-poly1305,512,1392,31200
chacha20-poly1305,512,1393,31400
chacha20-poly1305,512,1394,31100
chacha20-poly1305,512,1395,31100
chacha20-poly1305,512,1396,31100
chacha20-poly1305,512,1397,31000
chacha20-poly1305,512,1398,31000
chacha20-poly1305,512,1399,31300
chacha20-poly1305,512,1400,31200
chacha20-poly1305,512,1401,30900
chacha20-poly1305,512,1402,31100
chacha20-poly1305,512,1403,30900
chacha20-poly1305,512,1404,31200
chacha20-poly1305,512,1405,31000
chacha20-poly1305,512,1406,31300
chacha20-poly1305,512,1407,33800
chacha20-poly1305,512,1408,31100
chacha20-poly1305,512,1409,30900
chacha20-poly1305,512,1410,31500
chacha20-poly1305,512,1411,70700
chacha20-poly1305,512,1412,125000
chacha20-poly1305,512,1413,74500
chacha20-poly1305,512,1414,96700
chacha20-poly1305,512,1415,60700
chacha20-poly1305,512,1416,131100
chacha20-poly1305,512,1417,91200
chacha20-poly1305,512,1418,37600
chacha20-poly1305,512,1419,33200
chacha20-poly1305,512,1420,77800
chacha20-poly1305,512,1421,84100
chacha20-poly1305,512,1422,106000
chacha20-poly1305,512,1423,63700
chacha20-poly1305,512,1424,35300
chacha20-poly1305,512,1425,32400
chacha20-poly1305,512,1426,32300
chacha20-poly1305,512,1427,55400
chacha20-poly1305,512,1428,58400
chacha20-poly1305,512,1429,35300
chacha20-poly1305,512,1430,31700
chacha20-poly1305,512,1431,87300
chacha20-poly1305,512,1432,82000
chacha20-poly1305,512,1433,60500
chacha20-poly1305,512,1434,36800
chacha20-poly1305,512,1435,54900
chacha20-poly1305,512,1436,100900
chacha20-poly1305,512,1437,90500
chacha20-poly1305,512,1438,78100
chacha20-poly1305,512,1439,92800
chacha20-poly1305,512,1440,79600
chacha20-poly1305,512,1441,39900
chacha20-poly1305,512,1442,71000
chacha20-poly1305,512,1443,41500
chacha20-poly1305,512,1444,34400
chacha20-poly1305,512,1445,32200
chacha20-poly1305,512,1446,31400
chacha20-poly1305,512,1447,34500
chacha20-poly1305,512,1448,33300
chacha20-poly1305,512,1449,32100
chacha20-poly1305,512,1450,53500
chacha20-poly1305,512,1451,103900
chacha20-poly1305,512,1452,61500
chacha20-poly1305,512,1453,35700
chacha20-poly1305,512,1454,31900
chacha20-poly1305,512,1455,31400
chacha20-poly1305,512,1456,32300
chacha20-poly1305,512,1457,31300
chacha20-poly1305,512,1458,33700
chacha20-poly1305,512,1459,101400
chacha20-poly1305,512,1460,122600
chacha20-poly1305,512,1461,60600
chacha20-poly1305,512,1462,36000
chacha20-poly1305,512,1463,31900
chacha20-poly1305,512,1464,31600
chacha20-poly1305,512,1465,31800
chacha20-poly1305,512,1466,31600
chacha20-poly1305,512,1467,31600
chacha20-poly1305,512,1468,31900
chacha20-poly1305,512,1469,31300
chacha20-poly1305,512,1470,31400
chacha20-poly1305,512,1471,31400
chacha20-poly1305,512,1472,31000
chacha20-poly1305,512,1473,31100
chacha20-poly1305,512,1474,31200
chacha20-poly1305,512,1475,30900
chacha20-poly1305,512,1476,31400
chacha20-poly1305,512,1477,31000
chacha20-poly1305,512,1478,31000
chacha20-poly1305,512,1479,31200
chacha20-poly1305,512,1480,31200
chacha20-poly1305,512,1481,30800
chacha20-poly1305,512,1482,30800
chacha20-poly1305,512,1483,31100
chacha20-poly1305,512,1484,32200
chacha20-poly1305,512,1485,31300
chacha20-poly1305,512,1486,31300
chacha20-poly1305,512,1487,31200
chacha20-poly1305,512,1488,31100
chacha20-poly1305,512,1489,31400
chacha20-poly1305,512,1490,31100
chacha20-poly1305,512,1491,30900
chacha20-poly1305,512,1492,31300
chacha20-poly1305,512,1493,31200
chacha20-poly1305,512,1494,31400
chacha20-poly1305,512,1495,32100
chacha20-poly1305,512,1496,31500
chacha20-poly1305,512,1497,31100
chacha20-poly1305,512,1498,31800
chacha20-poly1305,512,1499,30900
chacha20-poly1305,512,1500,31000
chacha20-poly1305,512,1501,31400
chacha20-poly1305,512,1502,31000
chacha20-poly1305,512,1503,31000
chacha20-poly1305,512,1504,30900
chacha20-poly1305,512,1505,31000
chacha20-poly1305,512,1506,30900
chacha20-poly1305,512,1507,31200
chacha20-poly1305,512,1508,30900
chacha20-poly1305,512,1509,31200
chacha20-poly1305,512,1510,31200
chacha20-poly1305,512,1511,31000
chacha20-poly1305,512,1512,31400
chacha20-poly1305,512,1513,31200
chacha20-poly1305,512,1514,31100
chacha20-poly1305,512,1515,31000
chacha20-poly1305,512,1516,31100
chacha20-poly1305,512,1517,30500
chacha20-poly1305,512,1518,30900
chacha20-poly1305,512,1519,31600
chacha20-poly1305,512,1520,131800
chacha20-poly1305,512,1521,96500
chacha20-poly1305,512,1522,41600
chacha20-poly1305,512,1523,32800
chacha20-poly1305,512,1524,31600
chacha20-poly1305,512,1525,31500
chacha20-poly1305,512,1526,31900
chacha20-poly1305,512,1527,75700
chacha20-poly1305,512,1528,131200
chacha20-poly1305,512,1529,152300
chacha20-poly1305,512,1530,88400
chacha20-poly1305,512,1531,40700
chacha20-poly1305,512,1532,33100
chacha20-poly1305,512,1533,32100
chacha20-poly1305,512,1534,31500
chacha20-poly1305,512,1535,31300
chacha20-poly1305,512,1536,31300
chacha20-poly1305,512,1537,31500
chacha20-poly1305,512,1538,30900
chacha20-poly1305,512,1539,31100
chacha20-poly1305,512,1540,31700
chacha20-poly1305,512,1541,31100
chacha20-poly1305,512,1542,30900
chacha20-poly1305,512,1543,31300
chacha20-poly1305,512,1544,31300
chacha20-poly1305,512,1545,31100
chacha20-poly1305,512,1546,40100
chacha20-poly1305,512,1547,32400
chacha20-poly1305,512,1548,54600
chacha20-poly1305,512,1549,74200
chacha20-poly1305,512,1550,59300
chacha20-poly1305,512,1551,55700
chacha20-poly1305,512,1552,54700
chacha20-poly1305,512,1553,162600
chacha20-poly1305,512,1554,96700
chacha20-poly1305,512,1555,37500
chacha20-poly1305,512,1556,56700
chacha20-poly1305,512,1557,90100
chacha20-poly1305,512,1558,43100
chacha20-poly1305,512,1559,33700
chacha20-poly1305,512,1560,31400
chacha20-poly1305,512,1561,31900
chacha20-poly1305,512,1562,31100
chacha20-poly1305,512,1563,48300
chacha20-poly1305,512,1564,98900
chacha20-poly1305,512,1565,86000
chacha20-poly1305,512,1566,73000
chacha20-poly1305,512,1567,45700
chacha20-poly1305,512,1568,32900
chacha20-poly1305,512,1569,31600
chacha20-poly1305,512,1570,32200
chacha20-poly1305,512,1571,31400
chacha20-poly1305,512,1572,31400
chacha20-poly1305,512,1573,34500
chacha20-poly1305,512,1574,31000
chacha20-poly1305,512,1575,31400
chacha20-poly1305,512,1576,31700
chacha20-poly1305,512,1577,39500
chacha20-poly1305,512,1578,70300
chacha20-poly1305,512,1579,37900
chacha20-poly1305,512,1580,54100
chacha20-poly1305,512,1581,50000
chacha20-poly1305,512,1582,34500
chacha20-poly1305,512,1583,52400
chacha20-poly1305,512,1584,103100
chacha20-poly1305,512,1585,57300
chacha20-poly1305,512,1586,55100
chacha20-poly1305,512,1587,57400
chacha20-poly1305,512,1588,35000
chacha20-poly1305,512,1589,31600
chacha20-poly1305,512,1590,31400
chacha20-poly1305,512,1591,32000
chacha20-poly1305,512,1592,31000
chacha20-poly1305,512,1593,31600
chacha20-poly1305,512,1594,31100
chacha20-poly1305,512,1595,33000
chacha20-poly1305,512,1596,33000
chacha20-poly1305,512,1597,54400
chacha20-poly1305,512,1598,48200
chacha20-poly1305,512,1599,35700
chacha20-poly1305,512,1600,32600
chacha20-poly1305,512,1601,31000
chacha20-poly1305,512,1602,31200
chacha20-poly1305,512,1603,31500
chacha20-poly1305,512,1604,31800
chacha20-poly1305,512,1605,31200
chacha20-poly1305,512,1606,31200
chacha20-poly1305,512,1607,31200
chacha20-poly1305,512,1608,30900
chacha20-poly1305,512,1609,31200
chacha20-poly1305,512,1610,31300
chacha20-poly1305,512,1611,31200
chacha20-poly1305,512,1612,31100
chacha20-poly1305,512,1613,31200
chacha20-poly1305,512,1614,31000
chacha20-poly1305,512,1615,31600
chacha20-poly1305,512,1616,30900
chacha20-poly1305,512,1617,30800
chacha20-poly1305,512,1618,31300
chacha20-poly1305,512,1619,30900
chacha20-poly1305,512,1620,31000
chacha20-poly1305,512,1621,31100
chacha20-poly1305,512,1622,31600
chacha20-poly1305,512,1623,31100
chacha20-poly1305,512,1624,31300
chacha20-poly1305,512,1625,31000
chacha20-poly1305,512,1626,30500
chacha20-poly1305,512,1627,31700
chacha20-poly1305,512,1628,30900
chacha20-poly1305,512,1629,31000
chacha20-poly1305,512,1630,31100
chacha20-poly1305,512,1631,30900
chacha20-poly1305,512,1632,30800
chacha20-poly1305,512,1633,31300
chacha20-poly1305,512,1634,30800
chacha20-poly1305,512,1635,31200
chacha20-poly1305,512,1636,31300
chacha20-poly1305,512,1637,30700
chacha20-poly1305,512,1638,31400
chacha20-poly1305,512,1639,31200
chacha20-poly1305,512,1640,31000
chacha20-poly1305,512,1641,30700
chacha20-poly1305,512,1642,31100
chacha20-poly1305,512,1643,31000
chacha20-poly1305,512,1644,30900
chacha20-poly1305,512,1645,31100
chacha20-poly1305,512,1646,30900
chacha20-poly1305,512,1647,31200
chacha20-poly1305,512,1648,31000
chacha20-poly1305,512,1649,31200
chacha20-poly1305,512,1650,31100
chacha20-poly1305,512,1651,31100
chacha20-poly1305,512,1652,30800
chacha20-poly1305,512,1653,30900
chacha20-poly1305,512,1654,31200
chacha20-poly1305,512,1655,30900
chacha20-poly1305,512,1656,31100
chacha20-poly1305,512,1657,31400
chacha20-poly1305,512,1658,31900
chacha20-poly1305,512,1659,31100
chacha20-poly1305,512,1660,31300
chacha20-poly1305,512,1661,30700
chacha20-poly1305,512,1662,30900
chacha20-poly1305,512,1663,31400
chacha20-poly1305,512,1664,30600
chacha20-poly1305,512,1665,31000
chacha20-poly1305,512,1666,31400
chacha20-poly1305,512,1667,31200
chacha20-poly1305,512,1668,31300
chacha20-poly1305,512,1669,31400
chacha20-poly1305,512,1670,30900
chacha20-poly1305,512,1671,31100
chacha20-poly1305,512,1672,31100
chacha20-poly1305,512,1673,30900
chacha20-poly1305,512,1674,31100
chacha20-poly1305,512,1675,31100
chacha20-poly1305,512,1676,31100
chacha20-poly1305,512,1677,76900
chacha20-poly1305,512,1678,131900
chacha20-poly1305,512,1679,60000
chacha20-poly1305,512,1680,35000
chacha20-poly1305,512,1681,32500
chacha20-poly1305,512,1682,31200
chacha20-poly1305,512,1683,31200
chacha20-poly1305,512,1684,31800
chacha20-poly1305,512,1685,87700
chacha20-poly1305,512,1686,107100
chacha20-poly1305,512,1687,103200
chacha20-poly1305,512,1688,57800
chacha20-poly1305,512,1689,86600
chacha20-poly1305,512,1690,92500
chacha20-poly1305,512,1691,42000
chacha20-poly1305,512,1692,62000
chacha20-poly1305,512,1693,87300
chacha20-poly1305,512,1694,41900
chacha20-poly1305,512,1695,32700
chacha20-poly1305,512,1696,32400
chacha20-poly1305,512,1697,34200
chacha20-poly1305,512,1698,34500
chacha20-poly1305,512,1699,49100
chacha20-poly1305,512,1700,107600
chacha20-poly1305,512,1701,58900
chacha20-poly1305,512,1702,35100
chacha20-poly1305,512,1703,31600
chacha20-poly1305,512,1704,31400
chacha20-poly1305,512,1705,31500
chacha20-poly1305,512,1706,31000
chacha20-poly1305,512,1707,30900
chacha20-poly1305,512,1708,31400
chacha20-poly1305,512,1709,31000
chacha20-poly1305,512,1710,31100
chacha20-poly1305,512,1711,30800
chacha20-poly1305,512,1712,30900
chacha20-poly1305,512,1713,31000
chacha20-poly1305,512,1714,31100
chacha20-poly1305,512,1715,30800
chacha20-poly1305,512,1716,30800
chacha20-poly1305,512,1717,31300
chacha20-poly1305,512,1718,30600
chacha20-poly1305,512,1719,31400
chacha20-poly1305,512,1720,31000
chacha20-poly1305,512,1721,31000
chacha20-poly1305,512,1722,31200
chacha20-poly1305,512,1723,31100
chacha20-poly1305,512,1724,30900
chacha20-poly1305,512,1725,31000
chacha20-poly1305,512,1726,30900
chacha20-poly1305,512,1727,30800
chacha20-poly1305,512,1728,32300
chacha20-poly1305,512,1729,31200
chacha20-poly1305,512,1730,31200
chacha20-poly1305,512,1731,30700
chacha20-poly1305,512,1732,31000
chacha20-poly1305,512,1733,30600
chacha20-poly1305,512,1734,31000
chacha20-poly1305,512,1735,31000
chacha20-poly1305,512,1736,30600
chacha20-poly1305,512,1737,31000
chacha20-poly1305,512,1738,31000
chacha20-poly1305,512,1739,31200
chacha20-poly1305,512,1740,30900
chacha20-poly1305,512,1741,31200
chacha20-poly1305,512,1742,31000
chacha20-poly1305,512,1743,30800
chacha20-poly1305,512,1744,31200
chacha20-poly1305,512,1745,30900
chacha20-poly1305,512,1746,30900
chacha20-poly1305,512,1747,30800
chacha20-poly1305,512,1748,31000
chacha20-poly1305,512,1749,31100
chacha20-poly1305,512,1750,32300
chacha20-poly1305,512,1751,31100
chacha20-poly1305,512,1752,31100
chacha20-poly1305,512,1753,31400
chacha20-poly1305,512,1754,30700
chacha20-poly1305,512,1755,31000
chacha20-poly1305,512,1756,30900
chacha20-poly1305,512,1757,30900
chacha20-poly1305,512,1758,30900
chacha20-poly1305,512,1759,31400
chacha20-poly1305,512,1760,30900
chacha20-poly1305,512,1761,30600
chacha20-poly1305,512,1762,31100
chacha20-poly1305,512,1763,30600
chacha20-poly1305,512,1764,31000
chacha20-poly1305,512,1765,30900
chacha20-poly1305,512,1766,31100
chacha20-poly1305,512,1767,30800
chacha20-poly1305,512,1768,31100
chacha20-poly1305,512,1769,31000
chacha20-poly1305,512,1770,30900
chacha20-poly1305,512,1771,31100
chacha20-poly1305,512,1772,30900
chacha20-poly1305,512,1773,30900
chacha20-poly1305,512,1774,31000
chacha20-poly1305,512,1775,31100
chacha20-poly1305,512,1776,31000
chacha20-poly1305,512,1777,31300
chacha20-poly1305,512,1778,31100
chacha20-poly1305,512,1779,31100
chacha20-poly1305,512,1780,32400
chacha20-poly1305,512,1781,31100
chacha20-poly1305,512,1782,31000
chacha20-poly1305,512,1783,31000
chacha20-poly1305,512,1784,31000
chacha20-poly1305,512,1785,30900
chacha20-poly1305,512,1786,31000
chacha20-poly1305,512,1787,30900
chacha20-poly1305,512,1788,30900
chacha20-poly1305,512,1789,31300
chacha20-poly1305,512,1790,30800
chacha20-poly1305,512,1791,31200
chacha20-poly1305,512,1792,30900
chacha20-poly1305,512,1793,31000
chacha20-poly1305,512,1794,30900
chacha20-poly1305,512,1795,31000
chacha20-poly1305,512,1796,30900
chacha20-poly1305,512,1797,30700
chacha20-poly1305,512,1798,31200
chacha20-poly1305,512,1799,30800
chacha20-poly1305,512,1800,31400
chacha20-poly1305,512,1801,30900
chacha20-poly1305,512,1802,30800
chacha20-poly1305,512,1803,30700
chacha20-poly1305,512,1804,81600
chacha20-poly1305,512,1805,70500
chacha20-poly1305,512,1806,140800
chacha20-poly1305,512,1807,98100
chacha20-poly1305,512,1808,89400
chacha20-poly1305,512,1809,68500
chacha20-poly1305,512,1810,90500
chacha20-poly1305,512,1811,59200
chacha20-poly1305,512,1812,88300
chacha20-poly1305,512,1813,76900
chacha20-poly1305,512,1814,146200
chacha20-poly1305,512,1815,88500
chacha20-poly1305,512,1816,41900
chacha20-poly1305,512,1817,32900
chacha20-poly1305,512,1818,31900
chacha20-poly1305,512,1819,31800
chacha20-poly1305,512,1820,31400
chacha20-poly1305,512,1821,31500
chacha20-poly1305,512,1822,31600
chacha20-poly1305,512,1823,31100
chacha20-poly1305,512,1824,64500
chacha20-poly1305,512,1825,41700
chacha20-poly1305,512,1826,33300
chacha20-poly1305,512,1827,61500
chacha20-poly1305,512,1828,77300
chacha20-poly1305,512,1829,89800
chacha20-poly1305,512,1830,34700
chacha20-poly1305,512,1831,94900
chacha20-poly1305,512,1832,105900
chacha20-poly1305,512,1833,54500
chacha20-poly1305,512,1834,89500
chacha20-poly1305,512,1835,73000
chacha20-poly1305,512,1836,54000
chacha20-poly1305,512,1837,34900
chacha20-poly1305,512,1838,32500
chacha20-poly1305,512,1839,54400
chacha20-poly1305,512,1840,58300
chacha20-poly1305,512,1841,34600
chacha20-poly1305,512,1842,32600
chacha20-poly1305,512,1843,31600
chacha20-poly1305,512,1844,31200
chacha20-poly1305,512,1845,31200
chacha20-poly1305,512,1846,32500
chacha20-poly1305,512,1847,102300
chacha20-poly1305,512,1848,106000
chacha20-poly1305,512,1849,91700
chacha20-poly1305,512,1850,72000
chacha20-poly1305,512,1851,45900
chacha20-poly1305,512,1852,33600
chacha20-poly1305,512,1853,31300
chacha20-poly1305,512,1854,32100
chacha20-poly1305,512,1855,31100
chacha20-poly1305,512,1856,31900
chacha20-poly1305,512,1857,31800
chacha20-poly1305,512,1858,31300
chacha20-poly1305,512,1859,30900
chacha20-poly1305,512,1860,31100
chacha20-poly1305,512,1861,31200
chacha20-poly1305,512,1862,31200
chacha20-poly1305,512,1863,31200
chacha20-poly1305,512,1864,31200
chacha20-poly1305,512,1865,31100
chacha20-poly1305,512,1866,31000
chacha20-poly1305,512,1867,31300
chacha20-poly1305,512,1868,31100
chacha20-poly1305,512,1869,33400
chacha20-poly1305,512,1870,32700
chacha20-poly1305,512,1871,30900
chacha20-poly1305,512,1872,31200
chacha20-poly1305,512,1873,31000
chacha20-poly1305,512,1874,31000
chacha20-poly1305,512,1875,31000
chacha20-poly1305,512,1876,31100
chacha20-poly1305,512,1877,31800
chacha20-poly1305,512,1878,31100
chacha20-poly1305,512,1879,31400
chacha20-poly1305,512,1880,30800
chacha20-poly1305,512,1881,31100
chacha20-poly1305,512,1882,31000
chacha20-poly1305,512,1883,31500
chacha20-poly1305,512,1884,31300
chacha20-poly1305,512,1885,31200
chacha20-poly1305,512,1886,30700
chacha20-poly1305,512,1887,30700
chacha20-poly1305,512,1888,31400
chacha20-poly1305,512,1889,31400
chacha20-poly1305,512,1890,31500
chacha20-poly1305,512,1891,31100
chacha20-poly1305,512,1892,31000
chacha20-poly1305,512,1893,30800
chacha20-poly1305,512,1894,31600
chacha20-poly1305,512,1895,30600
chacha20-poly1305,512,1896,30800
chacha20-poly1305,512,1897,31200
chacha20-poly1305,512,1898,30800
chacha20-poly1305,512,1899,31000
chacha20-poly1305,512,1900,31200
chacha20-poly1305,512,1901,33200
chacha20-poly1305,512,1902,30900
chacha20-poly1305,512,1903,31300
chacha20-poly1305,512,1904,31000
chacha20-poly1305,512,1905,30900
chacha20-poly1305,512,1906,31100
chacha20-poly1305,512,1907,30700
chacha20-poly1305,512,1908,31100
chacha20-poly1305,512,1909,31100
chacha20-poly1305,512,1910,31100
chacha20-poly1305,512,1911,31100
chacha20-poly1305,512,1912,31200
chacha20-poly1305,512,1913,31000
chacha20-poly1305,512,1914,31000
chacha20-poly1305,512,1915,31300
chacha20-poly1305,512,1916,30900
chacha20-poly1305,512,1917,31100
chacha20-poly1305,512,1918,82300
chacha20-poly1305,512,1919,66700
chacha20-poly1305,512,1920,49400
chacha20-poly1305,512,1921,47800
chacha20-poly1305,512,1922,46800
chacha20-poly1305,512,1923,48500
chacha20-poly1305,512,1924,161600
chacha20-poly1305,512,1925,231000
chacha20-poly1305,512,1926,64500
chacha20-poly1305,512,1927,35500
chacha20-poly1305,512,1928,32600
chacha20-poly1305,512,1929,31900
chacha20-poly1305,512,1930,31600
chacha20-poly1305,512,1931,31200
chacha20-poly1305,512,1932,31200
chacha20-poly1305,512,1933,31600
chacha20-poly1305,512,1934,31400
chacha20-poly1305,512,1935,31300
chacha20-poly1305,512,1936,31100
chacha20-poly1305,512,1937,31200
chacha20-poly1305,512,1938,31000
chacha20-poly1305,512,1939,31300
chacha20-poly1305,512,1940,31000
chacha20-poly1305,512,1941,31900
chacha20-poly1305,512,1942,31400
chacha20-poly1305,512,1943,31100
chacha20-poly1305,512,1944,31200
chacha20-poly1305,512,1945,31300
chacha20-poly1305,512,1946,31700
chacha20-poly1305,512,1947,31000
chacha20-poly1305,512,1948,33700
chacha20-poly1305,512,1949,31200
chacha20-poly1305,512,1950,31100
chacha20-poly1305,512,1951,31400
chacha20-poly1305,512,1952,31000
chacha20-poly1305,512,1953,31200
chacha20-poly1305,512,1954,31200
chacha20-poly1305,512,1955,31100
chacha20-poly1305,512,1956,31100
chacha20-poly1305,512,1957,31600
chacha20-poly1305,512,1958,31300
chacha20-poly1305,512,1959,31000
chacha20-poly1305,512,1960,31400
chacha20-poly1305,512,1961,30800
chacha20-poly1305,512,1962,31100
chacha20-poly1305,512,1963,31000
chacha20-poly1305,512,1964,31200
chacha20-poly1305,512,1965,31000
chacha20-poly1305,512,1966,31400
chacha20-poly1305,512,1967,31100
chacha20-poly1305,512,1968,31100
chacha20-poly1305,512,1969,31300
chacha20-poly1305,512,1970,30700
chacha20-poly1305,512,1971,31100
chacha20-poly1305,512,1972,31200
chacha20-poly1305,512,1973,31100
chacha20-poly1305,512,1974,31400
chacha20-poly1305,512,1975,31400
chacha20-poly1305,512,1976,31000
chacha20-poly1305,512,1977,30900
chacha20-poly1305,512,1978,31500
chacha20-poly1305,512,1979,30900
chacha20-poly1305,512,1980,31100
chacha20-poly1305,512,1981,31300
chacha20-poly1305,512,1982,31200
chacha20-poly1305,512,1983,30900
chacha20-poly1305,512,1984,31300
chacha20-poly1305,512,1985,30900
chacha20-poly1305,512,1986,30900
chacha20-poly1305,512,1987,31200
chacha20-poly1305,512,1988,31200
chacha20-poly1305,512,1989,31600
chacha20-poly1305,512,1990,117100
chacha20-poly1305,512,1991,42200
chacha20-poly1305,512,1992,51700
chacha20-poly1305,512,1993,47700
chacha20-poly1305,512,1994,45800
chacha20-poly1305,512,1995,47400
chacha20-poly1305,512,1996,69800
chacha20-poly1305,512,1997,89200
chacha20-poly1305,512,1998,42800
chacha20-poly1305,512,1999,33000
chacha20-poly1305,2048,0,32000
chacha20-poly1305,2048,1,31800
chacha20-poly1305,2048,2,31600
chacha20-poly1305,2048,3,31400
chacha20-poly1305,2048,4,31700
chacha20-poly1305,2048,5,33800
chacha20-poly1305,2048,6,31600
chacha20-poly1305,2048,7,31800
chacha20-poly1305,2048,8,31700
chacha20-poly1305,2048,9,31600
chacha20-poly1305,2048,10,31800
chacha20-poly1305,2048,11,31200
chacha20-poly1305,2048,12,31500
chacha20-poly1305,2048,13,31900
chacha20-poly1305,2048,14,31200
chacha20-poly1305,2048,15,31500
chacha20-poly1305,2048,16,31400
chacha20-poly1305,2048,17,31600
chacha20-poly1305,2048,18,31500
chacha20-poly1305,2048,19,31800
chacha20-poly1305,2048,20,31300
chacha20-poly1305,2048,21,31200
chacha20-poly1305,2048,22,31700
chacha20-poly1305,2048,23,32200
chacha20-poly1305,2048,24,31500
chacha20-poly1305,2048,25,31200
chacha20-poly1305,2048,26,31500
chacha20-poly1305,2048,27,31300
chacha20-poly1305,2048,28,32200
chacha20-poly1305,2048,29,56800
chacha20-poly1305,2048,30,94100
chacha20-poly1305,2048,31,43400
chacha20-poly1305,2048,32,54700
chacha20-poly1305,2048,33,156000
chacha20-poly1305,2048,34,88800
chacha20-poly1305,2048,35,38900
chacha20-poly1305,2048,36,32800
chacha20-poly1305,2048,37,80300
chacha20-poly1305,2048,38,73700
chacha20-poly1305,2048,39,63100
chacha20-poly1305,2048,40,112500
chacha20-poly1305,2048,41,58300
chacha20-poly1305,2048,42,34600
chacha20-poly1305,2048,43,38600
chacha20-poly1305,2048,44,90700
chacha20-poly1305,2048,45,60000
chacha20-poly1305,2048,46,35900
chacha20-poly1305,2048,47,52700
chacha20-poly1305,2048,48,104100
chacha20-poly1305,2048,49,61500
chacha20-poly1305,2048,50,35400
chacha20-poly1305,2048,51,33300
chacha20-poly1305,2048,52,32400
chacha20-poly1305,2048,53,31900
chacha20-poly1305,2048,54,91100
chacha20-poly1305,2048,55,61500
chacha20-poly1305,2048,56,35000
chacha20-poly1305,2048,57,88200
chacha20-poly1305,2048,58,105500
chacha20-poly1305,2048,59,104400
chacha20-poly1305,2048,60,62100
chacha20-poly1305,2048,61,35400
chacha20-poly1305,2048,62,32600
chacha20-poly1305,2048,63,32400
chacha20-poly1305,2048,64,32100
chacha20-poly1305,2048,65,31500
chacha20-poly1305,2048,66,31400
chacha20-poly1305,2048,67,32200
chacha20-poly1305,2048,68,32400
chacha20-poly1305,2048,69,31600
chacha20-poly1305,2048,70,31500
chacha20-poly1305,2048,71,31300
chacha20-poly1305,2048,72,31400
chacha20-poly1305,2048,73,31900
chacha20-poly1305,2048,74,31300
chacha20-poly1305,2048,75,31800
chacha20-poly1305,2048,76,31700
chacha20-poly1305,2048,77,31600
chacha20-poly1305,2048,78,31700
chacha20-poly1305,2048,79,31500
chacha20-poly1305,2048,80,31500
chacha20-poly1305,2048,81,31400
chacha20-poly1305,2048,82,31900
chacha20-poly1305,2048,83,31500
chacha20-poly1305,2048,84,31700
chacha20-poly1305,2048,85,31900
chacha20-poly1305,2048,86,31200
chacha20-poly1305,2048,87,31600
chacha20-poly1305,2048,88,31700
chacha20-poly1305,2048,89,31600
chacha20-poly1305,2048,90,31600
chacha20-poly1305,2048,91,31800
chacha20-poly1305,2048,92,31400
chacha20-poly1305,2048,93,31300
chacha20-poly1305,2048,94,31700
chacha20-poly1305,2048,95,31500
chacha20-poly1305,2048,96,31600
chacha20-poly1305,2048,97,31400
chacha20-poly1305,2048,98,31500
chacha20-poly1305,2048,99,31500
chacha20-poly1305,2048,100,31900
chacha20-poly1305,2048,101,31400
chacha20-poly1305,2048,102,31400
chacha20-poly1305,2048,103,31700
chacha20-poly1305,2048,104,31400
chacha20-poly1305,2048,105,31800
chacha20-poly1305,2048,106,31400
chacha20-poly1305,2048,107,31400
chacha20-poly1305,2048,108,31200
chacha20-poly1305,2048,109,31700
chacha20-poly1305,2048,110,31300
chacha20-poly1305,2048,111,31100
chacha20-poly1305,2048,112,31500
chacha20-poly1305,2048,113,31300
chacha20-poly1305,2048,114,38100
chacha20-poly1305,2048,115,90100
chacha20-poly1305,2048,116,93900
chacha20-poly1305,2048,117,43100
chacha20-poly1305,2048,118,142700
chacha20-poly1305,2048,119,83800
chacha20-poly1305,2048,120,51400
chacha20-poly1305,2048,121,48700
chacha20-poly1305,2048,122,110700
chacha20-poly1305,2048,123,126900
chacha20-poly1305,2048,124,53000
chacha20-poly1305,2048,125,37900
chacha20-poly1305,2048,126,32400
chacha20-poly1305,2048,127,116000
chacha20-poly1305,2048,128,102600
chacha20-poly1305,2048,129,62700
chacha20-poly1305,2048,130,88700
chacha20-poly1305,2048,131,109600
chacha20-poly1305,2048,132,67700
chacha20-poly1305,2048,133,92000
chacha20-poly1305,2048,134,61100
chacha20-poly1305,2048,135,35100
chacha20-poly1305,2048,136,32500
chacha20-poly1305,2048,137,32100
chacha20-poly1305,2048,138,31500
chacha20-poly1305,2048,139,31900
chacha20-poly1305,2048,140,31500
chacha20-poly1305,2048,141,31800
chacha20-poly1305,2048,142,31700
chacha20-poly1305,2048,143,31600
chacha20-poly1305,2048,144,31500
chacha20-poly1305,2048,145,35300
chacha20-poly1305,2048,146,31800
chacha20-poly1305,2048,147,31500
chacha20-poly1305,2048,148,31700
chacha20-poly1305,2048,149,31200
chacha20-poly1305,2048,150,31600
chacha20-poly1305,2048,151,31500
chacha20-poly1305,2048,152,31400
chacha20-poly1305,2048,153,31400
chacha20-poly1305,2048,154,32000
chacha20-poly1305,2048,155,31500
chacha20-poly1305,2048,156,31300
chacha20-poly1305,2048,157,86800
chacha20-poly1305,2048,158,86600
chacha20-poly1305,2048,159,42700
chacha20-poly1305,2048,160,33600
chacha20-poly1305,2048,161,32600
chacha20-poly1305,2048,162,31700
chacha20-poly1305,2048,163,32000
chacha20-poly1305,2048,164,31200
chacha20-poly1305,2048,165,31200
chacha20-poly1305,2048,166,31600
chacha20-poly1305,2048,167,31100
chacha20-poly1305,2048,168,31400
chacha20-poly1305,2048,169,31600
chacha20-poly1305,2048,170,31900
chacha20-poly1305,2048,171,31600
chacha20-poly1305,2048,172,52900
chacha20-poly1305,2048,173,56500
chacha20-poly1305,2048,174,35300
chacha20-poly1305,2048,175,32800
chacha20-poly1305,2048,176,31800
chacha20-poly1305,2048,177,32100
chacha20-poly1305,2048,178,31700
chacha20-poly1305,2048,179,31700
chacha20-poly1305,2048,180,31800
chacha20-poly1305,2048,181,32000
chacha20-poly1305,2048,182,32200
chacha20-poly1305,2048,183,56300
chacha20-poly1305,2048,184,51500
chacha20-poly1305,2048,185,36400
chacha20-poly1305,2048,186,34800
chacha20-poly1305,2048,187,31600
chacha20-poly1305,2048,188,31500
chacha20-poly1305,2048,189,31400
chacha20-poly1305,2048,190,31800
chacha20-poly1305,2048,191,31500
chacha20-poly1305,2048,192,31200
chacha20-poly1305,2048,193,31600
chacha20-poly1305,2048,194,31800
chacha20-poly1305,2048,195,31500
chacha20-poly1305,2048,196,32100
chacha20-poly1305,2048,197,31400
chacha20-poly1305,2048,198,31400
chacha20-poly1305,2048,199,31700
chacha20-poly1305,2048,200,32700
chacha20-poly1305,2048,201,31700
chacha20-poly1305,2048,202,31700
chacha20-poly1305,2048,203,31100
chacha20-poly1305,2048,204,31800
chacha20-poly1305,2048,205,72500
chacha20-poly1305,2048,206,43800
chacha20-poly1305,2048,207,71000
chacha20-poly1305,2048,208,34900
chacha20-poly1305,2048,209,32200
chacha20-poly1305,2048,210,58400
chacha20-poly1305,2048,211,89400
chacha20-poly1305,2048,212,38100
chacha20-poly1305,2048,213,32800
chacha20-poly1305,2048,214,36800
chacha20-poly1305,2048,215,31800
chacha20-poly1305,2048,216,31600
chacha20-poly1305,2048,217,32800
chacha20-poly1305,2048,218,32300
chacha20-poly1305,2048,219,31900
chacha20-poly1305,2048,220,32200
chacha20-poly1305,2048,221,31900
chacha20-poly1305,2048,222,32500
chacha20-poly1305,2048,223,32000
chacha20-poly1305,2048,224,94700
chacha20-poly1305,2048,225,59900
chacha20-poly1305,2048,226,36200
chacha20-poly1305,2048,227,32400
chacha20-poly1305,2048,228,31800
chacha20-poly1305,2048,229,32400
chacha20-poly1305,2048,230,31700
chacha20-poly1305,2048,231,31700
chacha20-poly1305,2048,232,32400
chacha20-poly1305,2048,233,32100
chacha20-poly1305,2048,234,31600
chacha20-poly1305,2048,235,31900
chacha20-poly1305,2048,236,31600
chacha20-poly1305,2048,237,31900
chacha20-poly1305,2048,238,31900
chacha20-poly1305,2048,239,31300
chacha20-poly1305,2048,240,31600
chacha20-poly1305,2048,241,31600
chacha20-poly1305,2048,242,31600
chacha20-poly1305,2048,243,31800
chacha20-poly1305,2048,244,31600
chacha20-poly1305,2048,245,31500
chacha20-poly1305,2048,246,31600
chacha20-poly1305,2048,247,31800
chacha20-poly1305,2048,248,31400
chacha20-poly1305,2048,249,31700
chacha20-poly1305,2048,250,31600
chacha20-poly1305,2048,251,31700
chacha20-poly1305,2048,252,31500
chacha20-poly1305,2048,253,34500
chacha20-poly1305,2048,254,31200
chacha20-poly1305,2048,255,32200
chacha20-poly1305,2048,256,32000
chacha20-poly1305,2048,257,31500
chacha20-poly1305,2048,258,31700
chacha20-poly1305,2048,259,31700
chacha20-poly1305,2048,260,32500
chacha20-poly1305,2048,261,31600
chacha20-poly1305,2048,262,32000
chacha20-poly1305,2048,263,31500
chacha20-poly1305,2048,264,31700
chacha20-poly1305,2048,265,31800
chacha20-poly1305,2048,266,31300
chacha20-poly1305,2048,267,31800
chacha20-poly1305,2048,268,31600
chacha20-poly1305,2048,269,31600
chacha20-poly1305,2048,270,31500
chacha20-poly1305,2048,271,31800
chacha20-poly1305,2048,272,31400
chacha20-poly1305,2048,273,31600
chacha20-poly1305,2048,274,31800
chacha20-poly1305,2048,275,31700
chacha20-poly1305,2048,276,31800
chacha20-poly1305,2048,277,31800
chacha20-poly1305,2048,278,32000
chacha20-poly1305,2048,279,31600
chacha20-poly1305,2048,280,32000
chacha20-poly1305,2048,281,31500
chacha20-poly1305,2048,282,31400
chacha20-poly1305,2048,283,32200
chacha20-poly1305,2048,284,32400
chacha20-poly1305,2048,285,33000
chacha20-poly1305,2048,286,31500
chacha20-poly1305,2048,287,31800
chacha20-poly1305,2048,288,153900
chacha20-poly1305,2048,289,133500
chacha20-poly1305,2048,290,71000
chacha20-poly1305,2048,291,144100
chacha20-poly1305,2048,292,72300
chacha20-poly1305,2048,293,41700
chacha20-poly1305,2048,294,34500
chacha20-poly1305,2048,295,32200
chacha20-poly1305,2048,296,31800
chacha20-poly1305,2048,297,31500
chacha20-poly1305,2048,298,31800
chacha20-poly1305,2048,299,31200
chacha20-poly1305,2048,300,31100
chacha20-poly1305,2048,301,32400
chacha20-poly1305,2048,302,31400
chacha20-poly1305,2048,303,31600
chacha20-poly1305,2048,304,31400
chacha20-poly1305,2048,305,31400
chacha20-poly1305,2048,306,31400
chacha20-poly1305,2048,307,31500
chacha20-poly1305,2048,308,31300
chacha20-poly1305,2048,309,31200
chacha20-poly1305,2048,310,31500
chacha20-poly1305,2048,311,31200
chacha20-poly1305,2048,312,31700
chacha20-poly1305,2048,313,49400
chacha20-poly1305,2048,314,70700
chacha20-poly1305,2048,315,60800
chacha20-poly1305,2048,316,35000
chacha20-poly1305,2048,317,31900
chacha20-poly1305,2048,318,31700
chacha20-poly1305,2048,319,31900
chacha20-poly1305,2048,320,31100
chacha20-poly1305,2048,321,31800
chacha20-poly1305,2048,322,31400
chacha20-poly1305,2048,323,33900
chacha20-poly1305,2048,324,31600
chacha20-poly1305,2048,325,31900
chacha20-poly1305,2048,326,31600
chacha20-poly1305,2048,327,31400
chacha20-poly1305,2048,328,31500
chacha20-poly1305,2048,329,31500
chacha20-poly1305,2048,330,33700
chacha20-poly1305,2048,331,31200
chacha20-poly1305,2048,332,31700
chacha20-poly1305,2048,333,31600
chacha20-poly1305,2048,334,31700
chacha20-poly1305,2048,335,31300
chacha20-poly1305,2048,336,31300
chacha20-poly1305,2048,337,31700
chacha20-poly1305,2048,338,31400
chacha20-poly1305,2048,339,31800
chacha20-poly1305,2048,340,31300
chacha20-poly1305,2048,341,31300
chacha20-poly1305,2048,342,31100
chacha20-poly1305,2048,343,31600
chacha20-poly1305,2048,344,31500
chacha20-poly1305,2048,345,31200
chacha20-poly1305,2048,346,31500
chacha20-poly1305,2048,347,31400
chacha20-poly1305,2048,348,32700
chacha20-poly1305,2048,349,31500
chacha20-poly1305,2048,350,31700
chacha20-poly1305,2048,351,31200
chacha20-poly1305,2048,352,31500
chacha20-poly1305,2048,353,31200
chacha20-poly1305,2048,354,31500
chacha20-poly1305,2048,355,31700
chacha20-poly1305,2048,356,31400
chacha20-poly1305,2048,357,31500
chacha20-poly1305,2048,358,31700
chacha20-poly1305,2048,359,31700
chacha20-poly1305,2048,360,31300
chacha20-poly1305,2048,361,31900
chacha20-poly1305,2048,362,32700
chacha20-poly1305,2048,363,31500
chacha20-poly1305,2048,364,31700
chacha20-poly1305,2048,365,31400
chacha20-poly1305,2048,366,32100
chacha20-poly1305,2048,367,31300
chacha20-poly1305,2048,368,31400
chacha20-poly1305,2048,369,31700
chacha20-poly1305,2048,370,31500
chacha20-poly1305,2048,371,31300
chacha20-poly1305,2048,372,31500
chacha20-poly1305,2048,373,31600
chacha20-poly1305,2048,374,31200
chacha20-poly1305,2048,375,31600
chacha20-poly1305,2048,376,31600
chacha20-poly1305,2048,377,31500
chacha20-poly1305,2048,378,31300
chacha20-poly1305,2048,379,32100
chacha20-poly1305,2048,380,31300
chacha20-poly1305,2048,381,31500
chacha20-poly1305,2048,382,31700
chacha20-poly1305,2048,383,31200
chacha20-poly1305,2048,384,31500
chacha20-poly1305,2048,385,31400
chacha20-poly1305,2048,386,31500
chacha20-poly1305,2048,387,32400
chacha20-poly1305,2048,388,31600
chacha20-poly1305,2048,389,31300
chacha20-poly1305,2048,390,31400
chacha20-poly1305,2048,391,31800
chacha20-poly1305,2048,392,31300
chacha20-poly1305,2048,393,32100
chacha20-poly1305,2048,394,31900
chacha20-poly1305,2048,395,31600
chacha20-poly1305,2048,396,31500
chacha20-poly1305,2048,397,32000
chacha20-poly1305,2048,398,31500
chacha20-poly1305,2048,399,31700
chacha20-poly1305,2048,400,31800
chacha20-poly1305,2048,401,31500
chacha20-poly1305,2048,402,31700
chacha20-poly1305,2048,403,31500
chacha20-poly1305,2048,404,31600
chacha20-poly1305,2048,405,31300
chacha20-poly1305,2048,406,31600
chacha20-poly1305,2048,407,31300
chacha20-poly1305,2048,408,31500
chacha20-poly1305,2048,409,31700
chacha20-poly1305,2048,410,31200
chacha20-poly1305,2048,411,31800
chacha20-poly1305,2048,412,32500
chacha20-poly1305,2048,413,31500
chacha20-poly1305,2048,414,31500
chacha20-poly1305,2048,415,31800
chacha20-poly1305,2048,416,31200
chacha20-poly1305,2048,417,31400
chacha20-poly1305,2048,418,31700
chacha20-poly1305,2048,419,31400
chacha20-poly1305,2048,420,31500
chacha20-poly1305,2048,421,31500
chacha20-poly1305,2048,422,31600
chacha20-poly1305,2048,423,31400
chacha20-poly1305,2048,424,31800
chacha20-poly1305,2048,425,31300
chacha20-poly1305,2048,426,31300
chacha20-poly1305,2048,427,31600
chacha20-poly1305,2048,428,31600
chacha20-poly1305,2048,429,31800
chacha20-poly1305,2048,430,31600
chacha20-poly1305,2048,431,31300
chacha20-poly1305,2048,432,50000
chacha20-poly1305,2048,433,106700
chacha20-poly1305,2048,434,61500
chacha20-poly1305,2048,435,35700
chacha20-poly1305,2048,436,46200
chacha20-poly1305,2048,437,41600
chacha20-poly1305,2048,438,133400
chacha20-poly1305,2048,439,89000
chacha20-poly1305,2048,440,89700
chacha20-poly1305,2048,441,130000
chacha20-poly1305,2048,442,61200
chacha20-poly1305,2048,443,34700
chacha20-poly1305,2048,444,32800
chacha20-poly1305,2048,445,32200
chacha20-poly1305,2048,446,31600
chacha20-poly1305,2048,447,31900
chacha20-poly1305,2048,448,31400
chacha20-poly1305,2048,449,32100
chacha20-poly1305,2048,450,31500
chacha20-poly1305,2048,451,33500
chacha20-poly1305,2048,452,31300
chacha20-poly1305,2048,453,31500
chacha20-poly1305,2048,454,31700
chacha20-poly1305,2048,455,31600
chacha20-poly1305,2048,456,35000
chacha20-poly1305,2048,457,31700
chacha20-poly1305,2048,458,31400
chacha20-poly1305,2048,459,31700
chacha20-poly1305,2048,460,31800
chacha20-poly1305,2048,461,31300
chacha20-poly1305,2048,462,31500
chacha20-poly1305,2048,463,31700
chacha20-poly1305,2048,464,31300
chacha20-poly1305,2048,465,31900
chacha20-poly1305,2048,466,31500
chacha20-poly1305,2048,467,31400
chacha20-poly1305,2048,468,31500
chacha20-poly1305,2048,469,31600
chacha20-poly1305,2048,470,31400
chacha20-poly1305,2048,471,31400
chacha20-poly1305,2048,472,32100
chacha20-poly1305,2048,473,31400
chacha20-poly1305,2048,474,31600
chacha20-poly1305,2048,475,31400
chacha20-poly1305,2048,476,32400
chacha20-poly1305,2048,477,31700
chacha20-poly1305,2048,478,31600
chacha20-poly1305,2048,479,31400
chacha20-poly1305,2048,480,31300
chacha20-poly1305,2048,481,31900
chacha20-poly1305,2048,482,31300
chacha20-poly1305,2048,483,31500
chacha20-poly1305,2048,484,31400
chacha20-poly1305,2048,485,31400
chacha20-poly1305,2048,486,31200
chacha20-poly1305,2048,487,34800
chacha20-poly1305,2048,488,31300
chacha20-poly1305,2048,489,31600
chacha20-poly1305,2048,490,31600
chacha20-poly1305,2048,491,31500
chacha20-poly1305,2048,492,31600
chacha20-poly1305,2048,493,31500
chacha20-poly1305,2048,494,31300
chacha20-poly1305,2048,495,31300
chacha20-poly1305,2048,496,31500
chacha20-poly1305,2048,497,31800
chacha20-poly1305,2048,498,31300
chacha20-poly1305,2048,499,31600
chacha20-poly1305,2048,500,31300
chacha20-poly1305,2048,501,31600
chacha20-poly1305,2048,502,31600
chacha20-poly1305,2048,503,31400
chacha20-poly1305,2048,504,31300
chacha20-poly1305,2048,505,31600
chacha20-poly1305,2048,506,31200
chacha20-poly1305,2048,507,31300
chacha20-poly1305,2048,508,31800
chacha20-poly1305,2048,509,31400
chacha20-poly1305,2048,510,31400
chacha20-poly1305,2048,511,31400
chacha20-poly1305,2048,512,31400
chacha20-poly1305,2048,513,31500
chacha20-poly1305,2048,514,31700
chacha20-poly1305,2048,515,32200
chacha20-poly1305,2048,516,31300
chacha20-poly1305,2048,517,31900
chacha20-poly1305,2048,518,32600
chacha20-poly1305,2048,519,201500
chacha20-poly1305,2048,520,135400
chacha20-poly1305,2048,521,63400
chacha20-poly1305,2048,522,35200
chacha20-poly1305,2048,523,32600
chacha20-poly1305,2048,524,32000
chacha20-poly1305,2048,525,31400
chacha20-poly1305,2048,526,31700
chacha20-poly1305,2048,527,31500
chacha20-poly1305,2048,528,31700
chacha20-poly1305,2048,529,31600
chacha20-poly1305,2048,530,31700
chacha20-poly1305,2048,531,31500
chacha20-poly1305,2048,532,31800
chacha20-poly1305,2048,533,31300
chacha20-poly1305,2048,534,31500
chacha20-poly1305,2048,535,31900
chacha20-poly1305,2048,536,31500
chacha20-poly1305,2048,537,31600
chacha20-poly1305,2048,538,31900
chacha20-poly1305,2048,539,31500
chacha20-poly1305,2048,540,38500
chacha20-poly1305,2048,541,32100
chacha20-poly1305,2048,542,31700
chacha20-poly1305,2048,543,31600
chacha20-poly1305,2048,544,31500
chacha20-poly1305,2048,545,31200
chacha20-poly1305,2048,546,31600
chacha20-poly1305,2048,547,31400
chacha20-poly1305,2048,548,31300
chacha20-poly1305,2048,549,31200
chacha20-poly1305,2048,550,31600
chacha20-poly1305,2048,551,31100
chacha20-poly1305,2048,552,31200
chacha20-poly1305,2048,553,31700
chacha20-poly1305,2048,554,31100
chacha20-poly1305,2048,555,31600
chacha20-poly1305,2048,556,31700
chacha20-poly1305,2048,557,31500
chacha20-poly1305,2048,558,31300
chacha20-poly1305,2048,559,31600
chacha20-poly1305,2048,560,31400
chacha20-poly1305,2048,561,31500
chacha20-poly1305,2048,562,32000
chacha20-poly1305,2048,563,31300
chacha20-poly1305,2048,564,71200
chacha20-poly1305,2048,565,70800
chacha20-poly1305,2048,566,44500
chacha20-poly1305,2048,567,33100
chacha20-poly1305,2048,568,36000
chacha20-poly1305,2048,569,31800
chacha20-poly1305,2048,570,31400
chacha20-poly1305,2048,571,31600
chacha20-poly1305,2048,572,31600
chacha20-poly1305,2048,573,31600
chacha20-poly1305,2048,574,31800
chacha20-poly1305,2048,575,31600
chacha20-poly1305,2048,576,31400
chacha20-poly1305,2048,577,31700
chacha20-poly1305,2048,578,32300
chacha20-poly1305,2048,579,31500
chacha20-poly1305,2048,580,31800
chacha20-poly1305,2048,581,31200
chacha20-poly1305,2048,582,31800
chacha20-poly1305,2048,583,31600
chacha20-poly1305,2048,584,31500
chacha20-poly1305,2048,585,31500
chacha20-poly1305,2048,586,31900
chacha20-poly1305,2048,587,31200
chacha20-poly1305,2048,588,31700
chacha20-poly1305,2048,589,31700
chacha20-poly1305,2048,590,31600
chacha20-poly1305,2048,591,31700
chacha20-poly1305,2048,592,31500
chacha20-poly1305,2048,593,31600
chacha20-poly1305,2048,594,31300
chacha20-poly1305,2048,595,31900
chacha20-poly1305,2048,596,31300
chacha20-poly1305,2048,597,31500
chacha20-poly1305,2048,598,31900
chacha20-poly1305,2048,599,33600
chacha20-poly1305,2048,600,31700
chacha20-poly1305,2048,601,31500
chacha20-poly1305,2048,602,32100
chacha20-poly1305,2048,603,32500
chacha20-poly1305,2048,604,31700
chacha20-poly1305,2048,605,31400
chacha20-poly1305,2048,606,31500
chacha20-poly1305,2048,607,32000
chacha20-poly1305,2048,608,31400
chacha20-poly1305,2048,609,31700
chacha20-poly1305,2048,610,31900
chacha20-poly1305,2048,611,31500
chacha20-poly1305,2048,612,31400
chacha20-poly1305,2048,613,31700
chacha20-poly1305,2048,614,31100
chacha20-poly1305,2048,615,31400
chacha20-poly1305,2048,616,31400
chacha20-poly1305,2048,617,31600
chacha20-poly1305,2048,618,31800
chacha20-poly1305,2048,619,31400
chacha20-poly1305,2048,620,31700
chacha20-poly1305,2048,621,31300
chacha20-poly1305,2048,622,31800
chacha20-poly1305,2048,623,31400
chacha20-poly1305,2048,624,31300
chacha20-poly1305,2048,625,31600
chacha20-poly1305,2048,626,31400
chacha20-poly1305,2048,627,31600
chacha20-poly1305,2048,628,31400
chacha20-poly1305,2048,629,31500
chacha20-poly1305,2048,630,31300
chacha20-poly1305,2048,631,31700
chacha20-poly1305,2048,632,31400
chacha20-poly1305,2048,633,31500
chacha20-poly1305,2048,634,31800
chacha20-poly1305,2048,635,31300
chacha20-poly1305,2048,636,31600
chacha20-poly1305,2048,637,31600
chacha20-poly1305,2048,638,31800
chacha20-poly1305,2048,639,31400
chacha20-poly1305,2048,640,31800
chacha20-poly1305,2048,641,31400
chacha20-poly1305,2048,642,32400
chacha20-poly1305,2048,643,31700
chacha20-poly1305,2048,644,31400
chacha20-poly1305,2048,645,31600
chacha20-poly1305,2048,646,31500
chacha20-poly1305,2048,647,31500
chacha20-poly1305,2048,648,31400
chacha20-poly1305,2048,649,31900
chacha20-poly1305,2048,650,31300
chacha20-poly1305,2048,651,31300
chacha20-poly1305,2048,652,31900
chacha20-poly1305,2048,653,31600
chacha20-poly1305,2048,654,31500
chacha20-poly1305,2048,655,31500
chacha20-poly1305,2048,656,31400
chacha20-poly1305,2048,657,31300
chacha20-poly1305,2048,658,31900
chacha20-poly1305,2048,659,31400
chacha20-poly1305,2048,660,31200
chacha20-poly1305,2048,661,31900
chacha20-poly1305,2048,662,32900
chacha20-poly1305,2048,663,31800
chacha20-poly1305,2048,664,31500
chacha20-poly1305,2048,665,31500
chacha20-poly1305,2048,666,31400
chacha20-poly1305,2048,667,32400
chacha20-poly1305,2048,668,31200
chacha20-poly1305,2048,669,31200
chacha20-poly1305,2048,670,31700
chacha20-poly1305,2048,671,31400
chacha20-poly1305,2048,672,31800
chacha20-poly1305,2048,673,31500
chacha20-poly1305,2048,674,31500
chacha20-poly1305,2048,675,31200
chacha20-poly1305,2048,676,31300
chacha20-poly1305,2048,677,33300
chacha20-poly1305,2048,678,32300
chacha20-poly1305,2048,679,31600
chacha20-poly1305,2048,680,31200
chacha20-poly1305,2048,681,31700
chacha20-poly1305,2048,682,31700
chacha20-poly1305,2048,683,31400
chacha20-poly1305,2048,684,31700
chacha20-poly1305,2048,685,31700
chacha20-poly1305,2048,686,31200
chacha20-poly1305,2048,687,31300
chacha20-poly1305,2048,688,31500
chacha20-poly1305,2048,689,31400
chacha20-poly1305,2048,690,31800
chacha20-poly1305,2048,691,31700
chacha20-poly1305,2048,692,31700
chacha20-poly1305,2048,693,34100
chacha20-poly1305,2048,694,31900
chacha20-poly1305,2048,695,31500
chacha20-poly1305,2048,696,31400
chacha20-poly1305,2048,697,31600
chacha20-poly1305,2048,698,31300
chacha20-poly1305,2048,699,31500
chacha20-poly1305,2048,700,31500
chacha20-poly1305,2048,701,31700
chacha20-poly1305,2048,702,31600
chacha20-poly1305,2048,703,31800
chacha20-poly1305,2048,704,31400
chacha20-poly1305,2048,705,31500
chacha20-poly1305,2048,706,32500
chacha20-poly1305,2048,707,31200
chacha20-poly1305,2048,708,31700
chacha20-poly1305,2048,709,31700
chacha20-poly1305,2048,710,31400
chacha20-poly1305,2048,711,31300
chacha20-poly1305,2048,712,31700
chacha20-poly1305,2048,713,31300
chacha20-poly1305,2048,714,31100
chacha20-poly1305,2048,715,31700
chacha20-poly1305,2048,716,31500
chacha20-poly1305,2048,717,31500
chacha20-poly1305,2048,718,31600
chacha20-poly1305,2048,719,60500
chacha20-poly1305,2048,720,67400
chacha20-poly1305,2048,721,89100
chacha20-poly1305,2048,722,41800
chacha20-poly1305,2048,723,33300
chacha20-poly1305,2048,724,32400
chacha20-poly1305,2048,725,31300
chacha20-poly1305,2048,726,32200
chacha20-poly1305,2048,727,31800
chacha20-poly1305,2048,728,31800
chacha20-poly1305,2048,729,32100
chacha20-poly1305,2048,730,32000
chacha20-poly1305,2048,731,32200
chacha20-poly1305,2048,732,31300
chacha20-poly1305,2048,733,31300
chacha20-poly1305,2048,734,31400
chacha20-poly1305,2048,735,31500
chacha20-poly1305,2048,736,31300
chacha20-poly1305,2048,737,31700
chacha20-poly1305,2048,738,31400
chacha20-poly1305,2048,739,31500
chacha20-poly1305,2048,740,31500
chacha20-poly1305,2048,741,31300
chacha20-poly1305,2048,742,31600
chacha20-poly1305,2048,743,31200
chacha20-poly1305,2048,744,31600
chacha20-poly1305,2048,745,31400
chacha20-poly1305,2048,746,31500
chacha20-poly1305,2048,747,31700
chacha20-poly1305,2048,748,31700
chacha20-poly1305,2048,749,31300
chacha20-poly1305,2048,750,31200
chacha20-poly1305,2048,751,34100
chacha20-poly1305,2048,752,31100
chacha20-poly1305,2048,753,31800
chacha20-poly1305,2048,754,31500
chacha20-poly1305,2048,755,31600
chacha20-poly1305,2048,756,31300
chacha20-poly1305,2048,757,31700
chacha20-poly1305,2048,758,31400
chacha20-poly1305,2048,759,31400
chacha20-poly1305,2048,760,31600
chacha20-poly1305,2048,761,31300
chacha20-poly1305,2048,762,31600
chacha20-poly1305,2048,763,31400
chacha20-poly1305,2048,764,31600
chacha20-poly1305,2048,765,31500
chacha20-poly1305,2048,766,31900
chacha20-poly1305,2048,767,31300
chacha20-poly1305,2048,768,31300
chacha20-poly1305,2048,769,31700
chacha20-poly1305,2048,770,32100
chacha20-poly1305,2048,771,31600
chacha20-poly1305,2048,772,31900
chacha20-poly1305,2048,773,31500
chacha20-poly1305,2048,774,31400
chacha20-poly1305,2048,775,31800
chacha20-poly1305,2048,776,31500
chacha20-poly1305,2048,777,31400
chacha20-poly1305,2048,778,31800
chacha20-poly1305,2048,779,31500
chacha20-poly1305,2048,780,31400
chacha20-poly1305,2048,781,31500
chacha20-poly1305,2048,782,31400
chacha20-poly1305,2048,783,32900
chacha20-poly1305,2048,784,31700
chacha20-poly1305,2048,785,31300
chacha20-poly1305,2048,786,31400
chacha20-poly1305,2048,787,31800
chacha20-poly1305,2048,788,31300
chacha20-poly1305,2048,789,31500
chacha20-poly1305,2048,790,31900
chacha20-poly1305,2048,791,31400
chacha20-poly1305,2048,792,31200
chacha20-poly1305,2048,793,31700
chacha20-poly1305,2048,794,31300
chacha20-poly1305,2048,795,32400
chacha20-poly1305,2048,796,31700
chacha20-poly1305,2048,797,31200
chacha20-poly1305,2048,798,31700
chacha20-poly1305,2048,799,31400
chacha20-poly1305,2048,800,31700
chacha20-poly1305,2048,801,31400
chacha20-poly1305,2048,802,31600
chacha20-poly1305,2048,803,31300
chacha20-poly1305,2048,804,31600
chacha20-poly1305,2048,805,31700
chacha20-poly1305,2048,806,31100
chacha20-poly1305,2048,807,31300
chacha20-poly1305,2048,808,31600
chacha20-poly1305,2048,809,31600
chacha20-poly1305,2048,810,31400
chacha20-poly1305,2048,811,31900
chacha20-poly1305,2048,812,31100
chacha20-poly1305,2048,813,31300
chacha20-poly1305,2048,814,32800
chacha20-poly1305,2048,815,31500
chacha20-poly1305,2048,816,31800
chacha20-poly1305,2048,817,31400
chacha20-poly1305,2048,818,31700
chacha20-poly1305,2048,819,31500
chacha20-poly1305,2048,820,31500
chacha20-poly1305,2048,821,31300
chacha20-poly1305,2048,822,34200
chacha20-poly1305,2048,823,31500
chacha20-poly1305,2048,824,31100
chacha20-poly1305,2048,825,31900
chacha20-poly1305,2048,826,31600
chacha20-poly1305,2048,827,31500
chacha20-poly1305,2048,828,31300
chacha20-poly1305,2048,829,31600
chacha20-poly1305,2048,830,31200
chacha20-poly1305,2048,831,31200
chacha20-poly1305,2048,832,31600
chacha20-poly1305,2048,833,32200
chacha20-poly1305,2048,834,31500
chacha20-poly1305,2048,835,31500
chacha20-poly1305,2048,836,31500
chacha20-poly1305,2048,837,31400
chacha20-poly1305,2048,838,31600
chacha20-poly1305,2048,839,31300
chacha20-poly1305,2048,840,31400
chacha20-poly1305,2048,841,31600
chacha20-poly1305,2048,842,31000
chacha20-poly1305,2048,843,31600
chacha20-poly1305,2048,844,31500
chacha20-poly1305,2048,845,33400
chacha20-poly1305,2048,846,32400
chacha20-poly1305,2048,847,31900
chacha20-poly1305,2048,848,31600
chacha20-poly1305,2048,849,31300
chacha20-poly1305,2048,850,31600
chacha20-poly1305,2048,851,31100
chacha20-poly1305,2048,852,31300
chacha20-poly1305,2048,853,31400
chacha20-poly1305,2048,854,31500
chacha20-poly1305,2048,855,31300
chacha20-poly1305,2048,856,31500
chacha20-poly1305,2048,857,31300
chacha20-poly1305,2048,858,32000
chacha20-poly1305,2048,859,31700
chacha20-poly1305,2048,860,31300
chacha20-poly1305,2048,861,31500
chacha20-poly1305,2048,862,31400
chacha20-poly1305,2048,863,31500
chacha20-poly1305,2048,864,31700
chacha20-poly1305,2048,865,31800
chacha20-poly1305,2048,866,31100
chacha20-poly1305,2048,867,31200
chacha20-poly1305,2048,868,32000
chacha20-poly1305,2048,869,72500
chacha20-poly1305,2048,870,127700
chacha20-poly1305,2048,871,60900
chacha20-poly1305,2048,872,35500
chacha20-poly1305,2048,873,32100
chacha20-poly1305,2048,874,32900
chacha20-poly1305,2048,875,31900
chacha20-poly1305,2048,876,31500
chacha20-poly1305,2048,877,32400
chacha20-poly1305,2048,878,31300
chacha20-poly1305,2048,879,31800
chacha20-poly1305,2048,880,31600
chacha20-poly1305,2048,881,31600
chacha20-poly1305,2048,882,31200
chacha20-poly1305,2048,883,31700
chacha20-poly1305,2048,884,31300
chacha20-poly1305,2048,885,31700
chacha20-poly1305,2048,886,31600
chacha20-poly1305,2048,887,31200
chacha20-poly1305,2048,888,31700
chacha20-poly1305,2048,889,31700
chacha20-poly1305,2048,890,31500
chacha20-poly1305,2048,891,31300
chacha20-poly1305,2048,892,31600
chacha20-poly1305,2048,893,31300
chacha20-poly1305,2048,894,31500
chacha20-poly1305,2048,895,31600
chacha20-poly1305,2048,896,31400
chacha20-poly1305,2048,897,32500
chacha20-poly1305,2048,898,31800
chacha20-poly1305,2048,899,31800
chacha20-poly1305,2048,900,31400
chacha20-poly1305,2048,901,31600
chacha20-poly1305,2048,902,31300
chacha20-poly1305,2048,903,32000
chacha20-poly1305,2048,904,31800
chacha20-poly1305,2048,905,31100
chacha20-poly1305,2048,906,31900
chacha20-poly1305,2048,907,31400
chacha20-poly1305,2048,908,31300
chacha20-poly1305,2048,909,31600
chacha20-poly1305,2048,910,31600
chacha20-poly1305,2048,911,31300
chacha20-poly1305,2048,912,32000
chacha20-poly1305,2048,913,32000
chacha20-poly1305,2048,914,31400
chacha20-poly1305,2048,915,31600
chacha20-poly1305,2048,916,31500
chacha20-poly1305,2048,917,31900
chacha20-poly1305,2048,918,31400
chacha20-poly1305,2048,919,31700
chacha20-poly1305,2048,920,31500
chacha20-poly1305,2048,921,31300
chacha20-poly1305,2048,922,32700
chacha20-poly1305,2048,923,31400
chacha20-poly1305,2048,924,31700
chacha20-poly1305,2048,925,31400
chacha20-poly1305,2048,926,31300
chacha20-poly1305,2048,927,31400
chacha20-poly1305,2048,928,31900
chacha20-poly1305,2048,929,31400
chacha20-poly1305,2048,930,31400
chacha20-poly1305,2048,931,31800
chacha20-poly1305,2048,932,31100
chacha20-poly1305,2048,933,31600
chacha20-poly1305,2048,934,34800
chacha20-poly1305,2048,935,31400
chacha20-poly1305,2048,936,31400
chacha20-poly1305,2048,937,31700
chacha20-poly1305,2048,938,31300
chacha20-poly1305,2048,939,31400
chacha20-poly1305,2048,940,31900
chacha20-poly1305,2048,941,31400
chacha20-poly1305,2048,942,31600
chacha20-poly1305,2048,943,31700
chacha20-poly1305,2048,944,31900
chacha20-poly1305,2048,945,31400
chacha20-poly1305,2048,946,31700
chacha20-poly1305,2048,947,31300
chacha20-poly1305,2048,948,31300
chacha20-poly1305,2048,949,32000
chacha20-poly1305,2048,950,31300
chacha20-poly1305,2048,951,31500
chacha20-poly1305,2048,952,31700
chacha20-poly1305,2048,953,31500
chacha20-poly1305,2048,954,31400
chacha20-poly1305,2048,955,34000
chacha20-poly1305,2048,956,32000
chacha20-poly1305,2048,957,31200
chacha20-poly1305,2048,958,31700
chacha20-poly1305,2048,959,31600
chacha20-poly1305,2048,960,31900
chacha20-poly1305,2048,961,32200
chacha20-poly1305,2048,962,31800
chacha20-poly1305,2048,963,31400
chacha20-poly1305,2048,964,31900
chacha20-poly1305,2048,965,33800
chacha20-poly1305,2048,966,31300
chacha20-poly1305,2048,967,31600
chacha20-poly1305,2048,968,31200
chacha20-poly1305,2048,969,34200
chacha20-poly1305,2048,970,31500
chacha20-poly1305,2048,971,31400
chacha20-poly1305,2048,972,31400
chacha20-poly1305,2048,973,32100
chacha20-poly1305,2048,974,31200
chacha20-poly1305,2048,975,31400
chacha20-poly1305,2048,976,31600
chacha20-poly1305,2048,977,31600
chacha20-poly1305,2048,978,31600
chacha20-poly1305,2048,979,31600
chacha20-poly1305,2048,980,31500
chacha20-poly1305,2048,981,31500
chacha20-poly1305,2048,982,31700
chacha20-poly1305,2048,983,31200
chacha20-poly1305,2048,984,31700
chacha20-poly1305,2048,985,31700
chacha20-poly1305,2048,986,32100
chacha20-poly1305,2048,987,31600
chacha20-poly1305,2048,988,31500
chacha20-poly1305,2048,989,31700
chacha20-poly1305,2048,990,31400
chacha20-poly1305,2048,991,31700
chacha20-poly1305,2048,992,31800
chacha20-poly1305,2048,993,31800
chacha20-poly1305,2048,994,31800
chacha20-poly1305,2048,995,31400
chacha20-poly1305,2048,996,32000
chacha20-poly1305,2048,997,124200
chacha20-poly1305,2048,998,168100
chacha20-poly1305,2048,999,115100
chacha20-poly1305,2048,1000,58200
chacha20-poly1305,2048,1001,35100
chacha20-poly1305,2048,1002,32200
chacha20-poly1305,2048,1003,32800
chacha20-poly1305,2048,1004,31600
chacha20-poly1305,2048,1005,32000
chacha20-poly1305,2048,1006,31500
chacha20-poly1305,2048,1007,32200
chacha20-poly1305,2048,1008,31600
chacha20-poly1305,2048,1009,31800
chacha20-poly1305,2048,1010,31600
chacha20-poly1305,2048,1011,31300
chacha20-poly1305,2048,1012,31700
chacha20-poly1305,2048,1013,31200
chacha20-poly1305,2048,1014,31900
chacha20-poly1305,2048,1015,31600
chacha20-poly1305,2048,1016,31600
chacha20-poly1305,2048,1017,36100
chacha20-poly1305,2048,1018,32000
chacha20-poly1305,2048,1019,31500
chacha20-poly1305,2048,1020,31500
chacha20-poly1305,2048,1021,31700
chacha20-poly1305,2048,1022,31200
chacha20-poly1305,2048,1023,31800
chacha20-poly1305,2048,1024,31600
chacha20-poly1305,2048,1025,33000
chacha20-poly1305,2048,1026,31600
chacha20-poly1305,2048,1027,31800
chacha20-poly1305,2048,1028,31600
chacha20-poly1305,2048,1029,31400
chacha20-poly1305,2048,1030,31800
chacha20-poly1305,2048,1031,31500
chacha20-poly1305,2048,1032,31500
chacha20-poly1305,2048,1033,31600
chacha20-poly1305,2048,1034,31600
chacha20-poly1305,2048,1035,31500
chacha20-poly1305,2048,1036,31600
chacha20-poly1305,2048,1037,31100
chacha20-poly1305,2048,1038,31300
chacha20-poly1305,2048,1039,32000
chacha20-poly1305,2048,1040,31300
chacha20-poly1305,2048,1041,31400
chacha20-poly1305,2048,1042,31600
chacha20-poly1305,2048,1043,31600
chacha20-poly1305,2048,1044,31400
chacha20-poly1305,2048,1045,31800
chacha20-poly1305,2048,1046,31500
chacha20-poly1305,2048,1047,31400
chacha20-poly1305,2048,1048,34500
chacha20-poly1305,2048,1049,31400
chacha20-poly1305,2048,1050,39900
chacha20-poly1305,2048,1051,31600
chacha20-poly1305,2048,1052,31600
chacha20-poly1305,2048,1053,31500
chacha20-poly1305,2048,1054,31700
chacha20-poly1305,2048,1055,31400
chacha20-poly1305,2048,1056,31200
chacha20-poly1305,2048,1057,31900
chacha20-poly1305,2048,1058,31400
chacha20-poly1305,2048,1059,31600
chacha20-poly1305,2048,1060,32000
chacha20-poly1305,2048,1061,31400
chacha20-poly1305,2048,1062,31300
chacha20-poly1305,2048,1063,31900
chacha20-poly1305,2048,1064,31400
chacha20-poly1305,2048,1065,31700
chacha20-poly1305,2048,1066,31800
chacha20-poly1305,2048,1067,31300
chacha20-poly1305,2048,1068,31400
chacha20-poly1305,2048,1069,34600
chacha20-poly1305,2048,1070,31500
chacha20-poly1305,2048,1071,31700
chacha20-poly1305,2048,1072,31700
chacha20-poly1305,2048,1073,31700
chacha20-poly1305,2048,1074,31500
chacha20-poly1305,2048,1075,32100
chacha20-poly1305,2048,1076,31200
chacha20-poly1305,2048,1077,31500
chacha20-poly1305,2048,1078,31600
chacha20-poly1305,2048,1079,32300
chacha20-poly1305,2048,1080,31500
chacha20-poly1305,2048,1081,31600
chacha20-poly1305,2048,1082,31600
chacha20-poly1305,2048,1083,35000
chacha20-poly1305,2048,1084,31800
chacha20-poly1305,2048,1085,31500
chacha20-poly1305,2048,1086,31500
chacha20-poly1305,2048,1087,31600
chacha20-poly1305,2048,1088,32400
chacha20-poly1305,2048,1089,31600
chacha20-poly1305,2048,1090,31800
chacha20-poly1305,2048,1091,31200
chacha20-poly1305,2048,1092,31400
chacha20-poly1305,2048,1093,31700
chacha20-poly1305,2048,1094,31200
chacha20-poly1305,2048,1095,31700
chacha20-poly1305,2048,1096,31400
chacha20-poly1305,2048,1097,31500
chacha20-poly1305,2048,1098,31400
chacha20-poly1305,2048,1099,32000
chacha20-poly1305,2048,1100,31500
chacha20-poly1305,2048,1101,31400
chacha20-poly1305,2048,1102,31600
chacha20-poly1305,2048,1103,31500
chacha20-poly1305,2048,1104,31900
chacha20-poly1305,2048,1105,31600
chacha20-poly1305,2048,1106,31700
chacha20-poly1305,2048,1107,31500
chacha20-poly1305,2048,1108,31600
chacha20-poly1305,2048,1109,31300
chacha20-poly1305,2048,1110,34500
chacha20-poly1305,2048,1111,31700
chacha20-poly1305,2048,1112,31400
chacha20-poly1305,2048,1113,32600
chacha20-poly1305,2048,1114,31500
chacha20-poly1305,2048,1115,31700
chacha20-poly1305,2048,1116,31400
chacha20-poly1305,2048,1117,31800
chacha20-poly1305,2048,1118,31300
chacha20-poly1305,2048,1119,31300
chacha20-poly1305,2048,1120,31700
chacha20-poly1305,2048,1121,31700
chacha20-poly1305,2048,1122,31600
chacha20-poly1305,2048,1123,31500
chacha20-poly1305,2048,1124,31700
chacha20-poly1305,2048,1125,31600
chacha20-poly1305,2048,1126,31900
chacha20-poly1305,2048,1127,31200
chacha20-poly1305,2048,1128,31300
chacha20-poly1305,2048,1129,31700
chacha20-poly1305,2048,1130,31300
chacha20-poly1305,2048,1131,31500
chacha20-poly1305,2048,1132,31400
chacha20-poly1305,2048,1133,31400
chacha20-poly1305,2048,1134,31400
chacha20-poly1305,2048,1135,32000
chacha20-poly1305,2048,1136,31200
chacha20-poly1305,2048,1137,31300
chacha20-poly1305,2048,1138,32200
chacha20-poly1305,2048,1139,31100
chacha20-poly1305,2048,1140,31600
chacha20-poly1305,2048,1141,32200
chacha20-poly1305,2048,1142,32000
chacha20-poly1305,2048,1143,31600
chacha20-poly1305,2048,1144,31800
chacha20-poly1305,2048,1145,31300
chacha20-poly1305,2048,1146,31500
chacha20-poly1305,2048,1147,31800
chacha20-poly1305,2048,1148,31900
chacha20-poly1305,2048,1149,31500
chacha20-poly1305,2048,1150,31400
chacha20-poly1305,2048,1151,31400
chacha20-poly1305,2048,1152,32300
chacha20-poly1305,2048,1153,32000
chacha20-poly1305,2048,1154,31400
chacha20-poly1305,2048,1155,31500
chacha20-poly1305,2048,1156,31800
chacha20-poly1305,2048,1157,31200
chacha20-poly1305,2048,1158,31500
chacha20-poly1305,2048,1159,31400
chacha20-poly1305,2048,1160,31600
chacha20-poly1305,2048,1161,31400
chacha20-poly1305,2048,1162,31700
chacha20-poly1305,2048,1163,31400
chacha20-poly1305,2048,1164,31400
chacha20-poly1305,2048,1165,31700
chacha20-poly1305,2048,1166,31300
chacha20-poly1305,2048,1167,31600
chacha20-poly1305,2048,1168,31500
chacha20-poly1305,2048,1169,31700
chacha20-poly1305,2048,1170,31700
chacha20-poly1305,2048,1171,31700
chacha20-poly1305,2048,1172,31400
chacha20-poly1305,2048,1173,33100
chacha20-poly1305,2048,1174,31800
chacha20-poly1305,2048,1175,31600
chacha20-poly1305,2048,1176,31900
chacha20-poly1305,2048,1177,32600
chacha20-poly1305,2048,1178,31700
chacha20-poly1305,2048,1179,31500
chacha20-poly1305,2048,1180,31900
chacha20-poly1305,2048,1181,31300
chacha20-poly1305,2048,1182,31200
chacha20-poly1305,2048,1183,31800
chacha20-poly1305,2048,1184,31300
chacha20-poly1305,2048,1185,32300
chacha20-poly1305,2048,1186,31700
chacha20-poly1305,2048,1187,31700
chacha20-poly1305,2048,1188,31500
chacha20-poly1305,2048,1189,31800
chacha20-poly1305,2048,1190,31300
chacha20-poly1305,2048,1191,31400
chacha20-poly1305,2048,1192,31700
chacha20-poly1305,2048,1193,31300
chacha20-poly1305,2048,1194,31600
chacha20-poly1305,2048,1195,32000
chacha20-poly1305,2048,1196,31400
chacha20-poly1305,2048,1197,31600
chacha20-poly1305,2048,1198,31700
chacha20-poly1305,2048,1199,31400
chacha20-poly1305,2048,1200,31400
chacha20-poly1305,2048,1201,32000
chacha20-poly1305,2048,1202,31300
chacha20-poly1305,2048,1203,31700
chacha20-poly1305,2048,1204,68900
chacha20-poly1305,2048,1205,32900
chacha20-poly1305,2048,1206,31800
chacha20-poly1305,2048,1207,31700
chacha20-poly1305,2048,1208,31500
chacha20-poly1305,2048,1209,31400
chacha20-poly1305,2048,1210,31900
chacha20-poly1305,2048,1211,31600
chacha20-poly1305,2048,1212,31500
chacha20-poly1305,2048,1213,31500
chacha20-poly1305,2048,1214,31500
chacha20-poly1305,2048,1215,31500
chacha20-poly1305,2048,1216,32200
chacha20-poly1305,2048,1217,31500
chacha20-poly1305,2048,1218,31300
chacha20-poly1305,2048,1219,31700
chacha20-poly1305,2048,1220,31500
chacha20-poly1305,2048,1221,31900
chacha20-poly1305,2048,1222,31400
chacha20-poly1305,2048,1223,31500
chacha20-poly1305,2048,1224,31400
chacha20-poly1305,2048,1225,31900
chacha20-poly1305,2048,1226,31400
chacha20-poly1305,2048,1227,31500
chacha20-poly1305,2048,1228,31600
chacha20-poly1305,2048,1229,31300
chacha20-poly1305,2048,1230,31800
chacha20-poly1305,2048,1231,31700
chacha20-poly1305,2048,1232,31500
chacha20-poly1305,2048,1233,31400
chacha20-poly1305,2048,1234,34900
chacha20-poly1305,2048,1235,31400
chacha20-poly1305,2048,1236,31400
chacha20-poly1305,2048,1237,31800
chacha20-poly1305,2048,1238,31500
chacha20-poly1305,2048,1239,31800
chacha20-poly1305,2048,1240,31700
chacha20-poly1305,2048,1241,32700
chacha20-poly1305,2048,1242,31700
chacha20-poly1305,2048,1243,31800
chacha20-poly1305,2048,1244,31400
chacha20-poly1305,2048,1245,31400
chacha20-poly1305,2048,1246,31700
chacha20-poly1305,2048,1247,31200
chacha20-poly1305,2048,1248,31600
chacha20-poly1305,2048,1249,31800
chacha20-poly1305,2048,1250,31700
chacha20-poly1305,2048,1251,31800
chacha20-poly1305,2048,1252,32100
chacha20-poly1305,2048,1253,31400
chacha20-poly1305,2048,1254,31500
chacha20-poly1305,2048,1255,31900
chacha20-poly1305,2048,1256,31300
chacha20-poly1305,2048,1257,31800
chacha20-poly1305,2048,1258,31700
chacha20-poly1305,2048,1259,31700
chacha20-poly1305,2048,1260,31500
chacha20-poly1305,2048,1261,31700
chacha20-poly1305,2048,1262,31300
chacha20-poly1305,2048,1263,31700
chacha20-poly1305,2048,1264,31500
chacha20-poly1305,2048,1265,32600
chacha20-poly1305,2048,1266,31900
chacha20-poly1305,2048,1267,31600
chacha20-poly1305,2048,1268,31600
chacha20-poly1305,2048,1269,31500
chacha20-poly1305,2048,1270,31900
chacha20-poly1305,2048,1271,31500
chacha20-poly1305,2048,1272,31400
chacha20-poly1305,2048,1273,31700
chacha20-poly1305,2048,1274,31500
chacha20-poly1305,2048,1275,31500
chacha20-poly1305,2048,1276,31400
chacha20-poly1305,2048,1277,31400
chacha20-poly1305,2048,1278,31400
chacha20-poly1305,2048,1279,31800
chacha20-poly1305,2048,1280,32300
chacha20-poly1305,2048,1281,31700
chacha20-poly1305,2048,1282,32000
chacha20-poly1305,2048,1283,31200
chacha20-poly1305,2048,1284,32000
chacha20-poly1305,2048,1285,31600
chacha20-poly1305,2048,1286,31400
chacha20-poly1305,2048,1287,31400
chacha20-poly1305,2048,1288,31600
chacha20-poly1305,2048,1289,31300
chacha20-poly1305,2048,1290,31500
chacha20-poly1305,2048,1291,32000
chacha20-poly1305,2048,1292,31100
chacha20-poly1305,2048,1293,31700
chacha20-poly1305,2048,1294,31600
chacha20-poly1305,2048,1295,31800
chacha20-poly1305,2048,1296,31500
chacha20-poly1305,2048,1297,31400
chacha20-poly1305,2048,1298,31500
chacha20-poly1305,2048,1299,31400
chacha20-poly1305,2048,1300,31800
chacha20-poly1305,2048,1301,31200
chacha20-poly1305,2048,1302,31800
chacha20-poly1305,2048,1303,31400
chacha20-poly1305,2048,1304,31400
chacha20-poly1305,2048,1305,32500
chacha20-poly1305,2048,1306,31900
chacha20-poly1305,2048,1307,31300
chacha20-poly1305,2048,1308,31300
chacha20-poly1305,2048,1309,31600
chacha20-poly1305,2048,1310,31600
chacha20-poly1305,2048,1311,31700
chacha20-poly1305,2048,1312,31400
chacha20-poly1305,2048,1313,31700
chacha20-poly1305,2048,1314,31500
chacha20-poly1305,2048,1315,31900
chacha20-poly1305,2048,1316,31400
chacha20-poly1305,2048,1317,31500
chacha20-poly1305,2048,1318,31800
chacha20-poly1305,2048,1319,31300
chacha20-poly1305,2048,1320,31600
chacha20-poly1305,2048,1321,31800
chacha20-poly1305,2048,1322,31500
chacha20-poly1305,2048,1323,31600
chacha20-poly1305,2048,1324,31600
chacha20-poly1305,2048,1325,31500
chacha20-poly1305,2048,1326,31400
chacha20-poly1305,2048,1327,31800
chacha20-poly1305,2048,1328,33400
chacha20-poly1305,2048,1329,31700
chacha20-poly1305,2048,1330,31500
chacha20-poly1305,2048,1331,31600
chacha20-poly1305,2048,1332,31300
chacha20-poly1305,2048,1333,31700
chacha20-poly1305,2048,1334,31500
chacha20-poly1305,2048,1335,31600
chacha20-poly1305,2048,1336,31600
chacha20-poly1305,2048,1337,31200
chacha20-poly1305,2048,1338,31600
chacha20-poly1305,2048,1339,31500
chacha20-poly1305,2048,1340,31500
chacha20-poly1305,2048,1341,31300
chacha20-poly1305,2048,1342,31500
chacha20-poly1305,2048,1343,31800
chacha20-poly1305,2048,1344,31500
chacha20-poly1305,2048,1345,32100
chacha20-poly1305,2048,1346,31400
chacha20-poly1305,2048,1347,31800
chacha20-poly1305,2048,1348,31800
chacha20-poly1305,2048,1349,31500
chacha20-poly1305,2048,1350,31300
chacha20-poly1305,2048,1351,31800
chacha20-poly1305,2048,1352,31500
chacha20-poly1305,2048,1353,31400
chacha20-poly1305,2048,1354,31800
chacha20-poly1305,2048,1355,31600
chacha20-poly1305,2048,1356,31700
chacha20-poly1305,2048,1357,31500
chacha20-poly1305,2048,1358,31400
chacha20-poly1305,2048,1359,33100
chacha20-poly1305,2048,1360,31800
chacha20-poly1305,2048,1361,31500
chacha20-poly1305,2048,1362,31500
chacha20-poly1305,2048,1363,31700
chacha20-poly1305,2048,1364,31500
chacha20-poly1305,2048,1365,31700
chacha20-poly1305,2048,1366,31700
chacha20-poly1305,2048,1367,31600
chacha20-poly1305,2048,1368,32100
chacha20-poly1305,2048,1369,31800
chacha20-poly1305,2048,1370,31600
chacha20-poly1305,2048,1371,31400
chacha20-poly1305,2048,1372,31800
chacha20-poly1305,2048,1373,31400
chacha20-poly1305,2048,1374,31600
chacha20-poly1305,2048,1375,31300
chacha20-poly1305,2048,1376,31500
chacha20-poly1305,2048,1377,31900
chacha20-poly1305,2048,1378,31700
chacha20-poly1305,2048,1379,31500
chacha20-poly1305,2048,1380,31600
chacha20-poly1305,2048,1381,31600
chacha20-poly1305,2048,1382,31300
chacha20-poly1305,2048,1383,31700
chacha20-poly1305,2048,1384,31400
chacha20-poly1305,2048,1385,31500
chacha20-poly1305,2048,1386,31500
chacha20-poly1305,2048,1387,32000
chacha20-poly1305,2048,1388,31400
chacha20-poly1305,2048,1389,31300
chacha20-poly1305,2048,1390,31600
chacha20-poly1305,2048,1391,31100
chacha20-poly1305,2048,1392,31600
chacha20-poly1305,2048,1393,32000
chacha20-poly1305,2048,1394,31700
chacha20-poly1305,2048,1395,31600
chacha20-poly1305,2048,1396,31500
chacha20-poly1305,2048,1397,31300
chacha20-poly1305,2048,1398,31600
chacha20-poly1305,2048,1399,31600
chacha20-poly1305,2048,1400,31400
chacha20-poly1305,2048,1401,31600
chacha20-poly1305,2048,1402,31600
chacha20-poly1305,2048,1403,31500
chacha20-poly1305,2048,1404,31300
chacha20-poly1305,2048,1405,31800
chacha20-poly1305,2048,1406,31700
chacha20-poly1305,2048,1407,32300
chacha20-poly1305,2048,1408,31900
chacha20-poly1305,2048,1409,31500
chacha20-poly1305,2048,1410,31800
chacha20-poly1305,2048,1411,31600
chacha20-poly1305,2048,1412,31600
chacha20-poly1305,2048,1413,32000
chacha20-poly1305,2048,1414,32100
chacha20-poly1305,2048,1415,31700
chacha20-poly1305,2048,1416,31500
chacha20-poly1305,2048,1417,34400
chacha20-poly1305,2048,1418,35100
chacha20-poly1305,2048,1419,31800
chacha20-poly1305,2048,1420,31500
chacha20-poly1305,2048,1421,33900
chacha20-poly1305,2048,1422,31300
chacha20-poly1305,2048,1423,32000
chacha20-poly1305,2048,1424,31300
chacha20-poly1305,2048,1425,31500
chacha20-poly1305,2048,1426,31900
chacha20-poly1305,2048,1427,31200
chacha20-poly1305,2048,1428,81300
chacha20-poly1305,2048,1429,82300
chacha20-poly1305,2048,1430,60900
chacha20-poly1305,2048,1431,58100
chacha20-poly1305,2048,1432,82700
chacha20-poly1305,2048,1433,61200
chacha20-poly1305,2048,1434,89000
chacha20-poly1305,2048,1435,59900
chacha20-poly1305,2048,1436,55800
chacha20-poly1305,2048,1437,35700
chacha20-poly1305,2048,1438,32800
chacha20-poly1305,2048,1439,32000
chacha20-poly1305,2048,1440,31400
chacha20-poly1305,2048,1441,97600
chacha20-poly1305,2048,1442,100700
chacha20-poly1305,2048,1443,92000
chacha20-poly1305,2048,1444,42300
chacha20-poly1305,2048,1445,32800
chacha20-poly1305,2048,1446,32100
chacha20-poly1305,2048,1447,35200
chacha20-poly1305,2048,1448,31600
chacha20-poly1305,2048,1449,31900
chacha20-poly1305,2048,1450,32300
chacha20-poly1305,2048,1451,31900
chacha20-poly1305,2048,1452,31500
chacha20-poly1305,2048,1453,32000
chacha20-poly1305,2048,1454,31400
chacha20-poly1305,2048,1455,31700
chacha20-poly1305,2048,1456,31700
chacha20-poly1305,2048,1457,31500
chacha20-poly1305,2048,1458,31300
chacha20-poly1305,2048,1459,31600
chacha20-poly1305,2048,1460,31500
chacha20-poly1305,2048,1461,31800
chacha20-poly1305,2048,1462,35300
chacha20-poly1305,2048,1463,31300
chacha20-poly1305,2048,1464,31700
chacha20-poly1305,2048,1465,31600
chacha20-poly1305,2048,1466,33900
chacha20-poly1305,2048,1467,194100
chacha20-poly1305,2048,1468,149600
chacha20-poly1305,2048,1469,119300
chacha20-poly1305,2048,1470,108700
chacha20-poly1305,2048,1471,74000
chacha20-poly1305,2048,1472,36000
chacha20-poly1305,2048,1473,32900
chacha20-poly1305,2048,1474,31200
chacha20-poly1305,2048,1475,32900
chacha20-poly1305,2048,1476,31200
chacha20-poly1305,2048,1477,31600
chacha20-poly1305,2048,1478,31200
chacha20-poly1305,2048,1479,31400
chacha20-poly1305,2048,1480,31700
chacha20-poly1305,2048,1481,31400
chacha20-poly1305,2048,1482,31400
chacha20-poly1305,2048,1483,31500
chacha20-poly1305,2048,1484,31300
chacha20-poly1305,2048,1485,31400
chacha20-poly1305,2048,1486,32400
chacha20-poly1305,2048,1487,31100
chacha20-poly1305,2048,1488,31200
chacha20-poly1305,2048,1489,31900
chacha20-poly1305,2048,1490,31100
chacha20-poly1305,2048,1491,31500
chacha20-poly1305,2048,1492,31500
chacha20-poly1305,2048,1493,31400
chacha20-poly1305,2048,1494,31300
chacha20-poly1305,2048,1495,31500
chacha20-poly1305,2048,1496,31700
chacha20-poly1305,2048,1497,31800
chacha20-poly1305,2048,1498,31400
chacha20-poly1305,2048,1499,31300
chacha20-poly1305,2048,1500,31300
chacha20-poly1305,2048,1501,31500
chacha20-poly1305,2048,1502,31100
chacha20-poly1305,2048,1503,31300
chacha20-poly1305,2048,1504,31500
chacha20-poly1305,2048,1505,31300
chacha20-poly1305,2048,1506,31400
chacha20-poly1305,2048,1507,32100
chacha20-poly1305,2048,1508,31300
chacha20-poly1305,2048,1509,31600
chacha20-poly1305,2048,1510,31300
chacha20-poly1305,2048,1511,31300
chacha20-poly1305,2048,1512,31400
chacha20-poly1305,2048,1513,31500
chacha20-poly1305,2048,1514,31200
chacha20-poly1305,2048,1515,31000
chacha20-poly1305,2048,1516,31800
chacha20-poly1305,2048,1517,31000
chacha20-poly1305,2048,1518,31800
chacha20-poly1305,2048,1519,31300
chacha20-poly1305,2048,1520,30800
chacha20-poly1305,2048,1521,31200
chacha20-poly1305,2048,1522,31400
chacha20-poly1305,2048,1523,31300
chacha20-poly1305,2048,1524,31400
chacha20-poly1305,2048,1525,31500
chacha20-poly1305,2048,1526,31500
chacha20-poly1305,2048,1527,31400
chacha20-poly1305,2048,1528,31600
chacha20-poly1305,2048,1529,31900
chacha20-poly1305,2048,1530,30800
chacha20-poly1305,2048,1531,31500
chacha20-poly1305,2048,1532,31200
chacha20-poly1305,2048,1533,31000
chacha20-poly1305,2048,1534,31800
chacha20-poly1305,2048,1535,32100
chacha20-poly1305,2048,1536,31700
chacha20-poly1305,2048,1537,31700
chacha20-poly1305,2048,1538,31300
chacha20-poly1305,2048,1539,31800
chacha20-poly1305,2048,1540,31400
chacha20-poly1305,2048,1541,31200
chacha20-poly1305,2048,1542,31200
chacha20-poly1305,2048,1543,31600
chacha20-poly1305,2048,1544,30900
chacha20-poly1305,2048,1545,31600
chacha20-poly1305,2048,1546,31300
chacha20-poly1305,2048,1547,31400
chacha20-poly1305,2048,1548,31200
chacha20-poly1305,2048,1549,59900
chacha20-poly1305,2048,1550,48300
chacha20-poly1305,2048,1551,33700
chacha20-poly1305,2048,1552,31800
chacha20-poly1305,2048,1553,31400
chacha20-poly1305,2048,1554,31700
chacha20-poly1305,2048,1555,31400
chacha20-poly1305,2048,1556,31600
chacha20-poly1305,2048,1557,31300
chacha20-poly1305,2048,1558,31600
chacha20-poly1305,2048,1559,31100
chacha20-poly1305,2048,1560,31600
chacha20-poly1305,2048,1561,32100
chacha20-poly1305,2048,1562,51300
chacha20-poly1305,2048,1563,108700
chacha20-poly1305,2048,1564,55700
chacha20-poly1305,2048,1565,93500
chacha20-poly1305,2048,1566,77900
chacha20-poly1305,2048,1567,104500
chacha20-poly1305,2048,1568,65000
chacha20-poly1305,2048,1569,34800
chacha20-poly1305,2048,1570,34000
chacha20-poly1305,2048,1571,31500
chacha20-poly1305,2048,1572,31400
chacha20-poly1305,2048,1573,31600
chacha20-poly1305,2048,1574,31200
chacha20-poly1305,2048,1575,32200
chacha20-poly1305,2048,1576,32300
chacha20-poly1305,2048,1577,33800
chacha20-poly1305,2048,1578,30600
chacha20-poly1305,2048,1579,31500
chacha20-poly1305,2048,1580,31000
chacha20-poly1305,2048,1581,31700
chacha20-poly1305,2048,1582,31300
chacha20-poly1305,2048,1583,31400
chacha20-poly1305,2048,1584,31100
chacha20-poly1305,2048,1585,31600
chacha20-poly1305,2048,1586,31400
chacha20-poly1305,2048,1587,31700
chacha20-poly1305,2048,1588,74100
chacha20-poly1305,2048,1589,61700
chacha20-poly1305,2048,1590,88000
chacha20-poly1305,2048,1591,44200
chacha20-poly1305,2048,1592,33900
chacha20-poly1305,2048,1593,31900
chacha20-poly1305,2048,1594,69600
chacha20-poly1305,2048,1595,35800
chacha20-poly1305,2048,1596,32400
chacha20-poly1305,2048,1597,32300
chacha20-poly1305,2048,1598,33700
chacha20-poly1305,2048,1599,32800
chacha20-poly1305,2048,1600,31800
chacha20-poly1305,2048,1601,31600
chacha20-poly1305,2048,1602,32200
chacha20-poly1305,2048,1603,31900
chacha20-poly1305,2048,1604,31300
chacha20-poly1305,2048,1605,31500
chacha20-poly1305,2048,1606,31900
chacha20-poly1305,2048,1607,31700
chacha20-poly1305,2048,1608,31700
chacha20-poly1305,2048,1609,31600
chacha20-poly1305,2048,1610,31800
chacha20-poly1305,2048,1611,31500
chacha20-poly1305,2048,1612,31900
chacha20-poly1305,2048,1613,31500
chacha20-poly1305,2048,1614,31400
chacha20-poly1305,2048,1615,31900
chacha20-poly1305,2048,1616,31400
chacha20-poly1305,2048,1617,31500
chacha20-poly1305,2048,1618,31500
chacha20-poly1305,2048,1619,31700
chacha20-poly1305,2048,1620,31600
chacha20-poly1305,2048,1621,35600
chacha20-poly1305,2048,1622,31900
chacha20-poly1305,2048,1623,32500
chacha20-poly1305,2048,1624,32000
chacha20-poly1305,2048,1625,31600
chacha20-poly1305,2048,1626,31800
chacha20-poly1305,2048,1627,31500
chacha20-poly1305,2048,1628,31600
chacha20-poly1305,2048,1629,31600
chacha20-poly1305,2048,1630,31900
chacha20-poly1305,2048,1631,31700
chacha20-poly1305,2048,1632,31500
chacha20-poly1305,2048,1633,31800
chacha20-poly1305,2048,1634,31400
chacha20-poly1305,2048,1635,31600
chacha20-poly1305,2048,1636,31500
chacha20-poly1305,2048,1637,31500
chacha20-poly1305,2048,1638,31400
chacha20-poly1305,2048,1639,31900
chacha20-poly1305,2048,1640,31500
chacha20-poly1305,2048,1641,31600
chacha20-poly1305,2048,1642,31900
chacha20-poly1305,2048,1643,31500
chacha20-poly1305,2048,1644,32000
chacha20-poly1305,2048,1645,31900
chacha20-poly1305,2048,1646,31400
chacha20-poly1305,2048,1647,31400
chacha20-poly1305,2048,1648,31800
chacha20-poly1305,2048,1649,31400
chacha20-poly1305,2048,1650,31400
chacha20-poly1305,2048,1651,31700
chacha20-poly1305,2048,1652,36300
chacha20-poly1305,2048,1653,31700
chacha20-poly1305,2048,1654,31700
chacha20-poly1305,2048,1655,31800
chacha20-poly1305,2048,1656,31400
chacha20-poly1305,2048,1657,31600
chacha20-poly1305,2048,1658,31400
chacha20-poly1305,2048,1659,31700
chacha20-poly1305,2048,1660,31800
chacha20-poly1305,2048,1661,31400
chacha20-poly1305,2048,1662,32400
chacha20-poly1305,2048,1663,32000
chacha20-poly1305,2048,1664,31500
chacha20-poly1305,2048,1665,31600
chacha20-poly1305,2048,1666,32100
chacha20-poly1305,2048,1667,31500
chacha20-poly1305,2048,1668,31200
chacha20-poly1305,2048,1669,31800
chacha20-poly1305,2048,1670,31500
chacha20-poly1305,2048,1671,31700
chacha20-poly1305,2048,1672,31500
chacha20-poly1305,2048,1673,31500
chacha20-poly1305,2048,1674,31600
chacha20-poly1305,2048,1675,31700
chacha20-poly1305,2048,1676,31600
chacha20-poly1305,2048,1677,31600
chacha20-poly1305,2048,1678,31800
chacha20-poly1305,2048,1679,31500
chacha20-poly1305,2048,1680,31900
chacha20-poly1305,2048,1681,31700
chacha20-poly1305,2048,1682,31700
chacha20-poly1305,2048,1683,33200
chacha20-poly1305,2048,1684,31900
chacha20-poly1305,2048,1685,31400
chacha20-poly1305,2048,1686,31600
chacha20-poly1305,2048,1687,32900
chacha20-poly1305,2048,1688,31300
chacha20-poly1305,2048,1689,31600
chacha20-poly1305,2048,1690,31600
chacha20-poly1305,2048,1691,31600
chacha20-poly1305,2048,1692,31600
chacha20-poly1305,2048,1693,31800
chacha20-poly1305,2048,1694,31200
chacha20-poly1305,2048,1695,31500
chacha20-poly1305,2048,1696,31600
chacha20-poly1305,2048,1697,31500
chacha20-poly1305,2048,1698,31700
chacha20-poly1305,2048,1699,31700
chacha20-poly1305,2048,1700,31700
chacha20-poly1305,2048,1701,31400
chacha20-poly1305,2048,1702,31700
chacha20-poly1305,2048,1703,31400
chacha20-poly1305,2048,1704,31700
chacha20-poly1305,2048,1705,31800
chacha20-poly1305,2048,1706,31300
chacha20-poly1305,2048,1707,31600
chacha20-poly1305,2048,1708,31700
chacha20-poly1305,2048,1709,31600
chacha20-poly1305,2048,1710,31500
chacha20-poly1305,2048,1711,31900
chacha20-poly1305,2048,1712,31300
chacha20-poly1305,2048,1713,31400
chacha20-poly1305,2048,1714,34000
chacha20-poly1305,2048,1715,31300
chacha20-poly1305,2048,1716,31700
chacha20-poly1305,2048,1717,31800
chacha20-poly1305,2048,1718,31600
chacha20-poly1305,2048,1719,31600
chacha20-poly1305,2048,1720,31900
chacha20-poly1305,2048,1721,31500
chacha20-poly1305,2048,1722,31500
chacha20-poly1305,2048,1723,32000
chacha20-poly1305,2048,1724,31400
chacha20-poly1305,2048,1725,31700
chacha20-poly1305,2048,1726,32300
chacha20-poly1305,2048,1727,31800
chacha20-poly1305,2048,1728,31400
chacha20-poly1305,2048,1729,31800
chacha20-poly1305,2048,1730,31600
chacha20-poly1305,2048,1731,31500
chacha20-poly1305,2048,1732,31700
chacha20-poly1305,2048,1733,70500
chacha20-poly1305,2048,1734,129200
chacha20-poly1305,2048,1735,59300
chacha20-poly1305,2048,1736,35300
chacha20-poly1305,2048,1737,33800
chacha20-poly1305,2048,1738,32700
chacha20-poly1305,2048,1739,114900
chacha20-poly1305,2048,1740,44900
chacha20-poly1305,2048,1741,35300
chacha20-poly1305,2048,1742,80200
chacha20-poly1305,2048,1743,130800
chacha20-poly1305,2048,1744,93400
chacha20-poly1305,2048,1745,41800
chacha20-poly1305,2048,1746,32900
chacha20-poly1305,2048,1747,32200
chacha20-poly1305,2048,1748,32200
chacha20-poly1305,2048,1749,32300
chacha20-poly1305,2048,1750,32000
chacha20-poly1305,2048,1751,33600
chacha20-poly1305,2048,1752,87200
chacha20-poly1305,2048,1753,87500
chacha20-poly1305,2048,1754,41900
chacha20-poly1305,2048,1755,33800
chacha20-poly1305,2048,1756,50300
chacha20-poly1305,2048,1757,69900
chacha20-poly1305,2048,1758,59000
chacha20-poly1305,2048,1759,35700
chacha20-poly1305,2048,1760,32600
chacha20-poly1305,2048,1761,32100
chacha20-poly1305,2048,1762,31700
chacha20-poly1305,2048,1763,31600
chacha20-poly1305,2048,1764,31400
chacha20-poly1305,2048,1765,31800
chacha20-poly1305,2048,1766,31200
chacha20-poly1305,2048,1767,31200
chacha20-poly1305,2048,1768,31600
chacha20-poly1305,2048,1769,31300
chacha20-poly1305,2048,1770,31700
chacha20-poly1305,2048,1771,31300
chacha20-poly1305,2048,1772,31500
chacha20-poly1305,2048,1773,31400
chacha20-poly1305,2048,1774,31600
chacha20-poly1305,2048,1775,31200
chacha20-poly1305,2048,1776,31400
chacha20-poly1305,2048,1777,31600
chacha20-poly1305,2048,1778,31100
chacha20-poly1305,2048,1779,31300
chacha20-poly1305,2048,1780,31100
chacha20-poly1305,2048,1781,31600
chacha20-poly1305,2048,1782,31400
chacha20-poly1305,2048,1783,31700
chacha20-poly1305,2048,1784,31100
chacha20-poly1305,2048,1785,32000
chacha20-poly1305,2048,1786,33900
chacha20-poly1305,2048,1787,31300
chacha20-poly1305,2048,1788,31400
chacha20-poly1305,2048,1789,31300
chacha20-poly1305,2048,1790,32500
chacha20-poly1305,2048,1791,31400
chacha20-poly1305,2048,1792,32000
chacha20-poly1305,2048,1793,31400
chacha20-poly1305,2048,1794,31500
chacha20-poly1305,2048,1795,31500
chacha20-poly1305,2048,1796,31100
chacha20-poly1305,2048,1797,31700
chacha20-poly1305,2048,1798,31400
chacha20-poly1305,2048,1799,31400
chacha20-poly1305,2048,1800,31400
chacha20-poly1305,2048,1801,31600
chacha20-poly1305,2048,1802,31100
chacha20-poly1305,2048,1803,31200
chacha20-poly1305,2048,1804,31600
chacha20-poly1305,2048,1805,31000
chacha20-poly1305,2048,1806,31400
chacha20-poly1305,2048,1807,31400
chacha20-poly1305,2048,1808,31300
chacha20-poly1305,2048,1809,31300
chacha20-poly1305,2048,1810,31500
chacha20-poly1305,2048,1811,31100
chacha20-poly1305,2048,1812,31200
chacha20-poly1305,2048,1813,32100
chacha20-poly1305,2048,1814,31300
chacha20-poly1305,2048,1815,32500
chacha20-poly1305,2048,1816,31500
chacha20-poly1305,2048,1817,31500
chacha20-poly1305,2048,1818,31200
chacha20-poly1305,2048,1819,31800
chacha20-poly1305,2048,1820,31300
chacha20-poly1305,2048,1821,31300
chacha20-poly1305,2048,1822,31700
chacha20-poly1305,2048,1823,31400
chacha20-poly1305,2048,1824,31700
chacha20-poly1305,2048,1825,31400
chacha20-poly1305,2048,1826,31400
chacha20-poly1305,2048,1827,31200
chacha20-poly1305,2048,1828,31500
chacha20-poly1305,2048,1829,31300
chacha20-poly1305,2048,1830,31200
chacha20-poly1305,2048,1831,31700
chacha20-poly1305,2048,1832,31400
chacha20-poly1305,2048,1833,31500
chacha20-poly1305,2048,1834,31400
chacha20-poly1305,2048,1835,31300
chacha20-poly1305,2048,1836,50300
chacha20-poly1305,2048,1837,162600
chacha20-poly1305,2048,1838,101300
chacha20-poly1305,2048,1839,134500
chacha20-poly1305,2048,1840,129100
chacha20-poly1305,2048,1841,68600
chacha20-poly1305,2048,1842,57900
chacha20-poly1305,2048,1843,35700
chacha20-poly1305,2048,1844,32900
chacha20-poly1305,2048,1845,32000
chacha20-poly1305,2048,1846,32300
chacha20-poly1305,2048,1847,31800
chacha20-poly1305,2048,1848,31900
chacha20-poly1305,2048,1849,35900
chacha20-poly1305,2048,1850,31400
chacha20-poly1305,2048,1851,86500
chacha20-poly1305,2048,1852,102200
chacha20-poly1305,2048,1853,111000
chacha20-poly1305,2048,1854,61700
chacha20-poly1305,2048,1855,35600
chacha20-poly1305,2048,1856,31900
chacha20-poly1305,2048,1857,69200
chacha20-poly1305,2048,1858,74100
chacha20-poly1305,2048,1859,45700
chacha20-poly1305,2048,1860,33000
chacha20-poly1305,2048,1861,31700
chacha20-poly1305,2048,1862,32500
chacha20-poly1305,2048,1863,32000
chacha20-poly1305,2048,1864,31900
chacha20-poly1305,2048,1865,31500
chacha20-poly1305,2048,1866,31700
chacha20-poly1305,2048,1867,32200
chacha20-poly1305,2048,1868,31300
chacha20-poly1305,2048,1869,31900
chacha20-poly1305,2048,1870,31700
chacha20-poly1305,2048,1871,31600
chacha20-poly1305,2048,1872,31800
chacha20-poly1305,2048,1873,31700
chacha20-poly1305,2048,1874,31300
chacha20-poly1305,2048,1875,31500
chacha20-poly1305,2048,1876,31800
chacha20-poly1305,2048,1877,31400
chacha20-poly1305,2048,1878,32400
chacha20-poly1305,2048,1879,31400
chacha20-poly1305,2048,1880,31600
chacha20-poly1305,2048,1881,31500
chacha20-poly1305,2048,1882,31700
chacha20-poly1305,2048,1883,31700
chacha20-poly1305,2048,1884,31500
chacha20-poly1305,2048,1885,61900
chacha20-poly1305,2048,1886,128600
chacha20-poly1305,2048,1887,64000
chacha20-poly1305,2048,1888,43100
chacha20-poly1305,2048,1889,72200
chacha20-poly1305,2048,1890,89700
chacha20-poly1305,2048,1891,84800
chacha20-poly1305,2048,1892,41300
chacha20-poly1305,2048,1893,33300
chacha20-poly1305,2048,1894,32200
chacha20-poly1305,2048,1895,31500
chacha20-poly1305,2048,1896,31600
chacha20-poly1305,2048,1897,32000
chacha20-poly1305,2048,1898,31500
chacha20-poly1305,2048,1899,31400
chacha20-poly1305,2048,1900,31500
chacha20-poly1305,2048,1901,31200
chacha20-poly1305,2048,1902,31400
chacha20-poly1305,2048,1903,31800
chacha20-poly1305,2048,1904,31400
chacha20-poly1305,2048,1905,33200
chacha20-poly1305,2048,1906,32700
chacha20-poly1305,2048,1907,31300
chacha20-poly1305,2048,1908,31600
chacha20-poly1305,2048,1909,31900
chacha20-poly1305,2048,1910,31300
chacha20-poly1305,2048,1911,31600
chacha20-poly1305,2048,1912,31600
chacha20-poly1305,2048,1913,31300
chacha20-poly1305,2048,1914,31500
chacha20-poly1305,2048,1915,31400
chacha20-poly1305,2048,1916,31400
chacha20-poly1305,2048,1917,32100
chacha20-poly1305,2048,1918,31800
chacha20-poly1305,2048,1919,31600
chacha20-poly1305,2048,1920,31400
chacha20-poly1305,2048,1921,31500
chacha20-poly1305,2048,1922,31200
chacha20-poly1305,2048,1923,31600
chacha20-poly1305,2048,1924,31700
chacha20-poly1305,2048,1925,31500
chacha20-poly1305,2048,1926,31400
chacha20-poly1305,2048,1927,31600
chacha20-poly1305,2048,1928,31300
chacha20-poly1305,2048,1929,31400
chacha20-poly1305,2048,1930,31800
chacha20-poly1305,2048,1931,31400
chacha20-poly1305,2048,1932,31400
chacha20-poly1305,2048,1933,31300
chacha20-poly1305,2048,1934,31400
chacha20-poly1305,2048,1935,31600
chacha20-poly1305,2048,1936,31600
chacha20-poly1305,2048,1937,32500
chacha20-poly1305,2048,1938,31400
chacha20-poly1305,2048,1939,31500
chacha20-poly1305,2048,1940,31600
chacha20-poly1305,2048,1941,31500
chacha20-poly1305,2048,1942,32100
chacha20-poly1305,2048,1943,31500
chacha20-poly1305,2048,1944,31200
chacha20-poly1305,2048,1945,31700
chacha20-poly1305,2048,1946,31000
chacha20-poly1305,2048,1947,31100
chacha20-poly1305,2048,1948,31700
chacha20-poly1305,2048,1949,31100
chacha20-poly1305,2048,1950,31300
chacha20-poly1305,2048,1951,31700
chacha20-poly1305,2048,1952,31600
chacha20-poly1305,2048,1953,31100
chacha20-poly1305,2048,1954,31500
chacha20-poly1305,2048,1955,31100
chacha20-poly1305,2048,1956,31300
chacha20-poly1305,2048,1957,31700
chacha20-poly1305,2048,1958,31200
chacha20-poly1305,2048,1959,31400
chacha20-poly1305,2048,1960,31400
chacha20-poly1305,2048,1961,31600
chacha20-poly1305,2048,1962,31300
chacha20-poly1305,2048,1963,31400
chacha20-poly1305,2048,1964,31000
chacha20-poly1305,2048,1965,31100
chacha20-poly1305,2048,1966,31500
chacha20-poly1305,2048,1967,31300
chacha20-poly1305,2048,1968,37400
chacha20-poly1305,2048,1969,31600
chacha20-poly1305,2048,1970,31200
chacha20-poly1305,2048,1971,31400
chacha20-poly1305,2048,1972,31800
chacha20-poly1305,2048,1973,31300
chacha20-poly1305,2048,1974,31200
chacha20-poly1305,2048,1975,31400
chacha20-poly1305,2048,1976,31100
chacha20-poly1305,2048,1977,31500
chacha20-poly1305,2048,1978,31400
chacha20-poly1305,2048,1979,31400
chacha20-poly1305,2048,1980,31400
chacha20-poly1305,2048,1981,32500
chacha20-poly1305,2048,1982,31400
chacha20-poly1305,2048,1983,31300
chacha20-poly1305,2048,1984,31600
chacha20-poly1305,2048,1985,31100
chacha20-poly1305,2048,1986,31400
chacha20-poly1305,2048,1987,31400
chacha20-poly1305,2048,1988,31600
chacha20-poly1305,2048,1989,31200
chacha20-poly1305,2048,1990,31500
chacha20-poly1305,2048,1991,31500
chacha20-poly1305,2048,1992,31200
chacha20-poly1305,2048,1993,31800
chacha20-poly1305,2048,1994,31500
chacha20-poly1305,2048,1995,31500
chacha20-poly1305,2048,1996,31400
chacha20-poly1305,2048,1997,74000
chacha20-poly1305,2048,1998,125000
chacha20-poly1305,2048,1999,61800
