algorithm,message_size_bytes,iteration,latency_ns
aes-gcm,128,0,30900
aes-gcm,128,1,31300
aes-gcm,128,2,30300
aes-gcm,128,3,30200
aes-gcm,128,4,30000
aes-gcm,128,5,30200
aes-gcm,128,6,30000
aes-gcm,128,7,30200
aes-gcm,128,8,29900
aes-gcm,128,9,30300
aes-gcm,128,10,30500
aes-gcm,128,11,30400
aes-gcm,128,12,30600
aes-gcm,128,13,30200
aes-gcm,128,14,30200
aes-gcm,128,15,29900
aes-gcm,128,16,30600
aes-gcm,128,17,32600
aes-gcm,128,18,30000
aes-gcm,128,19,30300
aes-gcm,128,20,30300
aes-gcm,128,21,30400
aes-gcm,128,22,34000
aes-gcm,128,23,30800
aes-gcm,128,24,30000
aes-gcm,128,25,30100
aes-gcm,128,26,30100
aes-gcm,128,27,30200
aes-gcm,128,28,30100
aes-gcm,128,29,30100
aes-gcm,128,30,30200
aes-gcm,128,31,29900
aes-gcm,128,32,30200
aes-gcm,128,33,30300
aes-gcm,128,34,30400
aes-gcm,128,35,30200
aes-gcm,128,36,30000
aes-gcm,128,37,30400
aes-gcm,128,38,30000
aes-gcm,128,39,30200
aes-gcm,128,40,30300
aes-gcm,128,41,30100
aes-gcm,128,42,30000
aes-gcm,128,43,39200
aes-gcm,128,44,32100
aes-gcm,128,45,30800
aes-gcm,128,46,30500
aes-gcm,128,47,30600
aes-gcm,128,48,30500
aes-gcm,128,49,31100
aes-gcm,128,50,30400
aes-gcm,128,51,30900
aes-gcm,128,52,30600
aes-gcm,128,53,30200
aes-gcm,128,54,30300
aes-gcm,128,55,32400
aes-gcm,128,56,31000
aes-gcm,128,57,30900
aes-gcm,128,58,30500
aes-gcm,128,59,31000
aes-gcm,128,60,30600
aes-gcm,128,61,30800
aes-gcm,128,62,31100
aes-gcm,128,63,30500
aes-gcm,128,64,30800
aes-gcm,128,65,31500
aes-gcm,128,66,30800
aes-gcm,128,67,30800
aes-gcm,128,68,30900
aes-gcm,128,69,30900
aes-gcm,128,70,30900
aes-gcm,128,71,30700
aes-gcm,128,72,30600
aes-gcm,128,73,31000
aes-gcm,128,74,30600
aes-gcm,128,75,31000
aes-gcm,128,76,30500
aes-gcm,128,77,35200
aes-gcm,128,78,31000
aes-gcm,128,79,31100
aes-gcm,128,80,30500
aes-gcm,128,81,30500
aes-gcm,128,82,30800
aes-gcm,128,83,30800
aes-gcm,128,84,30600
aes-gcm,128,85,30800
aes-gcm,128,86,30900
aes-gcm,128,87,41300
aes-gcm,128,88,31100
aes-gcm,128,89,30700
aes-gcm,128,90,30800
aes-gcm,128,91,31000
aes-gcm,128,92,125500
aes-gcm,128,93,43100
aes-gcm,128,94,69300
aes-gcm,128,95,31700
aes-gcm,128,96,33800
aes-gcm,128,97,31800
aes-gcm,128,98,30600
aes-gcm,128,99,30600
aes-gcm,128,100,31800
aes-gcm,128,101,30600
aes-gcm,128,102,31000
aes-gcm,128,103,30500
aes-gcm,128,104,30900
aes-gcm,128,105,30500
aes-gcm,128,106,30700
aes-gcm,128,107,30600
aes-gcm,128,108,30600
aes-gcm,128,109,30700
aes-gcm,128,110,30800
aes-gcm,128,111,30900
aes-gcm,128,112,30700
aes-gcm,128,113,31500
aes-gcm,128,114,32500
aes-gcm,128,115,30700
aes-gcm,128,116,30400
aes-gcm,128,117,30600
aes-gcm,128,118,30800
aes-gcm,128,119,30600
aes-gcm,128,120,30800
aes-gcm,128,121,30700
aes-gcm,128,122,30800
aes-gcm,128,123,30600
aes-gcm,128,124,30900
aes-gcm,128,125,30600
aes-gcm,128,126,30400
aes-gcm,128,127,30700
aes-gcm,128,128,30500
aes-gcm,128,129,31000
aes-gcm,128,130,30700
aes-gcm,128,131,30900
aes-gcm,128,132,30600
aes-gcm,128,133,30600
aes-gcm,128,134,30700
aes-gcm,128,135,30300
aes-gcm,128,136,30600
aes-gcm,128,137,30300
aes-gcm,128,138,30800
aes-gcm,128,139,30600
aes-gcm,128,140,31000
aes-gcm,128,141,30400
aes-gcm,128,142,30800
aes-gcm,128,143,52100
aes-gcm,128,144,49700
aes-gcm,128,145,88900
aes-gcm,128,146,64900
aes-gcm,128,147,34600
aes-gcm,128,148,31700
aes-gcm,128,149,31900
aes-gcm,128,150,33200
aes-gcm,128,151,31800
aes-gcm,128,152,30600
aes-gcm,128,153,30300
aes-gcm,128,154,30600
aes-gcm,128,155,31400
aes-gcm,128,156,30700
aes-gcm,128,157,30500
aes-gcm,128,158,30700
aes-gcm,128,159,30300
aes-gcm,128,160,30700
aes-gcm,128,161,30400
aes-gcm,128,162,29800
aes-gcm,128,163,30300
aes-gcm,128,164,29900
aes-gcm,128,165,30100
aes-gcm,128,166,30000
aes-gcm,128,167,30000
aes-gcm,128,168,30100
aes-gcm,128,169,29800
aes-gcm,128,170,30300
aes-gcm,128,171,29800
aes-gcm,128,172,30400
aes-gcm,128,173,29400
aes-gcm,128,174,30300
aes-gcm,128,175,29700
aes-gcm,128,176,30700
aes-gcm,128,177,31000
aes-gcm,128,178,34000
aes-gcm,128,179,30200
aes-gcm,128,180,30100
aes-gcm,128,181,30500
aes-gcm,128,182,29700
aes-gcm,128,183,30300
aes-gcm,128,184,29600
aes-gcm,128,185,30300
aes-gcm,128,186,29600
aes-gcm,128,187,30700
aes-gcm,128,188,29600
aes-gcm,128,189,30000
aes-gcm,128,190,29800
aes-gcm,128,191,30200
aes-gcm,128,192,29100
aes-gcm,128,193,30100
aes-gcm,128,194,30100
aes-gcm,128,195,30100
aes-gcm,128,196,30000
aes-gcm,128,197,30500
aes-gcm,128,198,29700
aes-gcm,128,199,30500
aes-gcm,128,200,29800
aes-gcm,128,201,30400
aes-gcm,128,202,29800
aes-gcm,128,203,30800
aes-gcm,128,204,29500
aes-gcm,128,205,30300
aes-gcm,128,206,30500
aes-gcm,128,207,30200
aes-gcm,128,208,30000
aes-gcm,128,209,30300
aes-gcm,128,210,30000
aes-gcm,128,211,45200
aes-gcm,128,212,31000
aes-gcm,128,213,29600
aes-gcm,128,214,30300
aes-gcm,128,215,31200
aes-gcm,128,216,30000
aes-gcm,128,217,29800
aes-gcm,128,218,30000
aes-gcm,128,219,30100
aes-gcm,128,220,30100
aes-gcm,128,221,29700
aes-gcm,128,222,30200
aes-gcm,128,223,29800
aes-gcm,128,224,30200
aes-gcm,128,225,29400
aes-gcm,128,226,30300
aes-gcm,128,227,29600
aes-gcm,128,228,30200
aes-gcm,128,229,30300
aes-gcm,128,230,29800
aes-gcm,128,231,30100
aes-gcm,128,232,29900
aes-gcm,128,233,30000
aes-gcm,128,234,29400
aes-gcm,128,235,30400
aes-gcm,128,236,38400
aes-gcm,128,237,40100
aes-gcm,128,238,29400
aes-gcm,128,239,29200
aes-gcm,128,240,30000
aes-gcm,128,241,29000
aes-gcm,128,242,31100
aes-gcm,128,243,28300
aes-gcm,128,244,29200
aes-gcm,128,245,28700
aes-gcm,128,246,29400
aes-gcm,128,247,28400
aes-gcm,128,248,29700
aes-gcm,128,249,28300
aes-gcm,128,250,29200
aes-gcm,128,251,29000
aes-gcm,128,252,29000
aes-gcm,128,253,28700
aes-gcm,128,254,29500
aes-gcm,128,255,28700
aes-gcm,128,256,29300
aes-gcm,128,257,28800
aes-gcm,128,258,28900
aes-gcm,128,259,32100
aes-gcm,128,260,28100
aes-gcm,128,261,28700
aes-gcm,128,262,28700
aes-gcm,128,263,29500
aes-gcm,128,264,28600
aes-gcm,128,265,29200
aes-gcm,128,266,29200
aes-gcm,128,267,28800
aes-gcm,128,268,28500
aes-gcm,128,269,28800
aes-gcm,128,270,28600
aes-gcm,128,271,28800
aes-gcm,128,272,29800
aes-gcm,128,273,28800
aes-gcm,128,274,29000
aes-gcm,128,275,28800
aes-gcm,128,276,29200
aes-gcm,128,277,28700
aes-gcm,128,278,29100
aes-gcm,128,279,28500
aes-gcm,128,280,29300
aes-gcm,128,281,28600
aes-gcm,128,282,28700
aes-gcm,128,283,28700
aes-gcm,128,284,29500
aes-gcm,128,285,28800
aes-gcm,128,286,29100
aes-gcm,128,287,28700
aes-gcm,128,288,29400
aes-gcm,128,289,28700
aes-gcm,128,290,29700
aes-gcm,128,291,28600
aes-gcm,128,292,29100
aes-gcm,128,293,28800
aes-gcm,128,294,29100
aes-gcm,128,295,29100
aes-gcm,128,296,28300
aes-gcm,128,297,29900
aes-gcm,128,298,28600
aes-gcm,128,299,29300
aes-gcm,128,300,28900
aes-gcm,128,301,29000
aes-gcm,128,302,29000
aes-gcm,128,303,28500
aes-gcm,128,304,29800
aes-gcm,128,305,28700
aes-gcm,128,306,28600
aes-gcm,128,307,28700
aes-gcm,128,308,29500
aes-gcm,128,309,28500
aes-gcm,128,310,28400
aes-gcm,128,311,31700
aes-gcm,128,312,28300
aes-gcm,128,313,28300
aes-gcm,128,314,28400
aes-gcm,128,315,29600
aes-gcm,128,316,28700
aes-gcm,128,317,29500
aes-gcm,128,318,28600
aes-gcm,128,319,29200
aes-gcm,128,320,28900
aes-gcm,128,321,29100
aes-gcm,128,322,28800
aes-gcm,128,323,29200
aes-gcm,128,324,28300
aes-gcm,128,325,30000
aes-gcm,128,326,28400
aes-gcm,128,327,29600
aes-gcm,128,328,28500
aes-gcm,128,329,29600
aes-gcm,128,330,29400
aes-gcm,128,331,28500
aes-gcm,128,332,28600
aes-gcm,128,333,29500
aes-gcm,128,334,28600
aes-gcm,128,335,29900
aes-gcm,128,336,28800
aes-gcm,128,337,29200
aes-gcm,128,338,28600
aes-gcm,128,339,28400
aes-gcm,128,340,29600
aes-gcm,128,341,28600
aes-gcm,128,342,29600
aes-gcm,128,343,28500
aes-gcm,128,344,29500
aes-gcm,128,345,30300
aes-gcm,128,346,28000
aes-gcm,128,347,28900
aes-gcm,128,348,28800
aes-gcm,128,349,28700
aes-gcm,128,350,29600
aes-gcm,128,351,28400
aes-gcm,128,352,29600
aes-gcm,128,353,28400
aes-gcm,128,354,29000
aes-gcm,128,355,28400
aes-gcm,128,356,29700
aes-gcm,128,357,28800
aes-gcm,128,358,29200
aes-gcm,128,359,28500
aes-gcm,128,360,29900
aes-gcm,128,361,28700
aes-gcm,128,362,29300
aes-gcm,128,363,28500
aes-gcm,128,364,29500
aes-gcm,128,365,28700
aes-gcm,128,366,29000
aes-gcm,128,367,28500
aes-gcm,128,368,30300
aes-gcm,128,369,28400
aes-gcm,128,370,28600
aes-gcm,128,371,28800
aes-gcm,128,372,29300
aes-gcm,128,373,28400
aes-gcm,128,374,29800
aes-gcm,128,375,28400
aes-gcm,128,376,29600
aes-gcm,128,377,28600
aes-gcm,128,378,28400
aes-gcm,128,379,31000
aes-gcm,128,380,28600
aes-gcm,128,381,27500
aes-gcm,128,382,28400
aes-gcm,128,383,29800
aes-gcm,128,384,28300
aes-gcm,128,385,30000
aes-gcm,128,386,28500
aes-gcm,128,387,29400
aes-gcm,128,388,28400
aes-gcm,128,389,29700
aes-gcm,128,390,28800
aes-gcm,128,391,29000
aes-gcm,128,392,28600
aes-gcm,128,393,29400
aes-gcm,128,394,29100
aes-gcm,128,395,28700
aes-gcm,128,396,28200
aes-gcm,128,397,29700
aes-gcm,128,398,28400
aes-gcm,128,399,28300
aes-gcm,128,400,29900
aes-gcm,128,401,28700
aes-gcm,128,402,29200
aes-gcm,128,403,28600
aes-gcm,128,404,29400
aes-gcm,128,405,28400
aes-gcm,128,406,30300
aes-gcm,128,407,28500
aes-gcm,128,408,28600
aes-gcm,128,409,28500
aes-gcm,128,410,29900
aes-gcm,128,411,28800
aes-gcm,128,412,29200
aes-gcm,128,413,28500
aes-gcm,128,414,37300
aes-gcm,128,415,142100
aes-gcm,128,416,151900
aes-gcm,128,417,47000
aes-gcm,128,418,59600
aes-gcm,128,419,52500
aes-gcm,128,420,68800
aes-gcm,128,421,165000
aes-gcm,128,422,72600
aes-gcm,128,423,36400
aes-gcm,128,424,31400
aes-gcm,128,425,29300
aes-gcm,128,426,29200
aes-gcm,128,427,29000
aes-gcm,128,428,29900
aes-gcm,128,429,61800
aes-gcm,128,430,97200
aes-gcm,128,431,55500
aes-gcm,128,432,34200
aes-gcm,128,433,30000
aes-gcm,128,434,30500
aes-gcm,128,435,29400
aes-gcm,128,436,29300
aes-gcm,128,437,29000
aes-gcm,128,438,29200
aes-gcm,128,439,28600
aes-gcm,128,440,28600
aes-gcm,128,441,28200
aes-gcm,128,442,30000
aes-gcm,128,443,28500
aes-gcm,128,444,28400
aes-gcm,128,445,29600
aes-gcm,128,446,28700
aes-gcm,128,447,29600
aes-gcm,128,448,28600
aes-gcm,128,449,29300
aes-gcm,128,450,28500
aes-gcm,128,451,37400
aes-gcm,128,452,33700
aes-gcm,128,453,31200
aes-gcm,128,454,30500
aes-gcm,128,455,30500
aes-gcm,128,456,30000
aes-gcm,128,457,31100
aes-gcm,128,458,31700
aes-gcm,128,459,28700
aes-gcm,128,460,28700
aes-gcm,128,461,29100
aes-gcm,128,462,28600
aes-gcm,128,463,28500
aes-gcm,128,464,29300
aes-gcm,128,465,28500
aes-gcm,128,466,29400
aes-gcm,128,467,28500
aes-gcm,128,468,29400
aes-gcm,128,469,28600
aes-gcm,128,470,29500
aes-gcm,128,471,28400
aes-gcm,128,472,28700
aes-gcm,128,473,28500
aes-gcm,128,474,29600
aes-gcm,128,475,28700
aes-gcm,128,476,29500
aes-gcm,128,477,28600
aes-gcm,128,478,29300
aes-gcm,128,479,28500
aes-gcm,128,480,30000
aes-gcm,128,481,28400
aes-gcm,128,482,29800
aes-gcm,128,483,28300
aes-gcm,128,484,29800
aes-gcm,128,485,28600
aes-gcm,128,486,29100
aes-gcm,128,487,28700
aes-gcm,128,488,29500
aes-gcm,128,489,28400
aes-gcm,128,490,28800
aes-gcm,128,491,29600
aes-gcm,128,492,28500
aes-gcm,128,493,29300
aes-gcm,128,494,28600
aes-gcm,128,495,30200
aes-gcm,128,496,27300
aes-gcm,128,497,31200
aes-gcm,128,498,28200
aes-gcm,128,499,28200
aes-gcm,128,500,28800
aes-gcm,128,501,29200
aes-gcm,128,502,28900
aes-gcm,128,503,29100
aes-gcm,128,504,28400
aes-gcm,128,505,28700
aes-gcm,128,506,28700
aes-gcm,128,507,29900
aes-gcm,128,508,28400
aes-gcm,128,509,29900
aes-gcm,128,510,28500
aes-gcm,128,511,28800
aes-gcm,128,512,29500
aes-gcm,128,513,28200
aes-gcm,128,514,29500
aes-gcm,128,515,28500
aes-gcm,128,516,29700
aes-gcm,128,517,28800
aes-gcm,128,518,29800
aes-gcm,128,519,28200
aes-gcm,128,520,28700
aes-gcm,128,521,28000
aes-gcm,128,522,28800
aes-gcm,128,523,29000
aes-gcm,128,524,28400
aes-gcm,128,525,30000
aes-gcm,128,526,28400
aes-gcm,128,527,30100
aes-gcm,128,528,28200
aes-gcm,128,529,29600
aes-gcm,128,530,28500
aes-gcm,128,531,34000
aes-gcm,128,532,30700
aes-gcm,128,533,28300
aes-gcm,128,534,28500
aes-gcm,128,535,28000
aes-gcm,128,536,28100
aes-gcm,128,537,28100
aes-gcm,128,538,28700
aes-gcm,128,539,27900
aes-gcm,128,540,27900
aes-gcm,128,541,28000
aes-gcm,128,542,28100
aes-gcm,128,543,28300
aes-gcm,128,544,28000
aes-gcm,128,545,28300
aes-gcm,128,546,28000
aes-gcm,128,547,28300
aes-gcm,128,548,28100
aes-gcm,128,549,28100
aes-gcm,128,550,28300
aes-gcm,128,551,28100
aes-gcm,128,552,28400
aes-gcm,128,553,28000
aes-gcm,128,554,28400
aes-gcm,128,555,28100
aes-gcm,128,556,28200
aes-gcm,128,557,28300
aes-gcm,128,558,27900
aes-gcm,128,559,29000
aes-gcm,128,560,28200
aes-gcm,128,561,28100
aes-gcm,128,562,28100
aes-gcm,128,563,28300
aes-gcm,128,564,28000
aes-gcm,128,565,28300
aes-gcm,128,566,32900
aes-gcm,128,567,28800
aes-gcm,128,568,28200
aes-gcm,128,569,28000
aes-gcm,128,570,28400
aes-gcm,128,571,27900
aes-gcm,128,572,28400
aes-gcm,128,573,28000
aes-gcm,128,574,28300
aes-gcm,128,575,28500
aes-gcm,128,576,28100
aes-gcm,128,577,28300
aes-gcm,128,578,27900
aes-gcm,128,579,28100
aes-gcm,128,580,28200
aes-gcm,128,581,28400
aes-gcm,128,582,28200
aes-gcm,128,583,28200
aes-gcm,128,584,28100
aes-gcm,128,585,29100
aes-gcm,128,586,28400
aes-gcm,128,587,28200
aes-gcm,128,588,28200
aes-gcm,128,589,28200
aes-gcm,128,590,28200
aes-gcm,128,591,27800
aes-gcm,128,592,28500
aes-gcm,128,593,28000
aes-gcm,128,594,28000
aes-gcm,128,595,28500
aes-gcm,128,596,29400
aes-gcm,128,597,30400
aes-gcm,128,598,28100
aes-gcm,128,599,28100
aes-gcm,128,600,27900
aes-gcm,128,601,28100
aes-gcm,128,602,31400
aes-gcm,128,603,74200
aes-gcm,128,604,83100
aes-gcm,128,605,38500
aes-gcm,128,606,38200
aes-gcm,128,607,30700
aes-gcm,128,608,29000
aes-gcm,128,609,27900
aes-gcm,128,610,28500
aes-gcm,128,611,28100
aes-gcm,128,612,28400
aes-gcm,128,613,28300
aes-gcm,128,614,28000
aes-gcm,128,615,28200
aes-gcm,128,616,28200
aes-gcm,128,617,28700
aes-gcm,128,618,28100
aes-gcm,128,619,28100
aes-gcm,128,620,28400
aes-gcm,128,621,27800
aes-gcm,128,622,28300
aes-gcm,128,623,28900
aes-gcm,128,624,28100
aes-gcm,128,625,28100
aes-gcm,128,626,28100
aes-gcm,128,627,28200
aes-gcm,128,628,28200
aes-gcm,128,629,28000
aes-gcm,128,630,28000
aes-gcm,128,631,28400
aes-gcm,128,632,28300
aes-gcm,128,633,28500
aes-gcm,128,634,28100
aes-gcm,128,635,28300
aes-gcm,128,636,28000
aes-gcm,128,637,28400
aes-gcm,128,638,28300
aes-gcm,128,639,28200
aes-gcm,128,640,28200
aes-gcm,128,641,28100
aes-gcm,128,642,28300
aes-gcm,128,643,28000
aes-gcm,128,644,28400
aes-gcm,128,645,55600
aes-gcm,128,646,65800
aes-gcm,128,647,50000
aes-gcm,128,648,82500
aes-gcm,128,649,40500
aes-gcm,128,650,30400
aes-gcm,128,651,29000
aes-gcm,128,652,28900
aes-gcm,128,653,28600
aes-gcm,128,654,28600
aes-gcm,128,655,28600
aes-gcm,128,656,28300
aes-gcm,128,657,28400
aes-gcm,128,658,28200
aes-gcm,128,659,28500
aes-gcm,128,660,28400
aes-gcm,128,661,27900
aes-gcm,128,662,28400
aes-gcm,128,663,28200
aes-gcm,128,664,28500
aes-gcm,128,665,28400
aes-gcm,128,666,27900
aes-gcm,128,667,28400
aes-gcm,128,668,28100
aes-gcm,128,669,28300
aes-gcm,128,670,28200
aes-gcm,128,671,28200
aes-gcm,128,672,27900
aes-gcm,128,673,28600
aes-gcm,128,674,28200
aes-gcm,128,675,28100
aes-gcm,128,676,28100
aes-gcm,128,677,28200
aes-gcm,128,678,28400
aes-gcm,128,679,28000
aes-gcm,128,680,28400
aes-gcm,128,681,28000
aes-gcm,128,682,28200
aes-gcm,128,683,28000
aes-gcm,128,684,28200
aes-gcm,128,685,28400
aes-gcm,128,686,28200
aes-gcm,128,687,29800
aes-gcm,128,688,28300
aes-gcm,128,689,28500
aes-gcm,128,690,28100
aes-gcm,128,691,29900
aes-gcm,128,692,28000
aes-gcm,128,693,27900
aes-gcm,128,694,28300
aes-gcm,128,695,28400
aes-gcm,128,696,28200
aes-gcm,128,697,31200
aes-gcm,128,698,26700
aes-gcm,128,699,28100
aes-gcm,128,700,28400
aes-gcm,128,701,28100
aes-gcm,128,702,28200
aes-gcm,128,703,28100
aes-gcm,128,704,28100
aes-gcm,128,705,28300
aes-gcm,128,706,27900
aes-gcm,128,707,28500
aes-gcm,128,708,28000
aes-gcm,128,709,28400
aes-gcm,128,710,28000
aes-gcm,128,711,28200
aes-gcm,128,712,28300
aes-gcm,128,713,29300
aes-gcm,128,714,28300
aes-gcm,128,715,28000
aes-gcm,128,716,28400
aes-gcm,128,717,28200
aes-gcm,128,718,28100
aes-gcm,128,719,27900
aes-gcm,128,720,28000
aes-gcm,128,721,28100
aes-gcm,128,722,28000
aes-gcm,128,723,28400
aes-gcm,128,724,28100
aes-gcm,128,725,28400
aes-gcm,128,726,27900
aes-gcm,128,727,28600
aes-gcm,128,728,28000
aes-gcm,128,729,27800
aes-gcm,128,730,28300
aes-gcm,128,731,27900
aes-gcm,128,732,29800
aes-gcm,128,733,28300
aes-gcm,128,734,28600
aes-gcm,128,735,28200
aes-gcm,128,736,28200
aes-gcm,128,737,28300
aes-gcm,128,738,27900
aes-gcm,128,739,28100
aes-gcm,128,740,28000
aes-gcm,128,741,28100
aes-gcm,128,742,28000
aes-gcm,128,743,28100
aes-gcm,128,744,28200
aes-gcm,128,745,28200
aes-gcm,128,746,28000
aes-gcm,128,747,28100
aes-gcm,128,748,28100
aes-gcm,128,749,28100
aes-gcm,128,750,29300
aes-gcm,128,751,28100
aes-gcm,128,752,28200
aes-gcm,128,753,28000
aes-gcm,128,754,28200
aes-gcm,128,755,28400
aes-gcm,128,756,27800
aes-gcm,128,757,28200
aes-gcm,128,758,28000
aes-gcm,128,759,28300
aes-gcm,128,760,76700
aes-gcm,128,761,32300
aes-gcm,128,762,28400
aes-gcm,128,763,28300
aes-gcm,128,764,28100
aes-gcm,128,765,28000
aes-gcm,128,766,28200
aes-gcm,128,767,28200
aes-gcm,128,768,28000
aes-gcm,128,769,28000
aes-gcm,128,770,28300
aes-gcm,128,771,27900
aes-gcm,128,772,28100
aes-gcm,128,773,28000
aes-gcm,128,774,28400
aes-gcm,128,775,28200
aes-gcm,128,776,28600
aes-gcm,128,777,28200
aes-gcm,128,778,28000
aes-gcm,128,779,28200
aes-gcm,128,780,28300
aes-gcm,128,781,28000
aes-gcm,128,782,27900
aes-gcm,128,783,28400
aes-gcm,128,784,130700
aes-gcm,128,785,43900
aes-gcm,128,786,33600
aes-gcm,128,787,28300
aes-gcm,128,788,31800
aes-gcm,128,789,27900
aes-gcm,128,790,28800
aes-gcm,128,791,28100
aes-gcm,128,792,27900
aes-gcm,128,793,28200
aes-gcm,128,794,28100
aes-gcm,128,795,28100
aes-gcm,128,796,30200
aes-gcm,128,797,28300
aes-gcm,128,798,28000
aes-gcm,128,799,28400
aes-gcm,128,800,28000
aes-gcm,128,801,28100
aes-gcm,128,802,28400
aes-gcm,128,803,28000
aes-gcm,128,804,28400
aes-gcm,128,805,28200
aes-gcm,128,806,28300
aes-gcm,128,807,28000
aes-gcm,128,808,28300
aes-gcm,128,809,28000
aes-gcm,128,810,28100
aes-gcm,128,811,28400
aes-gcm,128,812,28200
aes-gcm,128,813,28100
aes-gcm,128,814,28900
aes-gcm,128,815,28400
aes-gcm,128,816,27900
aes-gcm,128,817,28100
aes-gcm,128,818,28100
aes-gcm,128,819,27900
aes-gcm,128,820,28300
aes-gcm,128,821,28200
aes-gcm,128,822,28300
aes-gcm,128,823,28100
aes-gcm,128,824,28300
aes-gcm,128,825,28100
aes-gcm,128,826,28100
aes-gcm,128,827,28100
aes-gcm,128,828,27800
aes-gcm,128,829,28300
aes-gcm,128,830,28100
aes-gcm,128,831,29800
aes-gcm,128,832,28000
aes-gcm,128,833,28500
aes-gcm,128,834,28100
aes-gcm,128,835,28200
aes-gcm,128,836,27900
aes-gcm,128,837,27800
aes-gcm,128,838,28100
aes-gcm,128,839,28100
aes-gcm,128,840,29200
aes-gcm,128,841,28000
aes-gcm,128,842,28200
aes-gcm,128,843,28000
aes-gcm,128,844,28500
aes-gcm,128,845,28100
aes-gcm,128,846,28000
aes-gcm,128,847,28200
aes-gcm,128,848,27900
aes-gcm,128,849,28100
aes-gcm,128,850,28200
aes-gcm,128,851,28100
aes-gcm,128,852,28000
aes-gcm,128,853,28400
aes-gcm,128,854,28400
aes-gcm,128,855,28000
aes-gcm,128,856,28100
aes-gcm,128,857,28000
aes-gcm,128,858,28200
aes-gcm,128,859,27900
aes-gcm,128,860,28500
aes-gcm,128,861,27800
aes-gcm,128,862,28200
aes-gcm,128,863,28200
aes-gcm,128,864,28000
aes-gcm,128,865,29900
aes-gcm,128,866,52600
aes-gcm,128,867,32300
aes-gcm,128,868,28200
aes-gcm,128,869,28300
aes-gcm,128,870,28300
aes-gcm,128,871,30400
aes-gcm,128,872,28200
aes-gcm,128,873,27900
aes-gcm,128,874,28300
aes-gcm,128,875,28100
aes-gcm,128,876,28500
aes-gcm,128,877,28000
aes-gcm,128,878,29200
aes-gcm,128,879,27900
aes-gcm,128,880,28300
aes-gcm,128,881,27900
aes-gcm,128,882,27900
aes-gcm,128,883,28100
aes-gcm,128,884,28200
aes-gcm,128,885,28300
aes-gcm,128,886,28100
aes-gcm,128,887,28500
aes-gcm,128,888,28000
aes-gcm,128,889,28300
aes-gcm,128,890,28000
aes-gcm,128,891,27900
aes-gcm,128,892,28300
aes-gcm,128,893,27900
aes-gcm,128,894,28200
aes-gcm,128,895,28200
aes-gcm,128,896,28200
aes-gcm,128,897,28100
aes-gcm,128,898,28500
aes-gcm,128,899,28500
aes-gcm,128,900,32100
aes-gcm,128,901,54000
aes-gcm,128,902,130500
aes-gcm,128,903,90700
aes-gcm,128,904,178000
aes-gcm,128,905,100600
aes-gcm,128,906,55000
aes-gcm,128,907,54200
aes-gcm,128,908,32100
aes-gcm,128,909,29900
aes-gcm,128,910,29100
aes-gcm,128,911,28600
aes-gcm,128,912,28700
aes-gcm,128,913,28600
aes-gcm,128,914,28600
aes-gcm,128,915,28300
aes-gcm,128,916,28800
aes-gcm,128,917,28400
aes-gcm,128,918,28100
aes-gcm,128,919,28900
aes-gcm,128,920,28300
aes-gcm,128,921,28400
aes-gcm,128,922,28200
aes-gcm,128,923,28400
aes-gcm,128,924,28400
aes-gcm,128,925,28600
aes-gcm,128,926,28300
aes-gcm,128,927,28300
aes-gcm,128,928,28500
aes-gcm,128,929,28300
aes-gcm,128,930,28700
aes-gcm,128,931,28400
aes-gcm,128,932,28700
aes-gcm,128,933,28000
aes-gcm,128,934,28400
aes-gcm,128,935,28400
aes-gcm,128,936,28200
aes-gcm,128,937,28700
aes-gcm,128,938,58200
aes-gcm,128,939,50300
aes-gcm,128,940,30700
aes-gcm,128,941,29000
aes-gcm,128,942,33100
aes-gcm,128,943,28300
aes-gcm,128,944,28400
aes-gcm,128,945,28300
aes-gcm,128,946,28600
aes-gcm,128,947,28500
aes-gcm,128,948,28300
aes-gcm,128,949,28200
aes-gcm,128,950,28500
aes-gcm,128,951,30000
aes-gcm,128,952,31300
aes-gcm,128,953,28200
aes-gcm,128,954,28200
aes-gcm,128,955,28400
aes-gcm,128,956,28400
aes-gcm,128,957,28500
aes-gcm,128,958,28100
aes-gcm,128,959,28400
aes-gcm,128,960,28100
aes-gcm,128,961,28500
aes-gcm,128,962,28500
aes-gcm,128,963,28000
aes-gcm,128,964,28500
aes-gcm,128,965,28300
aes-gcm,128,966,28100
aes-gcm,128,967,28000
aes-gcm,128,968,29500
aes-gcm,128,969,28000
aes-gcm,128,970,28400
aes-gcm,128,971,28300
aes-gcm,128,972,28200
aes-gcm,128,973,28500
aes-gcm,128,974,28100
aes-gcm,128,975,28400
aes-gcm,128,976,28100
aes-gcm,128,977,28600
aes-gcm,128,978,28000
aes-gcm,128,979,28300
aes-gcm,128,980,28100
aes-gcm,128,981,28000
aes-gcm,128,982,51500
aes-gcm,128,983,94100
aes-gcm,128,984,82300
aes-gcm,128,985,37400
aes-gcm,128,986,30100
aes-gcm,128,987,29100
aes-gcm,128,988,28900
aes-gcm,128,989,29100
aes-gcm,128,990,28800
aes-gcm,128,991,28300
aes-gcm,128,992,28200
aes-gcm,128,993,28200
aes-gcm,128,994,28000
aes-gcm,128,995,28700
aes-gcm,128,996,28100
aes-gcm,128,997,28500
aes-gcm,128,998,28200
aes-gcm,128,999,27900
aes-gcm,128,1000,28500
aes-gcm,128,1001,28400
aes-gcm,128,1002,28300
aes-gcm,128,1003,28000
aes-gcm,128,1004,28200
aes-gcm,128,1005,30300
aes-gcm,128,1006,28200
aes-gcm,128,1007,28500
aes-gcm,128,1008,28000
aes-gcm,128,1009,28200
aes-gcm,128,1010,28500
aes-gcm,128,1011,28400
aes-gcm,128,1012,28400
aes-gcm,128,1013,28400
aes-gcm,128,1014,28400
aes-gcm,128,1015,32600
aes-gcm,128,1016,28400
aes-gcm,128,1017,28300
aes-gcm,128,1018,28200
aes-gcm,128,1019,28000
aes-gcm,128,1020,28200
aes-gcm,128,1021,30100
aes-gcm,128,1022,43300
aes-gcm,128,1023,33200
aes-gcm,128,1024,28800
aes-gcm,128,1025,28100
aes-gcm,128,1026,27900
aes-gcm,128,1027,28400
aes-gcm,128,1028,28100
aes-gcm,128,1029,28400
aes-gcm,128,1030,28100
aes-gcm,128,1031,29200
aes-gcm,128,1032,28300
aes-gcm,128,1033,28200
aes-gcm,128,1034,28200
aes-gcm,128,1035,28000
aes-gcm,128,1036,28300
aes-gcm,128,1037,28300
aes-gcm,128,1038,28300
aes-gcm,128,1039,28000
aes-gcm,128,1040,28300
aes-gcm,128,1041,28000
aes-gcm,128,1042,28600
aes-gcm,128,1043,28100
aes-gcm,128,1044,28000
aes-gcm,128,1045,28400
aes-gcm,128,1046,28100
aes-gcm,128,1047,28200
aes-gcm,128,1048,28000
aes-gcm,128,1049,30900
aes-gcm,128,1050,28100
aes-gcm,128,1051,28400
aes-gcm,128,1052,28000
aes-gcm,128,1053,27900
aes-gcm,128,1054,28600
aes-gcm,128,1055,28300
aes-gcm,128,1056,28800
aes-gcm,128,1057,28200
aes-gcm,128,1058,28200
aes-gcm,128,1059,28100
aes-gcm,128,1060,28300
aes-gcm,128,1061,28200
aes-gcm,128,1062,28200
aes-gcm,128,1063,28200
aes-gcm,128,1064,28100
aes-gcm,128,1065,50100
aes-gcm,128,1066,35300
aes-gcm,128,1067,31100
aes-gcm,128,1068,28500
aes-gcm,128,1069,29400
aes-gcm,128,1070,28200
aes-gcm,128,1071,28100
aes-gcm,128,1072,28500
aes-gcm,128,1073,28000
aes-gcm,128,1074,28200
aes-gcm,128,1075,28600
aes-gcm,128,1076,28300
aes-gcm,128,1077,28300
aes-gcm,128,1078,28600
aes-gcm,128,1079,27900
aes-gcm,128,1080,28000
aes-gcm,128,1081,28100
aes-gcm,128,1082,28300
aes-gcm,128,1083,32800
aes-gcm,128,1084,28800
aes-gcm,128,1085,28300
aes-gcm,128,1086,28100
aes-gcm,128,1087,28600
aes-gcm,128,1088,28200
aes-gcm,128,1089,28200
aes-gcm,128,1090,28500
aes-gcm,128,1091,28200
aes-gcm,128,1092,28400
aes-gcm,128,1093,28300
aes-gcm,128,1094,28200
aes-gcm,128,1095,28800
aes-gcm,128,1096,28300
aes-gcm,128,1097,28800
aes-gcm,128,1098,28400
aes-gcm,128,1099,28000
aes-gcm,128,1100,28100
aes-gcm,128,1101,28200
aes-gcm,128,1102,28100
aes-gcm,128,1103,28100
aes-gcm,128,1104,27900
aes-gcm,128,1105,28400
aes-gcm,128,1106,28000
aes-gcm,128,1107,28300
aes-gcm,128,1108,31000
aes-gcm,128,1109,28500
aes-gcm,128,1110,28300
aes-gcm,128,1111,28000
aes-gcm,128,1112,28500
aes-gcm,128,1113,28100
aes-gcm,128,1114,28200
aes-gcm,128,1115,28500
aes-gcm,128,1116,28000
aes-gcm,128,1117,28300
aes-gcm,128,1118,28600
aes-gcm,128,1119,28400
aes-gcm,128,1120,28200
aes-gcm,128,1121,28300
aes-gcm,128,1122,27900
aes-gcm,128,1123,28200
aes-gcm,128,1124,28200
aes-gcm,128,1125,28000
aes-gcm,128,1126,28100
aes-gcm,128,1127,28000
aes-gcm,128,1128,28200
aes-gcm,128,1129,28100
aes-gcm,128,1130,28600
aes-gcm,128,1131,28000
aes-gcm,128,1132,28400
aes-gcm,128,1133,28900
aes-gcm,128,1134,28000
aes-gcm,128,1135,28400
aes-gcm,128,1136,28100
aes-gcm,128,1137,28300
aes-gcm,128,1138,28300
aes-gcm,128,1139,28600
aes-gcm,128,1140,28000
aes-gcm,128,1141,28400
aes-gcm,128,1142,28200
aes-gcm,128,1143,28100
aes-gcm,128,1144,28100
aes-gcm,128,1145,28100
aes-gcm,128,1146,28200
aes-gcm,128,1147,28000
aes-gcm,128,1148,28500
aes-gcm,128,1149,28000
aes-gcm,128,1150,28300
aes-gcm,128,1151,28100
aes-gcm,128,1152,28100
aes-gcm,128,1153,28000
aes-gcm,128,1154,27900
aes-gcm,128,1155,28200
aes-gcm,128,1156,28000
aes-gcm,128,1157,28300
aes-gcm,128,1158,28400
aes-gcm,128,1159,29200
aes-gcm,128,1160,28000
aes-gcm,128,1161,28200
aes-gcm,128,1162,28300
aes-gcm,128,1163,28000
aes-gcm,128,1164,28200
aes-gcm,128,1165,28100
aes-gcm,128,1166,28200
aes-gcm,128,1167,28000
aes-gcm,128,1168,28200
aes-gcm,128,1169,28000
aes-gcm,128,1170,28000
aes-gcm,128,1171,28400
aes-gcm,128,1172,28200
aes-gcm,128,1173,28400
aes-gcm,128,1174,28100
aes-gcm,128,1175,28300
aes-gcm,128,1176,28000
aes-gcm,128,1177,28500
aes-gcm,128,1178,28200
aes-gcm,128,1179,28000
aes-gcm,128,1180,28300
aes-gcm,128,1181,27900
aes-gcm,128,1182,28500
aes-gcm,128,1183,28200
aes-gcm,128,1184,28100
aes-gcm,128,1185,28100
aes-gcm,128,1186,28400
aes-gcm,128,1187,28100
aes-gcm,128,1188,30800
aes-gcm,128,1189,28600
aes-gcm,128,1190,28400
aes-gcm,128,1191,28200
aes-gcm,128,1192,28200
aes-gcm,128,1193,28400
aes-gcm,128,1194,28100
aes-gcm,128,1195,28300
aes-gcm,128,1196,28000
aes-gcm,128,1197,29100
aes-gcm,128,1198,28500
aes-gcm,128,1199,28100
aes-gcm,128,1200,28200
aes-gcm,128,1201,28000
aes-gcm,128,1202,28400
aes-gcm,128,1203,28100
aes-gcm,128,1204,28200
aes-gcm,128,1205,28200
aes-gcm,128,1206,27900
aes-gcm,128,1207,28300
aes-gcm,128,1208,28200
aes-gcm,128,1209,28200
aes-gcm,128,1210,27900
aes-gcm,128,1211,28200
aes-gcm,128,1212,28200
aes-gcm,128,1213,28300
aes-gcm,128,1214,28200
aes-gcm,128,1215,28400
aes-gcm,128,1216,28300
aes-gcm,128,1217,28200
aes-gcm,128,1218,28400
aes-gcm,128,1219,28000
aes-gcm,128,1220,28300
aes-gcm,128,1221,28100
aes-gcm,128,1222,28500
aes-gcm,128,1223,29000
aes-gcm,128,1224,27900
aes-gcm,128,1225,28400
aes-gcm,128,1226,28200
aes-gcm,128,1227,28200
aes-gcm,128,1228,28200
aes-gcm,128,1229,28300
aes-gcm,128,1230,27900
aes-gcm,128,1231,28100
aes-gcm,128,1232,28100
aes-gcm,128,1233,28200
aes-gcm,128,1234,28200
aes-gcm,128,1235,28300
aes-gcm,128,1236,28200
aes-gcm,128,1237,28300
aes-gcm,128,1238,28500
aes-gcm,128,1239,28100
aes-gcm,128,1240,28500
aes-gcm,128,1241,27900
aes-gcm,128,1242,28100
aes-gcm,128,1243,28200
aes-gcm,128,1244,28100
aes-gcm,128,1245,28300
aes-gcm,128,1246,28300
aes-gcm,128,1247,28300
aes-gcm,128,1248,28100
aes-gcm,128,1249,28200
aes-gcm,128,1250,28200
aes-gcm,128,1251,28200
aes-gcm,128,1252,28400
aes-gcm,128,1253,28300
aes-gcm,128,1254,28300
aes-gcm,128,1255,28200
aes-gcm,128,1256,28200
aes-gcm,128,1257,28200
aes-gcm,128,1258,119000
aes-gcm,128,1259,90900
aes-gcm,128,1260,39700
aes-gcm,128,1261,30700
aes-gcm,128,1262,29100
aes-gcm,128,1263,28800
aes-gcm,128,1264,28400
aes-gcm,128,1265,29000
aes-gcm,128,1266,29400
aes-gcm,128,1267,28900
aes-gcm,128,1268,29300
aes-gcm,128,1269,28300
aes-gcm,128,1270,28900
aes-gcm,128,1271,28300
aes-gcm,128,1272,28400
aes-gcm,128,1273,28200
aes-gcm,128,1274,28600
aes-gcm,128,1275,28100
aes-gcm,128,1276,28300
aes-gcm,128,1277,28300
aes-gcm,128,1278,28200
aes-gcm,128,1279,29000
aes-gcm,128,1280,28400
aes-gcm,128,1281,28500
aes-gcm,128,1282,28300
aes-gcm,128,1283,28300
aes-gcm,128,1284,28100
aes-gcm,128,1285,28300
aes-gcm,128,1286,33100
aes-gcm,128,1287,28200
aes-gcm,128,1288,28600
aes-gcm,128,1289,28500
aes-gcm,128,1290,28600
aes-gcm,128,1291,28400
aes-gcm,128,1292,28600
aes-gcm,128,1293,28100
aes-gcm,128,1294,28400
aes-gcm,128,1295,28400
aes-gcm,128,1296,28200
aes-gcm,128,1297,28600
aes-gcm,128,1298,28300
aes-gcm,128,1299,28400
aes-gcm,128,1300,28500
aes-gcm,128,1301,31200
aes-gcm,128,1302,28800
aes-gcm,128,1303,28700
aes-gcm,128,1304,28300
aes-gcm,128,1305,28300
aes-gcm,128,1306,28400
aes-gcm,128,1307,28100
aes-gcm,128,1308,28400
aes-gcm,128,1309,28400
aes-gcm,128,1310,28600
aes-gcm,128,1311,28300
aes-gcm,128,1312,28500
aes-gcm,128,1313,28400
aes-gcm,128,1314,28200
aes-gcm,128,1315,28600
aes-gcm,128,1316,28300
aes-gcm,128,1317,28400
aes-gcm,128,1318,28200
aes-gcm,128,1319,30600
aes-gcm,128,1320,28200
aes-gcm,128,1321,28400
aes-gcm,128,1322,28500
aes-gcm,128,1323,28400
aes-gcm,128,1324,29500
aes-gcm,128,1325,28300
aes-gcm,128,1326,28200
aes-gcm,128,1327,28100
aes-gcm,128,1328,28500
aes-gcm,128,1329,28100
aes-gcm,128,1330,28600
aes-gcm,128,1331,28300
aes-gcm,128,1332,28300
aes-gcm,128,1333,28500
aes-gcm,128,1334,28200
aes-gcm,128,1335,28600
aes-gcm,128,1336,28300
aes-gcm,128,1337,28600
aes-gcm,128,1338,28200
aes-gcm,128,1339,28600
aes-gcm,128,1340,28300
aes-gcm,128,1341,28100
aes-gcm,128,1342,28500
aes-gcm,128,1343,28300
aes-gcm,128,1344,28300
aes-gcm,128,1345,28400
aes-gcm,128,1346,28500
aes-gcm,128,1347,28200
aes-gcm,128,1348,28300
aes-gcm,128,1349,28400
aes-gcm,128,1350,29100
aes-gcm,128,1351,28700
aes-gcm,128,1352,28200
aes-gcm,128,1353,30400
aes-gcm,128,1354,28400
aes-gcm,128,1355,28700
aes-gcm,128,1356,28000
aes-gcm,128,1357,28500
aes-gcm,128,1358,28300
aes-gcm,128,1359,28300
aes-gcm,128,1360,28300
aes-gcm,128,1361,28300
aes-gcm,128,1362,28300
aes-gcm,128,1363,28100
aes-gcm,128,1364,28600
aes-gcm,128,1365,28200
aes-gcm,128,1366,28500
aes-gcm,128,1367,28100
aes-gcm,128,1368,28100
aes-gcm,128,1369,28300
aes-gcm,128,1370,28200
aes-gcm,128,1371,28200
aes-gcm,128,1372,28000
aes-gcm,128,1373,28400
aes-gcm,128,1374,28100
aes-gcm,128,1375,28600
aes-gcm,128,1376,28200
aes-gcm,128,1377,28300
aes-gcm,128,1378,28500
aes-gcm,128,1379,28400
aes-gcm,128,1380,28700
aes-gcm,128,1381,28200
aes-gcm,128,1382,28500
aes-gcm,128,1383,28100
aes-gcm,128,1384,28200
aes-gcm,128,1385,28200
aes-gcm,128,1386,28400
aes-gcm,128,1387,28600
aes-gcm,128,1388,30700
aes-gcm,128,1389,28500
aes-gcm,128,1390,28300
aes-gcm,128,1391,28500
aes-gcm,128,1392,28300
aes-gcm,128,1393,28300
aes-gcm,128,1394,28300
aes-gcm,128,1395,28100
aes-gcm,128,1396,28400
aes-gcm,128,1397,28200
aes-gcm,128,1398,28700
aes-gcm,128,1399,28300
aes-gcm,128,1400,28500
aes-gcm,128,1401,28100
aes-gcm,128,1402,28500
aes-gcm,128,1403,28400
aes-gcm,128,1404,28000
aes-gcm,128,1405,28400
aes-gcm,128,1406,28000
aes-gcm,128,1407,28700
aes-gcm,128,1408,28200
aes-gcm,128,1409,28700
aes-gcm,128,1410,28200
aes-gcm,128,1411,28300
aes-gcm,128,1412,28600
aes-gcm,128,1413,28000
aes-gcm,128,1414,29400
aes-gcm,128,1415,28500
aes-gcm,128,1416,28400
aes-gcm,128,1417,28300
aes-gcm,128,1418,28800
aes-gcm,128,1419,28400
aes-gcm,128,1420,28600
aes-gcm,128,1421,28300
aes-gcm,128,1422,28100
aes-gcm,128,1423,47500
aes-gcm,128,1424,173000
aes-gcm,128,1425,152900
aes-gcm,128,1426,58900
aes-gcm,128,1427,31200
aes-gcm,128,1428,28700
aes-gcm,128,1429,29200
aes-gcm,128,1430,28500
aes-gcm,128,1431,28700
aes-gcm,128,1432,28700
aes-gcm,128,1433,28200
aes-gcm,128,1434,28400
aes-gcm,128,1435,28100
aes-gcm,128,1436,28500
aes-gcm,128,1437,28100
aes-gcm,128,1438,28400
aes-gcm,128,1439,28400
aes-gcm,128,1440,28800
aes-gcm,128,1441,28400
aes-gcm,128,1442,28300
aes-gcm,128,1443,28300
aes-gcm,128,1444,28100
aes-gcm,128,1445,28600
aes-gcm,128,1446,28200
aes-gcm,128,1447,32200
aes-gcm,128,1448,28300
aes-gcm,128,1449,28200
aes-gcm,128,1450,28400
aes-gcm,128,1451,28400
aes-gcm,128,1452,30900
aes-gcm,128,1453,28300
aes-gcm,128,1454,28400
aes-gcm,128,1455,28000
aes-gcm,128,1456,28300
aes-gcm,128,1457,28400
aes-gcm,128,1458,28100
aes-gcm,128,1459,28400
aes-gcm,128,1460,28400
aes-gcm,128,1461,28300
aes-gcm,128,1462,28400
aes-gcm,128,1463,28500
aes-gcm,128,1464,28200
aes-gcm,128,1465,28400
aes-gcm,128,1466,28000
aes-gcm,128,1467,28100
aes-gcm,128,1468,28200
aes-gcm,128,1469,28300
aes-gcm,128,1470,28400
aes-gcm,128,1471,28200
aes-gcm,128,1472,28800
aes-gcm,128,1473,28100
aes-gcm,128,1474,28400
aes-gcm,128,1475,28300
aes-gcm,128,1476,28000
aes-gcm,128,1477,28400
aes-gcm,128,1478,29200
aes-gcm,128,1479,28500
aes-gcm,128,1480,28500
aes-gcm,128,1481,29600
aes-gcm,128,1482,28300
aes-gcm,128,1483,28600
aes-gcm,128,1484,28300
aes-gcm,128,1485,28400
aes-gcm,128,1486,28300
aes-gcm,128,1487,28200
aes-gcm,128,1488,28300
aes-gcm,128,1489,28300
aes-gcm,128,1490,28700
aes-gcm,128,1491,28100
aes-gcm,128,1492,28400
aes-gcm,128,1493,28300
aes-gcm,128,1494,28100
aes-gcm,128,1495,28600
aes-gcm,128,1496,28000
aes-gcm,128,1497,28400
aes-gcm,128,1498,28000
aes-gcm,128,1499,28700
aes-gcm,128,1500,28400
aes-gcm,128,1501,28400
aes-gcm,128,1502,28100
aes-gcm,128,1503,28100
aes-gcm,128,1504,28500
aes-gcm,128,1505,28200
aes-gcm,128,1506,28300
aes-gcm,128,1507,28200
aes-gcm,128,1508,28300
aes-gcm,128,1509,28300
aes-gcm,128,1510,28600
aes-gcm,128,1511,28300
aes-gcm,128,1512,28100
aes-gcm,128,1513,28400
aes-gcm,128,1514,28200
aes-gcm,128,1515,32200
aes-gcm,128,1516,28400
aes-gcm,128,1517,28600
aes-gcm,128,1518,28100
aes-gcm,128,1519,28500
aes-gcm,128,1520,28300
aes-gcm,128,1521,27900
aes-gcm,128,1522,28500
aes-gcm,128,1523,28100
aes-gcm,128,1524,28100
aes-gcm,128,1525,28400
aes-gcm,128,1526,28200
aes-gcm,128,1527,28200
aes-gcm,128,1528,28500
aes-gcm,128,1529,28200
aes-gcm,128,1530,28300
aes-gcm,128,1531,28400
aes-gcm,128,1532,28300
aes-gcm,128,1533,28400
aes-gcm,128,1534,28100
aes-gcm,128,1535,28500
aes-gcm,128,1536,28100
aes-gcm,128,1537,28400
aes-gcm,128,1538,28200
aes-gcm,128,1539,28000
aes-gcm,128,1540,28500
aes-gcm,128,1541,28900
aes-gcm,128,1542,28400
aes-gcm,128,1543,28000
aes-gcm,128,1544,28500
aes-gcm,128,1545,28000
aes-gcm,128,1546,28200
aes-gcm,128,1547,28300
aes-gcm,128,1548,28100
aes-gcm,128,1549,28400
aes-gcm,128,1550,28400
aes-gcm,128,1551,28300
aes-gcm,128,1552,28400
aes-gcm,128,1553,28300
aes-gcm,128,1554,28000
aes-gcm,128,1555,28300
aes-gcm,128,1556,28100
aes-gcm,128,1557,28600
aes-gcm,128,1558,28300
aes-gcm,128,1559,28300
aes-gcm,128,1560,28600
aes-gcm,128,1561,28000
aes-gcm,128,1562,28400
aes-gcm,128,1563,28000
aes-gcm,128,1564,28200
aes-gcm,128,1565,28300
aes-gcm,128,1566,27800
aes-gcm,128,1567,28300
aes-gcm,128,1568,28400
aes-gcm,128,1569,28300
aes-gcm,128,1570,28300
aes-gcm,128,1571,28600
aes-gcm,128,1572,28000
aes-gcm,128,1573,29600
aes-gcm,128,1574,30600
aes-gcm,128,1575,27900
aes-gcm,128,1576,28500
aes-gcm,128,1577,28100
aes-gcm,128,1578,28300
aes-gcm,128,1579,29300
aes-gcm,128,1580,28700
aes-gcm,128,1581,28100
aes-gcm,128,1582,28300
aes-gcm,128,1583,28300
aes-gcm,128,1584,28200
aes-gcm,128,1585,28300
aes-gcm,128,1586,29800
aes-gcm,128,1587,28300
aes-gcm,128,1588,28100
aes-gcm,128,1589,28600
aes-gcm,128,1590,28300
aes-gcm,128,1591,28600
aes-gcm,128,1592,28300
aes-gcm,128,1593,28100
aes-gcm,128,1594,28500
aes-gcm,128,1595,28400
aes-gcm,128,1596,28300
aes-gcm,128,1597,28300
aes-gcm,128,1598,28500
aes-gcm,128,1599,27900
aes-gcm,128,1600,28700
aes-gcm,128,1601,28100
aes-gcm,128,1602,28300
aes-gcm,128,1603,28400
aes-gcm,128,1604,28200
aes-gcm,128,1605,29500
aes-gcm,128,1606,28300
aes-gcm,128,1607,28300
aes-gcm,128,1608,28200
aes-gcm,128,1609,28400
aes-gcm,128,1610,28300
aes-gcm,128,1611,28300
aes-gcm,128,1612,28500
aes-gcm,128,1613,28200
aes-gcm,128,1614,28400
aes-gcm,128,1615,28200
aes-gcm,128,1616,28400
aes-gcm,128,1617,28100
aes-gcm,128,1618,28300
aes-gcm,128,1619,28300
aes-gcm,128,1620,28300
aes-gcm,128,1621,30200
aes-gcm,128,1622,28200
aes-gcm,128,1623,28500
aes-gcm,128,1624,28100
aes-gcm,128,1625,28400
aes-gcm,128,1626,27900
aes-gcm,128,1627,28400
aes-gcm,128,1628,28300
aes-gcm,128,1629,28100
aes-gcm,128,1630,28500
aes-gcm,128,1631,28100
aes-gcm,128,1632,28500
aes-gcm,128,1633,28100
aes-gcm,128,1634,28400
aes-gcm,128,1635,28100
aes-gcm,128,1636,28200
aes-gcm,128,1637,28400
aes-gcm,128,1638,27900
aes-gcm,128,1639,28400
aes-gcm,128,1640,28500
aes-gcm,128,1641,28300
aes-gcm,128,1642,28200
aes-gcm,128,1643,29200
aes-gcm,128,1644,28200
aes-gcm,128,1645,28400
aes-gcm,128,1646,28200
aes-gcm,128,1647,28300
aes-gcm,128,1648,28200
aes-gcm,128,1649,28200
aes-gcm,128,1650,28500
aes-gcm,128,1651,28300
aes-gcm,128,1652,28300
aes-gcm,128,1653,28400
aes-gcm,128,1654,28300
aes-gcm,128,1655,30100
aes-gcm,128,1656,27900
aes-gcm,128,1657,28400
aes-gcm,128,1658,28300
aes-gcm,128,1659,28500
aes-gcm,128,1660,28500
aes-gcm,128,1661,28400
aes-gcm,128,1662,28300
aes-gcm,128,1663,28500
aes-gcm,128,1664,28400
aes-gcm,128,1665,28200
aes-gcm,128,1666,28500
aes-gcm,128,1667,28200
aes-gcm,128,1668,28200
aes-gcm,128,1669,30800
aes-gcm,128,1670,28500
aes-gcm,128,1671,28100
aes-gcm,128,1672,28800
aes-gcm,128,1673,28200
aes-gcm,128,1674,27900
aes-gcm,128,1675,28600
aes-gcm,128,1676,28200
aes-gcm,128,1677,28400
aes-gcm,128,1678,28100
aes-gcm,128,1679,28500
aes-gcm,128,1680,28000
aes-gcm,128,1681,28200
aes-gcm,128,1682,28500
aes-gcm,128,1683,28000
aes-gcm,128,1684,28300
aes-gcm,128,1685,28500
aes-gcm,128,1686,28300
aes-gcm,128,1687,28400
aes-gcm,128,1688,28500
aes-gcm,128,1689,28200
aes-gcm,128,1690,34000
aes-gcm,128,1691,26000
aes-gcm,128,1692,28400
aes-gcm,128,1693,28400
aes-gcm,128,1694,28200
aes-gcm,128,1695,28300
aes-gcm,128,1696,28200
aes-gcm,128,1697,28500
aes-gcm,128,1698,28300
aes-gcm,128,1699,28500
aes-gcm,128,1700,28400
aes-gcm,128,1701,28300
aes-gcm,128,1702,28400
aes-gcm,128,1703,27900
aes-gcm,128,1704,28300
aes-gcm,128,1705,28100
aes-gcm,128,1706,28300
aes-gcm,128,1707,29100
aes-gcm,128,1708,28400
aes-gcm,128,1709,28100
aes-gcm,128,1710,28400
aes-gcm,128,1711,28300
aes-gcm,128,1712,28300
aes-gcm,128,1713,28200
aes-gcm,128,1714,28100
aes-gcm,128,1715,28400
aes-gcm,128,1716,28100
aes-gcm,128,1717,28600
aes-gcm,128,1718,28000
aes-gcm,128,1719,28300
aes-gcm,128,1720,28400
aes-gcm,128,1721,28100
aes-gcm,128,1722,28300
aes-gcm,128,1723,28000
aes-gcm,128,1724,28300
aes-gcm,128,1725,28100
aes-gcm,128,1726,28100
aes-gcm,128,1727,28100
aes-gcm,128,1728,28100
aes-gcm,128,1729,28600
aes-gcm,128,1730,28400
aes-gcm,128,1731,28400
aes-gcm,128,1732,28200
aes-gcm,128,1733,31300
aes-gcm,128,1734,27900
aes-gcm,128,1735,28400
aes-gcm,128,1736,28600
aes-gcm,128,1737,28100
aes-gcm,128,1738,28200
aes-gcm,128,1739,28400
aes-gcm,128,1740,28500
aes-gcm,128,1741,28100
aes-gcm,128,1742,28500
aes-gcm,128,1743,28400
aes-gcm,128,1744,28200
aes-gcm,128,1745,28300
aes-gcm,128,1746,28000
aes-gcm,128,1747,28300
aes-gcm,128,1748,28100
aes-gcm,128,1749,28400
aes-gcm,128,1750,28300
aes-gcm,128,1751,28500
aes-gcm,128,1752,28300
aes-gcm,128,1753,28300
aes-gcm,128,1754,28100
aes-gcm,128,1755,28200
aes-gcm,128,1756,28400
aes-gcm,128,1757,28200
aes-gcm,128,1758,28300
aes-gcm,128,1759,28200
aes-gcm,128,1760,29000
aes-gcm,128,1761,28300
aes-gcm,128,1762,28700
aes-gcm,128,1763,28000
aes-gcm,128,1764,28100
aes-gcm,128,1765,28700
aes-gcm,128,1766,28100
aes-gcm,128,1767,28300
aes-gcm,128,1768,28200
aes-gcm,128,1769,28500
aes-gcm,128,1770,30900
aes-gcm,128,1771,28600
aes-gcm,128,1772,28400
aes-gcm,128,1773,28100
aes-gcm,128,1774,28300
aes-gcm,128,1775,28300
aes-gcm,128,1776,28200
aes-gcm,128,1777,28300
aes-gcm,128,1778,28300
aes-gcm,128,1779,28100
aes-gcm,128,1780,28600
aes-gcm,128,1781,28400
aes-gcm,128,1782,28300
aes-gcm,128,1783,28500
aes-gcm,128,1784,28100
aes-gcm,128,1785,28400
aes-gcm,128,1786,28300
aes-gcm,128,1787,28500
aes-gcm,128,1788,27800
aes-gcm,128,1789,28400
aes-gcm,128,1790,28600
aes-gcm,128,1791,28100
aes-gcm,128,1792,28600
aes-gcm,128,1793,28100
aes-gcm,128,1794,28400
aes-gcm,128,1795,30000
aes-gcm,128,1796,31100
aes-gcm,128,1797,28300
aes-gcm,128,1798,28300
aes-gcm,128,1799,28300
aes-gcm,128,1800,28500
aes-gcm,128,1801,28200
aes-gcm,128,1802,28200
aes-gcm,128,1803,28300
aes-gcm,128,1804,28200
aes-gcm,128,1805,28400
aes-gcm,128,1806,28000
aes-gcm,128,1807,28500
aes-gcm,128,1808,28500
aes-gcm,128,1809,28300
aes-gcm,128,1810,28400
aes-gcm,128,1811,28200
aes-gcm,128,1812,28400
aes-gcm,128,1813,28300
aes-gcm,128,1814,28400
aes-gcm,128,1815,28400
aes-gcm,128,1816,28300
aes-gcm,128,1817,28500
aes-gcm,128,1818,28200
aes-gcm,128,1819,28300
aes-gcm,128,1820,28500
aes-gcm,128,1821,28300
aes-gcm,128,1822,28200
aes-gcm,128,1823,28500
aes-gcm,128,1824,28200
aes-gcm,128,1825,28300
aes-gcm,128,1826,28100
aes-gcm,128,1827,28000
aes-gcm,128,1828,28300
aes-gcm,128,1829,30100
aes-gcm,128,1830,28100
aes-gcm,128,1831,28100
aes-gcm,128,1832,28500
aes-gcm,128,1833,28000
aes-gcm,128,1834,30700
aes-gcm,128,1835,28500
aes-gcm,128,1836,28200
aes-gcm,128,1837,28300
aes-gcm,128,1838,28100
aes-gcm,128,1839,28400
aes-gcm,128,1840,28200
aes-gcm,128,1841,28300
aes-gcm,128,1842,28200
aes-gcm,128,1843,28200
aes-gcm,128,1844,28100
aes-gcm,128,1845,28400
aes-gcm,128,1846,28100
aes-gcm,128,1847,28400
aes-gcm,128,1848,28300
aes-gcm,128,1849,28300
aes-gcm,128,1850,28500
aes-gcm,128,1851,28200
aes-gcm,128,1852,28500
aes-gcm,128,1853,28300
aes-gcm,128,1854,28000
aes-gcm,128,1855,28400
aes-gcm,128,1856,28500
aes-gcm,128,1857,28400
aes-gcm,128,1858,28500
aes-gcm,128,1859,28600
aes-gcm,128,1860,31000
aes-gcm,128,1861,28300
aes-gcm,128,1862,28300
aes-gcm,128,1863,28200
aes-gcm,128,1864,28200
aes-gcm,128,1865,28200
aes-gcm,128,1866,28300
aes-gcm,128,1867,28200
aes-gcm,128,1868,28500
aes-gcm,128,1869,28100
aes-gcm,128,1870,28600
aes-gcm,128,1871,28300
aes-gcm,128,1872,28200
aes-gcm,128,1873,28300
aes-gcm,128,1874,28200
aes-gcm,128,1875,28400
aes-gcm,128,1876,28200
aes-gcm,128,1877,28600
aes-gcm,128,1878,28000
aes-gcm,128,1879,28500
aes-gcm,128,1880,28500
aes-gcm,128,1881,28000
aes-gcm,128,1882,28400
aes-gcm,128,1883,28200
aes-gcm,128,1884,28200
aes-gcm,128,1885,28200
aes-gcm,128,1886,28300
aes-gcm,128,1887,28100
aes-gcm,128,1888,28300
aes-gcm,128,1889,28200
aes-gcm,128,1890,28400
aes-gcm,128,1891,28400
aes-gcm,128,1892,28200
aes-gcm,128,1893,28400
aes-gcm,128,1894,28100
aes-gcm,128,1895,28300
aes-gcm,128,1896,28200
aes-gcm,128,1897,28500
aes-gcm,128,1898,30600
aes-gcm,128,1899,28400
aes-gcm,128,1900,28700
aes-gcm,128,1901,28200
aes-gcm,128,1902,28300
aes-gcm,128,1903,28100
aes-gcm,128,1904,28300
aes-gcm,128,1905,28200
aes-gcm,128,1906,28300
aes-gcm,128,1907,28100
aes-gcm,128,1908,27900
aes-gcm,128,1909,28500
aes-gcm,128,1910,28400
aes-gcm,128,1911,28300
aes-gcm,128,1912,28200
aes-gcm,128,1913,28400
aes-gcm,128,1914,28100
aes-gcm,128,1915,28300
aes-gcm,128,1916,28200
aes-gcm,128,1917,28100
aes-gcm,128,1918,28200
aes-gcm,128,1919,28200
aes-gcm,128,1920,28900
aes-gcm,128,1921,27900
aes-gcm,128,1922,28600
aes-gcm,128,1923,28000
aes-gcm,128,1924,29100
aes-gcm,128,1925,28400
aes-gcm,128,1926,28300
aes-gcm,128,1927,28300
aes-gcm,128,1928,28400
aes-gcm,128,1929,28300
aes-gcm,128,1930,28200
aes-gcm,128,1931,28600
aes-gcm,128,1932,28300
aes-gcm,128,1933,28400
aes-gcm,128,1934,28200
aes-gcm,128,1935,28200
aes-gcm,128,1936,28600
aes-gcm,128,1937,28200
aes-gcm,128,1938,28300
aes-gcm,128,1939,28200
aes-gcm,128,1940,28700
aes-gcm,128,1941,28900
aes-gcm,128,1942,28500
aes-gcm,128,1943,28300
aes-gcm,128,1944,28100
aes-gcm,128,1945,28500
aes-gcm,128,1946,28200
aes-gcm,128,1947,28200
aes-gcm,128,1948,28100
aes-gcm,128,1949,28500
aes-gcm,128,1950,28300
aes-gcm,128,1951,28300
aes-gcm,128,1952,28600
aes-gcm,128,1953,28100
aes-gcm,128,1954,28600
aes-gcm,128,1955,28400
aes-gcm,128,1956,28200
aes-gcm,128,1957,28500
aes-gcm,128,1958,28300
aes-gcm,128,1959,28300
aes-gcm,128,1960,28600
aes-gcm,128,1961,28200
aes-gcm,128,1962,28800
aes-gcm,128,1963,28500
aes-gcm,128,1964,28200
aes-gcm,128,1965,28300
aes-gcm,128,1966,28100
aes-gcm,128,1967,28500
aes-gcm,128,1968,27900
aes-gcm,128,1969,34600
aes-gcm,128,1970,114500
aes-gcm,128,1971,128700
aes-gcm,128,1972,140500
aes-gcm,128,1973,44800
aes-gcm,128,1974,64600
aes-gcm,128,1975,31700
aes-gcm,128,1976,35700
aes-gcm,128,1977,28300
aes-gcm,128,1978,28500
aes-gcm,128,1979,28100
aes-gcm,128,1980,28600
aes-gcm,128,1981,28500
aes-gcm,128,1982,28200
aes-gcm,128,1983,28100
aes-gcm,128,1984,28500
aes-gcm,128,1985,28600
aes-gcm,128,1986,28200
aes-gcm,128,1987,28400
aes-gcm,128,1988,30400
aes-gcm,128,1989,28100
aes-gcm,128,1990,28200
aes-gcm,128,1991,29300
aes-gcm,128,1992,28400
aes-gcm,128,1993,28100
aes-gcm,128,1994,28800
aes-gcm,128,1995,28200
aes-gcm,128,1996,28300
aes-gcm,128,1997,28100
aes-gcm,128,1998,27900
aes-gcm,128,1999,28200
aes-gcm,512,0,28900
aes-gcm,512,1,29200
aes-gcm,512,2,29400
aes-gcm,512,3,28600
aes-gcm,512,4,28800
aes-gcm,512,5,29000
aes-gcm,512,6,28600
aes-gcm,512,7,28900
aes-gcm,512,8,28900
aes-gcm,512,9,28800
aes-gcm,512,10,28700
aes-gcm,512,11,29100
aes-gcm,512,12,28800
aes-gcm,512,13,29000
aes-gcm,512,14,29000
aes-gcm,512,15,28900
aes-gcm,512,16,28900
aes-gcm,512,17,28800
aes-gcm,512,18,28800
aes-gcm,512,19,28900
aes-gcm,512,20,29200
aes-gcm,512,21,28800
aes-gcm,512,22,29600
aes-gcm,512,23,28700
aes-gcm,512,24,28600
aes-gcm,512,25,32900
aes-gcm,512,26,29000
aes-gcm,512,27,28900
aes-gcm,512,28,28800
aes-gcm,512,29,29000
aes-gcm,512,30,29000
aes-gcm,512,31,29000
aes-gcm,512,32,28900
aes-gcm,512,33,28800
aes-gcm,512,34,28900
aes-gcm,512,35,28900
aes-gcm,512,36,28900
aes-gcm,512,37,28700
aes-gcm,512,38,29200
aes-gcm,512,39,28400
aes-gcm,512,40,29200
aes-gcm,512,41,28800
aes-gcm,512,42,28900
aes-gcm,512,43,28700
aes-gcm,512,44,28900
aes-gcm,512,45,28900
aes-gcm,512,46,28600
aes-gcm,512,47,29000
aes-gcm,512,48,28500
aes-gcm,512,49,28700
aes-gcm,512,50,28900
aes-gcm,512,51,28700
aes-gcm,512,52,28900
aes-gcm,512,53,28900
aes-gcm,512,54,29000
aes-gcm,512,55,28800
aes-gcm,512,56,28800
aes-gcm,512,57,28700
aes-gcm,512,58,28900
aes-gcm,512,59,28800
aes-gcm,512,60,28700
aes-gcm,512,61,29100
aes-gcm,512,62,31000
aes-gcm,512,63,28500
aes-gcm,512,64,28700
aes-gcm,512,65,29200
aes-gcm,512,66,28600
aes-gcm,512,67,29000
aes-gcm,512,68,28700
aes-gcm,512,69,28500
aes-gcm,512,70,29400
aes-gcm,512,71,28800
aes-gcm,512,72,29200
aes-gcm,512,73,28500
aes-gcm,512,74,28900
aes-gcm,512,75,28600
aes-gcm,512,76,29100
aes-gcm,512,77,28800
aes-gcm,512,78,28600
aes-gcm,512,79,28800
aes-gcm,512,80,28900
aes-gcm,512,81,28800
aes-gcm,512,82,28900
aes-gcm,512,83,29000
aes-gcm,512,84,28500
aes-gcm,512,85,29000
aes-gcm,512,86,29000
aes-gcm,512,87,28700
aes-gcm,512,88,29100
aes-gcm,512,89,29600
aes-gcm,512,90,28900
aes-gcm,512,91,28800
aes-gcm,512,92,29200
aes-gcm,512,93,28500
aes-gcm,512,94,29000
aes-gcm,512,95,28800
aes-gcm,512,96,45100
aes-gcm,512,97,29700
aes-gcm,512,98,29100
aes-gcm,512,99,28800
aes-gcm,512,100,28800
aes-gcm,512,101,29100
aes-gcm,512,102,28700
aes-gcm,512,103,29700
aes-gcm,512,104,29000
aes-gcm,512,105,28600
aes-gcm,512,106,28900
aes-gcm,512,107,28800
aes-gcm,512,108,29000
aes-gcm,512,109,28500
aes-gcm,512,110,29000
aes-gcm,512,111,28700
aes-gcm,512,112,29000
aes-gcm,512,113,28700
aes-gcm,512,114,28500
aes-gcm,512,115,29100
aes-gcm,512,116,28700
aes-gcm,512,117,29100
aes-gcm,512,118,28900
aes-gcm,512,119,29200
aes-gcm,512,120,28800
aes-gcm,512,121,29100
aes-gcm,512,122,28900
aes-gcm,512,123,28600
aes-gcm,512,124,28800
aes-gcm,512,125,28800
aes-gcm,512,126,29300
aes-gcm,512,127,28600
aes-gcm,512,128,28900
aes-gcm,512,129,28900
aes-gcm,512,130,30500
aes-gcm,512,131,28800
aes-gcm,512,132,28900
aes-gcm,512,133,29000
aes-gcm,512,134,28800
aes-gcm,512,135,29000
aes-gcm,512,136,29000
aes-gcm,512,137,29000
aes-gcm,512,138,28700
aes-gcm,512,139,28800
aes-gcm,512,140,29000
aes-gcm,512,141,28600
aes-gcm,512,142,29100
aes-gcm,512,143,28700
aes-gcm,512,144,28800
aes-gcm,512,145,28800
aes-gcm,512,146,28900
aes-gcm,512,147,28700
aes-gcm,512,148,28800
aes-gcm,512,149,28800
aes-gcm,512,150,29100
aes-gcm,512,151,28800
aes-gcm,512,152,28900
aes-gcm,512,153,29600
aes-gcm,512,154,29100
aes-gcm,512,155,29000
aes-gcm,512,156,28900
aes-gcm,512,157,28900
aes-gcm,512,158,29100
aes-gcm,512,159,28600
aes-gcm,512,160,29200
aes-gcm,512,161,28900
aes-gcm,512,162,29000
aes-gcm,512,163,28500
aes-gcm,512,164,30400
aes-gcm,512,165,28600
aes-gcm,512,166,29000
aes-gcm,512,167,28700
aes-gcm,512,168,28700
aes-gcm,512,169,28900
aes-gcm,512,170,28700
aes-gcm,512,171,28800
aes-gcm,512,172,29000
aes-gcm,512,173,28900
aes-gcm,512,174,28800
aes-gcm,512,175,28900
aes-gcm,512,176,28600
aes-gcm,512,177,28700
aes-gcm,512,178,29000
aes-gcm,512,179,28700
aes-gcm,512,180,28900
aes-gcm,512,181,28900
aes-gcm,512,182,30200
aes-gcm,512,183,28500
aes-gcm,512,184,29100
aes-gcm,512,185,28700
aes-gcm,512,186,28600
aes-gcm,512,187,28900
aes-gcm,512,188,28900
aes-gcm,512,189,28700
aes-gcm,512,190,29000
aes-gcm,512,191,28900
aes-gcm,512,192,28900
aes-gcm,512,193,28900
aes-gcm,512,194,28700
aes-gcm,512,195,28600
aes-gcm,512,196,28900
aes-gcm,512,197,28800
aes-gcm,512,198,30400
aes-gcm,512,199,28600
aes-gcm,512,200,29200
aes-gcm,512,201,28600
aes-gcm,512,202,29000
aes-gcm,512,203,28600
aes-gcm,512,204,28600
aes-gcm,512,205,29100
aes-gcm,512,206,28800
aes-gcm,512,207,28700
aes-gcm,512,208,28600
aes-gcm,512,209,28900
aes-gcm,512,210,29000
aes-gcm,512,211,29100
aes-gcm,512,212,28900
aes-gcm,512,213,28500
aes-gcm,512,214,29300
aes-gcm,512,215,28700
aes-gcm,512,216,29100
aes-gcm,512,217,29900
aes-gcm,512,218,29000
aes-gcm,512,219,28700
aes-gcm,512,220,29100
aes-gcm,512,221,28900
aes-gcm,512,222,29000
aes-gcm,512,223,28800
aes-gcm,512,224,28700
aes-gcm,512,225,29300
aes-gcm,512,226,28600
aes-gcm,512,227,29000
aes-gcm,512,228,28400
aes-gcm,512,229,28800
aes-gcm,512,230,28900
aes-gcm,512,231,29300
aes-gcm,512,232,29100
aes-gcm,512,233,28700
aes-gcm,512,234,28800
aes-gcm,512,235,28800
aes-gcm,512,236,29200
aes-gcm,512,237,28700
aes-gcm,512,238,29000
aes-gcm,512,239,28600
aes-gcm,512,240,28600
aes-gcm,512,241,28900
aes-gcm,512,242,28800
aes-gcm,512,243,28900
aes-gcm,512,244,28600
aes-gcm,512,245,29200
aes-gcm,512,246,29000
aes-gcm,512,247,28800
aes-gcm,512,248,28700
aes-gcm,512,249,28400
aes-gcm,512,250,29000
aes-gcm,512,251,28600
aes-gcm,512,252,28800
aes-gcm,512,253,28600
aes-gcm,512,254,29000
aes-gcm,512,255,28600
aes-gcm,512,256,29000
aes-gcm,512,257,29000
aes-gcm,512,258,28400
aes-gcm,512,259,28800
aes-gcm,512,260,28700
aes-gcm,512,261,28900
aes-gcm,512,262,28900
aes-gcm,512,263,28900
aes-gcm,512,264,28700
aes-gcm,512,265,28800
aes-gcm,512,266,29000
aes-gcm,512,267,29800
aes-gcm,512,268,28900
aes-gcm,512,269,29000
aes-gcm,512,270,28800
aes-gcm,512,271,29000
aes-gcm,512,272,28900
aes-gcm,512,273,28800
aes-gcm,512,274,28800
aes-gcm,512,275,28800
aes-gcm,512,276,28400
aes-gcm,512,277,29200
aes-gcm,512,278,29000
aes-gcm,512,279,28800
aes-gcm,512,280,29700
aes-gcm,512,281,28900
aes-gcm,512,282,28800
aes-gcm,512,283,28700
aes-gcm,512,284,28800
aes-gcm,512,285,28700
aes-gcm,512,286,29000
aes-gcm,512,287,28900
aes-gcm,512,288,28800
aes-gcm,512,289,28700
aes-gcm,512,290,29000
aes-gcm,512,291,28600
aes-gcm,512,292,29000
aes-gcm,512,293,28700
aes-gcm,512,294,28900
aes-gcm,512,295,29000
aes-gcm,512,296,28900
aes-gcm,512,297,28800
aes-gcm,512,298,28900
aes-gcm,512,299,29000
aes-gcm,512,300,28900
aes-gcm,512,301,30700
aes-gcm,512,302,29000
aes-gcm,512,303,28500
aes-gcm,512,304,29000
aes-gcm,512,305,28700
aes-gcm,512,306,28600
aes-gcm,512,307,28900
aes-gcm,512,308,29100
aes-gcm,512,309,28500
aes-gcm,512,310,29100
aes-gcm,512,311,28800
aes-gcm,512,312,28800
aes-gcm,512,313,29000
aes-gcm,512,314,28700
aes-gcm,512,315,29100
aes-gcm,512,316,28600
aes-gcm,512,317,28800
aes-gcm,512,318,28600
aes-gcm,512,319,28700
aes-gcm,512,320,28900
aes-gcm,512,321,28800
aes-gcm,512,322,29500
aes-gcm,512,323,28700
aes-gcm,512,324,28700
aes-gcm,512,325,28900
aes-gcm,512,326,28800
aes-gcm,512,327,28600
aes-gcm,512,328,29100
aes-gcm,512,329,28600
aes-gcm,512,330,28500
aes-gcm,512,331,28900
aes-gcm,512,332,29100
aes-gcm,512,333,28600
aes-gcm,512,334,28700
aes-gcm,512,335,30700
aes-gcm,512,336,28500
aes-gcm,512,337,28800
aes-gcm,512,338,28700
aes-gcm,512,339,28600
aes-gcm,512,340,28900
aes-gcm,512,341,28700
aes-gcm,512,342,29100
aes-gcm,512,343,28700
aes-gcm,512,344,30000
aes-gcm,512,345,28700
aes-gcm,512,346,28900
aes-gcm,512,347,28700
aes-gcm,512,348,28600
aes-gcm,512,349,29000
aes-gcm,512,350,29200
aes-gcm,512,351,28900
aes-gcm,512,352,29000
aes-gcm,512,353,29100
aes-gcm,512,354,28400
aes-gcm,512,355,29000
aes-gcm,512,356,28700
aes-gcm,512,357,28400
aes-gcm,512,358,28800
aes-gcm,512,359,28700
aes-gcm,512,360,29000
aes-gcm,512,361,28800
aes-gcm,512,362,29300
aes-gcm,512,363,28500
aes-gcm,512,364,29100
aes-gcm,512,365,28900
aes-gcm,512,366,28800
aes-gcm,512,367,28800
aes-gcm,512,368,28700
aes-gcm,512,369,28600
aes-gcm,512,370,28800
aes-gcm,512,371,29100
aes-gcm,512,372,28900
aes-gcm,512,373,29000
aes-gcm,512,374,28800
aes-gcm,512,375,28600
aes-gcm,512,376,28900
aes-gcm,512,377,29000
aes-gcm,512,378,29100
aes-gcm,512,379,28600
aes-gcm,512,380,29100
aes-gcm,512,381,28600
aes-gcm,512,382,29300
aes-gcm,512,383,28700
aes-gcm,512,384,28500
aes-gcm,512,385,29100
aes-gcm,512,386,28600
aes-gcm,512,387,28800
aes-gcm,512,388,28800
aes-gcm,512,389,28900
aes-gcm,512,390,28600
aes-gcm,512,391,28800
aes-gcm,512,392,29100
aes-gcm,512,393,28500
aes-gcm,512,394,28900
aes-gcm,512,395,28800
aes-gcm,512,396,29000
aes-gcm,512,397,28800
aes-gcm,512,398,29000
aes-gcm,512,399,28400
aes-gcm,512,400,29000
aes-gcm,512,401,28900
aes-gcm,512,402,28600
aes-gcm,512,403,28900
aes-gcm,512,404,118300
aes-gcm,512,405,247400
aes-gcm,512,406,147000
aes-gcm,512,407,69200
aes-gcm,512,408,34500
aes-gcm,512,409,29900
aes-gcm,512,410,29300
aes-gcm,512,411,29000
aes-gcm,512,412,29200
aes-gcm,512,413,29000
aes-gcm,512,414,29300
aes-gcm,512,415,28900
aes-gcm,512,416,29700
aes-gcm,512,417,28700
aes-gcm,512,418,29200
aes-gcm,512,419,28800
aes-gcm,512,420,28700
aes-gcm,512,421,29000
aes-gcm,512,422,30100
aes-gcm,512,423,29000
aes-gcm,512,424,28800
aes-gcm,512,425,28900
aes-gcm,512,426,28900
aes-gcm,512,427,29000
aes-gcm,512,428,29000
aes-gcm,512,429,28700
aes-gcm,512,430,29000
aes-gcm,512,431,28800
aes-gcm,512,432,28800
aes-gcm,512,433,28800
aes-gcm,512,434,29300
aes-gcm,512,435,28700
aes-gcm,512,436,28900
aes-gcm,512,437,28900
aes-gcm,512,438,28700
aes-gcm,512,439,29500
aes-gcm,512,440,29100
aes-gcm,512,441,28800
aes-gcm,512,442,28900
aes-gcm,512,443,29100
aes-gcm,512,444,28700
aes-gcm,512,445,29000
aes-gcm,512,446,28800
aes-gcm,512,447,28500
aes-gcm,512,448,29000
aes-gcm,512,449,28700
aes-gcm,512,450,28900
aes-gcm,512,451,28700
aes-gcm,512,452,29000
aes-gcm,512,453,28700
aes-gcm,512,454,29200
aes-gcm,512,455,28900
aes-gcm,512,456,27900
aes-gcm,512,457,28700
aes-gcm,512,458,28800
aes-gcm,512,459,28800
aes-gcm,512,460,28900
aes-gcm,512,461,29000
aes-gcm,512,462,28900
aes-gcm,512,463,29200
aes-gcm,512,464,28800
aes-gcm,512,465,28500
aes-gcm,512,466,28900
aes-gcm,512,467,28800
aes-gcm,512,468,28800
aes-gcm,512,469,28900
aes-gcm,512,470,28900
aes-gcm,512,471,28900
aes-gcm,512,472,30100
aes-gcm,512,473,28900
aes-gcm,512,474,28800
aes-gcm,512,475,29000
aes-gcm,512,476,28700
aes-gcm,512,477,28700
aes-gcm,512,478,28900
aes-gcm,512,479,28800
aes-gcm,512,480,28700
aes-gcm,512,481,28900
aes-gcm,512,482,29000
aes-gcm,512,483,28600
aes-gcm,512,484,28900
aes-gcm,512,485,28800
aes-gcm,512,486,28700
aes-gcm,512,487,28800
aes-gcm,512,488,28800
aes-gcm,512,489,28500
aes-gcm,512,490,33300
aes-gcm,512,491,28800
aes-gcm,512,492,28500
aes-gcm,512,493,29200
aes-gcm,512,494,28800
aes-gcm,512,495,28900
aes-gcm,512,496,28700
aes-gcm,512,497,28800
aes-gcm,512,498,28500
aes-gcm,512,499,28800
aes-gcm,512,500,28900
aes-gcm,512,501,28700
aes-gcm,512,502,28900
aes-gcm,512,503,29600
aes-gcm,512,504,28900
aes-gcm,512,505,28500
aes-gcm,512,506,28900
aes-gcm,512,507,28600
aes-gcm,512,508,28700
aes-gcm,512,509,28500
aes-gcm,512,510,28700
aes-gcm,512,511,28700
aes-gcm,512,512,28900
aes-gcm,512,513,28700
aes-gcm,512,514,28700
aes-gcm,512,515,28800
aes-gcm,512,516,28500
aes-gcm,512,517,28900
aes-gcm,512,518,29000
aes-gcm,512,519,28500
aes-gcm,512,520,28900
aes-gcm,512,521,28500
aes-gcm,512,522,29100
aes-gcm,512,523,28700
aes-gcm,512,524,29000
aes-gcm,512,525,29100
aes-gcm,512,526,28900
aes-gcm,512,527,28700
aes-gcm,512,528,28500
aes-gcm,512,529,28800
aes-gcm,512,530,28700
aes-gcm,512,531,28700
aes-gcm,512,532,28800
aes-gcm,512,533,29300
aes-gcm,512,534,28700
aes-gcm,512,535,30000
aes-gcm,512,536,29000
aes-gcm,512,537,28700
aes-gcm,512,538,28900
aes-gcm,512,539,28700
aes-gcm,512,540,28900
aes-gcm,512,541,28700
aes-gcm,512,542,29300
aes-gcm,512,543,28800
aes-gcm,512,544,28900
aes-gcm,512,545,28600
aes-gcm,512,546,29100
aes-gcm,512,547,28700
aes-gcm,512,548,28700
aes-gcm,512,549,28500
aes-gcm,512,550,28800
aes-gcm,512,551,29000
aes-gcm,512,552,28600
aes-gcm,512,553,29200
aes-gcm,512,554,28800
aes-gcm,512,555,28500
aes-gcm,512,556,28900
aes-gcm,512,557,28900
aes-gcm,512,558,28700
aes-gcm,512,559,28500
aes-gcm,512,560,29100
aes-gcm,512,561,28500
aes-gcm,512,562,28900
aes-gcm,512,563,29000
aes-gcm,512,564,28500
aes-gcm,512,565,29600
aes-gcm,512,566,28700
aes-gcm,512,567,29200
aes-gcm,512,568,28700
aes-gcm,512,569,28800
aes-gcm,512,570,28800
aes-gcm,512,571,28600
aes-gcm,512,572,28600
aes-gcm,512,573,28500
aes-gcm,512,574,29200
aes-gcm,512,575,28700
aes-gcm,512,576,28900
aes-gcm,512,577,28600
aes-gcm,512,578,29100
aes-gcm,512,579,28500
aes-gcm,512,580,28800
aes-gcm,512,581,28600
aes-gcm,512,582,28800
aes-gcm,512,583,29100
aes-gcm,512,584,28700
aes-gcm,512,585,29100
aes-gcm,512,586,28700
aes-gcm,512,587,28900
aes-gcm,512,588,28500
aes-gcm,512,589,29000
aes-gcm,512,590,28700
aes-gcm,512,591,28600
aes-gcm,512,592,28900
aes-gcm,512,593,45500
aes-gcm,512,594,29200
aes-gcm,512,595,28600
aes-gcm,512,596,29000
aes-gcm,512,597,28800
aes-gcm,512,598,28900
aes-gcm,512,599,29800
aes-gcm,512,600,28800
aes-gcm,512,601,29000
aes-gcm,512,602,29300
aes-gcm,512,603,29200
aes-gcm,512,604,28800
aes-gcm,512,605,29000
aes-gcm,512,606,28800
aes-gcm,512,607,29000
aes-gcm,512,608,29000
aes-gcm,512,609,28400
aes-gcm,512,610,29000
aes-gcm,512,611,28800
aes-gcm,512,612,28700
aes-gcm,512,613,28800
aes-gcm,512,614,28900
aes-gcm,512,615,28700
aes-gcm,512,616,29000
aes-gcm,512,617,28700
aes-gcm,512,618,28500
aes-gcm,512,619,28800
aes-gcm,512,620,28900
aes-gcm,512,621,28900
aes-gcm,512,622,28900
aes-gcm,512,623,29200
aes-gcm,512,624,28700
aes-gcm,512,625,28800
aes-gcm,512,626,29000
aes-gcm,512,627,28900
aes-gcm,512,628,28900
aes-gcm,512,629,28900
aes-gcm,512,630,29100
aes-gcm,512,631,29300
aes-gcm,512,632,28900
aes-gcm,512,633,28900
aes-gcm,512,634,28900
aes-gcm,512,635,28700
aes-gcm,512,636,28700
aes-gcm,512,637,28800
aes-gcm,512,638,28800
aes-gcm,512,639,28800
aes-gcm,512,640,29100
aes-gcm,512,641,29000
aes-gcm,512,642,28900
aes-gcm,512,643,28900
aes-gcm,512,644,28500
aes-gcm,512,645,28600
aes-gcm,512,646,28800
aes-gcm,512,647,28900
aes-gcm,512,648,28900
aes-gcm,512,649,28600
aes-gcm,512,650,29200
aes-gcm,512,651,28600
aes-gcm,512,652,28800
aes-gcm,512,653,29000
aes-gcm,512,654,28500
aes-gcm,512,655,29000
aes-gcm,512,656,28700
aes-gcm,512,657,29000
aes-gcm,512,658,29100
aes-gcm,512,659,28800
aes-gcm,512,660,28500
aes-gcm,512,661,29700
aes-gcm,512,662,28700
aes-gcm,512,663,31700
aes-gcm,512,664,28900
aes-gcm,512,665,28700
aes-gcm,512,666,28700
aes-gcm,512,667,28500
aes-gcm,512,668,28900
aes-gcm,512,669,28600
aes-gcm,512,670,29300
aes-gcm,512,671,29000
aes-gcm,512,672,28700
aes-gcm,512,673,28900
aes-gcm,512,674,29300
aes-gcm,512,675,28900
aes-gcm,512,676,28600
aes-gcm,512,677,29000
aes-gcm,512,678,28500
aes-gcm,512,679,28800
aes-gcm,512,680,28700
aes-gcm,512,681,28500
aes-gcm,512,682,29100
aes-gcm,512,683,28900
aes-gcm,512,684,28800
aes-gcm,512,685,28800
aes-gcm,512,686,29500
aes-gcm,512,687,28900
aes-gcm,512,688,28800
aes-gcm,512,689,28600
aes-gcm,512,690,28500
aes-gcm,512,691,28800
aes-gcm,512,692,28900
aes-gcm,512,693,29100
aes-gcm,512,694,29000
aes-gcm,512,695,30900
aes-gcm,512,696,28600
aes-gcm,512,697,29100
aes-gcm,512,698,28800
aes-gcm,512,699,28500
aes-gcm,512,700,29000
aes-gcm,512,701,28700
aes-gcm,512,702,29000
aes-gcm,512,703,28800
aes-gcm,512,704,29100
aes-gcm,512,705,28600
aes-gcm,512,706,28900
aes-gcm,512,707,28800
aes-gcm,512,708,28400
aes-gcm,512,709,28800
aes-gcm,512,710,28800
aes-gcm,512,711,28700
aes-gcm,512,712,28700
aes-gcm,512,713,29000
aes-gcm,512,714,29300
aes-gcm,512,715,29000
aes-gcm,512,716,28900
aes-gcm,512,717,28700
aes-gcm,512,718,29100
aes-gcm,512,719,28700
aes-gcm,512,720,29200
aes-gcm,512,721,28700
aes-gcm,512,722,29000
aes-gcm,512,723,28800
aes-gcm,512,724,28900
aes-gcm,512,725,29100
aes-gcm,512,726,28700
aes-gcm,512,727,30000
aes-gcm,512,728,28700
aes-gcm,512,729,30300
aes-gcm,512,730,28800
aes-gcm,512,731,28900
aes-gcm,512,732,28700
aes-gcm,512,733,29100
aes-gcm,512,734,29100
aes-gcm,512,735,28600
aes-gcm,512,736,29000
aes-gcm,512,737,28800
aes-gcm,512,738,29000
aes-gcm,512,739,28600
aes-gcm,512,740,29000
aes-gcm,512,741,28500
aes-gcm,512,742,29400
aes-gcm,512,743,28900
aes-gcm,512,744,28500
aes-gcm,512,745,28700
aes-gcm,512,746,28900
aes-gcm,512,747,28800
aes-gcm,512,748,28600
aes-gcm,512,749,29000
aes-gcm,512,750,28700
aes-gcm,512,751,28800
aes-gcm,512,752,28700
aes-gcm,512,753,28600
aes-gcm,512,754,29000
aes-gcm,512,755,28600
aes-gcm,512,756,28800
aes-gcm,512,757,28700
aes-gcm,512,758,28900
aes-gcm,512,759,29200
aes-gcm,512,760,29000
aes-gcm,512,761,28800
aes-gcm,512,762,28600
aes-gcm,512,763,29200
aes-gcm,512,764,28800
aes-gcm,512,765,29100
aes-gcm,512,766,28700
aes-gcm,512,767,28900
aes-gcm,512,768,28700
aes-gcm,512,769,28700
aes-gcm,512,770,29400
aes-gcm,512,771,28500
aes-gcm,512,772,29100
aes-gcm,512,773,28800
aes-gcm,512,774,28800
aes-gcm,512,775,28700
aes-gcm,512,776,28900
aes-gcm,512,777,28500
aes-gcm,512,778,29000
aes-gcm,512,779,28800
aes-gcm,512,780,28600
aes-gcm,512,781,29000
aes-gcm,512,782,28700
aes-gcm,512,783,28800
aes-gcm,512,784,28700
aes-gcm,512,785,28800
aes-gcm,512,786,28500
aes-gcm,512,787,28900
aes-gcm,512,788,28700
aes-gcm,512,789,28600
aes-gcm,512,790,29800
aes-gcm,512,791,29000
aes-gcm,512,792,28900
aes-gcm,512,793,28700
aes-gcm,512,794,28900
aes-gcm,512,795,28600
aes-gcm,512,796,28800
aes-gcm,512,797,28800
aes-gcm,512,798,99000
aes-gcm,512,799,94600
aes-gcm,512,800,39100
aes-gcm,512,801,122400
aes-gcm,512,802,64800
aes-gcm,512,803,91400
aes-gcm,512,804,38600
aes-gcm,512,805,31200
aes-gcm,512,806,29400
aes-gcm,512,807,29400
aes-gcm,512,808,29200
aes-gcm,512,809,28800
aes-gcm,512,810,29100
aes-gcm,512,811,28600
aes-gcm,512,812,28700
aes-gcm,512,813,28300
aes-gcm,512,814,29000
aes-gcm,512,815,28900
aes-gcm,512,816,28400
aes-gcm,512,817,28900
aes-gcm,512,818,29100
aes-gcm,512,819,28800
aes-gcm,512,820,30900
aes-gcm,512,821,29000
aes-gcm,512,822,28900
aes-gcm,512,823,28800
aes-gcm,512,824,28800
aes-gcm,512,825,29100
aes-gcm,512,826,29400
aes-gcm,512,827,28700
aes-gcm,512,828,29100
aes-gcm,512,829,28600
aes-gcm,512,830,29000
aes-gcm,512,831,28500
aes-gcm,512,832,28900
aes-gcm,512,833,28700
aes-gcm,512,834,28400
aes-gcm,512,835,29000
aes-gcm,512,836,28900
aes-gcm,512,837,28800
aes-gcm,512,838,28400
aes-gcm,512,839,29300
aes-gcm,512,840,28800
aes-gcm,512,841,28800
aes-gcm,512,842,28800
aes-gcm,512,843,28400
aes-gcm,512,844,28700
aes-gcm,512,845,28700
aes-gcm,512,846,29000
aes-gcm,512,847,28700
aes-gcm,512,848,28900
aes-gcm,512,849,28400
aes-gcm,512,850,29100
aes-gcm,512,851,28700
aes-gcm,512,852,28700
aes-gcm,512,853,28800
aes-gcm,512,854,33000
aes-gcm,512,855,29100
aes-gcm,512,856,28600
aes-gcm,512,857,29100
aes-gcm,512,858,28700
aes-gcm,512,859,28800
aes-gcm,512,860,29000
aes-gcm,512,861,28400
aes-gcm,512,862,28900
aes-gcm,512,863,28700
aes-gcm,512,864,28900
aes-gcm,512,865,28800
aes-gcm,512,866,28800
aes-gcm,512,867,28500
aes-gcm,512,868,28900
aes-gcm,512,869,28500
aes-gcm,512,870,28300
aes-gcm,512,871,28800
aes-gcm,512,872,28800
aes-gcm,512,873,28700
aes-gcm,512,874,28600
aes-gcm,512,875,28900
aes-gcm,512,876,28400
aes-gcm,512,877,28900
aes-gcm,512,878,28800
aes-gcm,512,879,28500
aes-gcm,512,880,28700
aes-gcm,512,881,28700
aes-gcm,512,882,29200
aes-gcm,512,883,28500
aes-gcm,512,884,29000
aes-gcm,512,885,28800
aes-gcm,512,886,28800
aes-gcm,512,887,28800
aes-gcm,512,888,30100
aes-gcm,512,889,29100
aes-gcm,512,890,28800
aes-gcm,512,891,28500
aes-gcm,512,892,28900
aes-gcm,512,893,28800
aes-gcm,512,894,28500
aes-gcm,512,895,29000
aes-gcm,512,896,28700
aes-gcm,512,897,28500
aes-gcm,512,898,28700
aes-gcm,512,899,28600
aes-gcm,512,900,29000
aes-gcm,512,901,28500
aes-gcm,512,902,28900
aes-gcm,512,903,28800
aes-gcm,512,904,29100
aes-gcm,512,905,28800
aes-gcm,512,906,28500
aes-gcm,512,907,28700
aes-gcm,512,908,28700
aes-gcm,512,909,28700
aes-gcm,512,910,29200
aes-gcm,512,911,28800
aes-gcm,512,912,28600
aes-gcm,512,913,28700
aes-gcm,512,914,28900
aes-gcm,512,915,28600
aes-gcm,512,916,28900
aes-gcm,512,917,28700
aes-gcm,512,918,29800
aes-gcm,512,919,28500
aes-gcm,512,920,29200
aes-gcm,512,921,28500
aes-gcm,512,922,29100
aes-gcm,512,923,54000
aes-gcm,512,924,173500
aes-gcm,512,925,85700
aes-gcm,512,926,33700
aes-gcm,512,927,30400
aes-gcm,512,928,29200
aes-gcm,512,929,29300
aes-gcm,512,930,29300
aes-gcm,512,931,28800
aes-gcm,512,932,28900
aes-gcm,512,933,29000
aes-gcm,512,934,29000
aes-gcm,512,935,28800
aes-gcm,512,936,29300
aes-gcm,512,937,28800
aes-gcm,512,938,29400
aes-gcm,512,939,28600
aes-gcm,512,940,29000
aes-gcm,512,941,28700
aes-gcm,512,942,28700
aes-gcm,512,943,29100
aes-gcm,512,944,28900
aes-gcm,512,945,29200
aes-gcm,512,946,29000
aes-gcm,512,947,29200
aes-gcm,512,948,28700
aes-gcm,512,949,28600
aes-gcm,512,950,29000
aes-gcm,512,951,28600
aes-gcm,512,952,29100
aes-gcm,512,953,28700
aes-gcm,512,954,29200
aes-gcm,512,955,28900
aes-gcm,512,956,29200
aes-gcm,512,957,28700
aes-gcm,512,958,28900
aes-gcm,512,959,28800
aes-gcm,512,960,28800
aes-gcm,512,961,29000
aes-gcm,512,962,28800
aes-gcm,512,963,28700
aes-gcm,512,964,28800
aes-gcm,512,965,29100
aes-gcm,512,966,29100
aes-gcm,512,967,28900
aes-gcm,512,968,29000
aes-gcm,512,969,28600
aes-gcm,512,970,29100
aes-gcm,512,971,28700
aes-gcm,512,972,28800
aes-gcm,512,973,28800
aes-gcm,512,974,28900
aes-gcm,512,975,28800
aes-gcm,512,976,29000
aes-gcm,512,977,28700
aes-gcm,512,978,28800
aes-gcm,512,979,28800
aes-gcm,512,980,29000
aes-gcm,512,981,28900
aes-gcm,512,982,29700
aes-gcm,512,983,29000
aes-gcm,512,984,28800
aes-gcm,512,985,29300
aes-gcm,512,986,29200
aes-gcm,512,987,28600
aes-gcm,512,988,28900
aes-gcm,512,989,28800
aes-gcm,512,990,28800
aes-gcm,512,991,28800
aes-gcm,512,992,29000
aes-gcm,512,993,28600
aes-gcm,512,994,29200
aes-gcm,512,995,28900
aes-gcm,512,996,28800
aes-gcm,512,997,29300
aes-gcm,512,998,28900
aes-gcm,512,999,29000
aes-gcm,512,1000,92000
aes-gcm,512,1001,123800
aes-gcm,512,1002,65700
aes-gcm,512,1003,33900
aes-gcm,512,1004,31600
aes-gcm,512,1005,30000
aes-gcm,512,1006,31100
aes-gcm,512,1007,30200
aes-gcm,512,1008,30100
aes-gcm,512,1009,29800
aes-gcm,512,1010,30300
aes-gcm,512,1011,30400
aes-gcm,512,1012,30400
aes-gcm,512,1013,29900
aes-gcm,512,1014,29600
aes-gcm,512,1015,30200
aes-gcm,512,1016,30000
aes-gcm,512,1017,30100
aes-gcm,512,1018,30000
aes-gcm,512,1019,30100
aes-gcm,512,1020,29700
aes-gcm,512,1021,29800
aes-gcm,512,1022,30500
aes-gcm,512,1023,29700
aes-gcm,512,1024,30100
aes-gcm,512,1025,30100
aes-gcm,512,1026,30000
aes-gcm,512,1027,29700
aes-gcm,512,1028,30100
aes-gcm,512,1029,29500
aes-gcm,512,1030,30600
aes-gcm,512,1031,29700
aes-gcm,512,1032,29900
aes-gcm,512,1033,30000
aes-gcm,512,1034,29700
aes-gcm,512,1035,30000
aes-gcm,512,1036,30000
aes-gcm,512,1037,29900
aes-gcm,512,1038,29700
aes-gcm,512,1039,30100
aes-gcm,512,1040,30100
aes-gcm,512,1041,29500
aes-gcm,512,1042,30000
aes-gcm,512,1043,29900
aes-gcm,512,1044,29900
aes-gcm,512,1045,30500
aes-gcm,512,1046,30300
aes-gcm,512,1047,29800
aes-gcm,512,1048,29800
aes-gcm,512,1049,29700
aes-gcm,512,1050,30000
aes-gcm,512,1051,29700
aes-gcm,512,1052,29800
aes-gcm,512,1053,29800
aes-gcm,512,1054,29900
aes-gcm,512,1055,29900
aes-gcm,512,1056,29800
aes-gcm,512,1057,30200
aes-gcm,512,1058,30000
aes-gcm,512,1059,29800
aes-gcm,512,1060,30200
aes-gcm,512,1061,31900
aes-gcm,512,1062,31800
aes-gcm,512,1063,30700
aes-gcm,512,1064,30100
aes-gcm,512,1065,30000
aes-gcm,512,1066,30300
aes-gcm,512,1067,29900
aes-gcm,512,1068,29600
aes-gcm,512,1069,29800
aes-gcm,512,1070,29700
aes-gcm,512,1071,29700
aes-gcm,512,1072,29700
aes-gcm,512,1073,30100
aes-gcm,512,1074,29600
aes-gcm,512,1075,30000
aes-gcm,512,1076,30000
aes-gcm,512,1077,29600
aes-gcm,512,1078,30300
aes-gcm,512,1079,29900
aes-gcm,512,1080,29900
aes-gcm,512,1081,29700
aes-gcm,512,1082,30200
aes-gcm,512,1083,29300
aes-gcm,512,1084,29900
aes-gcm,512,1085,29800
aes-gcm,512,1086,29900
aes-gcm,512,1087,30000
aes-gcm,512,1088,29900
aes-gcm,512,1089,29800
aes-gcm,512,1090,29600
aes-gcm,512,1091,29900
aes-gcm,512,1092,29800
aes-gcm,512,1093,29800
aes-gcm,512,1094,29600
aes-gcm,512,1095,29500
aes-gcm,512,1096,30600
aes-gcm,512,1097,29600
aes-gcm,512,1098,29800
aes-gcm,512,1099,29700
aes-gcm,512,1100,30200
aes-gcm,512,1101,29600
aes-gcm,512,1102,29800
aes-gcm,512,1103,29700
aes-gcm,512,1104,29700
aes-gcm,512,1105,30100
aes-gcm,512,1106,30300
aes-gcm,512,1107,30000
aes-gcm,512,1108,29700
aes-gcm,512,1109,30600
aes-gcm,512,1110,29600
aes-gcm,512,1111,30000
aes-gcm,512,1112,29700
aes-gcm,512,1113,29300
aes-gcm,512,1114,29900
aes-gcm,512,1115,29700
aes-gcm,512,1116,29900
aes-gcm,512,1117,29900
aes-gcm,512,1118,30000
aes-gcm,512,1119,29500
aes-gcm,512,1120,30300
aes-gcm,512,1121,29700
aes-gcm,512,1122,29600
aes-gcm,512,1123,29800
aes-gcm,512,1124,29800
aes-gcm,512,1125,29900
aes-gcm,512,1126,29800
aes-gcm,512,1127,30200
aes-gcm,512,1128,29500
aes-gcm,512,1129,30200
aes-gcm,512,1130,29900
aes-gcm,512,1131,29300
aes-gcm,512,1132,30200
aes-gcm,512,1133,29700
aes-gcm,512,1134,30200
aes-gcm,512,1135,29800
aes-gcm,512,1136,30200
aes-gcm,512,1137,29700
aes-gcm,512,1138,29900
aes-gcm,512,1139,29900
aes-gcm,512,1140,29600
aes-gcm,512,1141,29800
aes-gcm,512,1142,29800
aes-gcm,512,1143,30000
aes-gcm,512,1144,29900
aes-gcm,512,1145,30000
aes-gcm,512,1146,29800
aes-gcm,512,1147,30000
aes-gcm,512,1148,29600
aes-gcm,512,1149,29600
aes-gcm,512,1150,30100
aes-gcm,512,1151,29800
aes-gcm,512,1152,29800
aes-gcm,512,1153,29800
aes-gcm,512,1154,29900
aes-gcm,512,1155,30000
aes-gcm,512,1156,30000
aes-gcm,512,1157,29700
aes-gcm,512,1158,29500
aes-gcm,512,1159,29700
aes-gcm,512,1160,30000
aes-gcm,512,1161,29700
aes-gcm,512,1162,30300
aes-gcm,512,1163,30100
aes-gcm,512,1164,29700
aes-gcm,512,1165,30000
aes-gcm,512,1166,29700
aes-gcm,512,1167,29600
aes-gcm,512,1168,29900
aes-gcm,512,1169,29800
aes-gcm,512,1170,29800
aes-gcm,512,1171,30000
aes-gcm,512,1172,30200
aes-gcm,512,1173,30300
aes-gcm,512,1174,30100
aes-gcm,512,1175,29800
aes-gcm,512,1176,29900
aes-gcm,512,1177,29800
aes-gcm,512,1178,29700
aes-gcm,512,1179,29800
aes-gcm,512,1180,29700
aes-gcm,512,1181,29700
aes-gcm,512,1182,29700
aes-gcm,512,1183,29800
aes-gcm,512,1184,29900
aes-gcm,512,1185,29600
aes-gcm,512,1186,30000
aes-gcm,512,1187,29800
aes-gcm,512,1188,29600
aes-gcm,512,1189,29700
aes-gcm,512,1190,30200
aes-gcm,512,1191,29500
aes-gcm,512,1192,29900
aes-gcm,512,1193,29500
aes-gcm,512,1194,29400
aes-gcm,512,1195,30500
aes-gcm,512,1196,30000
aes-gcm,512,1197,29700
aes-gcm,512,1198,29500
aes-gcm,512,1199,30000
aes-gcm,512,1200,29800
aes-gcm,512,1201,29800
aes-gcm,512,1202,29900
aes-gcm,512,1203,29600
aes-gcm,512,1204,29800
aes-gcm,512,1205,29900
aes-gcm,512,1206,29800
aes-gcm,512,1207,29900
aes-gcm,512,1208,30000
aes-gcm,512,1209,29600
aes-gcm,512,1210,30000
aes-gcm,512,1211,29800
aes-gcm,512,1212,29500
aes-gcm,512,1213,29800
aes-gcm,512,1214,30000
aes-gcm,512,1215,29700
aes-gcm,512,1216,29800
aes-gcm,512,1217,30100
aes-gcm,512,1218,30000
aes-gcm,512,1219,29700
aes-gcm,512,1220,29700
aes-gcm,512,1221,29500
aes-gcm,512,1222,29800
aes-gcm,512,1223,29700
aes-gcm,512,1224,30100
aes-gcm,512,1225,29700
aes-gcm,512,1226,30100
aes-gcm,512,1227,29500
aes-gcm,512,1228,30100
aes-gcm,512,1229,29600
aes-gcm,512,1230,29700
aes-gcm,512,1231,29800
aes-gcm,512,1232,29600
aes-gcm,512,1233,29700
aes-gcm,512,1234,29600
aes-gcm,512,1235,30200
aes-gcm,512,1236,29700
aes-gcm,512,1237,30600
aes-gcm,512,1238,29800
aes-gcm,512,1239,29900
aes-gcm,512,1240,30200
aes-gcm,512,1241,29600
aes-gcm,512,1242,29700
aes-gcm,512,1243,29600
aes-gcm,512,1244,30000
aes-gcm,512,1245,29500
aes-gcm,512,1246,30500
aes-gcm,512,1247,29800
aes-gcm,512,1248,29500
aes-gcm,512,1249,30300
aes-gcm,512,1250,29800
aes-gcm,512,1251,29700
aes-gcm,512,1252,29700
aes-gcm,512,1253,29800
aes-gcm,512,1254,29500
aes-gcm,512,1255,29900
aes-gcm,512,1256,30000
aes-gcm,512,1257,29600
aes-gcm,512,1258,29700
aes-gcm,512,1259,29500
aes-gcm,512,1260,30200
aes-gcm,512,1261,30100
aes-gcm,512,1262,29900
aes-gcm,512,1263,29400
aes-gcm,512,1264,30000
aes-gcm,512,1265,29700
aes-gcm,512,1266,29700
aes-gcm,512,1267,30200
aes-gcm,512,1268,29500
aes-gcm,512,1269,29700
aes-gcm,512,1270,29700
aes-gcm,512,1271,30000
aes-gcm,512,1272,30000
aes-gcm,512,1273,30000
aes-gcm,512,1274,30100
aes-gcm,512,1275,29700
aes-gcm,512,1276,30000
aes-gcm,512,1277,29900
aes-gcm,512,1278,29900
aes-gcm,512,1279,29900
aes-gcm,512,1280,30100
aes-gcm,512,1281,29700
aes-gcm,512,1282,30000
aes-gcm,512,1283,29600
aes-gcm,512,1284,29600
aes-gcm,512,1285,29900
aes-gcm,512,1286,29800
aes-gcm,512,1287,29900
aes-gcm,512,1288,29800
aes-gcm,512,1289,29900
aes-gcm,512,1290,29800
aes-gcm,512,1291,29800
aes-gcm,512,1292,30100
aes-gcm,512,1293,29300
aes-gcm,512,1294,29700
aes-gcm,512,1295,29800
aes-gcm,512,1296,29700
aes-gcm,512,1297,29600
aes-gcm,512,1298,29900
aes-gcm,512,1299,29700
aes-gcm,512,1300,30500
aes-gcm,512,1301,29600
aes-gcm,512,1302,38200
aes-gcm,512,1303,31000
aes-gcm,512,1304,30100
aes-gcm,512,1305,30100
aes-gcm,512,1306,30000
aes-gcm,512,1307,30000
aes-gcm,512,1308,29600
aes-gcm,512,1309,29900
aes-gcm,512,1310,30200
aes-gcm,512,1311,29500
aes-gcm,512,1312,30200
aes-gcm,512,1313,29800
aes-gcm,512,1314,29800
aes-gcm,512,1315,29800
aes-gcm,512,1316,30000
aes-gcm,512,1317,29600
aes-gcm,512,1318,30000
aes-gcm,512,1319,29700
aes-gcm,512,1320,29600
aes-gcm,512,1321,29800
aes-gcm,512,1322,29800
aes-gcm,512,1323,29600
aes-gcm,512,1324,29800
aes-gcm,512,1325,30400
aes-gcm,512,1326,29800
aes-gcm,512,1327,29900
aes-gcm,512,1328,30000
aes-gcm,512,1329,29600
aes-gcm,512,1330,30400
aes-gcm,512,1331,29700
aes-gcm,512,1332,29900
aes-gcm,512,1333,29500
aes-gcm,512,1334,30000
aes-gcm,512,1335,29700
aes-gcm,512,1336,30100
aes-gcm,512,1337,29800
aes-gcm,512,1338,29500
aes-gcm,512,1339,29900
aes-gcm,512,1340,29900
aes-gcm,512,1341,29900
aes-gcm,512,1342,29900
aes-gcm,512,1343,29800
aes-gcm,512,1344,29400
aes-gcm,512,1345,30100
aes-gcm,512,1346,29900
aes-gcm,512,1347,29800
aes-gcm,512,1348,30000
aes-gcm,512,1349,29600
aes-gcm,512,1350,30000
aes-gcm,512,1351,29700
aes-gcm,512,1352,30200
aes-gcm,512,1353,29500
aes-gcm,512,1354,29700
aes-gcm,512,1355,29800
aes-gcm,512,1356,29900
aes-gcm,512,1357,29900
aes-gcm,512,1358,30400
aes-gcm,512,1359,29900
aes-gcm,512,1360,29900
aes-gcm,512,1361,29900
aes-gcm,512,1362,29600
aes-gcm,512,1363,29900
aes-gcm,512,1364,30400
aes-gcm,512,1365,29600
aes-gcm,512,1366,30200
aes-gcm,512,1367,29700
aes-gcm,512,1368,29700
aes-gcm,512,1369,29600
aes-gcm,512,1370,30000
aes-gcm,512,1371,29500
aes-gcm,512,1372,30100
aes-gcm,512,1373,29700
aes-gcm,512,1374,30100
aes-gcm,512,1375,29900
aes-gcm,512,1376,29900
aes-gcm,512,1377,29700
aes-gcm,512,1378,29700
aes-gcm,512,1379,29800
aes-gcm,512,1380,29500
aes-gcm,512,1381,29700
aes-gcm,512,1382,29800
aes-gcm,512,1383,29600
aes-gcm,512,1384,30000
aes-gcm,512,1385,29700
aes-gcm,512,1386,30300
aes-gcm,512,1387,29700
aes-gcm,512,1388,30000
aes-gcm,512,1389,29400
aes-gcm,512,1390,118400
aes-gcm,512,1391,198200
aes-gcm,512,1392,181800
aes-gcm,512,1393,147700
aes-gcm,512,1394,195700
aes-gcm,512,1395,143100
aes-gcm,512,1396,133400
aes-gcm,512,1397,50400
aes-gcm,512,1398,51100
aes-gcm,512,1399,36600
aes-gcm,512,1400,30300
aes-gcm,512,1401,29200
aes-gcm,512,1402,29600
aes-gcm,512,1403,29200
aes-gcm,512,1404,30200
aes-gcm,512,1405,29300
aes-gcm,512,1406,29700
aes-gcm,512,1407,29000
aes-gcm,512,1408,29600
aes-gcm,512,1409,29200
aes-gcm,512,1410,29700
aes-gcm,512,1411,29400
aes-gcm,512,1412,29400
aes-gcm,512,1413,29100
aes-gcm,512,1414,29700
aes-gcm,512,1415,29600
aes-gcm,512,1416,29100
aes-gcm,512,1417,29300
aes-gcm,512,1418,29100
aes-gcm,512,1419,29200
aes-gcm,512,1420,29700
aes-gcm,512,1421,29100
aes-gcm,512,1422,29000
aes-gcm,512,1423,32600
aes-gcm,512,1424,31000
aes-gcm,512,1425,29300
aes-gcm,512,1426,29600
aes-gcm,512,1427,29300
aes-gcm,512,1428,29300
aes-gcm,512,1429,29500
aes-gcm,512,1430,29500
aes-gcm,512,1431,29300
aes-gcm,512,1432,29100
aes-gcm,512,1433,29000
aes-gcm,512,1434,29000
aes-gcm,512,1435,29500
aes-gcm,512,1436,29300
aes-gcm,512,1437,29000
aes-gcm,512,1438,29700
aes-gcm,512,1439,29200
aes-gcm,512,1440,29900
aes-gcm,512,1441,29000
aes-gcm,512,1442,30000
aes-gcm,512,1443,29200
aes-gcm,512,1444,29600
aes-gcm,512,1445,29200
aes-gcm,512,1446,29300
aes-gcm,512,1447,50500
aes-gcm,512,1448,86600
aes-gcm,512,1449,40800
aes-gcm,512,1450,32400
aes-gcm,512,1451,30900
aes-gcm,512,1452,30400
aes-gcm,512,1453,30500
aes-gcm,512,1454,31100
aes-gcm,512,1455,30000
aes-gcm,512,1456,30800
aes-gcm,512,1457,30100
aes-gcm,512,1458,30000
aes-gcm,512,1459,29700
aes-gcm,512,1460,30100
aes-gcm,512,1461,29600
aes-gcm,512,1462,30000
aes-gcm,512,1463,29700
aes-gcm,512,1464,29700
aes-gcm,512,1465,30300
aes-gcm,512,1466,30000
aes-gcm,512,1467,30000
aes-gcm,512,1468,29700
aes-gcm,512,1469,30200
aes-gcm,512,1470,30100
aes-gcm,512,1471,30000
aes-gcm,512,1472,29900
aes-gcm,512,1473,29500
aes-gcm,512,1474,29900
aes-gcm,512,1475,29800
aes-gcm,512,1476,30200
aes-gcm,512,1477,30300
aes-gcm,512,1478,30000
aes-gcm,512,1479,29600
aes-gcm,512,1480,30300
aes-gcm,512,1481,29800
aes-gcm,512,1482,29700
aes-gcm,512,1483,29800
aes-gcm,512,1484,29900
aes-gcm,512,1485,30000
aes-gcm,512,1486,30000
aes-gcm,512,1487,26400
aes-gcm,512,1488,30000
aes-gcm,512,1489,29900
aes-gcm,512,1490,29700
aes-gcm,512,1491,29600
aes-gcm,512,1492,31100
aes-gcm,512,1493,29800
aes-gcm,512,1494,30200
aes-gcm,512,1495,29900
aes-gcm,512,1496,30200
aes-gcm,512,1497,30000
aes-gcm,512,1498,30500
aes-gcm,512,1499,30000
aes-gcm,512,1500,29900
aes-gcm,512,1501,30100
aes-gcm,512,1502,29900
aes-gcm,512,1503,29700
aes-gcm,512,1504,30000
aes-gcm,512,1505,30100
aes-gcm,512,1506,29600
aes-gcm,512,1507,29900
aes-gcm,512,1508,29900
aes-gcm,512,1509,29700
aes-gcm,512,1510,30000
aes-gcm,512,1511,29600
aes-gcm,512,1512,30000
aes-gcm,512,1513,29800
aes-gcm,512,1514,30000
aes-gcm,512,1515,29500
aes-gcm,512,1516,30000
aes-gcm,512,1517,29900
aes-gcm,512,1518,29800
aes-gcm,512,1519,30200
aes-gcm,512,1520,30100
aes-gcm,512,1521,35400
aes-gcm,512,1522,29800
aes-gcm,512,1523,29900
aes-gcm,512,1524,29600
aes-gcm,512,1525,29900
aes-gcm,512,1526,30100
aes-gcm,512,1527,29600
aes-gcm,512,1528,30100
aes-gcm,512,1529,29800
aes-gcm,512,1530,30000
aes-gcm,512,1531,29500
aes-gcm,512,1532,30200
aes-gcm,512,1533,29600
aes-gcm,512,1534,29900
aes-gcm,512,1535,29800
aes-gcm,512,1536,29500
aes-gcm,512,1537,30000
aes-gcm,512,1538,29800
aes-gcm,512,1539,29900
aes-gcm,512,1540,29900
aes-gcm,512,1541,29900
aes-gcm,512,1542,29600
aes-gcm,512,1543,29800
aes-gcm,512,1544,29700
aes-gcm,512,1545,29600
aes-gcm,512,1546,29800
aes-gcm,512,1547,29800
aes-gcm,512,1548,29600
aes-gcm,512,1549,29600
aes-gcm,512,1550,30300
aes-gcm,512,1551,29600
aes-gcm,512,1552,30200
aes-gcm,512,1553,29500
aes-gcm,512,1554,29900
aes-gcm,512,1555,30700
aes-gcm,512,1556,29800
aes-gcm,512,1557,29700
aes-gcm,512,1558,29500
aes-gcm,512,1559,30100
aes-gcm,512,1560,29700
aes-gcm,512,1561,29800
aes-gcm,512,1562,29800
aes-gcm,512,1563,29300
aes-gcm,512,1564,30000
aes-gcm,512,1565,29800
aes-gcm,512,1566,29600
aes-gcm,512,1567,29700
aes-gcm,512,1568,30200
aes-gcm,512,1569,29500
aes-gcm,512,1570,30000
aes-gcm,512,1571,29900
aes-gcm,512,1572,29800
aes-gcm,512,1573,29900
aes-gcm,512,1574,29600
aes-gcm,512,1575,29700
aes-gcm,512,1576,29600
aes-gcm,512,1577,30000
aes-gcm,512,1578,29400
aes-gcm,512,1579,29900
aes-gcm,512,1580,29800
aes-gcm,512,1581,29400
aes-gcm,512,1582,30200
aes-gcm,512,1583,29700
aes-gcm,512,1584,30200
aes-gcm,512,1585,29800
aes-gcm,512,1586,29800
aes-gcm,512,1587,29600
aes-gcm,512,1588,29700
aes-gcm,512,1589,29500
aes-gcm,512,1590,29600
aes-gcm,512,1591,29700
aes-gcm,512,1592,29700
aes-gcm,512,1593,29800
aes-gcm,512,1594,29900
aes-gcm,512,1595,30000
aes-gcm,512,1596,29300
aes-gcm,512,1597,29800
aes-gcm,512,1598,29700
aes-gcm,512,1599,29400
aes-gcm,512,1600,29800
aes-gcm,512,1601,29600
aes-gcm,512,1602,29700
aes-gcm,512,1603,29800
aes-gcm,512,1604,30200
aes-gcm,512,1605,29700
aes-gcm,512,1606,29700
aes-gcm,512,1607,29800
aes-gcm,512,1608,29400
aes-gcm,512,1609,30000
aes-gcm,512,1610,30100
aes-gcm,512,1611,29500
aes-gcm,512,1612,29900
aes-gcm,512,1613,29800
aes-gcm,512,1614,29700
aes-gcm,512,1615,30000
aes-gcm,512,1616,29900
aes-gcm,512,1617,29500
aes-gcm,512,1618,30000
aes-gcm,512,1619,30500
aes-gcm,512,1620,29700
aes-gcm,512,1621,29600
aes-gcm,512,1622,29900
aes-gcm,512,1623,29700
aes-gcm,512,1624,29800
aes-gcm,512,1625,29900
aes-gcm,512,1626,29700
aes-gcm,512,1627,29800
aes-gcm,512,1628,29700
aes-gcm,512,1629,29800
aes-gcm,512,1630,29800
aes-gcm,512,1631,29800
aes-gcm,512,1632,29900
aes-gcm,512,1633,29800
aes-gcm,512,1634,29800
aes-gcm,512,1635,30000
aes-gcm,512,1636,30000
aes-gcm,512,1637,29600
aes-gcm,512,1638,30000
aes-gcm,512,1639,29600
aes-gcm,512,1640,30100
aes-gcm,512,1641,29600
aes-gcm,512,1642,29900
aes-gcm,512,1643,29700
aes-gcm,512,1644,29500
aes-gcm,512,1645,30000
aes-gcm,512,1646,30100
aes-gcm,512,1647,29900
aes-gcm,512,1648,29900
aes-gcm,512,1649,30100
aes-gcm,512,1650,29600
aes-gcm,512,1651,29900
aes-gcm,512,1652,29600
aes-gcm,512,1653,29400
aes-gcm,512,1654,29800
aes-gcm,512,1655,29800
aes-gcm,512,1656,29800
aes-gcm,512,1657,29800
aes-gcm,512,1658,30000
aes-gcm,512,1659,29600
aes-gcm,512,1660,30100
aes-gcm,512,1661,29900
aes-gcm,512,1662,29700
aes-gcm,512,1663,29900
aes-gcm,512,1664,29800
aes-gcm,512,1665,29800
aes-gcm,512,1666,29800
aes-gcm,512,1667,29900
aes-gcm,512,1668,29600
aes-gcm,512,1669,30100
aes-gcm,512,1670,30000
aes-gcm,512,1671,29500
aes-gcm,512,1672,29800
aes-gcm,512,1673,29400
aes-gcm,512,1674,29900
aes-gcm,512,1675,29800
aes-gcm,512,1676,29700
aes-gcm,512,1677,29700
aes-gcm,512,1678,30000
aes-gcm,512,1679,29800
aes-gcm,512,1680,29700
aes-gcm,512,1681,29600
aes-gcm,512,1682,29700
aes-gcm,512,1683,30500
aes-gcm,512,1684,29800
aes-gcm,512,1685,30000
aes-gcm,512,1686,29500
aes-gcm,512,1687,29900
aes-gcm,512,1688,30100
aes-gcm,512,1689,29900
aes-gcm,512,1690,30300
aes-gcm,512,1691,29700
aes-gcm,512,1692,29900
aes-gcm,512,1693,29500
aes-gcm,512,1694,30300
aes-gcm,512,1695,29400
aes-gcm,512,1696,30300
aes-gcm,512,1697,29600
aes-gcm,512,1698,29700
aes-gcm,512,1699,30500
aes-gcm,512,1700,30000
aes-gcm,512,1701,29800
aes-gcm,512,1702,29600
aes-gcm,512,1703,29800
aes-gcm,512,1704,29500
aes-gcm,512,1705,29700
aes-gcm,512,1706,29700
aes-gcm,512,1707,29700
aes-gcm,512,1708,30000
aes-gcm,512,1709,29900
aes-gcm,512,1710,30100
aes-gcm,512,1711,29600
aes-gcm,512,1712,30400
aes-gcm,512,1713,29500
aes-gcm,512,1714,30100
aes-gcm,512,1715,30000
aes-gcm,512,1716,29600
aes-gcm,512,1717,29900
aes-gcm,512,1718,29600
aes-gcm,512,1719,29700
aes-gcm,512,1720,29900
aes-gcm,512,1721,30300
aes-gcm,512,1722,30100
aes-gcm,512,1723,29900
aes-gcm,512,1724,60800
aes-gcm,512,1725,109700
aes-gcm,512,1726,55800
aes-gcm,512,1727,33800
aes-gcm,512,1728,30900
aes-gcm,512,1729,30700
aes-gcm,512,1730,31300
aes-gcm,512,1731,30000
aes-gcm,512,1732,30200
aes-gcm,512,1733,29800
aes-gcm,512,1734,30300
aes-gcm,512,1735,30200
aes-gcm,512,1736,30100
aes-gcm,512,1737,30000
aes-gcm,512,1738,29600
aes-gcm,512,1739,29900
aes-gcm,512,1740,29600
aes-gcm,512,1741,30000
aes-gcm,512,1742,30100
aes-gcm,512,1743,29700
aes-gcm,512,1744,30400
aes-gcm,512,1745,29900
aes-gcm,512,1746,52100
aes-gcm,512,1747,50500
aes-gcm,512,1748,36200
aes-gcm,512,1749,30600
aes-gcm,512,1750,30100
aes-gcm,512,1751,29400
aes-gcm,512,1752,28800
aes-gcm,512,1753,29500
aes-gcm,512,1754,28800
aes-gcm,512,1755,29600
aes-gcm,512,1756,28800
aes-gcm,512,1757,29700
aes-gcm,512,1758,29000
aes-gcm,512,1759,29600
aes-gcm,512,1760,28900
aes-gcm,512,1761,29100
aes-gcm,512,1762,29000
aes-gcm,512,1763,29600
aes-gcm,512,1764,29100
aes-gcm,512,1765,29200
aes-gcm,512,1766,29100
aes-gcm,512,1767,29200
aes-gcm,512,1768,29200
aes-gcm,512,1769,29300
aes-gcm,512,1770,28500
aes-gcm,512,1771,29300
aes-gcm,512,1772,29300
aes-gcm,512,1773,28800
aes-gcm,512,1774,29200
aes-gcm,512,1775,28800
aes-gcm,512,1776,29000
aes-gcm,512,1777,29000
aes-gcm,512,1778,29500
aes-gcm,512,1779,29500
aes-gcm,512,1780,29800
aes-gcm,512,1781,28600
aes-gcm,512,1782,29200
aes-gcm,512,1783,28600
aes-gcm,512,1784,29600
aes-gcm,512,1785,28800
aes-gcm,512,1786,29300
aes-gcm,512,1787,28900
aes-gcm,512,1788,29200
aes-gcm,512,1789,28900
aes-gcm,512,1790,29400
aes-gcm,512,1791,29300
aes-gcm,512,1792,28800
aes-gcm,512,1793,29200
aes-gcm,512,1794,28600
aes-gcm,512,1795,29500
aes-gcm,512,1796,28700
aes-gcm,512,1797,29100
aes-gcm,512,1798,29100
aes-gcm,512,1799,29300
aes-gcm,512,1800,29100
aes-gcm,512,1801,29000
aes-gcm,512,1802,29000
aes-gcm,512,1803,29100
aes-gcm,512,1804,28900
aes-gcm,512,1805,29300
aes-gcm,512,1806,29300
aes-gcm,512,1807,29100
aes-gcm,512,1808,29300
aes-gcm,512,1809,28900
aes-gcm,512,1810,29900
aes-gcm,512,1811,29200
aes-gcm,512,1812,29000
aes-gcm,512,1813,29400
aes-gcm,512,1814,29400
aes-gcm,512,1815,28700
aes-gcm,512,1816,29300
aes-gcm,512,1817,28900
aes-gcm,512,1818,29400
aes-gcm,512,1819,29500
aes-gcm,512,1820,28900
aes-gcm,512,1821,29100
aes-gcm,512,1822,29300
aes-gcm,512,1823,29400
aes-gcm,512,1824,28500
aes-gcm,512,1825,29400
aes-gcm,512,1826,28700
aes-gcm,512,1827,29500
aes-gcm,512,1828,28800
aes-gcm,512,1829,29500
aes-gcm,512,1830,28800
aes-gcm,512,1831,29300
aes-gcm,512,1832,29000
aes-gcm,512,1833,28800
aes-gcm,512,1834,29400
aes-gcm,512,1835,29200
aes-gcm,512,1836,28600
aes-gcm,512,1837,29200
aes-gcm,512,1838,29000
aes-gcm,512,1839,29200
aes-gcm,512,1840,29600
aes-gcm,512,1841,28600
aes-gcm,512,1842,29000
aes-gcm,512,1843,28900
aes-gcm,512,1844,29400
aes-gcm,512,1845,29100
aes-gcm,512,1846,28800
aes-gcm,512,1847,29400
aes-gcm,512,1848,29000
aes-gcm,512,1849,28800
aes-gcm,512,1850,29300
aes-gcm,512,1851,28700
aes-gcm,512,1852,29300
aes-gcm,512,1853,28700
aes-gcm,512,1854,29300
aes-gcm,512,1855,28800
aes-gcm,512,1856,29600
aes-gcm,512,1857,28500
aes-gcm,512,1858,29300
aes-gcm,512,1859,29300
aes-gcm,512,1860,28500
aes-gcm,512,1861,29300
aes-gcm,512,1862,29200
aes-gcm,512,1863,29000
aes-gcm,512,1864,28900
aes-gcm,512,1865,29400
aes-gcm,512,1866,28600
aes-gcm,512,1867,29200
aes-gcm,512,1868,28700
aes-gcm,512,1869,28900
aes-gcm,512,1870,29000
aes-gcm,512,1871,29000
aes-gcm,512,1872,28700
aes-gcm,512,1873,29100
aes-gcm,512,1874,30100
aes-gcm,512,1875,29000
aes-gcm,512,1876,29300
aes-gcm,512,1877,28700
aes-gcm,512,1878,56600
aes-gcm,512,1879,93400
aes-gcm,512,1880,156200
aes-gcm,512,1881,133700
aes-gcm,512,1882,112900
aes-gcm,512,1883,138200
aes-gcm,512,1884,90000
aes-gcm,512,1885,39700
aes-gcm,512,1886,31200
aes-gcm,512,1887,87200
aes-gcm,512,1888,59700
aes-gcm,512,1889,140200
aes-gcm,512,1890,86400
aes-gcm,512,1891,133900
aes-gcm,512,1892,102200
aes-gcm,512,1893,89400
aes-gcm,512,1894,40300
aes-gcm,512,1895,47600
aes-gcm,512,1896,59100
aes-gcm,512,1897,33200
aes-gcm,512,1898,30700
aes-gcm,512,1899,29900
aes-gcm,512,1900,29800
aes-gcm,512,1901,30100
aes-gcm,512,1902,29400
aes-gcm,512,1903,85500
aes-gcm,512,1904,58900
aes-gcm,512,1905,34500
aes-gcm,512,1906,31100
aes-gcm,512,1907,61100
aes-gcm,512,1908,38200
aes-gcm,512,1909,30500
aes-gcm,512,1910,29900
aes-gcm,512,1911,29400
aes-gcm,512,1912,29700
aes-gcm,512,1913,29300
aes-gcm,512,1914,29800
aes-gcm,512,1915,52300
aes-gcm,512,1916,86000
aes-gcm,512,1917,40600
aes-gcm,512,1918,32600
aes-gcm,512,1919,31500
aes-gcm,512,1920,30300
aes-gcm,512,1921,30600
aes-gcm,512,1922,30400
aes-gcm,512,1923,30000
aes-gcm,512,1924,30200
aes-gcm,512,1925,29900
aes-gcm,512,1926,29800
aes-gcm,512,1927,30000
aes-gcm,512,1928,30500
aes-gcm,512,1929,29700
aes-gcm,512,1930,30200
aes-gcm,512,1931,29800
aes-gcm,512,1932,29600
aes-gcm,512,1933,30200
aes-gcm,512,1934,31300
aes-gcm,512,1935,24500
aes-gcm,512,1936,29700
aes-gcm,512,1937,30300
aes-gcm,512,1938,30700
aes-gcm,512,1939,30200
aes-gcm,512,1940,29900
aes-gcm,512,1941,29800
aes-gcm,512,1942,30500
aes-gcm,512,1943,29800
aes-gcm,512,1944,29700
aes-gcm,512,1945,29800
aes-gcm,512,1946,30200
aes-gcm,512,1947,29800
aes-gcm,512,1948,30100
aes-gcm,512,1949,29700
aes-gcm,512,1950,29700
aes-gcm,512,1951,29900
aes-gcm,512,1952,29600
aes-gcm,512,1953,29800
aes-gcm,512,1954,29700
aes-gcm,512,1955,30000
aes-gcm,512,1956,29700
aes-gcm,512,1957,30000
aes-gcm,512,1958,30000
aes-gcm,512,1959,29800
aes-gcm,512,1960,30100
aes-gcm,512,1961,29700
aes-gcm,512,1962,29800
aes-gcm,512,1963,30200
aes-gcm,512,1964,30200
aes-gcm,512,1965,29700
aes-gcm,512,1966,31400
aes-gcm,512,1967,31300
aes-gcm,512,1968,29700
aes-gcm,512,1969,29600
aes-gcm,512,1970,29700
aes-gcm,512,1971,29900
aes-gcm,512,1972,29800
aes-gcm,512,1973,30000
aes-gcm,512,1974,30300
aes-gcm,512,1975,30000
aes-gcm,512,1976,29800
aes-gcm,512,1977,29700
aes-gcm,512,1978,30100
aes-gcm,512,1979,29800
aes-gcm,512,1980,30000
aes-gcm,512,1981,29600
aes-gcm,512,1982,30300
aes-gcm,512,1983,29600
aes-gcm,512,1984,29800
aes-gcm,512,1985,30100
aes-gcm,512,1986,29700
aes-gcm,512,1987,30100
aes-gcm,512,1988,29800
aes-gcm,512,1989,29700
aes-gcm,512,1990,29800
aes-gcm,512,1991,29900
aes-gcm,512,1992,29700
aes-gcm,512,1993,29900
aes-gcm,512,1994,29800
aes-gcm,512,1995,30000
aes-gcm,512,1996,30000
aes-gcm,512,1997,29700
aes-gcm,512,1998,29800
aes-gcm,512,1999,29800
aes-gcm,2048,0,30400
aes-gcm,2048,1,30600
aes-gcm,2048,2,35100
aes-gcm,2048,3,30600
aes-gcm,2048,4,30700
aes-gcm,2048,5,30300
aes-gcm,2048,6,30300
aes-gcm,2048,7,30700
aes-gcm,2048,8,30400
aes-gcm,2048,9,30000
aes-gcm,2048,10,30500
aes-gcm,2048,11,30100
aes-gcm,2048,12,30000
aes-gcm,2048,13,30000
aes-gcm,2048,14,30200
aes-gcm,2048,15,30100
aes-gcm,2048,16,30000
aes-gcm,2048,17,30600
aes-gcm,2048,18,30100
aes-gcm,2048,19,30200
aes-gcm,2048,20,30200
aes-gcm,2048,21,29900
aes-gcm,2048,22,30300
aes-gcm,2048,23,30200
aes-gcm,2048,24,30300
aes-gcm,2048,25,30100
aes-gcm,2048,26,30300
aes-gcm,2048,27,30200
aes-gcm,2048,28,30300
aes-gcm,2048,29,30300
aes-gcm,2048,30,30200
aes-gcm,2048,31,30700
aes-gcm,2048,32,30300
aes-gcm,2048,33,30100
aes-gcm,2048,34,29900
aes-gcm,2048,35,30500
aes-gcm,2048,36,29900
aes-gcm,2048,37,30400
aes-gcm,2048,38,30200
aes-gcm,2048,39,30100
aes-gcm,2048,40,30200
aes-gcm,2048,41,30200
aes-gcm,2048,42,30100
aes-gcm,2048,43,30200
aes-gcm,2048,44,30400
aes-gcm,2048,45,30200
aes-gcm,2048,46,30300
aes-gcm,2048,47,30300
aes-gcm,2048,48,30000
aes-gcm,2048,49,30200
aes-gcm,2048,50,30400
aes-gcm,2048,51,30000
aes-gcm,2048,52,30100
aes-gcm,2048,53,30100
aes-gcm,2048,54,29800
aes-gcm,2048,55,30400
aes-gcm,2048,56,30200
aes-gcm,2048,57,30400
aes-gcm,2048,58,31300
aes-gcm,2048,59,30300
aes-gcm,2048,60,30300
aes-gcm,2048,61,30300
aes-gcm,2048,62,30400
aes-gcm,2048,63,81600
aes-gcm,2048,64,86200
aes-gcm,2048,65,43100
aes-gcm,2048,66,32200
aes-gcm,2048,67,50300
aes-gcm,2048,68,100200
aes-gcm,2048,69,58900
aes-gcm,2048,70,34100
aes-gcm,2048,71,31600
aes-gcm,2048,72,31200
aes-gcm,2048,73,31100
aes-gcm,2048,74,30500
aes-gcm,2048,75,30200
aes-gcm,2048,76,30800
aes-gcm,2048,77,30300
aes-gcm,2048,78,30400
aes-gcm,2048,79,30200
aes-gcm,2048,80,30900
aes-gcm,2048,81,30000
aes-gcm,2048,82,30700
aes-gcm,2048,83,30500
aes-gcm,2048,84,30100
aes-gcm,2048,85,30400
aes-gcm,2048,86,30100
aes-gcm,2048,87,30500
aes-gcm,2048,88,30400
aes-gcm,2048,89,34200
aes-gcm,2048,90,32700
aes-gcm,2048,91,88400
aes-gcm,2048,92,97500
aes-gcm,2048,93,103200
aes-gcm,2048,94,76800
aes-gcm,2048,95,100500
aes-gcm,2048,96,58300
aes-gcm,2048,97,34600
aes-gcm,2048,98,37800
aes-gcm,2048,99,32900
aes-gcm,2048,100,30800
aes-gcm,2048,101,30100
aes-gcm,2048,102,29900
aes-gcm,2048,103,29900
aes-gcm,2048,104,29200
aes-gcm,2048,105,29700
aes-gcm,2048,106,49300
aes-gcm,2048,107,47100
aes-gcm,2048,108,35400
aes-gcm,2048,109,31900
aes-gcm,2048,110,30600
aes-gcm,2048,111,30000
aes-gcm,2048,112,30200
aes-gcm,2048,113,30200
aes-gcm,2048,114,30100
aes-gcm,2048,115,30000
aes-gcm,2048,116,30800
aes-gcm,2048,117,30100
aes-gcm,2048,118,30300
aes-gcm,2048,119,30000
aes-gcm,2048,120,30200
aes-gcm,2048,121,30200
aes-gcm,2048,122,30200
aes-gcm,2048,123,30100
aes-gcm,2048,124,30100
aes-gcm,2048,125,30700
aes-gcm,2048,126,29900
aes-gcm,2048,127,30200
aes-gcm,2048,128,30100
aes-gcm,2048,129,30600
aes-gcm,2048,130,30300
aes-gcm,2048,131,30000
aes-gcm,2048,132,30200
aes-gcm,2048,133,30300
aes-gcm,2048,134,30600
aes-gcm,2048,135,29900
aes-gcm,2048,136,30300
aes-gcm,2048,137,30100
aes-gcm,2048,138,30000
aes-gcm,2048,139,30200
aes-gcm,2048,140,30100
aes-gcm,2048,141,30300
aes-gcm,2048,142,30000
aes-gcm,2048,143,30300
aes-gcm,2048,144,29600
aes-gcm,2048,145,30300
aes-gcm,2048,146,29900
aes-gcm,2048,147,30000
aes-gcm,2048,148,30300
aes-gcm,2048,149,30100
aes-gcm,2048,150,30300
aes-gcm,2048,151,29900
aes-gcm,2048,152,30600
aes-gcm,2048,153,29900
aes-gcm,2048,154,30200
aes-gcm,2048,155,30300
aes-gcm,2048,156,30000
aes-gcm,2048,157,30100
aes-gcm,2048,158,30200
aes-gcm,2048,159,30100
aes-gcm,2048,160,30100
aes-gcm,2048,161,30500
aes-gcm,2048,162,30200
aes-gcm,2048,163,30300
aes-gcm,2048,164,30100
aes-gcm,2048,165,29900
aes-gcm,2048,166,30600
aes-gcm,2048,167,30200
aes-gcm,2048,168,30100
aes-gcm,2048,169,30000
aes-gcm,2048,170,34300
aes-gcm,2048,171,85900
aes-gcm,2048,172,156200
aes-gcm,2048,173,106300
aes-gcm,2048,174,90500
aes-gcm,2048,175,41200
aes-gcm,2048,176,32400
aes-gcm,2048,177,31000
aes-gcm,2048,178,30500
aes-gcm,2048,179,30500
aes-gcm,2048,180,30100
aes-gcm,2048,181,30300
aes-gcm,2048,182,30200
aes-gcm,2048,183,30500
aes-gcm,2048,184,30200
aes-gcm,2048,185,30400
aes-gcm,2048,186,32400
aes-gcm,2048,187,30400
aes-gcm,2048,188,30600
aes-gcm,2048,189,29800
aes-gcm,2048,190,30400
aes-gcm,2048,191,70900
aes-gcm,2048,192,103100
aes-gcm,2048,193,73600
aes-gcm,2048,194,70600
aes-gcm,2048,195,35700
aes-gcm,2048,196,31600
aes-gcm,2048,197,31500
aes-gcm,2048,198,30300
aes-gcm,2048,199,30500
aes-gcm,2048,200,31000
aes-gcm,2048,201,30300
aes-gcm,2048,202,30600
aes-gcm,2048,203,30300
aes-gcm,2048,204,93900
aes-gcm,2048,205,87200
aes-gcm,2048,206,37800
aes-gcm,2048,207,31700
aes-gcm,2048,208,67900
aes-gcm,2048,209,31300
aes-gcm,2048,210,33600
aes-gcm,2048,211,31600
aes-gcm,2048,212,30300
aes-gcm,2048,213,30600
aes-gcm,2048,214,30200
aes-gcm,2048,215,30500
aes-gcm,2048,216,30100
aes-gcm,2048,217,52300
aes-gcm,2048,218,85100
aes-gcm,2048,219,40500
aes-gcm,2048,220,32800
aes-gcm,2048,221,31100
aes-gcm,2048,222,30700
aes-gcm,2048,223,31200
aes-gcm,2048,224,30600
aes-gcm,2048,225,30400
aes-gcm,2048,226,30400
aes-gcm,2048,227,30300
aes-gcm,2048,228,29900
aes-gcm,2048,229,30200
aes-gcm,2048,230,30400
aes-gcm,2048,231,30200
aes-gcm,2048,232,30200
aes-gcm,2048,233,30400
aes-gcm,2048,234,30200
aes-gcm,2048,235,30700
aes-gcm,2048,236,30200
aes-gcm,2048,237,30400
aes-gcm,2048,238,30300
aes-gcm,2048,239,30000
aes-gcm,2048,240,30500
aes-gcm,2048,241,30300
aes-gcm,2048,242,47700
aes-gcm,2048,243,30800
aes-gcm,2048,244,30300
aes-gcm,2048,245,30600
aes-gcm,2048,246,30100
aes-gcm,2048,247,30400
aes-gcm,2048,248,30100
aes-gcm,2048,249,29900
aes-gcm,2048,250,30200
aes-gcm,2048,251,30700
aes-gcm,2048,252,30000
aes-gcm,2048,253,30200
aes-gcm,2048,254,29900
aes-gcm,2048,255,30300
aes-gcm,2048,256,30200
aes-gcm,2048,257,31300
aes-gcm,2048,258,30400
aes-gcm,2048,259,30200
aes-gcm,2048,260,30600
aes-gcm,2048,261,29900
aes-gcm,2048,262,30400
aes-gcm,2048,263,30100
aes-gcm,2048,264,29900
aes-gcm,2048,265,30300
aes-gcm,2048,266,30300
aes-gcm,2048,267,30400
aes-gcm,2048,268,29900
aes-gcm,2048,269,30300
aes-gcm,2048,270,29800
aes-gcm,2048,271,30000
aes-gcm,2048,272,30100
aes-gcm,2048,273,32900
aes-gcm,2048,274,30400
aes-gcm,2048,275,30100
aes-gcm,2048,276,30100
aes-gcm,2048,277,30700
aes-gcm,2048,278,30100
aes-gcm,2048,279,29800
aes-gcm,2048,280,30300
aes-gcm,2048,281,30000
aes-gcm,2048,282,30000
aes-gcm,2048,283,30400
aes-gcm,2048,284,30000
aes-gcm,2048,285,31500
aes-gcm,2048,286,30000
aes-gcm,2048,287,30600
aes-gcm,2048,288,29700
aes-gcm,2048,289,30100
aes-gcm,2048,290,30000
aes-gcm,2048,291,29800
aes-gcm,2048,292,30200
aes-gcm,2048,293,30100
aes-gcm,2048,294,30200
aes-gcm,2048,295,30100
aes-gcm,2048,296,30300
aes-gcm,2048,297,30000
aes-gcm,2048,298,30200
aes-gcm,2048,299,30100
aes-gcm,2048,300,30000
aes-gcm,2048,301,30400
aes-gcm,2048,302,30100
aes-gcm,2048,303,30100
aes-gcm,2048,304,30100
aes-gcm,2048,305,30500
aes-gcm,2048,306,29900
aes-gcm,2048,307,30400
aes-gcm,2048,308,30100
aes-gcm,2048,309,29900
aes-gcm,2048,310,46000
aes-gcm,2048,311,46400
aes-gcm,2048,312,34800
aes-gcm,2048,313,80900
aes-gcm,2048,314,120200
aes-gcm,2048,315,97400
aes-gcm,2048,316,61100
aes-gcm,2048,317,34500
aes-gcm,2048,318,66800
aes-gcm,2048,319,58900
aes-gcm,2048,320,89000
aes-gcm,2048,321,40700
aes-gcm,2048,322,32100
aes-gcm,2048,323,31500
aes-gcm,2048,324,31100
aes-gcm,2048,325,30900
aes-gcm,2048,326,47100
aes-gcm,2048,327,107600
aes-gcm,2048,328,60300
aes-gcm,2048,329,34800
aes-gcm,2048,330,31900
aes-gcm,2048,331,30700
aes-gcm,2048,332,30900
aes-gcm,2048,333,32800
aes-gcm,2048,334,30300
aes-gcm,2048,335,30200
aes-gcm,2048,336,29900
aes-gcm,2048,337,30400
aes-gcm,2048,338,30300
aes-gcm,2048,339,30400
aes-gcm,2048,340,30600
aes-gcm,2048,341,30600
aes-gcm,2048,342,29900
aes-gcm,2048,343,30400
aes-gcm,2048,344,30400
aes-gcm,2048,345,30100
aes-gcm,2048,346,30400
aes-gcm,2048,347,30300
aes-gcm,2048,348,31000
aes-gcm,2048,349,30200
aes-gcm,2048,350,30700
aes-gcm,2048,351,29900
aes-gcm,2048,352,30200
aes-gcm,2048,353,30100
aes-gcm,2048,354,30000
aes-gcm,2048,355,30400
aes-gcm,2048,356,30100
aes-gcm,2048,357,30100
aes-gcm,2048,358,30000
aes-gcm,2048,359,30400
aes-gcm,2048,360,30000
aes-gcm,2048,361,30600
aes-gcm,2048,362,30400
aes-gcm,2048,363,29900
aes-gcm,2048,364,30100
aes-gcm,2048,365,30400
aes-gcm,2048,366,30200
aes-gcm,2048,367,30100
aes-gcm,2048,368,30400
aes-gcm,2048,369,30200
aes-gcm,2048,370,30400
aes-gcm,2048,371,30400
aes-gcm,2048,372,30100
aes-gcm,2048,373,30400
aes-gcm,2048,374,30300
aes-gcm,2048,375,30300
aes-gcm,2048,376,30100
aes-gcm,2048,377,30500
aes-gcm,2048,378,29900
aes-gcm,2048,379,30300
aes-gcm,2048,380,30500
aes-gcm,2048,381,30100
aes-gcm,2048,382,30400
aes-gcm,2048,383,30100
aes-gcm,2048,384,31000
aes-gcm,2048,385,30200
aes-gcm,2048,386,30400
aes-gcm,2048,387,30200
aes-gcm,2048,388,30200
aes-gcm,2048,389,30500
aes-gcm,2048,390,30200
aes-gcm,2048,391,30200
aes-gcm,2048,392,30100
aes-gcm,2048,393,30200
aes-gcm,2048,394,30100
aes-gcm,2048,395,30300
aes-gcm,2048,396,29900
aes-gcm,2048,397,30800
aes-gcm,2048,398,30000
aes-gcm,2048,399,29900
aes-gcm,2048,400,30500
aes-gcm,2048,401,30200
aes-gcm,2048,402,30400
aes-gcm,2048,403,30200
aes-gcm,2048,404,30500
aes-gcm,2048,405,30000
aes-gcm,2048,406,30200
aes-gcm,2048,407,30200
aes-gcm,2048,408,30100
aes-gcm,2048,409,30400
aes-gcm,2048,410,30200
aes-gcm,2048,411,30300
aes-gcm,2048,412,31000
aes-gcm,2048,413,30700
aes-gcm,2048,414,30100
aes-gcm,2048,415,30400
aes-gcm,2048,416,30200
aes-gcm,2048,417,29900
aes-gcm,2048,418,30300
aes-gcm,2048,419,30300
aes-gcm,2048,420,30300
aes-gcm,2048,421,30200
aes-gcm,2048,422,30500
aes-gcm,2048,423,30200
aes-gcm,2048,424,30400
aes-gcm,2048,425,30400
aes-gcm,2048,426,30100
aes-gcm,2048,427,30300
aes-gcm,2048,428,30500
aes-gcm,2048,429,30500
aes-gcm,2048,430,30200
aes-gcm,2048,431,30500
aes-gcm,2048,432,30000
aes-gcm,2048,433,30200
aes-gcm,2048,434,30300
aes-gcm,2048,435,30100
aes-gcm,2048,436,30300
aes-gcm,2048,437,30100
aes-gcm,2048,438,30200
aes-gcm,2048,439,30300
aes-gcm,2048,440,30600
aes-gcm,2048,441,30100
aes-gcm,2048,442,30400
aes-gcm,2048,443,30100
aes-gcm,2048,444,30100
aes-gcm,2048,445,30300
aes-gcm,2048,446,30400
aes-gcm,2048,447,30400
aes-gcm,2048,448,30500
aes-gcm,2048,449,30500
aes-gcm,2048,450,30200
aes-gcm,2048,451,30600
aes-gcm,2048,452,30200
aes-gcm,2048,453,30100
aes-gcm,2048,454,30000
aes-gcm,2048,455,30300
aes-gcm,2048,456,78800
aes-gcm,2048,457,112000
aes-gcm,2048,458,120500
aes-gcm,2048,459,61900
aes-gcm,2048,460,93400
aes-gcm,2048,461,64200
aes-gcm,2048,462,36300
aes-gcm,2048,463,32300
aes-gcm,2048,464,31400
aes-gcm,2048,465,30700
aes-gcm,2048,466,30300
aes-gcm,2048,467,31300
aes-gcm,2048,468,30900
aes-gcm,2048,469,30300
aes-gcm,2048,470,30500
aes-gcm,2048,471,30200
aes-gcm,2048,472,52000
aes-gcm,2048,473,103200
aes-gcm,2048,474,59100
aes-gcm,2048,475,34000
aes-gcm,2048,476,34400
aes-gcm,2048,477,66100
aes-gcm,2048,478,59100
aes-gcm,2048,479,86100
aes-gcm,2048,480,39900
aes-gcm,2048,481,31900
aes-gcm,2048,482,30600
aes-gcm,2048,483,31400
aes-gcm,2048,484,30400
aes-gcm,2048,485,31400
aes-gcm,2048,486,30000
aes-gcm,2048,487,30400
aes-gcm,2048,488,30200
aes-gcm,2048,489,29900
aes-gcm,2048,490,30300
aes-gcm,2048,491,30200
aes-gcm,2048,492,30100
aes-gcm,2048,493,30000
aes-gcm,2048,494,30300
aes-gcm,2048,495,30400
aes-gcm,2048,496,30200
aes-gcm,2048,497,30300
aes-gcm,2048,498,29900
aes-gcm,2048,499,30300
aes-gcm,2048,500,30100
aes-gcm,2048,501,30200
aes-gcm,2048,502,29800
aes-gcm,2048,503,30400
aes-gcm,2048,504,30100
aes-gcm,2048,505,30400
aes-gcm,2048,506,30300
aes-gcm,2048,507,30100
aes-gcm,2048,508,30200
aes-gcm,2048,509,30000
aes-gcm,2048,510,30400
aes-gcm,2048,511,29900
aes-gcm,2048,512,31100
aes-gcm,2048,513,30400
aes-gcm,2048,514,30200
aes-gcm,2048,515,30500
aes-gcm,2048,516,30000
aes-gcm,2048,517,30400
aes-gcm,2048,518,30100
aes-gcm,2048,519,30300
aes-gcm,2048,520,30100
aes-gcm,2048,521,30100
aes-gcm,2048,522,29800
aes-gcm,2048,523,30200
aes-gcm,2048,524,30200
aes-gcm,2048,525,29900
aes-gcm,2048,526,30400
aes-gcm,2048,527,30600
aes-gcm,2048,528,30100
aes-gcm,2048,529,30100
aes-gcm,2048,530,30400
aes-gcm,2048,531,29900
aes-gcm,2048,532,30200
aes-gcm,2048,533,30100
aes-gcm,2048,534,30000
aes-gcm,2048,535,30400
aes-gcm,2048,536,30100
aes-gcm,2048,537,30400
aes-gcm,2048,538,29900
aes-gcm,2048,539,30300
aes-gcm,2048,540,30800
aes-gcm,2048,541,30200
aes-gcm,2048,542,29900
aes-gcm,2048,543,30000
aes-gcm,2048,544,30100
aes-gcm,2048,545,30000
aes-gcm,2048,546,30200
aes-gcm,2048,547,30100
aes-gcm,2048,548,30200
aes-gcm,2048,549,30000
aes-gcm,2048,550,30200
aes-gcm,2048,551,30000
aes-gcm,2048,552,29900
aes-gcm,2048,553,30100
aes-gcm,2048,554,30000
aes-gcm,2048,555,30100
aes-gcm,2048,556,29900
aes-gcm,2048,557,30100
aes-gcm,2048,558,29900
aes-gcm,2048,559,30400
aes-gcm,2048,560,30300
aes-gcm,2048,561,29900
aes-gcm,2048,562,30100
aes-gcm,2048,563,29900
aes-gcm,2048,564,29900
aes-gcm,2048,565,30100
aes-gcm,2048,566,30200
aes-gcm,2048,567,30100
aes-gcm,2048,568,30000
aes-gcm,2048,569,30300
aes-gcm,2048,570,30200
aes-gcm,2048,571,30200
aes-gcm,2048,572,30000
aes-gcm,2048,573,30100
aes-gcm,2048,574,30000
aes-gcm,2048,575,31100
aes-gcm,2048,576,29800
aes-gcm,2048,577,30100
aes-gcm,2048,578,29900
aes-gcm,2048,579,30000
aes-gcm,2048,580,30000
aes-gcm,2048,581,29900
aes-gcm,2048,582,30000
aes-gcm,2048,583,29900
aes-gcm,2048,584,30000
aes-gcm,2048,585,29900
aes-gcm,2048,586,30000
aes-gcm,2048,587,30100
aes-gcm,2048,588,29900
aes-gcm,2048,589,30000
aes-gcm,2048,590,30200
aes-gcm,2048,591,30100
aes-gcm,2048,592,30000
aes-gcm,2048,593,30500
aes-gcm,2048,594,29900
aes-gcm,2048,595,30300
aes-gcm,2048,596,29800
aes-gcm,2048,597,29900
aes-gcm,2048,598,30000
aes-gcm,2048,599,30100
aes-gcm,2048,600,30000
aes-gcm,2048,601,30000
aes-gcm,2048,602,30500
aes-gcm,2048,603,30800
aes-gcm,2048,604,30100
aes-gcm,2048,605,30000
aes-gcm,2048,606,29800
aes-gcm,2048,607,30300
aes-gcm,2048,608,30000
aes-gcm,2048,609,30300
aes-gcm,2048,610,30000
aes-gcm,2048,611,30300
aes-gcm,2048,612,29800
aes-gcm,2048,613,30300
aes-gcm,2048,614,30000
aes-gcm,2048,615,30200
aes-gcm,2048,616,30200
aes-gcm,2048,617,30000
aes-gcm,2048,618,30500
aes-gcm,2048,619,30000
aes-gcm,2048,620,30200
aes-gcm,2048,621,29700
aes-gcm,2048,622,30700
aes-gcm,2048,623,30200
aes-gcm,2048,624,29900
aes-gcm,2048,625,30400
aes-gcm,2048,626,30000
aes-gcm,2048,627,30100
aes-gcm,2048,628,30200
aes-gcm,2048,629,46400
aes-gcm,2048,630,90300
aes-gcm,2048,631,58400
aes-gcm,2048,632,59300
aes-gcm,2048,633,34000
aes-gcm,2048,634,31900
aes-gcm,2048,635,82000
aes-gcm,2048,636,105500
aes-gcm,2048,637,76400
aes-gcm,2048,638,90300
aes-gcm,2048,639,60500
aes-gcm,2048,640,88400
aes-gcm,2048,641,40800
aes-gcm,2048,642,32900
aes-gcm,2048,643,31500
aes-gcm,2048,644,31000
aes-gcm,2048,645,174000
aes-gcm,2048,646,104100
aes-gcm,2048,647,68500
aes-gcm,2048,648,33800
aes-gcm,2048,649,71100
aes-gcm,2048,650,35900
aes-gcm,2048,651,31300
aes-gcm,2048,652,62300
aes-gcm,2048,653,87800
aes-gcm,2048,654,40600
aes-gcm,2048,655,32400
aes-gcm,2048,656,31300
aes-gcm,2048,657,30700
aes-gcm,2048,658,30600
aes-gcm,2048,659,30300
aes-gcm,2048,660,30200
aes-gcm,2048,661,30700
aes-gcm,2048,662,30600
aes-gcm,2048,663,30300
aes-gcm,2048,664,43400
aes-gcm,2048,665,31100
aes-gcm,2048,666,30100
aes-gcm,2048,667,31300
aes-gcm,2048,668,30500
aes-gcm,2048,669,30000
aes-gcm,2048,670,30500
aes-gcm,2048,671,30000
aes-gcm,2048,672,30400
aes-gcm,2048,673,30000
aes-gcm,2048,674,30500
aes-gcm,2048,675,30200
aes-gcm,2048,676,30200
aes-gcm,2048,677,30500
aes-gcm,2048,678,29800
aes-gcm,2048,679,30400
aes-gcm,2048,680,30300
aes-gcm,2048,681,30100
aes-gcm,2048,682,30300
aes-gcm,2048,683,30700
aes-gcm,2048,684,29800
aes-gcm,2048,685,30500
aes-gcm,2048,686,30100
aes-gcm,2048,687,29900
aes-gcm,2048,688,30200
aes-gcm,2048,689,30300
aes-gcm,2048,690,30400
aes-gcm,2048,691,30300
aes-gcm,2048,692,30400
aes-gcm,2048,693,30100
aes-gcm,2048,694,30000
aes-gcm,2048,695,30600
aes-gcm,2048,696,30400
aes-gcm,2048,697,30300
aes-gcm,2048,698,30100
aes-gcm,2048,699,30000
aes-gcm,2048,700,30400
aes-gcm,2048,701,30500
aes-gcm,2048,702,30500
aes-gcm,2048,703,31100
aes-gcm,2048,704,30300
aes-gcm,2048,705,30200
aes-gcm,2048,706,30500
aes-gcm,2048,707,29900
aes-gcm,2048,708,30100
aes-gcm,2048,709,29900
aes-gcm,2048,710,30300
aes-gcm,2048,711,30200
aes-gcm,2048,712,30300
aes-gcm,2048,713,30000
aes-gcm,2048,714,30000
aes-gcm,2048,715,30300
aes-gcm,2048,716,30100
aes-gcm,2048,717,30400
aes-gcm,2048,718,30100
aes-gcm,2048,719,30300
aes-gcm,2048,720,30000
aes-gcm,2048,721,30400
aes-gcm,2048,722,30300
aes-gcm,2048,723,30000
aes-gcm,2048,724,30100
aes-gcm,2048,725,30100
aes-gcm,2048,726,30100
aes-gcm,2048,727,30200
aes-gcm,2048,728,30400
aes-gcm,2048,729,30400
aes-gcm,2048,730,30300
aes-gcm,2048,731,31000
aes-gcm,2048,732,30100
aes-gcm,2048,733,30200
aes-gcm,2048,734,30100
aes-gcm,2048,735,30000
aes-gcm,2048,736,30100
aes-gcm,2048,737,30300
aes-gcm,2048,738,30000
aes-gcm,2048,739,30200
aes-gcm,2048,740,30200
aes-gcm,2048,741,29800
aes-gcm,2048,742,30300
aes-gcm,2048,743,30300
aes-gcm,2048,744,30200
aes-gcm,2048,745,30200
aes-gcm,2048,746,30300
aes-gcm,2048,747,30000
aes-gcm,2048,748,30100
aes-gcm,2048,749,30200
aes-gcm,2048,750,30100
aes-gcm,2048,751,30200
aes-gcm,2048,752,30300
aes-gcm,2048,753,30300
aes-gcm,2048,754,30200
aes-gcm,2048,755,30400
aes-gcm,2048,756,29900
aes-gcm,2048,757,30200
aes-gcm,2048,758,30100
aes-gcm,2048,759,30000
aes-gcm,2048,760,30400
aes-gcm,2048,761,94800
aes-gcm,2048,762,58600
aes-gcm,2048,763,33000
aes-gcm,2048,764,30700
aes-gcm,2048,765,29900
aes-gcm,2048,766,89100
aes-gcm,2048,767,62400
aes-gcm,2048,768,33800
aes-gcm,2048,769,32200
aes-gcm,2048,770,30800
aes-gcm,2048,771,30600
aes-gcm,2048,772,30600
aes-gcm,2048,773,30800
aes-gcm,2048,774,30100
aes-gcm,2048,775,31000
aes-gcm,2048,776,30200
aes-gcm,2048,777,30100
aes-gcm,2048,778,30300
aes-gcm,2048,779,30300
aes-gcm,2048,780,30500
aes-gcm,2048,781,30200
aes-gcm,2048,782,30600
aes-gcm,2048,783,30000
aes-gcm,2048,784,30300
aes-gcm,2048,785,30400
aes-gcm,2048,786,30400
aes-gcm,2048,787,30700
aes-gcm,2048,788,30200
aes-gcm,2048,789,30200
aes-gcm,2048,790,30400
aes-gcm,2048,791,30500
aes-gcm,2048,792,30100
aes-gcm,2048,793,30500
aes-gcm,2048,794,30200
aes-gcm,2048,795,31200
aes-gcm,2048,796,30300
aes-gcm,2048,797,30500
aes-gcm,2048,798,30300
aes-gcm,2048,799,30000
aes-gcm,2048,800,30400
aes-gcm,2048,801,30100
aes-gcm,2048,802,30400
aes-gcm,2048,803,30100
aes-gcm,2048,804,30000
aes-gcm,2048,805,30400
aes-gcm,2048,806,30100
aes-gcm,2048,807,30600
aes-gcm,2048,808,30200
aes-gcm,2048,809,30300
aes-gcm,2048,810,30200
aes-gcm,2048,811,30300
aes-gcm,2048,812,30400
aes-gcm,2048,813,30000
aes-gcm,2048,814,30100
aes-gcm,2048,815,30200
aes-gcm,2048,816,30100
aes-gcm,2048,817,30100
aes-gcm,2048,818,30500
aes-gcm,2048,819,30000
aes-gcm,2048,820,30300
aes-gcm,2048,821,30300
aes-gcm,2048,822,30600
aes-gcm,2048,823,30400
aes-gcm,2048,824,30400
aes-gcm,2048,825,30400
aes-gcm,2048,826,30000
aes-gcm,2048,827,30400
aes-gcm,2048,828,29900
aes-gcm,2048,829,30400
aes-gcm,2048,830,30900
aes-gcm,2048,831,30100
aes-gcm,2048,832,30400
aes-gcm,2048,833,30400
aes-gcm,2048,834,30000
aes-gcm,2048,835,30300
aes-gcm,2048,836,30200
aes-gcm,2048,837,30200
aes-gcm,2048,838,30200
aes-gcm,2048,839,30200
aes-gcm,2048,840,30100
aes-gcm,2048,841,30500
aes-gcm,2048,842,30300
aes-gcm,2048,843,30100
aes-gcm,2048,844,30000
aes-gcm,2048,845,30700
aes-gcm,2048,846,30000
aes-gcm,2048,847,30500
aes-gcm,2048,848,30200
aes-gcm,2048,849,29800
aes-gcm,2048,850,30600
aes-gcm,2048,851,30200
aes-gcm,2048,852,30300
aes-gcm,2048,853,30200
aes-gcm,2048,854,30500
aes-gcm,2048,855,29900
aes-gcm,2048,856,30300
aes-gcm,2048,857,30500
aes-gcm,2048,858,30800
aes-gcm,2048,859,30500
aes-gcm,2048,860,30300
aes-gcm,2048,861,30400
aes-gcm,2048,862,30300
aes-gcm,2048,863,30400
aes-gcm,2048,864,29900
aes-gcm,2048,865,30700
aes-gcm,2048,866,30000
aes-gcm,2048,867,30100
aes-gcm,2048,868,30300
aes-gcm,2048,869,30200
aes-gcm,2048,870,30200
aes-gcm,2048,871,30100
aes-gcm,2048,872,30300
aes-gcm,2048,873,30100
aes-gcm,2048,874,30200
aes-gcm,2048,875,30300
aes-gcm,2048,876,30000
aes-gcm,2048,877,30300
aes-gcm,2048,878,30000
aes-gcm,2048,879,30200
aes-gcm,2048,880,30200
aes-gcm,2048,881,30300
aes-gcm,2048,882,30300
aes-gcm,2048,883,30200
aes-gcm,2048,884,30000
aes-gcm,2048,885,30200
aes-gcm,2048,886,30600
aes-gcm,2048,887,30400
aes-gcm,2048,888,30100
aes-gcm,2048,889,30200
aes-gcm,2048,890,30300
aes-gcm,2048,891,29900
aes-gcm,2048,892,30400
aes-gcm,2048,893,30300
aes-gcm,2048,894,30600
aes-gcm,2048,895,30400
aes-gcm,2048,896,30100
aes-gcm,2048,897,30400
aes-gcm,2048,898,30400
aes-gcm,2048,899,30400
aes-gcm,2048,900,30100
aes-gcm,2048,901,30300
aes-gcm,2048,902,30200
aes-gcm,2048,903,30100
aes-gcm,2048,904,30300
aes-gcm,2048,905,30300
aes-gcm,2048,906,30100
aes-gcm,2048,907,30200
aes-gcm,2048,908,30400
aes-gcm,2048,909,29900
aes-gcm,2048,910,30400
aes-gcm,2048,911,30100
aes-gcm,2048,912,29900
aes-gcm,2048,913,30100
aes-gcm,2048,914,30100
aes-gcm,2048,915,30300
aes-gcm,2048,916,30100
aes-gcm,2048,917,30400
aes-gcm,2048,918,30200
aes-gcm,2048,919,30300
aes-gcm,2048,920,30200
aes-gcm,2048,921,30600
aes-gcm,2048,922,31100
aes-gcm,2048,923,30200
aes-gcm,2048,924,30200
aes-gcm,2048,925,30400
aes-gcm,2048,926,30500
aes-gcm,2048,927,30300
aes-gcm,2048,928,30400
aes-gcm,2048,929,30300
aes-gcm,2048,930,30000
aes-gcm,2048,931,30300
aes-gcm,2048,932,30200
aes-gcm,2048,933,30300
aes-gcm,2048,934,30000
aes-gcm,2048,935,30700
aes-gcm,2048,936,29800
aes-gcm,2048,937,30500
aes-gcm,2048,938,29900
aes-gcm,2048,939,30000
aes-gcm,2048,940,30400
aes-gcm,2048,941,30100
aes-gcm,2048,942,30300
aes-gcm,2048,943,30200
aes-gcm,2048,944,30100
aes-gcm,2048,945,30100
aes-gcm,2048,946,30300
aes-gcm,2048,947,30200
aes-gcm,2048,948,30000
aes-gcm,2048,949,30300
aes-gcm,2048,950,33100
aes-gcm,2048,951,31400
aes-gcm,2048,952,30500
aes-gcm,2048,953,30300
aes-gcm,2048,954,30000
aes-gcm,2048,955,30400
aes-gcm,2048,956,30200
aes-gcm,2048,957,30000
aes-gcm,2048,958,30900
aes-gcm,2048,959,30100
aes-gcm,2048,960,30200
aes-gcm,2048,961,30300
aes-gcm,2048,962,30700
aes-gcm,2048,963,30000
aes-gcm,2048,964,30300
aes-gcm,2048,965,30100
aes-gcm,2048,966,29900
aes-gcm,2048,967,30600
aes-gcm,2048,968,29900
aes-gcm,2048,969,30200
aes-gcm,2048,970,30000
aes-gcm,2048,971,30200
aes-gcm,2048,972,30300
aes-gcm,2048,973,30200
aes-gcm,2048,974,30100
aes-gcm,2048,975,30100
aes-gcm,2048,976,30400
aes-gcm,2048,977,30200
aes-gcm,2048,978,30400
aes-gcm,2048,979,30100
aes-gcm,2048,980,30700
aes-gcm,2048,981,29800
aes-gcm,2048,982,30500
aes-gcm,2048,983,30000
aes-gcm,2048,984,29900
aes-gcm,2048,985,30600
aes-gcm,2048,986,31000
aes-gcm,2048,987,30200
aes-gcm,2048,988,30700
aes-gcm,2048,989,37200
aes-gcm,2048,990,85400
aes-gcm,2048,991,102200
aes-gcm,2048,992,57700
aes-gcm,2048,993,33500
aes-gcm,2048,994,52200
aes-gcm,2048,995,86800
aes-gcm,2048,996,60500
aes-gcm,2048,997,50800
aes-gcm,2048,998,34200
aes-gcm,2048,999,30800
aes-gcm,2048,1000,63300
aes-gcm,2048,1001,38000
aes-gcm,2048,1002,50600
aes-gcm,2048,1003,89800
aes-gcm,2048,1004,41000
aes-gcm,2048,1005,33000
aes-gcm,2048,1006,31400
aes-gcm,2048,1007,31000
aes-gcm,2048,1008,30000
aes-gcm,2048,1009,30900
aes-gcm,2048,1010,30100
aes-gcm,2048,1011,30000
aes-gcm,2048,1012,30300
aes-gcm,2048,1013,45600
aes-gcm,2048,1014,52000
aes-gcm,2048,1015,33000
aes-gcm,2048,1016,30500
aes-gcm,2048,1017,29700
aes-gcm,2048,1018,53800
aes-gcm,2048,1019,46200
aes-gcm,2048,1020,35000
aes-gcm,2048,1021,31800
aes-gcm,2048,1022,32800
aes-gcm,2048,1023,30600
aes-gcm,2048,1024,30500
aes-gcm,2048,1025,31400
aes-gcm,2048,1026,30300
aes-gcm,2048,1027,30400
aes-gcm,2048,1028,30100
aes-gcm,2048,1029,29800
aes-gcm,2048,1030,30400
aes-gcm,2048,1031,30100
aes-gcm,2048,1032,30200
aes-gcm,2048,1033,30000
aes-gcm,2048,1034,30300
aes-gcm,2048,1035,29800
aes-gcm,2048,1036,30800
aes-gcm,2048,1037,30200
aes-gcm,2048,1038,29700
aes-gcm,2048,1039,30300
aes-gcm,2048,1040,30100
aes-gcm,2048,1041,30200
aes-gcm,2048,1042,30000
aes-gcm,2048,1043,30200
aes-gcm,2048,1044,29700
aes-gcm,2048,1045,30400
aes-gcm,2048,1046,30600
aes-gcm,2048,1047,30100
aes-gcm,2048,1048,30300
aes-gcm,2048,1049,29900
aes-gcm,2048,1050,36200
aes-gcm,2048,1051,30200
aes-gcm,2048,1052,30600
aes-gcm,2048,1053,30000
aes-gcm,2048,1054,30100
aes-gcm,2048,1055,30100
aes-gcm,2048,1056,30100
aes-gcm,2048,1057,30800
aes-gcm,2048,1058,30000
aes-gcm,2048,1059,30200
aes-gcm,2048,1060,30200
aes-gcm,2048,1061,30200
aes-gcm,2048,1062,29800
aes-gcm,2048,1063,30200
aes-gcm,2048,1064,30100
aes-gcm,2048,1065,29900
aes-gcm,2048,1066,30300
aes-gcm,2048,1067,30200
aes-gcm,2048,1068,30500
aes-gcm,2048,1069,30400
aes-gcm,2048,1070,30400
aes-gcm,2048,1071,84400
aes-gcm,2048,1072,60300
aes-gcm,2048,1073,34200
aes-gcm,2048,1074,31200
aes-gcm,2048,1075,31100
aes-gcm,2048,1076,31300
aes-gcm,2048,1077,30800
aes-gcm,2048,1078,30400
aes-gcm,2048,1079,30500
aes-gcm,2048,1080,30800
aes-gcm,2048,1081,30400
aes-gcm,2048,1082,30200
aes-gcm,2048,1083,29700
aes-gcm,2048,1084,30100
aes-gcm,2048,1085,31200
aes-gcm,2048,1086,30600
aes-gcm,2048,1087,30700
aes-gcm,2048,1088,30500
aes-gcm,2048,1089,29900
aes-gcm,2048,1090,30500
aes-gcm,2048,1091,30100
aes-gcm,2048,1092,30000
aes-gcm,2048,1093,30200
aes-gcm,2048,1094,30100
aes-gcm,2048,1095,30400
aes-gcm,2048,1096,30200
aes-gcm,2048,1097,30500
aes-gcm,2048,1098,30200
aes-gcm,2048,1099,30200
aes-gcm,2048,1100,30500
aes-gcm,2048,1101,30000
aes-gcm,2048,1102,30400
aes-gcm,2048,1103,30200
aes-gcm,2048,1104,30100
aes-gcm,2048,1105,30300
aes-gcm,2048,1106,30300
aes-gcm,2048,1107,30000
aes-gcm,2048,1108,30500
aes-gcm,2048,1109,30000
aes-gcm,2048,1110,29900
aes-gcm,2048,1111,30200
aes-gcm,2048,1112,30400
aes-gcm,2048,1113,31500
aes-gcm,2048,1114,30100
aes-gcm,2048,1115,30600
aes-gcm,2048,1116,30100
aes-gcm,2048,1117,30700
aes-gcm,2048,1118,30500
aes-gcm,2048,1119,30100
aes-gcm,2048,1120,30300
aes-gcm,2048,1121,30100
aes-gcm,2048,1122,30400
aes-gcm,2048,1123,30300
aes-gcm,2048,1124,30300
aes-gcm,2048,1125,30000
aes-gcm,2048,1126,30200
aes-gcm,2048,1127,117300
aes-gcm,2048,1128,140500
aes-gcm,2048,1129,50800
aes-gcm,2048,1130,121500
aes-gcm,2048,1131,45600
aes-gcm,2048,1132,56300
aes-gcm,2048,1133,55900
aes-gcm,2048,1134,48700
aes-gcm,2048,1135,47500
aes-gcm,2048,1136,47500
aes-gcm,2048,1137,46200
aes-gcm,2048,1138,45400
aes-gcm,2048,1139,43700
aes-gcm,2048,1140,46000
aes-gcm,2048,1141,45700
aes-gcm,2048,1142,46300
aes-gcm,2048,1143,43900
aes-gcm,2048,1144,44700
aes-gcm,2048,1145,46200
aes-gcm,2048,1146,45800
aes-gcm,2048,1147,46500
aes-gcm,2048,1148,37200
aes-gcm,2048,1149,31800
aes-gcm,2048,1150,30700
aes-gcm,2048,1151,31300
aes-gcm,2048,1152,30900
aes-gcm,2048,1153,30700
aes-gcm,2048,1154,30800
aes-gcm,2048,1155,30400
aes-gcm,2048,1156,30700
aes-gcm,2048,1157,30900
aes-gcm,2048,1158,30700
aes-gcm,2048,1159,30200
aes-gcm,2048,1160,31100
aes-gcm,2048,1161,30200
aes-gcm,2048,1162,31000
aes-gcm,2048,1163,30400
aes-gcm,2048,1164,30600
aes-gcm,2048,1165,30800
aes-gcm,2048,1166,31100
aes-gcm,2048,1167,30900
aes-gcm,2048,1168,31000
aes-gcm,2048,1169,31000
aes-gcm,2048,1170,30500
aes-gcm,2048,1171,30800
aes-gcm,2048,1172,31300
aes-gcm,2048,1173,30000
aes-gcm,2048,1174,30800
aes-gcm,2048,1175,30800
aes-gcm,2048,1176,30700
aes-gcm,2048,1177,31300
aes-gcm,2048,1178,31200
aes-gcm,2048,1179,30600
aes-gcm,2048,1180,30700
aes-gcm,2048,1181,30700
aes-gcm,2048,1182,30500
aes-gcm,2048,1183,30700
aes-gcm,2048,1184,30500
aes-gcm,2048,1185,30800
aes-gcm,2048,1186,30300
aes-gcm,2048,1187,31000
aes-gcm,2048,1188,30300
aes-gcm,2048,1189,31300
aes-gcm,2048,1190,30500
aes-gcm,2048,1191,30800
aes-gcm,2048,1192,30700
aes-gcm,2048,1193,30800
aes-gcm,2048,1194,30400
aes-gcm,2048,1195,30700
aes-gcm,2048,1196,30500
aes-gcm,2048,1197,30800
aes-gcm,2048,1198,31200
aes-gcm,2048,1199,30700
aes-gcm,2048,1200,30800
aes-gcm,2048,1201,30600
aes-gcm,2048,1202,31000
aes-gcm,2048,1203,65000
aes-gcm,2048,1204,196300
aes-gcm,2048,1205,99300
aes-gcm,2048,1206,44100
aes-gcm,2048,1207,32700
aes-gcm,2048,1208,30900
aes-gcm,2048,1209,70500
aes-gcm,2048,1210,42700
aes-gcm,2048,1211,32800
aes-gcm,2048,1212,31100
aes-gcm,2048,1213,32400
aes-gcm,2048,1214,30700
aes-gcm,2048,1215,30300
aes-gcm,2048,1216,30900
aes-gcm,2048,1217,30100
aes-gcm,2048,1218,30400
aes-gcm,2048,1219,30500
aes-gcm,2048,1220,30400
aes-gcm,2048,1221,30200
aes-gcm,2048,1222,30700
aes-gcm,2048,1223,30400
aes-gcm,2048,1224,29800
aes-gcm,2048,1225,47000
aes-gcm,2048,1226,70100
aes-gcm,2048,1227,47600
aes-gcm,2048,1228,35700
aes-gcm,2048,1229,31300
aes-gcm,2048,1230,30300
aes-gcm,2048,1231,30300
aes-gcm,2048,1232,30600
aes-gcm,2048,1233,30600
aes-gcm,2048,1234,30200
aes-gcm,2048,1235,30300
aes-gcm,2048,1236,30000
aes-gcm,2048,1237,30200
aes-gcm,2048,1238,30300
aes-gcm,2048,1239,30400
aes-gcm,2048,1240,30200
aes-gcm,2048,1241,31000
aes-gcm,2048,1242,29800
aes-gcm,2048,1243,30500
aes-gcm,2048,1244,30400
aes-gcm,2048,1245,30100
aes-gcm,2048,1246,30300
aes-gcm,2048,1247,30200
aes-gcm,2048,1248,30500
aes-gcm,2048,1249,30000
aes-gcm,2048,1250,30300
aes-gcm,2048,1251,30000
aes-gcm,2048,1252,30200
aes-gcm,2048,1253,30000
aes-gcm,2048,1254,30000
aes-gcm,2048,1255,30600
aes-gcm,2048,1256,30300
aes-gcm,2048,1257,30200
aes-gcm,2048,1258,30300
aes-gcm,2048,1259,30600
aes-gcm,2048,1260,29900
aes-gcm,2048,1261,30100
aes-gcm,2048,1262,30000
aes-gcm,2048,1263,30000
aes-gcm,2048,1264,30100
aes-gcm,2048,1265,30400
aes-gcm,2048,1266,30100
aes-gcm,2048,1267,30100
aes-gcm,2048,1268,30500
aes-gcm,2048,1269,29800
aes-gcm,2048,1270,30500
aes-gcm,2048,1271,30100
aes-gcm,2048,1272,29900
aes-gcm,2048,1273,30200
aes-gcm,2048,1274,30000
aes-gcm,2048,1275,30300
aes-gcm,2048,1276,30100
aes-gcm,2048,1277,31400
aes-gcm,2048,1278,30300
aes-gcm,2048,1279,30600
aes-gcm,2048,1280,30500
aes-gcm,2048,1281,29900
aes-gcm,2048,1282,30400
aes-gcm,2048,1283,30100
aes-gcm,2048,1284,30100
aes-gcm,2048,1285,30100
aes-gcm,2048,1286,30100
aes-gcm,2048,1287,30000
aes-gcm,2048,1288,30100
aes-gcm,2048,1289,30200
aes-gcm,2048,1290,29900
aes-gcm,2048,1291,30400
aes-gcm,2048,1292,30300
aes-gcm,2048,1293,30200
aes-gcm,2048,1294,30100
aes-gcm,2048,1295,30500
aes-gcm,2048,1296,29900
aes-gcm,2048,1297,30300
aes-gcm,2048,1298,30300
aes-gcm,2048,1299,29900
aes-gcm,2048,1300,30400
aes-gcm,2048,1301,30000
aes-gcm,2048,1302,30400
aes-gcm,2048,1303,30000
aes-gcm,2048,1304,30200
aes-gcm,2048,1305,31200
aes-gcm,2048,1306,30300
aes-gcm,2048,1307,30100
aes-gcm,2048,1308,30100
aes-gcm,2048,1309,30300
aes-gcm,2048,1310,30000
aes-gcm,2048,1311,30100
aes-gcm,2048,1312,30200
aes-gcm,2048,1313,30200
aes-gcm,2048,1314,29800
aes-gcm,2048,1315,30200
aes-gcm,2048,1316,30000
aes-gcm,2048,1317,29900
aes-gcm,2048,1318,30000
aes-gcm,2048,1319,30300
aes-gcm,2048,1320,30100
aes-gcm,2048,1321,30300
aes-gcm,2048,1322,30300
aes-gcm,2048,1323,30000
aes-gcm,2048,1324,30000
aes-gcm,2048,1325,30100
aes-gcm,2048,1326,30000
aes-gcm,2048,1327,30300
aes-gcm,2048,1328,30000
aes-gcm,2048,1329,30200
aes-gcm,2048,1330,30100
aes-gcm,2048,1331,30100
aes-gcm,2048,1332,29900
aes-gcm,2048,1333,30200
aes-gcm,2048,1334,30200
aes-gcm,2048,1335,29800
aes-gcm,2048,1336,30100
aes-gcm,2048,1337,30000
aes-gcm,2048,1338,30100
aes-gcm,2048,1339,30100
aes-gcm,2048,1340,31300
aes-gcm,2048,1341,29900
aes-gcm,2048,1342,30300
aes-gcm,2048,1343,30100
aes-gcm,2048,1344,30000
aes-gcm,2048,1345,30200
aes-gcm,2048,1346,30100
aes-gcm,2048,1347,30300
aes-gcm,2048,1348,30000
aes-gcm,2048,1349,30500
aes-gcm,2048,1350,29900
aes-gcm,2048,1351,30400
aes-gcm,2048,1352,30100
aes-gcm,2048,1353,29900
aes-gcm,2048,1354,30400
aes-gcm,2048,1355,30200
aes-gcm,2048,1356,30000
aes-gcm,2048,1357,30100
aes-gcm,2048,1358,30300
aes-gcm,2048,1359,30100
aes-gcm,2048,1360,30400
aes-gcm,2048,1361,30200
aes-gcm,2048,1362,29800
aes-gcm,2048,1363,30300
aes-gcm,2048,1364,30000
aes-gcm,2048,1365,30200
aes-gcm,2048,1366,30000
aes-gcm,2048,1367,30300
aes-gcm,2048,1368,30700
aes-gcm,2048,1369,30300
aes-gcm,2048,1370,30000
aes-gcm,2048,1371,29700
aes-gcm,2048,1372,30500
aes-gcm,2048,1373,30100
aes-gcm,2048,1374,30200
aes-gcm,2048,1375,30200
aes-gcm,2048,1376,30500
aes-gcm,2048,1377,30000
aes-gcm,2048,1378,30200
aes-gcm,2048,1379,30200
aes-gcm,2048,1380,29900
aes-gcm,2048,1381,30300
aes-gcm,2048,1382,29900
aes-gcm,2048,1383,30100
aes-gcm,2048,1384,29800
aes-gcm,2048,1385,30300
aes-gcm,2048,1386,29700
aes-gcm,2048,1387,30200
aes-gcm,2048,1388,30300
aes-gcm,2048,1389,29800
aes-gcm,2048,1390,30300
aes-gcm,2048,1391,30100
aes-gcm,2048,1392,29900
aes-gcm,2048,1393,30300
aes-gcm,2048,1394,30300
aes-gcm,2048,1395,30200
aes-gcm,2048,1396,30300
aes-gcm,2048,1397,30200
aes-gcm,2048,1398,29900
aes-gcm,2048,1399,30400
aes-gcm,2048,1400,30200
aes-gcm,2048,1401,30000
aes-gcm,2048,1402,30000
aes-gcm,2048,1403,30100
aes-gcm,2048,1404,30700
aes-gcm,2048,1405,30500
aes-gcm,2048,1406,30200
aes-gcm,2048,1407,30100
aes-gcm,2048,1408,30400
aes-gcm,2048,1409,30200
aes-gcm,2048,1410,30100
aes-gcm,2048,1411,29900
aes-gcm,2048,1412,30300
aes-gcm,2048,1413,29800
aes-gcm,2048,1414,30200
aes-gcm,2048,1415,30200
aes-gcm,2048,1416,29900
aes-gcm,2048,1417,30400
aes-gcm,2048,1418,30100
aes-gcm,2048,1419,30400
aes-gcm,2048,1420,30200
aes-gcm,2048,1421,30200
aes-gcm,2048,1422,29900
aes-gcm,2048,1423,30200
aes-gcm,2048,1424,30100
aes-gcm,2048,1425,30200
aes-gcm,2048,1426,30200
aes-gcm,2048,1427,30200
aes-gcm,2048,1428,30200
aes-gcm,2048,1429,30000
aes-gcm,2048,1430,30400
aes-gcm,2048,1431,29900
aes-gcm,2048,1432,31300
aes-gcm,2048,1433,30000
aes-gcm,2048,1434,29800
aes-gcm,2048,1435,30300
aes-gcm,2048,1436,30100
aes-gcm,2048,1437,30200
aes-gcm,2048,1438,30100
aes-gcm,2048,1439,30300
aes-gcm,2048,1440,30200
aes-gcm,2048,1441,30300
aes-gcm,2048,1442,30100
aes-gcm,2048,1443,29700
aes-gcm,2048,1444,30100
aes-gcm,2048,1445,30100
aes-gcm,2048,1446,30000
aes-gcm,2048,1447,30300
aes-gcm,2048,1448,30300
aes-gcm,2048,1449,29900
aes-gcm,2048,1450,30200
aes-gcm,2048,1451,30100
aes-gcm,2048,1452,29900
aes-gcm,2048,1453,30500
aes-gcm,2048,1454,30100
aes-gcm,2048,1455,30700
aes-gcm,2048,1456,30300
aes-gcm,2048,1457,30400
aes-gcm,2048,1458,30100
aes-gcm,2048,1459,30600
aes-gcm,2048,1460,30000
aes-gcm,2048,1461,29900
aes-gcm,2048,1462,30300
aes-gcm,2048,1463,30100
aes-gcm,2048,1464,30000
aes-gcm,2048,1465,30000
aes-gcm,2048,1466,30200
aes-gcm,2048,1467,30000
aes-gcm,2048,1468,31200
aes-gcm,2048,1469,30200
aes-gcm,2048,1470,29800
aes-gcm,2048,1471,30300
aes-gcm,2048,1472,30300
aes-gcm,2048,1473,30200
aes-gcm,2048,1474,29800
aes-gcm,2048,1475,30400
aes-gcm,2048,1476,29900
aes-gcm,2048,1477,30300
aes-gcm,2048,1478,30000
aes-gcm,2048,1479,30000
aes-gcm,2048,1480,30100
aes-gcm,2048,1481,30200
aes-gcm,2048,1482,30300
aes-gcm,2048,1483,29900
aes-gcm,2048,1484,30300
aes-gcm,2048,1485,29800
aes-gcm,2048,1486,30100
aes-gcm,2048,1487,30000
aes-gcm,2048,1488,30000
aes-gcm,2048,1489,30400
aes-gcm,2048,1490,30100
aes-gcm,2048,1491,30000
aes-gcm,2048,1492,29900
aes-gcm,2048,1493,30100
aes-gcm,2048,1494,29900
aes-gcm,2048,1495,30200
aes-gcm,2048,1496,30800
aes-gcm,2048,1497,29800
aes-gcm,2048,1498,30300
aes-gcm,2048,1499,30000
aes-gcm,2048,1500,30200
aes-gcm,2048,1501,29800
aes-gcm,2048,1502,30100
aes-gcm,2048,1503,29700
aes-gcm,2048,1504,30400
aes-gcm,2048,1505,30000
aes-gcm,2048,1506,29800
aes-gcm,2048,1507,30200
aes-gcm,2048,1508,29800
aes-gcm,2048,1509,30000
aes-gcm,2048,1510,30000
aes-gcm,2048,1511,30300
aes-gcm,2048,1512,29900
aes-gcm,2048,1513,30100
aes-gcm,2048,1514,30000
aes-gcm,2048,1515,29900
aes-gcm,2048,1516,30100
aes-gcm,2048,1517,30100
aes-gcm,2048,1518,30400
aes-gcm,2048,1519,30400
aes-gcm,2048,1520,30300
aes-gcm,2048,1521,29900
aes-gcm,2048,1522,30000
aes-gcm,2048,1523,30200
aes-gcm,2048,1524,29800
aes-gcm,2048,1525,30300
aes-gcm,2048,1526,29800
aes-gcm,2048,1527,29900
aes-gcm,2048,1528,29900
aes-gcm,2048,1529,30200
aes-gcm,2048,1530,29900
aes-gcm,2048,1531,30200
aes-gcm,2048,1532,30900
aes-gcm,2048,1533,30000
aes-gcm,2048,1534,30300
aes-gcm,2048,1535,30200
aes-gcm,2048,1536,30300
aes-gcm,2048,1537,30000
aes-gcm,2048,1538,30400
aes-gcm,2048,1539,29900
aes-gcm,2048,1540,30200
aes-gcm,2048,1541,29900
aes-gcm,2048,1542,29800
aes-gcm,2048,1543,30200
aes-gcm,2048,1544,29900
aes-gcm,2048,1545,30000
aes-gcm,2048,1546,30000
aes-gcm,2048,1547,30300
aes-gcm,2048,1548,29900
aes-gcm,2048,1549,30200
aes-gcm,2048,1550,29900
aes-gcm,2048,1551,29900
aes-gcm,2048,1552,30400
aes-gcm,2048,1553,30200
aes-gcm,2048,1554,30000
aes-gcm,2048,1555,30100
aes-gcm,2048,1556,30000
aes-gcm,2048,1557,29900
aes-gcm,2048,1558,30300
aes-gcm,2048,1559,30200
aes-gcm,2048,1560,30900
aes-gcm,2048,1561,30200
aes-gcm,2048,1562,30000
aes-gcm,2048,1563,30300
aes-gcm,2048,1564,30000
aes-gcm,2048,1565,30400
aes-gcm,2048,1566,29800
aes-gcm,2048,1567,30200
aes-gcm,2048,1568,30400
aes-gcm,2048,1569,29800
aes-gcm,2048,1570,30300
aes-gcm,2048,1571,30000
aes-gcm,2048,1572,30000
aes-gcm,2048,1573,30100
aes-gcm,2048,1574,30200
aes-gcm,2048,1575,30000
aes-gcm,2048,1576,30100
aes-gcm,2048,1577,30100
aes-gcm,2048,1578,30100
aes-gcm,2048,1579,30600
aes-gcm,2048,1580,30200
aes-gcm,2048,1581,30000
aes-gcm,2048,1582,30000
aes-gcm,2048,1583,31400
aes-gcm,2048,1584,160900
aes-gcm,2048,1585,118500
aes-gcm,2048,1586,55000
aes-gcm,2048,1587,37700
aes-gcm,2048,1588,31400
aes-gcm,2048,1589,30800
aes-gcm,2048,1590,39100
aes-gcm,2048,1591,40300
aes-gcm,2048,1592,35600
aes-gcm,2048,1593,30200
aes-gcm,2048,1594,30800
aes-gcm,2048,1595,32400
aes-gcm,2048,1596,30100
aes-gcm,2048,1597,30900
aes-gcm,2048,1598,30000
aes-gcm,2048,1599,30400
aes-gcm,2048,1600,30100
aes-gcm,2048,1601,31100
aes-gcm,2048,1602,30100
aes-gcm,2048,1603,30400
aes-gcm,2048,1604,30200
aes-gcm,2048,1605,30000
aes-gcm,2048,1606,30300
aes-gcm,2048,1607,66200
aes-gcm,2048,1608,64400
aes-gcm,2048,1609,41500
aes-gcm,2048,1610,32200
aes-gcm,2048,1611,30300
aes-gcm,2048,1612,30400
aes-gcm,2048,1613,30700
aes-gcm,2048,1614,30000
aes-gcm,2048,1615,30600
aes-gcm,2048,1616,30200
aes-gcm,2048,1617,30200
aes-gcm,2048,1618,29900
aes-gcm,2048,1619,30600
aes-gcm,2048,1620,30100
aes-gcm,2048,1621,30400
aes-gcm,2048,1622,30300
aes-gcm,2048,1623,30600
aes-gcm,2048,1624,30400
aes-gcm,2048,1625,30100
aes-gcm,2048,1626,30000
aes-gcm,2048,1627,30000
aes-gcm,2048,1628,30100
aes-gcm,2048,1629,29800
aes-gcm,2048,1630,30300
aes-gcm,2048,1631,30100
aes-gcm,2048,1632,29900
aes-gcm,2048,1633,30400
aes-gcm,2048,1634,30100
aes-gcm,2048,1635,30200
aes-gcm,2048,1636,30100
aes-gcm,2048,1637,60300
aes-gcm,2048,1638,87200
aes-gcm,2048,1639,41000
aes-gcm,2048,1640,32900
aes-gcm,2048,1641,30900
aes-gcm,2048,1642,30900
aes-gcm,2048,1643,30500
aes-gcm,2048,1644,31200
aes-gcm,2048,1645,30300
aes-gcm,2048,1646,30600
aes-gcm,2048,1647,30100
aes-gcm,2048,1648,30300
aes-gcm,2048,1649,30400
aes-gcm,2048,1650,30500
aes-gcm,2048,1651,30300
aes-gcm,2048,1652,30200
aes-gcm,2048,1653,30200
aes-gcm,2048,1654,30100
aes-gcm,2048,1655,30800
aes-gcm,2048,1656,30000
aes-gcm,2048,1657,30400
aes-gcm,2048,1658,30400
aes-gcm,2048,1659,32500
aes-gcm,2048,1660,30600
aes-gcm,2048,1661,30400
aes-gcm,2048,1662,30200
aes-gcm,2048,1663,30100
aes-gcm,2048,1664,30300
aes-gcm,2048,1665,30500
aes-gcm,2048,1666,30600
aes-gcm,2048,1667,30100
aes-gcm,2048,1668,29800
aes-gcm,2048,1669,30400
aes-gcm,2048,1670,30300
aes-gcm,2048,1671,30000
aes-gcm,2048,1672,30300
aes-gcm,2048,1673,30200
aes-gcm,2048,1674,30200
aes-gcm,2048,1675,30400
aes-gcm,2048,1676,30300
aes-gcm,2048,1677,29900
aes-gcm,2048,1678,30500
aes-gcm,2048,1679,30200
aes-gcm,2048,1680,30400
aes-gcm,2048,1681,30100
aes-gcm,2048,1682,30700
aes-gcm,2048,1683,29900
aes-gcm,2048,1684,30400
aes-gcm,2048,1685,30400
aes-gcm,2048,1686,29900
aes-gcm,2048,1687,32700
aes-gcm,2048,1688,30200
aes-gcm,2048,1689,30400
aes-gcm,2048,1690,30200
aes-gcm,2048,1691,30500
aes-gcm,2048,1692,30100
aes-gcm,2048,1693,30700
aes-gcm,2048,1694,30300
aes-gcm,2048,1695,30000
aes-gcm,2048,1696,30200
aes-gcm,2048,1697,30500
aes-gcm,2048,1698,30300
aes-gcm,2048,1699,30100
aes-gcm,2048,1700,30400
aes-gcm,2048,1701,30000
aes-gcm,2048,1702,30500
aes-gcm,2048,1703,30200
aes-gcm,2048,1704,30200
aes-gcm,2048,1705,30500
aes-gcm,2048,1706,30100
aes-gcm,2048,1707,30100
aes-gcm,2048,1708,30200
aes-gcm,2048,1709,30200
aes-gcm,2048,1710,30000
aes-gcm,2048,1711,30300
aes-gcm,2048,1712,30400
aes-gcm,2048,1713,29900
aes-gcm,2048,1714,30500
aes-gcm,2048,1715,30300
aes-gcm,2048,1716,30200
aes-gcm,2048,1717,30300
aes-gcm,2048,1718,30400
aes-gcm,2048,1719,29900
aes-gcm,2048,1720,30600
aes-gcm,2048,1721,30100
aes-gcm,2048,1722,30100
aes-gcm,2048,1723,32600
aes-gcm,2048,1724,30400
aes-gcm,2048,1725,30600
aes-gcm,2048,1726,30200
aes-gcm,2048,1727,30700
aes-gcm,2048,1728,29900
aes-gcm,2048,1729,30500
aes-gcm,2048,1730,30200
aes-gcm,2048,1731,30000
aes-gcm,2048,1732,30200
aes-gcm,2048,1733,30200
aes-gcm,2048,1734,30100
aes-gcm,2048,1735,30200
aes-gcm,2048,1736,30500
aes-gcm,2048,1737,31300
aes-gcm,2048,1738,30400
aes-gcm,2048,1739,30100
aes-gcm,2048,1740,30100
aes-gcm,2048,1741,30400
aes-gcm,2048,1742,30400
aes-gcm,2048,1743,30300
aes-gcm,2048,1744,30400
aes-gcm,2048,1745,30600
aes-gcm,2048,1746,30200
aes-gcm,2048,1747,30200
aes-gcm,2048,1748,30100
aes-gcm,2048,1749,30100
aes-gcm,2048,1750,30400
aes-gcm,2048,1751,31300
aes-gcm,2048,1752,30500
aes-gcm,2048,1753,30100
aes-gcm,2048,1754,30300
aes-gcm,2048,1755,30000
aes-gcm,2048,1756,30200
aes-gcm,2048,1757,30300
aes-gcm,2048,1758,29900
aes-gcm,2048,1759,30300
aes-gcm,2048,1760,30100
aes-gcm,2048,1761,30300
aes-gcm,2048,1762,30600
aes-gcm,2048,1763,34800
aes-gcm,2048,1764,30100
aes-gcm,2048,1765,30500
aes-gcm,2048,1766,30300
aes-gcm,2048,1767,29900
aes-gcm,2048,1768,30400
aes-gcm,2048,1769,30100
aes-gcm,2048,1770,30300
aes-gcm,2048,1771,30400
aes-gcm,2048,1772,30600
aes-gcm,2048,1773,29700
aes-gcm,2048,1774,30500
aes-gcm,2048,1775,30300
aes-gcm,2048,1776,29900
aes-gcm,2048,1777,30400
aes-gcm,2048,1778,30400
aes-gcm,2048,1779,30200
aes-gcm,2048,1780,30200
aes-gcm,2048,1781,30700
aes-gcm,2048,1782,30100
aes-gcm,2048,1783,30500
aes-gcm,2048,1784,30400
aes-gcm,2048,1785,30100
aes-gcm,2048,1786,30400
aes-gcm,2048,1787,31000
aes-gcm,2048,1788,30300
aes-gcm,2048,1789,30400
aes-gcm,2048,1790,30400
aes-gcm,2048,1791,30100
aes-gcm,2048,1792,30200
aes-gcm,2048,1793,30200
aes-gcm,2048,1794,30100
aes-gcm,2048,1795,30400
aes-gcm,2048,1796,30100
aes-gcm,2048,1797,30200
aes-gcm,2048,1798,30200
aes-gcm,2048,1799,30400
aes-gcm,2048,1800,30200
aes-gcm,2048,1801,30200
aes-gcm,2048,1802,30300
aes-gcm,2048,1803,30300
aes-gcm,2048,1804,30400
aes-gcm,2048,1805,30300
aes-gcm,2048,1806,30000
aes-gcm,2048,1807,30100
aes-gcm,2048,1808,30500
aes-gcm,2048,1809,29900
aes-gcm,2048,1810,30600
aes-gcm,2048,1811,30200
aes-gcm,2048,1812,29800
aes-gcm,2048,1813,30300
aes-gcm,2048,1814,30200
aes-gcm,2048,1815,31400
aes-gcm,2048,1816,30200
aes-gcm,2048,1817,30400
aes-gcm,2048,1818,30000
aes-gcm,2048,1819,30300
aes-gcm,2048,1820,30300
aes-gcm,2048,1821,30100
aes-gcm,2048,1822,30300
aes-gcm,2048,1823,30100
aes-gcm,2048,1824,30300
aes-gcm,2048,1825,30400
aes-gcm,2048,1826,30200
aes-gcm,2048,1827,30000
aes-gcm,2048,1828,30200
aes-gcm,2048,1829,51800
aes-gcm,2048,1830,83900
aes-gcm,2048,1831,41200
aes-gcm,2048,1832,32300
aes-gcm,2048,1833,30900
aes-gcm,2048,1834,30200
aes-gcm,2048,1835,31000
aes-gcm,2048,1836,31500
aes-gcm,2048,1837,30500
aes-gcm,2048,1838,30800
aes-gcm,2048,1839,30300
aes-gcm,2048,1840,30400
aes-gcm,2048,1841,30200
aes-gcm,2048,1842,31000
aes-gcm,2048,1843,30000
aes-gcm,2048,1844,30300
aes-gcm,2048,1845,30100
aes-gcm,2048,1846,30700
aes-gcm,2048,1847,30400
aes-gcm,2048,1848,29900
aes-gcm,2048,1849,30400
aes-gcm,2048,1850,31200
aes-gcm,2048,1851,30300
aes-gcm,2048,1852,30200
aes-gcm,2048,1853,30200
aes-gcm,2048,1854,29900
aes-gcm,2048,1855,30200
aes-gcm,2048,1856,30000
aes-gcm,2048,1857,30100
aes-gcm,2048,1858,30200
aes-gcm,2048,1859,30300
aes-gcm,2048,1860,30100
aes-gcm,2048,1861,30000
aes-gcm,2048,1862,30600
aes-gcm,2048,1863,29700
aes-gcm,2048,1864,30100
aes-gcm,2048,1865,30200
aes-gcm,2048,1866,30100
aes-gcm,2048,1867,30300
aes-gcm,2048,1868,30200
aes-gcm,2048,1869,29800
aes-gcm,2048,1870,30200
aes-gcm,2048,1871,30200
aes-gcm,2048,1872,30100
aes-gcm,2048,1873,30200
aes-gcm,2048,1874,29900
aes-gcm,2048,1875,30000
aes-gcm,2048,1876,30100
aes-gcm,2048,1877,30000
aes-gcm,2048,1878,31300
aes-gcm,2048,1879,30100
aes-gcm,2048,1880,30100
aes-gcm,2048,1881,30000
aes-gcm,2048,1882,30200
aes-gcm,2048,1883,29900
aes-gcm,2048,1884,29600
aes-gcm,2048,1885,30400
aes-gcm,2048,1886,30100
aes-gcm,2048,1887,30100
aes-gcm,2048,1888,29800
aes-gcm,2048,1889,30300
aes-gcm,2048,1890,29900
aes-gcm,2048,1891,30300
aes-gcm,2048,1892,30200
aes-gcm,2048,1893,29600
aes-gcm,2048,1894,30000
aes-gcm,2048,1895,30000
aes-gcm,2048,1896,30000
aes-gcm,2048,1897,30100
aes-gcm,2048,1898,30200
aes-gcm,2048,1899,29800
aes-gcm,2048,1900,30300
aes-gcm,2048,1901,30200
aes-gcm,2048,1902,30000
aes-gcm,2048,1903,30100
aes-gcm,2048,1904,30000
aes-gcm,2048,1905,30200
aes-gcm,2048,1906,30100
aes-gcm,2048,1907,30100
aes-gcm,2048,1908,29800
aes-gcm,2048,1909,30500
aes-gcm,2048,1910,30200
aes-gcm,2048,1911,29800
aes-gcm,2048,1912,30200
aes-gcm,2048,1913,30200
aes-gcm,2048,1914,30700
aes-gcm,2048,1915,30100
aes-gcm,2048,1916,30100
aes-gcm,2048,1917,29800
aes-gcm,2048,1918,30100
aes-gcm,2048,1919,30000
aes-gcm,2048,1920,29900
aes-gcm,2048,1921,33400
aes-gcm,2048,1922,30700
aes-gcm,2048,1923,30000
aes-gcm,2048,1924,30100
aes-gcm,2048,1925,30300
aes-gcm,2048,1926,29800
aes-gcm,2048,1927,30000
aes-gcm,2048,1928,29900
aes-gcm,2048,1929,29700
aes-gcm,2048,1930,30100
aes-gcm,2048,1931,30000
aes-gcm,2048,1932,30200
aes-gcm,2048,1933,30100
aes-gcm,2048,1934,30200
aes-gcm,2048,1935,30000
aes-gcm,2048,1936,30100
aes-gcm,2048,1937,30200
aes-gcm,2048,1938,29800
aes-gcm,2048,1939,30100
aes-gcm,2048,1940,30000
aes-gcm,2048,1941,30000
aes-gcm,2048,1942,31100
aes-gcm,2048,1943,30100
aes-gcm,2048,1944,30000
aes-gcm,2048,1945,30500
aes-gcm,2048,1946,30300
aes-gcm,2048,1947,29800
aes-gcm,2048,1948,30000
aes-gcm,2048,1949,30100
aes-gcm,2048,1950,30100
aes-gcm,2048,1951,30000
aes-gcm,2048,1952,30200
aes-gcm,2048,1953,29800
aes-gcm,2048,1954,30100
aes-gcm,2048,1955,30300
aes-gcm,2048,1956,29700
aes-gcm,2048,1957,30100
aes-gcm,2048,1958,30000
aes-gcm,2048,1959,30000
aes-gcm,2048,1960,29800
aes-gcm,2048,1961,30200
aes-gcm,2048,1962,30000
aes-gcm,2048,1963,30200
aes-gcm,2048,1964,30300
aes-gcm,2048,1965,30000
aes-gcm,2048,1966,30300
aes-gcm,2048,1967,30100
aes-gcm,2048,1968,30100
aes-gcm,2048,1969,29800
aes-gcm,2048,1970,30300
aes-gcm,2048,1971,29900
aes-gcm,2048,1972,30100
aes-gcm,2048,1973,30200
aes-gcm,2048,1974,29800
aes-gcm,2048,1975,30200
aes-gcm,2048,1976,29900
aes-gcm,2048,1977,30200
aes-gcm,2048,1978,30500
aes-gcm,2048,1979,30200
aes-gcm,2048,1980,29800
aes-gcm,2048,1981,30100
aes-gcm,2048,1982,30200
aes-gcm,2048,1983,29800
aes-gcm,2048,1984,30000
aes-gcm,2048,1985,30200
aes-gcm,2048,1986,30100
aes-gcm,2048,1987,30000
aes-gcm,2048,1988,30200
aes-gcm,2048,1989,29600
aes-gcm,2048,1990,30300
aes-gcm,2048,1991,30200
aes-gcm,2048,1992,29700
aes-gcm,2048,1993,30200
aes-gcm,2048,1994,30000
aes-gcm,2048,1995,30300
aes-gcm,2048,1996,30200
aes-gcm,2048,1997,30400
aes-gcm,2048,1998,29900
aes-gcm,2048,1999,30200
