algorithm,message_size_bytes,iteration,latency_ns
aes-gcm,128,0,31500
aes-gcm,128,1,31600
aes-gcm,128,2,31400
aes-gcm,128,3,31600
aes-gcm,128,4,31100
aes-gcm,128,5,32000
aes-gcm,128,6,31100
aes-gcm,128,7,31100
aes-gcm,128,8,31100
aes-gcm,128,9,30800
aes-gcm,128,10,31300
aes-gcm,128,11,30900
aes-gcm,128,12,31100
aes-gcm,128,13,30900
aes-gcm,128,14,31600
aes-gcm,128,15,31300
aes-gcm,128,16,31200
aes-gcm,128,17,32600
aes-gcm,128,18,30900
aes-gcm,128,19,31300
aes-gcm,128,20,31000
aes-gcm,128,21,31200
aes-gcm,128,22,32300
aes-gcm,128,23,31600
aes-gcm,128,24,31100
aes-gcm,128,25,31300
aes-gcm,128,26,31200
aes-gcm,128,27,30900
aes-gcm,128,28,31500
aes-gcm,128,29,31000
aes-gcm,128,30,31200
aes-gcm,128,31,31200
aes-gcm,128,32,32200
aes-gcm,128,33,33500
aes-gcm,128,34,30700
aes-gcm,128,35,31700
aes-gcm,128,36,31000
aes-gcm,128,37,31400
aes-gcm,128,38,31400
aes-gcm,128,39,31000
aes-gcm,128,40,31100
aes-gcm,128,41,31300
aes-gcm,128,42,31100
aes-gcm,128,43,31100
aes-gcm,128,44,31100
aes-gcm,128,45,30800
aes-gcm,128,46,31400
aes-gcm,128,47,30800
aes-gcm,128,48,31300
aes-gcm,128,49,30800
aes-gcm,128,50,32200
aes-gcm,128,51,30900
aes-gcm,128,52,31200
aes-gcm,128,53,31000
aes-gcm,128,54,31200
aes-gcm,128,55,31200
aes-gcm,128,56,31400
aes-gcm,128,57,30900
aes-gcm,128,58,31300
aes-gcm,128,59,31400
aes-gcm,128,60,31000
aes-gcm,128,61,31100
aes-gcm,128,62,31200
aes-gcm,128,63,31000
aes-gcm,128,64,31200
aes-gcm,128,65,31100
aes-gcm,128,66,31300
aes-gcm,128,67,31200
aes-gcm,128,68,31300
aes-gcm,128,69,30900
aes-gcm,128,70,31300
aes-gcm,128,71,31000
aes-gcm,128,72,31000
aes-gcm,128,73,31100
aes-gcm,128,74,31100
aes-gcm,128,75,31300
aes-gcm,128,76,31100
aes-gcm,128,77,31300
aes-gcm,128,78,31300
aes-gcm,128,79,31500
aes-gcm,128,80,31300
aes-gcm,128,81,30800
aes-gcm,128,82,31300
aes-gcm,128,83,30900
aes-gcm,128,84,31300
aes-gcm,128,85,31000
aes-gcm,128,86,31500
aes-gcm,128,87,31200
aes-gcm,128,88,31300
aes-gcm,128,89,31300
aes-gcm,128,90,31000
aes-gcm,128,91,31300
aes-gcm,128,92,31000
aes-gcm,128,93,31300
aes-gcm,128,94,31200
aes-gcm,128,95,31600
aes-gcm,128,96,30900
aes-gcm,128,97,31200
aes-gcm,128,98,30900
aes-gcm,128,99,31400
aes-gcm,128,100,30900
aes-gcm,128,101,31500
aes-gcm,128,102,31300
aes-gcm,128,103,31000
aes-gcm,128,104,31000
aes-gcm,128,105,31200
aes-gcm,128,106,31200
aes-gcm,128,107,31000
aes-gcm,128,108,30700
aes-gcm,128,109,31200
aes-gcm,128,110,31700
aes-gcm,128,111,31100
aes-gcm,128,112,31100
aes-gcm,128,113,31500
aes-gcm,128,114,31700
aes-gcm,128,115,31500
aes-gcm,128,116,31400
aes-gcm,128,117,30900
aes-gcm,128,118,31100
aes-gcm,128,119,31300
aes-gcm,128,120,31100
aes-gcm,128,121,31000
aes-gcm,128,122,31200
aes-gcm,128,123,31000
aes-gcm,128,124,30900
aes-gcm,128,125,31300
aes-gcm,128,126,31000
aes-gcm,128,127,31300
aes-gcm,128,128,31200
aes-gcm,128,129,31100
aes-gcm,128,130,31100
aes-gcm,128,131,31400
aes-gcm,128,132,31000
aes-gcm,128,133,31500
aes-gcm,128,134,30900
aes-gcm,128,135,31200
aes-gcm,128,136,31100
aes-gcm,128,137,31200
aes-gcm,128,138,31000
aes-gcm,128,139,31100
aes-gcm,128,140,31100
aes-gcm,128,141,31100
aes-gcm,128,142,31000
aes-gcm,128,143,31200
aes-gcm,128,144,30900
aes-gcm,128,145,31500
aes-gcm,128,146,31100
aes-gcm,128,147,31400
aes-gcm,128,148,30800
aes-gcm,128,149,31700
aes-gcm,128,150,32200
aes-gcm,128,151,31700
aes-gcm,128,152,31300
aes-gcm,128,153,30900
aes-gcm,128,154,31300
aes-gcm,128,155,31500
aes-gcm,128,156,31200
aes-gcm,128,157,30800
aes-gcm,128,158,31500
aes-gcm,128,159,30700
aes-gcm,128,160,31300
aes-gcm,128,161,31200
aes-gcm,128,162,31000
aes-gcm,128,163,31400
aes-gcm,128,164,31100
aes-gcm,128,165,31700
aes-gcm,128,166,31100
aes-gcm,128,167,31200
aes-gcm,128,168,30900
aes-gcm,128,169,31200
aes-gcm,128,170,31000
aes-gcm,128,171,31100
aes-gcm,128,172,30900
aes-gcm,128,173,34700
aes-gcm,128,174,31200
aes-gcm,128,175,31500
aes-gcm,128,176,31600
aes-gcm,128,177,31000
aes-gcm,128,178,31900
aes-gcm,128,179,31400
aes-gcm,128,180,30800
aes-gcm,128,181,31300
aes-gcm,128,182,30900
aes-gcm,128,183,31300
aes-gcm,128,184,31000
aes-gcm,128,185,31500
aes-gcm,128,186,31200
aes-gcm,128,187,31000
aes-gcm,128,188,31200
aes-gcm,128,189,30700
aes-gcm,128,190,31300
aes-gcm,128,191,30800
aes-gcm,128,192,31100
aes-gcm,128,193,30800
aes-gcm,128,194,31300
aes-gcm,128,195,31100
aes-gcm,128,196,31300
aes-gcm,128,197,31200
aes-gcm,128,198,31400
aes-gcm,128,199,31100
aes-gcm,128,200,31200
aes-gcm,128,201,31100
aes-gcm,128,202,31000
aes-gcm,128,203,31100
aes-gcm,128,204,31000
aes-gcm,128,205,31500
aes-gcm,128,206,31100
aes-gcm,128,207,30900
aes-gcm,128,208,31100
aes-gcm,128,209,31200
aes-gcm,128,210,30900
aes-gcm,128,211,31200
aes-gcm,128,212,31100
aes-gcm,128,213,30900
aes-gcm,128,214,31400
aes-gcm,128,215,30900
aes-gcm,128,216,31000
aes-gcm,128,217,31100
aes-gcm,128,218,31400
aes-gcm,128,219,30800
aes-gcm,128,220,31000
aes-gcm,128,221,31000
aes-gcm,128,222,30900
aes-gcm,128,223,30900
aes-gcm,128,224,31300
aes-gcm,128,225,30900
aes-gcm,128,226,31200
aes-gcm,128,227,31200
aes-gcm,128,228,31100
aes-gcm,128,229,31100
aes-gcm,128,230,31300
aes-gcm,128,231,30800
aes-gcm,128,232,31100
aes-gcm,128,233,30900
aes-gcm,128,234,31100
aes-gcm,128,235,31200
aes-gcm,128,236,40600
aes-gcm,128,237,35900
aes-gcm,128,238,30600
aes-gcm,128,239,30200
aes-gcm,128,240,29600
aes-gcm,128,241,29900
aes-gcm,128,242,29500
aes-gcm,128,243,29000
aes-gcm,128,244,29600
aes-gcm,128,245,29400
aes-gcm,128,246,29600
aes-gcm,128,247,28700
aes-gcm,128,248,29900
aes-gcm,128,249,29300
aes-gcm,128,250,29800
aes-gcm,128,251,29500
aes-gcm,128,252,29500
aes-gcm,128,253,29300
aes-gcm,128,254,29800
aes-gcm,128,255,29200
aes-gcm,128,256,29600
aes-gcm,128,257,29100
aes-gcm,128,258,29500
aes-gcm,128,259,29200
aes-gcm,128,260,29700
aes-gcm,128,261,29400
aes-gcm,128,262,29100
aes-gcm,128,263,29600
aes-gcm,128,264,29300
aes-gcm,128,265,29500
aes-gcm,128,266,30300
aes-gcm,128,267,29500
aes-gcm,128,268,29100
aes-gcm,128,269,85800
aes-gcm,128,270,149100
aes-gcm,128,271,73600
aes-gcm,128,272,148100
aes-gcm,128,273,44400
aes-gcm,128,274,32600
aes-gcm,128,275,31300
aes-gcm,128,276,33500
aes-gcm,128,277,30400
aes-gcm,128,278,29800
aes-gcm,128,279,28800
aes-gcm,128,280,30000
aes-gcm,128,281,29700
aes-gcm,128,282,29600
aes-gcm,128,283,29000
aes-gcm,128,284,30000
aes-gcm,128,285,29100
aes-gcm,128,286,29600
aes-gcm,128,287,29000
aes-gcm,128,288,29300
aes-gcm,128,289,29100
aes-gcm,128,290,29500
aes-gcm,128,291,29600
aes-gcm,128,292,29100
aes-gcm,128,293,29900
aes-gcm,128,294,28700
aes-gcm,128,295,29500
aes-gcm,128,296,29000
aes-gcm,128,297,29300
aes-gcm,128,298,28500
aes-gcm,128,299,29300
aes-gcm,128,300,28600
aes-gcm,128,301,29300
aes-gcm,128,302,28500
aes-gcm,128,303,29400
aes-gcm,128,304,28300
aes-gcm,128,305,30200
aes-gcm,128,306,29000
aes-gcm,128,307,29700
aes-gcm,128,308,29300
aes-gcm,128,309,29900
aes-gcm,128,310,29000
aes-gcm,128,311,29600
aes-gcm,128,312,29100
aes-gcm,128,313,29900
aes-gcm,128,314,29200
aes-gcm,128,315,29300
aes-gcm,128,316,30800
aes-gcm,128,317,29500
aes-gcm,128,318,29300
aes-gcm,128,319,29300
aes-gcm,128,320,28600
aes-gcm,128,321,29300
aes-gcm,128,322,28500
aes-gcm,128,323,29400
aes-gcm,128,324,29300
aes-gcm,128,325,29600
aes-gcm,128,326,28400
aes-gcm,128,327,29800
aes-gcm,128,328,28900
aes-gcm,128,329,29700
aes-gcm,128,330,29500
aes-gcm,128,331,29600
aes-gcm,128,332,28800
aes-gcm,128,333,29300
aes-gcm,128,334,29500
aes-gcm,128,335,28600
aes-gcm,128,336,29600
aes-gcm,128,337,29200
aes-gcm,128,338,30000
aes-gcm,128,339,28700
aes-gcm,128,340,29800
aes-gcm,128,341,28900
aes-gcm,128,342,29300
aes-gcm,128,343,29000
aes-gcm,128,344,29400
aes-gcm,128,345,29200
aes-gcm,128,346,29300
aes-gcm,128,347,28600
aes-gcm,128,348,29300
aes-gcm,128,349,28900
aes-gcm,128,350,29500
aes-gcm,128,351,28700
aes-gcm,128,352,29500
aes-gcm,128,353,29000
aes-gcm,128,354,29500
aes-gcm,128,355,28300
aes-gcm,128,356,30000
aes-gcm,128,357,29000
aes-gcm,128,358,29600
aes-gcm,128,359,29900
aes-gcm,128,360,29400
aes-gcm,128,361,29200
aes-gcm,128,362,29600
aes-gcm,128,363,29500
aes-gcm,128,364,29000
aes-gcm,128,365,29600
aes-gcm,128,366,28200
aes-gcm,128,367,29700
aes-gcm,128,368,29000
aes-gcm,128,369,29900
aes-gcm,128,370,29300
aes-gcm,128,371,29500
aes-gcm,128,372,28500
aes-gcm,128,373,29400
aes-gcm,128,374,29400
aes-gcm,128,375,29300
aes-gcm,128,376,29300
aes-gcm,128,377,29700
aes-gcm,128,378,28700
aes-gcm,128,379,29600
aes-gcm,128,380,28700
aes-gcm,128,381,29400
aes-gcm,128,382,28500
aes-gcm,128,383,29600
aes-gcm,128,384,28100
aes-gcm,128,385,29500
aes-gcm,128,386,28500
aes-gcm,128,387,29300
aes-gcm,128,388,29100
aes-gcm,128,389,29400
aes-gcm,128,390,28200
aes-gcm,128,391,29500
aes-gcm,128,392,29700
aes-gcm,128,393,28300
aes-gcm,128,394,30400
aes-gcm,128,395,29100
aes-gcm,128,396,29400
aes-gcm,128,397,29200
aes-gcm,128,398,29500
aes-gcm,128,399,29200
aes-gcm,128,400,29300
aes-gcm,128,401,29100
aes-gcm,128,402,29800
aes-gcm,128,403,29000
aes-gcm,128,404,29500
aes-gcm,128,405,28400
aes-gcm,128,406,30300
aes-gcm,128,407,29100
aes-gcm,128,408,29600
aes-gcm,128,409,28900
aes-gcm,128,410,29600
aes-gcm,128,411,28100
aes-gcm,128,412,29700
aes-gcm,128,413,28100
aes-gcm,128,414,29100
aes-gcm,128,415,28300
aes-gcm,128,416,29400
aes-gcm,128,417,29500
aes-gcm,128,418,28200
aes-gcm,128,419,29600
aes-gcm,128,420,28800
aes-gcm,128,421,29700
aes-gcm,128,422,28500
aes-gcm,128,423,29300
aes-gcm,128,424,28300
aes-gcm,128,425,29400
aes-gcm,128,426,29700
aes-gcm,128,427,29100
aes-gcm,128,428,29200
aes-gcm,128,429,28700
aes-gcm,128,430,29300
aes-gcm,128,431,29200
aes-gcm,128,432,29000
aes-gcm,128,433,32500
aes-gcm,128,434,29400
aes-gcm,128,435,29300
aes-gcm,128,436,29200
aes-gcm,128,437,29400
aes-gcm,128,438,28800
aes-gcm,128,439,29200
aes-gcm,128,440,29000
aes-gcm,128,441,29000
aes-gcm,128,442,29100
aes-gcm,128,443,29000
aes-gcm,128,444,29300
aes-gcm,128,445,28800
aes-gcm,128,446,29300
aes-gcm,128,447,29100
aes-gcm,128,448,29100
aes-gcm,128,449,29000
aes-gcm,128,450,28800
aes-gcm,128,451,29000
aes-gcm,128,452,29400
aes-gcm,128,453,29000
aes-gcm,128,454,28900
aes-gcm,128,455,29500
aes-gcm,128,456,28900
aes-gcm,128,457,29300
aes-gcm,128,458,30200
aes-gcm,128,459,29100
aes-gcm,128,460,29200
aes-gcm,128,461,28900
aes-gcm,128,462,29100
aes-gcm,128,463,29000
aes-gcm,128,464,29300
aes-gcm,128,465,28900
aes-gcm,128,466,29400
aes-gcm,128,467,29100
aes-gcm,128,468,29100
aes-gcm,128,469,29300
aes-gcm,128,470,28900
aes-gcm,128,471,29100
aes-gcm,128,472,29000
aes-gcm,128,473,29500
aes-gcm,128,474,28800
aes-gcm,128,475,29200
aes-gcm,128,476,29300
aes-gcm,128,477,29000
aes-gcm,128,478,29000
aes-gcm,128,479,29100
aes-gcm,128,480,29100
aes-gcm,128,481,29000
aes-gcm,128,482,29300
aes-gcm,128,483,28800
aes-gcm,128,484,29200
aes-gcm,128,485,29200
aes-gcm,128,486,28800
aes-gcm,128,487,29400
aes-gcm,128,488,29100
aes-gcm,128,489,29100
aes-gcm,128,490,29000
aes-gcm,128,491,29300
aes-gcm,128,492,28900
aes-gcm,128,493,29100
aes-gcm,128,494,29100
aes-gcm,128,495,29000
aes-gcm,128,496,30100
aes-gcm,128,497,29100
aes-gcm,128,498,29200
aes-gcm,128,499,29100
aes-gcm,128,500,29200
aes-gcm,128,501,28900
aes-gcm,128,502,29100
aes-gcm,128,503,29000
aes-gcm,128,504,29100
aes-gcm,128,505,29300
aes-gcm,128,506,29100
aes-gcm,128,507,29100
aes-gcm,128,508,29100
aes-gcm,128,509,29300
aes-gcm,128,510,29100
aes-gcm,128,511,29500
aes-gcm,128,512,29300
aes-gcm,128,513,28800
aes-gcm,128,514,29100
aes-gcm,128,515,29200
aes-gcm,128,516,29300
aes-gcm,128,517,29100
aes-gcm,128,518,29300
aes-gcm,128,519,28900
aes-gcm,128,520,29300
aes-gcm,128,521,29600
aes-gcm,128,522,28800
aes-gcm,128,523,29100
aes-gcm,128,524,28900
aes-gcm,128,525,29100
aes-gcm,128,526,29000
aes-gcm,128,527,29400
aes-gcm,128,528,29000
aes-gcm,128,529,29300
aes-gcm,128,530,29200
aes-gcm,128,531,28900
aes-gcm,128,532,29100
aes-gcm,128,533,29100
aes-gcm,128,534,29100
aes-gcm,128,535,29000
aes-gcm,128,536,29400
aes-gcm,128,537,29000
aes-gcm,128,538,29100
aes-gcm,128,539,29100
aes-gcm,128,540,29200
aes-gcm,128,541,29100
aes-gcm,128,542,29100
aes-gcm,128,543,29000
aes-gcm,128,544,28900
aes-gcm,128,545,29300
aes-gcm,128,546,28900
aes-gcm,128,547,29300
aes-gcm,128,548,29300
aes-gcm,128,549,28700
aes-gcm,128,550,29200
aes-gcm,128,551,29200
aes-gcm,128,552,29300
aes-gcm,128,553,28900
aes-gcm,128,554,29400
aes-gcm,128,555,28900
aes-gcm,128,556,29100
aes-gcm,128,557,29200
aes-gcm,128,558,28800
aes-gcm,128,559,29200
aes-gcm,128,560,29700
aes-gcm,128,561,28900
aes-gcm,128,562,29100
aes-gcm,128,563,29300
aes-gcm,128,564,28800
aes-gcm,128,565,29300
aes-gcm,128,566,29000
aes-gcm,128,567,29100
aes-gcm,128,568,29300
aes-gcm,128,569,29100
aes-gcm,128,570,29200
aes-gcm,128,571,28800
aes-gcm,128,572,29400
aes-gcm,128,573,29100
aes-gcm,128,574,29100
aes-gcm,128,575,29200
aes-gcm,128,576,29000
aes-gcm,128,577,29300
aes-gcm,128,578,29100
aes-gcm,128,579,29000
aes-gcm,128,580,29100
aes-gcm,128,581,29200
aes-gcm,128,582,28800
aes-gcm,128,583,29200
aes-gcm,128,584,29200
aes-gcm,128,585,29700
aes-gcm,128,586,29200
aes-gcm,128,587,29300
aes-gcm,128,588,29100
aes-gcm,128,589,28900
aes-gcm,128,590,29300
aes-gcm,128,591,29000
aes-gcm,128,592,29300
aes-gcm,128,593,29300
aes-gcm,128,594,29100
aes-gcm,128,595,29300
aes-gcm,128,596,29300
aes-gcm,128,597,29200
aes-gcm,128,598,29000
aes-gcm,128,599,29200
aes-gcm,128,600,28900
aes-gcm,128,601,29400
aes-gcm,128,602,29200
aes-gcm,128,603,28900
aes-gcm,128,604,29400
aes-gcm,128,605,29100
aes-gcm,128,606,29200
aes-gcm,128,607,29100
aes-gcm,128,608,29400
aes-gcm,128,609,28900
aes-gcm,128,610,29100
aes-gcm,128,611,29100
aes-gcm,128,612,29400
aes-gcm,128,613,29300
aes-gcm,128,614,29100
aes-gcm,128,615,29200
aes-gcm,128,616,29100
aes-gcm,128,617,29400
aes-gcm,128,618,28800
aes-gcm,128,619,29100
aes-gcm,128,620,29100
aes-gcm,128,621,28800
aes-gcm,128,622,29100
aes-gcm,128,623,29100
aes-gcm,128,624,29800
aes-gcm,128,625,28900
aes-gcm,128,626,29400
aes-gcm,128,627,29000
aes-gcm,128,628,29100
aes-gcm,128,629,29100
aes-gcm,128,630,28900
aes-gcm,128,631,29100
aes-gcm,128,632,29200
aes-gcm,128,633,29400
aes-gcm,128,634,29000
aes-gcm,128,635,29300
aes-gcm,128,636,29100
aes-gcm,128,637,29200
aes-gcm,128,638,29100
aes-gcm,128,639,28900
aes-gcm,128,640,29200
aes-gcm,128,641,29200
aes-gcm,128,642,29000
aes-gcm,128,643,29000
aes-gcm,128,644,29300
aes-gcm,128,645,28700
aes-gcm,128,646,29300
aes-gcm,128,647,29400
aes-gcm,128,648,28900
aes-gcm,128,649,30300
aes-gcm,128,650,29000
aes-gcm,128,651,29100
aes-gcm,128,652,29000
aes-gcm,128,653,29400
aes-gcm,128,654,29100
aes-gcm,128,655,29400
aes-gcm,128,656,29500
aes-gcm,128,657,29100
aes-gcm,128,658,29300
aes-gcm,128,659,29100
aes-gcm,128,660,29000
aes-gcm,128,661,29000
aes-gcm,128,662,29300
aes-gcm,128,663,155000
aes-gcm,128,664,73000
aes-gcm,128,665,46100
aes-gcm,128,666,43400
aes-gcm,128,667,42400
aes-gcm,128,668,43500
aes-gcm,128,669,43500
aes-gcm,128,670,42900
aes-gcm,128,671,43800
aes-gcm,128,672,42300
aes-gcm,128,673,41900
aes-gcm,128,674,42900
aes-gcm,128,675,43400
aes-gcm,128,676,36600
aes-gcm,128,677,29800
aes-gcm,128,678,45800
aes-gcm,128,679,143500
aes-gcm,128,680,47700
aes-gcm,128,681,83100
aes-gcm,128,682,101200
aes-gcm,128,683,84400
aes-gcm,128,684,42100
aes-gcm,128,685,67000
aes-gcm,128,686,30400
aes-gcm,128,687,33300
aes-gcm,128,688,31800
aes-gcm,128,689,29600
aes-gcm,128,690,29200
aes-gcm,128,691,29800
aes-gcm,128,692,29800
aes-gcm,128,693,31000
aes-gcm,128,694,64600
aes-gcm,128,695,33400
aes-gcm,128,696,46000
aes-gcm,128,697,45900
aes-gcm,128,698,32700
aes-gcm,128,699,29200
aes-gcm,128,700,29100
aes-gcm,128,701,29100
aes-gcm,128,702,29400
aes-gcm,128,703,29400
aes-gcm,128,704,66100
aes-gcm,128,705,39000
aes-gcm,128,706,30900
aes-gcm,128,707,29900
aes-gcm,128,708,28800
aes-gcm,128,709,29900
aes-gcm,128,710,29400
aes-gcm,128,711,28500
aes-gcm,128,712,29000
aes-gcm,128,713,30000
aes-gcm,128,714,29000
aes-gcm,128,715,28400
aes-gcm,128,716,29300
aes-gcm,128,717,28200
aes-gcm,128,718,29000
aes-gcm,128,719,28700
aes-gcm,128,720,29000
aes-gcm,128,721,28800
aes-gcm,128,722,28900
aes-gcm,128,723,28500
aes-gcm,128,724,28900
aes-gcm,128,725,28300
aes-gcm,128,726,28900
aes-gcm,128,727,28600
aes-gcm,128,728,28800
aes-gcm,128,729,28200
aes-gcm,128,730,28900
aes-gcm,128,731,28800
aes-gcm,128,732,29000
aes-gcm,128,733,28400
aes-gcm,128,734,29200
aes-gcm,128,735,28300
aes-gcm,128,736,28900
aes-gcm,128,737,29300
aes-gcm,128,738,28200
aes-gcm,128,739,29300
aes-gcm,128,740,28600
aes-gcm,128,741,29300
aes-gcm,128,742,28200
aes-gcm,128,743,29100
aes-gcm,128,744,28700
aes-gcm,128,745,29200
aes-gcm,128,746,28400
aes-gcm,128,747,28700
aes-gcm,128,748,28700
aes-gcm,128,749,29000
aes-gcm,128,750,28600
aes-gcm,128,751,29700
aes-gcm,128,752,30300
aes-gcm,128,753,29100
aes-gcm,128,754,28700
aes-gcm,128,755,29300
aes-gcm,128,756,28900
aes-gcm,128,757,28900
aes-gcm,128,758,29200
aes-gcm,128,759,28300
aes-gcm,128,760,30400
aes-gcm,128,761,29100
aes-gcm,128,762,29000
aes-gcm,128,763,28400
aes-gcm,128,764,29300
aes-gcm,128,765,28300
aes-gcm,128,766,29100
aes-gcm,128,767,28500
aes-gcm,128,768,28900
aes-gcm,128,769,28900
aes-gcm,128,770,29000
aes-gcm,128,771,96600
aes-gcm,128,772,112200
aes-gcm,128,773,89100
aes-gcm,128,774,107700
aes-gcm,128,775,64100
aes-gcm,128,776,35700
aes-gcm,128,777,68900
aes-gcm,128,778,38800
aes-gcm,128,779,31800
aes-gcm,128,780,29900
aes-gcm,128,781,29200
aes-gcm,128,782,29300
aes-gcm,128,783,28000
aes-gcm,128,784,29200
aes-gcm,128,785,28600
aes-gcm,128,786,29000
aes-gcm,128,787,28100
aes-gcm,128,788,29300
aes-gcm,128,789,28300
aes-gcm,128,790,29100
aes-gcm,128,791,29300
aes-gcm,128,792,28900
aes-gcm,128,793,28200
aes-gcm,128,794,28700
aes-gcm,128,795,29000
aes-gcm,128,796,28800
aes-gcm,128,797,28500
aes-gcm,128,798,28700
aes-gcm,128,799,28200
aes-gcm,128,800,28800
aes-gcm,128,801,28200
aes-gcm,128,802,29400
aes-gcm,128,803,28200
aes-gcm,128,804,29500
aes-gcm,128,805,28000
aes-gcm,128,806,29100
aes-gcm,128,807,28000
aes-gcm,128,808,28900
aes-gcm,128,809,28700
aes-gcm,128,810,28700
aes-gcm,128,811,28000
aes-gcm,128,812,29100
aes-gcm,128,813,28000
aes-gcm,128,814,28500
aes-gcm,128,815,29300
aes-gcm,128,816,28800
aes-gcm,128,817,29100
aes-gcm,128,818,27800
aes-gcm,128,819,28700
aes-gcm,128,820,28200
aes-gcm,128,821,28900
aes-gcm,128,822,28700
aes-gcm,128,823,28900
aes-gcm,128,824,28600
aes-gcm,128,825,28500
aes-gcm,128,826,28800
aes-gcm,128,827,28300
aes-gcm,128,828,28900
aes-gcm,128,829,28100
aes-gcm,128,830,29000
aes-gcm,128,831,28900
aes-gcm,128,832,28800
aes-gcm,128,833,28500
aes-gcm,128,834,28800
aes-gcm,128,835,28500
aes-gcm,128,836,28900
aes-gcm,128,837,28200
aes-gcm,128,838,29000
aes-gcm,128,839,28500
aes-gcm,128,840,29600
aes-gcm,128,841,28000
aes-gcm,128,842,29100
aes-gcm,128,843,27800
aes-gcm,128,844,29100
aes-gcm,128,845,28800
aes-gcm,128,846,28800
aes-gcm,128,847,27900
aes-gcm,128,848,28800
aes-gcm,128,849,28200
aes-gcm,128,850,28800
aes-gcm,128,851,29200
aes-gcm,128,852,28700
aes-gcm,128,853,29100
aes-gcm,128,854,27900
aes-gcm,128,855,28900
aes-gcm,128,856,28100
aes-gcm,128,857,28800
aes-gcm,128,858,28300
aes-gcm,128,859,28600
aes-gcm,128,860,29200
aes-gcm,128,861,28700
aes-gcm,128,862,28400
aes-gcm,128,863,29100
aes-gcm,128,864,28700
aes-gcm,128,865,29100
aes-gcm,128,866,28500
aes-gcm,128,867,28900
aes-gcm,128,868,28100
aes-gcm,128,869,29200
aes-gcm,128,870,28400
aes-gcm,128,871,29000
aes-gcm,128,872,28700
aes-gcm,128,873,28800
aes-gcm,128,874,28200
aes-gcm,128,875,28800
aes-gcm,128,876,28100
aes-gcm,128,877,29100
aes-gcm,128,878,29100
aes-gcm,128,879,29400
aes-gcm,128,880,28600
aes-gcm,128,881,28900
aes-gcm,128,882,28700
aes-gcm,128,883,29500
aes-gcm,128,884,29300
aes-gcm,128,885,29000
aes-gcm,128,886,28800
aes-gcm,128,887,29500
aes-gcm,128,888,28800
aes-gcm,128,889,28900
aes-gcm,128,890,28300
aes-gcm,128,891,28700
aes-gcm,128,892,29100
aes-gcm,128,893,29000
aes-gcm,128,894,30900
aes-gcm,128,895,30600
aes-gcm,128,896,29900
aes-gcm,128,897,29500
aes-gcm,128,898,29700
aes-gcm,128,899,29500
aes-gcm,128,900,29300
aes-gcm,128,901,29700
aes-gcm,128,902,29800
aes-gcm,128,903,29500
aes-gcm,128,904,31300
aes-gcm,128,905,29700
aes-gcm,128,906,29200
aes-gcm,128,907,29200
aes-gcm,128,908,29500
aes-gcm,128,909,28800
aes-gcm,128,910,29600
aes-gcm,128,911,29500
aes-gcm,128,912,29700
aes-gcm,128,913,29500
aes-gcm,128,914,29500
aes-gcm,128,915,29300
aes-gcm,128,916,29700
aes-gcm,128,917,31000
aes-gcm,128,918,29500
aes-gcm,128,919,31400
aes-gcm,128,920,29100
aes-gcm,128,921,29400
aes-gcm,128,922,29300
aes-gcm,128,923,29100
aes-gcm,128,924,52900
aes-gcm,128,925,45900
aes-gcm,128,926,151700
aes-gcm,128,927,97400
aes-gcm,128,928,61000
aes-gcm,128,929,99400
aes-gcm,128,930,62400
aes-gcm,128,931,52100
aes-gcm,128,932,104800
aes-gcm,128,933,58000
aes-gcm,128,934,33400
aes-gcm,128,935,30900
aes-gcm,128,936,29900
aes-gcm,128,937,43900
aes-gcm,128,938,84000
aes-gcm,128,939,61600
aes-gcm,128,940,69600
aes-gcm,128,941,42000
aes-gcm,128,942,35500
aes-gcm,128,943,38000
aes-gcm,128,944,29800
aes-gcm,128,945,29900
aes-gcm,128,946,29800
aes-gcm,128,947,49100
aes-gcm,128,948,56700
aes-gcm,128,949,48700
aes-gcm,128,950,48900
aes-gcm,128,951,32000
aes-gcm,128,952,30100
aes-gcm,128,953,29500
aes-gcm,128,954,30300
aes-gcm,128,955,72900
aes-gcm,128,956,34900
aes-gcm,128,957,30500
aes-gcm,128,958,30000
aes-gcm,128,959,30100
aes-gcm,128,960,30100
aes-gcm,128,961,30000
aes-gcm,128,962,30300
aes-gcm,128,963,30700
aes-gcm,128,964,82300
aes-gcm,128,965,146100
aes-gcm,128,966,59100
aes-gcm,128,967,33600
aes-gcm,128,968,90300
aes-gcm,128,969,97100
aes-gcm,128,970,71900
aes-gcm,128,971,56100
aes-gcm,128,972,85400
aes-gcm,128,973,60400
aes-gcm,128,974,84700
aes-gcm,128,975,83400
aes-gcm,128,976,39800
aes-gcm,128,977,104200
aes-gcm,128,978,99700
aes-gcm,128,979,157100
aes-gcm,128,980,87900
aes-gcm,128,981,37700
aes-gcm,128,982,39200
aes-gcm,128,983,31000
aes-gcm,128,984,41300
aes-gcm,128,985,30200
aes-gcm,128,986,48200
aes-gcm,128,987,52300
aes-gcm,128,988,68500
aes-gcm,128,989,39300
aes-gcm,128,990,49600
aes-gcm,128,991,46500
aes-gcm,128,992,80100
aes-gcm,128,993,86200
aes-gcm,128,994,142600
aes-gcm,128,995,90600
aes-gcm,128,996,84700
aes-gcm,128,997,78300
aes-gcm,128,998,64200
aes-gcm,128,999,46500
aes-gcm,128,1000,38600
aes-gcm,128,1001,148000
aes-gcm,128,1002,98100
aes-gcm,128,1003,103600
aes-gcm,128,1004,74600
aes-gcm,128,1005,55200
aes-gcm,128,1006,39600
aes-gcm,128,1007,83800
aes-gcm,128,1008,84200
aes-gcm,128,1009,57900
aes-gcm,128,1010,97200
aes-gcm,128,1011,56600
aes-gcm,128,1012,32500
aes-gcm,128,1013,30200
aes-gcm,128,1014,30900
aes-gcm,128,1015,30000
aes-gcm,128,1016,30000
aes-gcm,128,1017,29300
aes-gcm,128,1018,29500
aes-gcm,128,1019,29400
aes-gcm,128,1020,29200
aes-gcm,128,1021,29000
aes-gcm,128,1022,29400
aes-gcm,128,1023,29000
aes-gcm,128,1024,29600
aes-gcm,128,1025,29500
aes-gcm,128,1026,29100
aes-gcm,128,1027,29200
aes-gcm,128,1028,29200
aes-gcm,128,1029,29200
aes-gcm,128,1030,29100
aes-gcm,128,1031,66500
aes-gcm,128,1032,38300
aes-gcm,128,1033,51600
aes-gcm,128,1034,47800
aes-gcm,128,1035,35300
aes-gcm,128,1036,54300
aes-gcm,128,1037,47700
aes-gcm,128,1038,35000
aes-gcm,128,1039,31800
aes-gcm,128,1040,31200
aes-gcm,128,1041,50300
aes-gcm,128,1042,47600
aes-gcm,128,1043,34800
aes-gcm,128,1044,31200
aes-gcm,128,1045,30800
aes-gcm,128,1046,54100
aes-gcm,128,1047,129800
aes-gcm,128,1048,62600
aes-gcm,128,1049,87900
aes-gcm,128,1050,57300
aes-gcm,128,1051,33700
aes-gcm,128,1052,31000
aes-gcm,128,1053,30200
aes-gcm,128,1054,31200
aes-gcm,128,1055,62300
aes-gcm,128,1056,39300
aes-gcm,128,1057,31600
aes-gcm,128,1058,29700
aes-gcm,128,1059,29700
aes-gcm,128,1060,29400
aes-gcm,128,1061,30000
aes-gcm,128,1062,29200
aes-gcm,128,1063,29700
aes-gcm,128,1064,29500
aes-gcm,128,1065,29800
aes-gcm,128,1066,30200
aes-gcm,128,1067,50300
aes-gcm,128,1068,90900
aes-gcm,128,1069,57300
aes-gcm,128,1070,68500
aes-gcm,128,1071,48400
aes-gcm,128,1072,32300
aes-gcm,128,1073,29800
aes-gcm,128,1074,29700
aes-gcm,128,1075,36700
aes-gcm,128,1076,30000
aes-gcm,128,1077,29000
aes-gcm,128,1078,29700
aes-gcm,128,1079,29200
aes-gcm,128,1080,29000
aes-gcm,128,1081,29400
aes-gcm,128,1082,29300
aes-gcm,128,1083,29500
aes-gcm,128,1084,29100
aes-gcm,128,1085,29500
aes-gcm,128,1086,29000
aes-gcm,128,1087,29300
aes-gcm,128,1088,29200
aes-gcm,128,1089,28900
aes-gcm,128,1090,29200
aes-gcm,128,1091,29300
aes-gcm,128,1092,29100
aes-gcm,128,1093,29000
aes-gcm,128,1094,29600
aes-gcm,128,1095,30100
aes-gcm,128,1096,29200
aes-gcm,128,1097,29000
aes-gcm,128,1098,29100
aes-gcm,128,1099,29100
aes-gcm,128,1100,29300
aes-gcm,128,1101,29400
aes-gcm,128,1102,29000
aes-gcm,128,1103,29200
aes-gcm,128,1104,29100
aes-gcm,128,1105,29200
aes-gcm,128,1106,29100
aes-gcm,128,1107,29000
aes-gcm,128,1108,29300
aes-gcm,128,1109,29200
aes-gcm,128,1110,29200
aes-gcm,128,1111,29100
aes-gcm,128,1112,31700
aes-gcm,128,1113,29500
aes-gcm,128,1114,29400
aes-gcm,128,1115,29500
aes-gcm,128,1116,29100
aes-gcm,128,1117,29300
aes-gcm,128,1118,29100
aes-gcm,128,1119,29200
aes-gcm,128,1120,29000
aes-gcm,128,1121,29400
aes-gcm,128,1122,29000
aes-gcm,128,1123,29500
aes-gcm,128,1124,89000
aes-gcm,128,1125,97100
aes-gcm,128,1126,57400
aes-gcm,128,1127,32700
aes-gcm,128,1128,30200
aes-gcm,128,1129,29800
aes-gcm,128,1130,29700
aes-gcm,128,1131,29600
aes-gcm,128,1132,30200
aes-gcm,128,1133,29400
aes-gcm,128,1134,31400
aes-gcm,128,1135,29800
aes-gcm,128,1136,29700
aes-gcm,128,1137,70300
aes-gcm,128,1138,30100
aes-gcm,128,1139,51200
aes-gcm,128,1140,100100
aes-gcm,128,1141,57600
aes-gcm,128,1142,33200
aes-gcm,128,1143,30400
aes-gcm,128,1144,29900
aes-gcm,128,1145,29500
aes-gcm,128,1146,29400
aes-gcm,128,1147,29500
aes-gcm,128,1148,29400
aes-gcm,128,1149,29300
aes-gcm,128,1150,29900
aes-gcm,128,1151,29300
aes-gcm,128,1152,29400
aes-gcm,128,1153,29600
aes-gcm,128,1154,29400
aes-gcm,128,1155,29300
aes-gcm,128,1156,29100
aes-gcm,128,1157,29200
aes-gcm,128,1158,28800
aes-gcm,128,1159,31300
aes-gcm,128,1160,29100
aes-gcm,128,1161,29500
aes-gcm,128,1162,29200
aes-gcm,128,1163,29300
aes-gcm,128,1164,92900
aes-gcm,128,1165,90800
aes-gcm,128,1166,42100
aes-gcm,128,1167,31000
aes-gcm,128,1168,29900
aes-gcm,128,1169,29900
aes-gcm,128,1170,29300
aes-gcm,128,1171,29500
aes-gcm,128,1172,29800
aes-gcm,128,1173,29400
aes-gcm,128,1174,29400
aes-gcm,128,1175,30000
aes-gcm,128,1176,29400
aes-gcm,128,1177,29500
aes-gcm,128,1178,29300
aes-gcm,128,1179,29100
aes-gcm,128,1180,29500
aes-gcm,128,1181,29300
aes-gcm,128,1182,29400
aes-gcm,128,1183,29600
aes-gcm,128,1184,29800
aes-gcm,128,1185,29400
aes-gcm,128,1186,29300
aes-gcm,128,1187,29200
aes-gcm,128,1188,29000
aes-gcm,128,1189,29200
aes-gcm,128,1190,29300
aes-gcm,128,1191,29100
aes-gcm,128,1192,29300
aes-gcm,128,1193,29400
aes-gcm,128,1194,29200
aes-gcm,128,1195,29300
aes-gcm,128,1196,29500
aes-gcm,128,1197,29600
aes-gcm,128,1198,30400
aes-gcm,128,1199,29400
aes-gcm,128,1200,29400
aes-gcm,128,1201,29200
aes-gcm,128,1202,29600
aes-gcm,128,1203,29000
aes-gcm,128,1204,29500
aes-gcm,128,1205,29400
aes-gcm,128,1206,29000
aes-gcm,128,1207,29400
aes-gcm,128,1208,29300
aes-gcm,128,1209,29200
aes-gcm,128,1210,29100
aes-gcm,128,1211,29300
aes-gcm,128,1212,29000
aes-gcm,128,1213,29400
aes-gcm,128,1214,29400
aes-gcm,128,1215,29400
aes-gcm,128,1216,29400
aes-gcm,128,1217,29500
aes-gcm,128,1218,29300
aes-gcm,128,1219,29100
aes-gcm,128,1220,29500
aes-gcm,128,1221,29000
aes-gcm,128,1222,29300
aes-gcm,128,1223,30000
aes-gcm,128,1224,29100
aes-gcm,128,1225,29400
aes-gcm,128,1226,29400
aes-gcm,128,1227,29400
aes-gcm,128,1228,29100
aes-gcm,128,1229,29700
aes-gcm,128,1230,28900
aes-gcm,128,1231,29200
aes-gcm,128,1232,29200
aes-gcm,128,1233,29000
aes-gcm,128,1234,29400
aes-gcm,128,1235,29300
aes-gcm,128,1236,29600
aes-gcm,128,1237,29300
aes-gcm,128,1238,29300
aes-gcm,128,1239,29100
aes-gcm,128,1240,28900
aes-gcm,128,1241,28700
aes-gcm,128,1242,28600
aes-gcm,128,1243,28700
aes-gcm,128,1244,28900
aes-gcm,128,1245,28800
aes-gcm,128,1246,28800
aes-gcm,128,1247,29200
aes-gcm,128,1248,28600
aes-gcm,128,1249,29100
aes-gcm,128,1250,28700
aes-gcm,128,1251,28400
aes-gcm,128,1252,28900
aes-gcm,128,1253,28900
aes-gcm,128,1254,28700
aes-gcm,128,1255,28800
aes-gcm,128,1256,29200
aes-gcm,128,1257,28700
aes-gcm,128,1258,29000
aes-gcm,128,1259,28900
aes-gcm,128,1260,28800
aes-gcm,128,1261,29700
aes-gcm,128,1262,28700
aes-gcm,128,1263,29000
aes-gcm,128,1264,28700
aes-gcm,128,1265,28900
aes-gcm,128,1266,28900
aes-gcm,128,1267,28800
aes-gcm,128,1268,29000
aes-gcm,128,1269,28600
aes-gcm,128,1270,28900
aes-gcm,128,1271,28900
aes-gcm,128,1272,29300
aes-gcm,128,1273,28600
aes-gcm,128,1274,29000
aes-gcm,128,1275,28700
aes-gcm,128,1276,28900
aes-gcm,128,1277,28900
aes-gcm,128,1278,103100
aes-gcm,128,1279,63000
aes-gcm,128,1280,83600
aes-gcm,128,1281,37700
aes-gcm,128,1282,30300
aes-gcm,128,1283,30500
aes-gcm,128,1284,29000
aes-gcm,128,1285,28800
aes-gcm,128,1286,30900
aes-gcm,128,1287,28600
aes-gcm,128,1288,29600
aes-gcm,128,1289,29000
aes-gcm,128,1290,29100
aes-gcm,128,1291,28600
aes-gcm,128,1292,28900
aes-gcm,128,1293,28700
aes-gcm,128,1294,29000
aes-gcm,128,1295,28700
aes-gcm,128,1296,28700
aes-gcm,128,1297,28600
aes-gcm,128,1298,29100
aes-gcm,128,1299,28600
aes-gcm,128,1300,28500
aes-gcm,128,1301,31900
aes-gcm,128,1302,29000
aes-gcm,128,1303,28800
aes-gcm,128,1304,29100
aes-gcm,128,1305,28700
aes-gcm,128,1306,28800
aes-gcm,128,1307,28700
aes-gcm,128,1308,28800
aes-gcm,128,1309,28700
aes-gcm,128,1310,28900
aes-gcm,128,1311,28300
aes-gcm,128,1312,28800
aes-gcm,128,1313,28800
aes-gcm,128,1314,28700
aes-gcm,128,1315,28900
aes-gcm,128,1316,28800
aes-gcm,128,1317,28700
aes-gcm,128,1318,28600
aes-gcm,128,1319,28700
aes-gcm,128,1320,28600
aes-gcm,128,1321,28800
aes-gcm,128,1322,28800
aes-gcm,128,1323,28300
aes-gcm,128,1324,28800
aes-gcm,128,1325,29900
aes-gcm,128,1326,28700
aes-gcm,128,1327,28400
aes-gcm,128,1328,29000
aes-gcm,128,1329,28600
aes-gcm,128,1330,28900
aes-gcm,128,1331,28600
aes-gcm,128,1332,28700
aes-gcm,128,1333,28700
aes-gcm,128,1334,28900
aes-gcm,128,1335,28700
aes-gcm,128,1336,28600
aes-gcm,128,1337,29000
aes-gcm,128,1338,29000
aes-gcm,128,1339,28800
aes-gcm,128,1340,28700
aes-gcm,128,1341,28600
aes-gcm,128,1342,28900
aes-gcm,128,1343,28400
aes-gcm,128,1344,28600
aes-gcm,128,1345,28800
aes-gcm,128,1346,28800
aes-gcm,128,1347,28400
aes-gcm,128,1348,28700
aes-gcm,128,1349,28700
aes-gcm,128,1350,29300
aes-gcm,128,1351,28600
aes-gcm,128,1352,28800
aes-gcm,128,1353,28900
aes-gcm,128,1354,28700
aes-gcm,128,1355,29000
aes-gcm,128,1356,28500
aes-gcm,128,1357,28700
aes-gcm,128,1358,28900
aes-gcm,128,1359,28600
aes-gcm,128,1360,28800
aes-gcm,128,1361,28700
aes-gcm,128,1362,28900
aes-gcm,128,1363,28400
aes-gcm,128,1364,28700
aes-gcm,128,1365,28400
aes-gcm,128,1366,28900
aes-gcm,128,1367,28500
aes-gcm,128,1368,28600
aes-gcm,128,1369,28900
aes-gcm,128,1370,28600
aes-gcm,128,1371,28800
aes-gcm,128,1372,28500
aes-gcm,128,1373,28900
aes-gcm,128,1374,28400
aes-gcm,128,1375,28600
aes-gcm,128,1376,28800
aes-gcm,128,1377,28500
aes-gcm,128,1378,28900
aes-gcm,128,1379,28900
aes-gcm,128,1380,28600
aes-gcm,128,1381,28500
aes-gcm,128,1382,28800
aes-gcm,128,1383,28300
aes-gcm,128,1384,28800
aes-gcm,128,1385,28600
aes-gcm,128,1386,28400
aes-gcm,128,1387,28700
aes-gcm,128,1388,28600
aes-gcm,128,1389,29800
aes-gcm,128,1390,28500
aes-gcm,128,1391,28800
aes-gcm,128,1392,28600
aes-gcm,128,1393,28700
aes-gcm,128,1394,28800
aes-gcm,128,1395,28800
aes-gcm,128,1396,28500
aes-gcm,128,1397,28800
aes-gcm,128,1398,28800
aes-gcm,128,1399,28300
aes-gcm,128,1400,28900
aes-gcm,128,1401,28400
aes-gcm,128,1402,28900
aes-gcm,128,1403,28500
aes-gcm,128,1404,28300
aes-gcm,128,1405,28300
aes-gcm,128,1406,28100
aes-gcm,128,1407,28100
aes-gcm,128,1408,28400
aes-gcm,128,1409,28300
aes-gcm,128,1410,27800
aes-gcm,128,1411,28300
aes-gcm,128,1412,28200
aes-gcm,128,1413,28500
aes-gcm,128,1414,29500
aes-gcm,128,1415,28600
aes-gcm,128,1416,28800
aes-gcm,128,1417,28400
aes-gcm,128,1418,29000
aes-gcm,128,1419,28800
aes-gcm,128,1420,28600
aes-gcm,128,1421,28700
aes-gcm,128,1422,73000
aes-gcm,128,1423,119600
aes-gcm,128,1424,56900
aes-gcm,128,1425,32500
aes-gcm,128,1426,33500
aes-gcm,128,1427,29200
aes-gcm,128,1428,28300
aes-gcm,128,1429,28400
aes-gcm,128,1430,28600
aes-gcm,128,1431,28000
aes-gcm,128,1432,28200
aes-gcm,128,1433,28200
aes-gcm,128,1434,28400
aes-gcm,128,1435,28600
aes-gcm,128,1436,28700
aes-gcm,128,1437,28000
aes-gcm,128,1438,28500
aes-gcm,128,1439,28600
aes-gcm,128,1440,28000
aes-gcm,128,1441,28300
aes-gcm,128,1442,28500
aes-gcm,128,1443,28200
aes-gcm,128,1444,28200
aes-gcm,128,1445,28600
aes-gcm,128,1446,27800
aes-gcm,128,1447,28300
aes-gcm,128,1448,28300
aes-gcm,128,1449,28000
aes-gcm,128,1450,28100
aes-gcm,128,1451,28100
aes-gcm,128,1452,28300
aes-gcm,128,1453,29200
aes-gcm,128,1454,28800
aes-gcm,128,1455,28300
aes-gcm,128,1456,28600
aes-gcm,128,1457,28300
aes-gcm,128,1458,28100
aes-gcm,128,1459,28500
aes-gcm,128,1460,28200
aes-gcm,128,1461,28300
aes-gcm,128,1462,28100
aes-gcm,128,1463,28400
aes-gcm,128,1464,28100
aes-gcm,128,1465,28300
aes-gcm,128,1466,28400
aes-gcm,128,1467,28100
aes-gcm,128,1468,28500
aes-gcm,128,1469,28200
aes-gcm,128,1470,28200
aes-gcm,128,1471,28200
aes-gcm,128,1472,28400
aes-gcm,128,1473,27700
aes-gcm,128,1474,31600
aes-gcm,128,1475,28300
aes-gcm,128,1476,28100
aes-gcm,128,1477,28500
aes-gcm,128,1478,32000
aes-gcm,128,1479,28600
aes-gcm,128,1480,28000
aes-gcm,128,1481,28300
aes-gcm,128,1482,28100
aes-gcm,128,1483,28200
aes-gcm,128,1484,28300
aes-gcm,128,1485,28000
aes-gcm,128,1486,28400
aes-gcm,128,1487,28000
aes-gcm,128,1488,110500
aes-gcm,128,1489,39800
aes-gcm,128,1490,68300
aes-gcm,128,1491,51100
aes-gcm,128,1492,46200
aes-gcm,128,1493,44100
aes-gcm,128,1494,43200
aes-gcm,128,1495,63200
aes-gcm,128,1496,84100
aes-gcm,128,1497,38400
aes-gcm,128,1498,30400
aes-gcm,128,1499,29900
aes-gcm,128,1500,28400
aes-gcm,128,1501,28700
aes-gcm,128,1502,28400
aes-gcm,128,1503,28100
aes-gcm,128,1504,28500
aes-gcm,128,1505,29300
aes-gcm,128,1506,28600
aes-gcm,128,1507,28300
aes-gcm,128,1508,28800
aes-gcm,128,1509,28100
aes-gcm,128,1510,28600
aes-gcm,128,1511,28400
aes-gcm,128,1512,28300
aes-gcm,128,1513,28400
aes-gcm,128,1514,28400
aes-gcm,128,1515,28300
aes-gcm,128,1516,30600
aes-gcm,128,1517,28700
aes-gcm,128,1518,28100
aes-gcm,128,1519,28400
aes-gcm,128,1520,28200
aes-gcm,128,1521,28300
aes-gcm,128,1522,28500
aes-gcm,128,1523,28100
aes-gcm,128,1524,28400
aes-gcm,128,1525,28300
aes-gcm,128,1526,28800
aes-gcm,128,1527,27900
aes-gcm,128,1528,28200
aes-gcm,128,1529,28300
aes-gcm,128,1530,28100
aes-gcm,128,1531,28400
aes-gcm,128,1532,28300
aes-gcm,128,1533,28300
aes-gcm,128,1534,28100
aes-gcm,128,1535,28300
aes-gcm,128,1536,28200
aes-gcm,128,1537,28300
aes-gcm,128,1538,28300
aes-gcm,128,1539,27900
aes-gcm,128,1540,28300
aes-gcm,128,1541,28900
aes-gcm,128,1542,28500
aes-gcm,128,1543,28100
aes-gcm,128,1544,28500
aes-gcm,128,1545,30700
aes-gcm,128,1546,28600
aes-gcm,128,1547,28400
aes-gcm,128,1548,28100
aes-gcm,128,1549,28300
aes-gcm,128,1550,28300
aes-gcm,128,1551,28300
aes-gcm,128,1552,28000
aes-gcm,128,1553,28500
aes-gcm,128,1554,28000
aes-gcm,128,1555,28400
aes-gcm,128,1556,28400
aes-gcm,128,1557,28000
aes-gcm,128,1558,28400
aes-gcm,128,1559,28400
aes-gcm,128,1560,28200
aes-gcm,128,1561,28100
aes-gcm,128,1562,28200
aes-gcm,128,1563,28200
aes-gcm,128,1564,28300
aes-gcm,128,1565,28200
aes-gcm,128,1566,28400
aes-gcm,128,1567,28300
aes-gcm,128,1568,28200
aes-gcm,128,1569,28400
aes-gcm,128,1570,28300
aes-gcm,128,1571,28300
aes-gcm,128,1572,28100
aes-gcm,128,1573,28300
aes-gcm,128,1574,28400
aes-gcm,128,1575,28000
aes-gcm,128,1576,28400
aes-gcm,128,1577,28400
aes-gcm,128,1578,28200
aes-gcm,128,1579,28200
aes-gcm,128,1580,29300
aes-gcm,128,1581,28400
aes-gcm,128,1582,28400
aes-gcm,128,1583,28400
aes-gcm,128,1584,28100
aes-gcm,128,1585,28700
aes-gcm,128,1586,28500
aes-gcm,128,1587,28300
aes-gcm,128,1588,28100
aes-gcm,128,1589,28400
aes-gcm,128,1590,28200
aes-gcm,128,1591,28300
aes-gcm,128,1592,28200
aes-gcm,128,1593,28000
aes-gcm,128,1594,28200
aes-gcm,128,1595,28400
aes-gcm,128,1596,28400
aes-gcm,128,1597,28200
aes-gcm,128,1598,28500
aes-gcm,128,1599,28100
aes-gcm,128,1600,28300
aes-gcm,128,1601,28400
aes-gcm,128,1602,28200
aes-gcm,128,1603,28300
aes-gcm,128,1604,28100
aes-gcm,128,1605,29100
aes-gcm,128,1606,28300
aes-gcm,128,1607,28300
aes-gcm,128,1608,28000
aes-gcm,128,1609,28300
aes-gcm,128,1610,28200
aes-gcm,128,1611,27900
aes-gcm,128,1612,28400
aes-gcm,128,1613,28200
aes-gcm,128,1614,65300
aes-gcm,128,1615,117400
aes-gcm,128,1616,70800
aes-gcm,128,1617,122500
aes-gcm,128,1618,42400
aes-gcm,128,1619,56500
aes-gcm,128,1620,61300
aes-gcm,128,1621,84900
aes-gcm,128,1622,76800
aes-gcm,128,1623,115200
aes-gcm,128,1624,58000
aes-gcm,128,1625,32500
aes-gcm,128,1626,28700
aes-gcm,128,1627,29000
aes-gcm,128,1628,28400
aes-gcm,128,1629,28300
aes-gcm,128,1630,28800
aes-gcm,128,1631,29400
aes-gcm,128,1632,28400
aes-gcm,128,1633,28200
aes-gcm,128,1634,34800
aes-gcm,128,1635,88500
aes-gcm,128,1636,56200
aes-gcm,128,1637,31800
aes-gcm,128,1638,29100
aes-gcm,128,1639,28900
aes-gcm,128,1640,28500
aes-gcm,128,1641,28900
aes-gcm,128,1642,29100
aes-gcm,128,1643,29000
aes-gcm,128,1644,30200
aes-gcm,128,1645,28900
aes-gcm,128,1646,28400
aes-gcm,128,1647,28200
aes-gcm,128,1648,28600
aes-gcm,128,1649,28300
aes-gcm,128,1650,28300
aes-gcm,128,1651,28200
aes-gcm,128,1652,28700
aes-gcm,128,1653,28000
aes-gcm,128,1654,84900
aes-gcm,128,1655,81700
aes-gcm,128,1656,60900
aes-gcm,128,1657,110300
aes-gcm,128,1658,103800
aes-gcm,128,1659,105000
aes-gcm,128,1660,56100
aes-gcm,128,1661,33400
aes-gcm,128,1662,28700
aes-gcm,128,1663,28900
aes-gcm,128,1664,28700
aes-gcm,128,1665,28500
aes-gcm,128,1666,28900
aes-gcm,128,1667,47800
aes-gcm,128,1668,45800
aes-gcm,128,1669,38200
aes-gcm,128,1670,29800
aes-gcm,128,1671,28700
aes-gcm,128,1672,28600
aes-gcm,128,1673,28600
aes-gcm,128,1674,28800
aes-gcm,128,1675,28700
aes-gcm,128,1676,28600
aes-gcm,128,1677,28500
aes-gcm,128,1678,28500
aes-gcm,128,1679,29300
aes-gcm,128,1680,28400
aes-gcm,128,1681,28700
aes-gcm,128,1682,28500
aes-gcm,128,1683,28300
aes-gcm,128,1684,28900
aes-gcm,128,1685,28500
aes-gcm,128,1686,28700
aes-gcm,128,1687,28500
aes-gcm,128,1688,28700
aes-gcm,128,1689,28700
aes-gcm,128,1690,28800
aes-gcm,128,1691,28600
aes-gcm,128,1692,28200
aes-gcm,128,1693,28500
aes-gcm,128,1694,28700
aes-gcm,128,1695,28500
aes-gcm,128,1696,28300
aes-gcm,128,1697,28800
aes-gcm,128,1698,28400
aes-gcm,128,1699,28800
aes-gcm,128,1700,28900
aes-gcm,128,1701,28400
aes-gcm,128,1702,28600
aes-gcm,128,1703,28600
aes-gcm,128,1704,28600
aes-gcm,128,1705,28400
aes-gcm,128,1706,29100
aes-gcm,128,1707,28700
aes-gcm,128,1708,29700
aes-gcm,128,1709,29000
aes-gcm,128,1710,28500
aes-gcm,128,1711,29000
aes-gcm,128,1712,28600
aes-gcm,128,1713,28500
aes-gcm,128,1714,32700
aes-gcm,128,1715,28600
aes-gcm,128,1716,28300
aes-gcm,128,1717,28600
aes-gcm,128,1718,28500
aes-gcm,128,1719,28500
aes-gcm,128,1720,28900
aes-gcm,128,1721,30500
aes-gcm,128,1722,28700
aes-gcm,128,1723,28300
aes-gcm,128,1724,28800
aes-gcm,128,1725,28300
aes-gcm,128,1726,28700
aes-gcm,128,1727,28600
aes-gcm,128,1728,28600
aes-gcm,128,1729,28800
aes-gcm,128,1730,28500
aes-gcm,128,1731,28500
aes-gcm,128,1732,28900
aes-gcm,128,1733,29700
aes-gcm,128,1734,28900
aes-gcm,128,1735,28400
aes-gcm,128,1736,28600
aes-gcm,128,1737,28400
aes-gcm,128,1738,29000
aes-gcm,128,1739,28600
aes-gcm,128,1740,28600
aes-gcm,128,1741,28400
aes-gcm,128,1742,28700
aes-gcm,128,1743,28700
aes-gcm,128,1744,28600
aes-gcm,128,1745,28700
aes-gcm,128,1746,28400
aes-gcm,128,1747,28900
aes-gcm,128,1748,28700
aes-gcm,128,1749,28700
aes-gcm,128,1750,28500
aes-gcm,128,1751,125200
aes-gcm,128,1752,82400
aes-gcm,128,1753,37300
aes-gcm,128,1754,31000
aes-gcm,128,1755,29500
aes-gcm,128,1756,29100
aes-gcm,128,1757,29400
aes-gcm,128,1758,28900
aes-gcm,128,1759,28800
aes-gcm,128,1760,29200
aes-gcm,128,1761,29000
aes-gcm,128,1762,28700
aes-gcm,128,1763,28800
aes-gcm,128,1764,28300
aes-gcm,128,1765,28900
aes-gcm,128,1766,28600
aes-gcm,128,1767,28600
aes-gcm,128,1768,28900
aes-gcm,128,1769,29000
aes-gcm,128,1770,28900
aes-gcm,128,1771,30900
aes-gcm,128,1772,28900
aes-gcm,128,1773,28800
aes-gcm,128,1774,28800
aes-gcm,128,1775,28600
aes-gcm,128,1776,28900
aes-gcm,128,1777,28500
aes-gcm,128,1778,29100
aes-gcm,128,1779,28600
aes-gcm,128,1780,28900
aes-gcm,128,1781,28500
aes-gcm,128,1782,28600
aes-gcm,128,1783,28700
aes-gcm,128,1784,28600
aes-gcm,128,1785,28800
aes-gcm,128,1786,28800
aes-gcm,128,1787,28800
aes-gcm,128,1788,28400
aes-gcm,128,1789,29200
aes-gcm,128,1790,28600
aes-gcm,128,1791,28500
aes-gcm,128,1792,28700
aes-gcm,128,1793,28800
aes-gcm,128,1794,29200
aes-gcm,128,1795,28600
aes-gcm,128,1796,29800
aes-gcm,128,1797,28300
aes-gcm,128,1798,28700
aes-gcm,128,1799,28700
aes-gcm,128,1800,28700
aes-gcm,128,1801,28700
aes-gcm,128,1802,28800
aes-gcm,128,1803,28900
aes-gcm,128,1804,28600
aes-gcm,128,1805,28900
aes-gcm,128,1806,28600
aes-gcm,128,1807,28800
aes-gcm,128,1808,28600
aes-gcm,128,1809,28700
aes-gcm,128,1810,28900
aes-gcm,128,1811,28700
aes-gcm,128,1812,28700
aes-gcm,128,1813,28600
aes-gcm,128,1814,29000
aes-gcm,128,1815,28800
aes-gcm,128,1816,28900
aes-gcm,128,1817,28600
aes-gcm,128,1818,28600
aes-gcm,128,1819,28900
aes-gcm,128,1820,28500
aes-gcm,128,1821,28800
aes-gcm,128,1822,28600
aes-gcm,128,1823,28900
aes-gcm,128,1824,28400
aes-gcm,128,1825,29000
aes-gcm,128,1826,28800
aes-gcm,128,1827,28400
aes-gcm,128,1828,28900
aes-gcm,128,1829,28700
aes-gcm,128,1830,28800
aes-gcm,128,1831,28700
aes-gcm,128,1832,28900
aes-gcm,128,1833,28700
aes-gcm,128,1834,29000
aes-gcm,128,1835,29500
aes-gcm,128,1836,28600
aes-gcm,128,1837,28700
aes-gcm,128,1838,28600
aes-gcm,128,1839,28700
aes-gcm,128,1840,28500
aes-gcm,128,1841,28800
aes-gcm,128,1842,28600
aes-gcm,128,1843,28600
aes-gcm,128,1844,28600
aes-gcm,128,1845,28500
aes-gcm,128,1846,28900
aes-gcm,128,1847,28600
aes-gcm,128,1848,28700
aes-gcm,128,1849,28600
aes-gcm,128,1850,28900
aes-gcm,128,1851,28600
aes-gcm,128,1852,28700
aes-gcm,128,1853,28800
aes-gcm,128,1854,28500
aes-gcm,128,1855,28900
aes-gcm,128,1856,28500
aes-gcm,128,1857,28700
aes-gcm,128,1858,28600
aes-gcm,128,1859,28800
aes-gcm,128,1860,32100
aes-gcm,128,1861,28700
aes-gcm,128,1862,28700
aes-gcm,128,1863,28300
aes-gcm,128,1864,28700
aes-gcm,128,1865,28600
aes-gcm,128,1866,28600
aes-gcm,128,1867,28700
aes-gcm,128,1868,28900
aes-gcm,128,1869,28400
aes-gcm,128,1870,28700
aes-gcm,128,1871,28600
aes-gcm,128,1872,28600
aes-gcm,128,1873,28700
aes-gcm,128,1874,29000
aes-gcm,128,1875,28800
aes-gcm,128,1876,28500
aes-gcm,128,1877,28700
aes-gcm,128,1878,28600
aes-gcm,128,1879,28700
aes-gcm,128,1880,28600
aes-gcm,128,1881,28400
aes-gcm,128,1882,28600
aes-gcm,128,1883,28700
aes-gcm,128,1884,28400
aes-gcm,128,1885,28700
aes-gcm,128,1886,28800
aes-gcm,128,1887,28400
aes-gcm,128,1888,28900
aes-gcm,128,1889,29000
aes-gcm,128,1890,28500
aes-gcm,128,1891,28800
aes-gcm,128,1892,28500
aes-gcm,128,1893,28700
aes-gcm,128,1894,28600
aes-gcm,128,1895,29000
aes-gcm,128,1896,28600
aes-gcm,128,1897,28700
aes-gcm,128,1898,28800
aes-gcm,128,1899,29400
aes-gcm,128,1900,28700
aes-gcm,128,1901,28500
aes-gcm,128,1902,28700
aes-gcm,128,1903,28600
aes-gcm,128,1904,28700
aes-gcm,128,1905,28500
aes-gcm,128,1906,28900
aes-gcm,128,1907,28700
aes-gcm,128,1908,28500
aes-gcm,128,1909,28700
aes-gcm,128,1910,28800
aes-gcm,128,1911,28700
aes-gcm,128,1912,28500
aes-gcm,128,1913,28700
aes-gcm,128,1914,28500
aes-gcm,128,1915,28800
aes-gcm,128,1916,28600
aes-gcm,128,1917,28600
aes-gcm,128,1918,28500
aes-gcm,128,1919,28700
aes-gcm,128,1920,28600
aes-gcm,128,1921,28500
aes-gcm,128,1922,74900
aes-gcm,128,1923,119900
aes-gcm,128,1924,58900
aes-gcm,128,1925,32900
aes-gcm,128,1926,30200
aes-gcm,128,1927,29300
aes-gcm,128,1928,28800
aes-gcm,128,1929,28800
aes-gcm,128,1930,28700
aes-gcm,128,1931,28900
aes-gcm,128,1932,28600
aes-gcm,128,1933,28800
aes-gcm,128,1934,28600
aes-gcm,128,1935,28800
aes-gcm,128,1936,29500
aes-gcm,128,1937,28800
aes-gcm,128,1938,28600
aes-gcm,128,1939,28600
aes-gcm,128,1940,28900
aes-gcm,128,1941,29300
aes-gcm,128,1942,28500
aes-gcm,128,1943,28700
aes-gcm,128,1944,28400
aes-gcm,128,1945,28900
aes-gcm,128,1946,28800
aes-gcm,128,1947,29300
aes-gcm,128,1948,28600
aes-gcm,128,1949,28900
aes-gcm,128,1950,28700
aes-gcm,128,1951,28800
aes-gcm,128,1952,28600
aes-gcm,128,1953,28500
aes-gcm,128,1954,28700
aes-gcm,128,1955,28800
aes-gcm,128,1956,28700
aes-gcm,128,1957,28600
aes-gcm,128,1958,28900
aes-gcm,128,1959,28200
aes-gcm,128,1960,28700
aes-gcm,128,1961,28700
aes-gcm,128,1962,28300
aes-gcm,128,1963,29900
aes-gcm,128,1964,28900
aes-gcm,128,1965,28800
aes-gcm,128,1966,28700
aes-gcm,128,1967,28700
aes-gcm,128,1968,28800
aes-gcm,128,1969,28500
aes-gcm,128,1970,28500
aes-gcm,128,1971,28300
aes-gcm,128,1972,28600
aes-gcm,128,1973,28600
aes-gcm,128,1974,28500
aes-gcm,128,1975,28600
aes-gcm,128,1976,28800
aes-gcm,128,1977,28500
aes-gcm,128,1978,28600
aes-gcm,128,1979,28900
aes-gcm,128,1980,28400
aes-gcm,128,1981,28600
aes-gcm,128,1982,28400
aes-gcm,128,1983,28700
aes-gcm,128,1984,28400
aes-gcm,128,1985,28900
aes-gcm,128,1986,28400
aes-gcm,128,1987,28500
aes-gcm,128,1988,29500
aes-gcm,128,1989,28500
aes-gcm,128,1990,28900
aes-gcm,128,1991,28600
aes-gcm,128,1992,28500
aes-gcm,128,1993,28300
aes-gcm,128,1994,28700
aes-gcm,128,1995,28800
aes-gcm,128,1996,28600
aes-gcm,128,1997,28500
aes-gcm,128,1998,28400
aes-gcm,128,1999,28600
aes-gcm,512,0,29400
aes-gcm,512,1,29700
aes-gcm,512,2,29600
aes-gcm,512,3,29100
aes-gcm,512,4,29500
aes-gcm,512,5,29500
aes-gcm,512,6,29200
aes-gcm,512,7,29600
aes-gcm,512,8,29400
aes-gcm,512,9,29200
aes-gcm,512,10,29400
aes-gcm,512,11,29400
aes-gcm,512,12,29100
aes-gcm,512,13,29500
aes-gcm,512,14,29800
aes-gcm,512,15,29000
aes-gcm,512,16,29500
aes-gcm,512,17,29500
aes-gcm,512,18,29400
aes-gcm,512,19,29100
aes-gcm,512,20,29600
aes-gcm,512,21,29200
aes-gcm,512,22,29600
aes-gcm,512,23,29300
aes-gcm,512,24,29000
aes-gcm,512,25,29400
aes-gcm,512,26,30400
aes-gcm,512,27,29300
aes-gcm,512,28,29500
aes-gcm,512,29,29500
aes-gcm,512,30,29200
aes-gcm,512,31,29400
aes-gcm,512,32,29400
aes-gcm,512,33,28800
aes-gcm,512,34,29400
aes-gcm,512,35,29300
aes-gcm,512,36,29200
aes-gcm,512,37,29100
aes-gcm,512,38,29500
aes-gcm,512,39,29200
aes-gcm,512,40,29400
aes-gcm,512,41,29300
aes-gcm,512,42,29300
aes-gcm,512,43,29300
aes-gcm,512,44,29300
aes-gcm,512,45,29500
aes-gcm,512,46,29300
aes-gcm,512,47,29500
aes-gcm,512,48,29100
aes-gcm,512,49,29500
aes-gcm,512,50,29800
aes-gcm,512,51,29000
aes-gcm,512,52,29300
aes-gcm,512,53,29400
aes-gcm,512,54,29300
aes-gcm,512,55,29200
aes-gcm,512,56,29500
aes-gcm,512,57,29000
aes-gcm,512,58,29400
aes-gcm,512,59,29400
aes-gcm,512,60,29500
aes-gcm,512,61,29600
aes-gcm,512,62,29300
aes-gcm,512,63,29300
aes-gcm,512,64,29200
aes-gcm,512,65,29600
aes-gcm,512,66,29400
aes-gcm,512,67,29100
aes-gcm,512,68,29400
aes-gcm,512,69,29000
aes-gcm,512,70,29800
aes-gcm,512,71,29700
aes-gcm,512,72,29400
aes-gcm,512,73,29300
aes-gcm,512,74,29500
aes-gcm,512,75,29000
aes-gcm,512,76,29400
aes-gcm,512,77,29400
aes-gcm,512,78,29100
aes-gcm,512,79,173500
aes-gcm,512,80,88300
aes-gcm,512,81,94000
aes-gcm,512,82,75500
aes-gcm,512,83,62400
aes-gcm,512,84,107200
aes-gcm,512,85,58500
aes-gcm,512,86,33800
aes-gcm,512,87,30400
aes-gcm,512,88,30000
aes-gcm,512,89,29400
aes-gcm,512,90,31500
aes-gcm,512,91,29600
aes-gcm,512,92,29600
aes-gcm,512,93,29200
aes-gcm,512,94,29600
aes-gcm,512,95,29900
aes-gcm,512,96,29000
aes-gcm,512,97,29800
aes-gcm,512,98,29800
aes-gcm,512,99,29400
aes-gcm,512,100,29100
aes-gcm,512,101,29600
aes-gcm,512,102,29100
aes-gcm,512,103,30200
aes-gcm,512,104,29500
aes-gcm,512,105,29000
aes-gcm,512,106,29400
aes-gcm,512,107,29400
aes-gcm,512,108,29800
aes-gcm,512,109,29100
aes-gcm,512,110,29600
aes-gcm,512,111,29200
aes-gcm,512,112,29400
aes-gcm,512,113,29100
aes-gcm,512,114,29000
aes-gcm,512,115,29300
aes-gcm,512,116,29400
aes-gcm,512,117,29100
aes-gcm,512,118,29400
aes-gcm,512,119,29800
aes-gcm,512,120,28900
aes-gcm,512,121,29500
aes-gcm,512,122,29200
aes-gcm,512,123,29200
aes-gcm,512,124,29700
aes-gcm,512,125,29400
aes-gcm,512,126,29700
aes-gcm,512,127,29100
aes-gcm,512,128,29700
aes-gcm,512,129,29300
aes-gcm,512,130,29300
aes-gcm,512,131,29500
aes-gcm,512,132,29000
aes-gcm,512,133,29300
aes-gcm,512,134,29300
aes-gcm,512,135,29100
aes-gcm,512,136,29100
aes-gcm,512,137,29400
aes-gcm,512,138,31000
aes-gcm,512,139,36100
aes-gcm,512,140,32000
aes-gcm,512,141,29200
aes-gcm,512,142,32400
aes-gcm,512,143,30900
aes-gcm,512,144,29700
aes-gcm,512,145,29300
aes-gcm,512,146,29700
aes-gcm,512,147,29000
aes-gcm,512,148,29500
aes-gcm,512,149,29300
aes-gcm,512,150,29200
aes-gcm,512,151,29200
aes-gcm,512,152,29400
aes-gcm,512,153,29300
aes-gcm,512,154,30500
aes-gcm,512,155,29600
aes-gcm,512,156,29200
aes-gcm,512,157,29500
aes-gcm,512,158,29500
aes-gcm,512,159,29100
aes-gcm,512,160,29400
aes-gcm,512,161,29500
aes-gcm,512,162,29200
aes-gcm,512,163,29200
aes-gcm,512,164,30300
aes-gcm,512,165,29000
aes-gcm,512,166,29400
aes-gcm,512,167,29200
aes-gcm,512,168,29200
aes-gcm,512,169,29500
aes-gcm,512,170,29500
aes-gcm,512,171,29400
aes-gcm,512,172,29500
aes-gcm,512,173,29500
aes-gcm,512,174,29300
aes-gcm,512,175,29500
aes-gcm,512,176,29500
aes-gcm,512,177,29100
aes-gcm,512,178,29600
aes-gcm,512,179,29200
aes-gcm,512,180,29300
aes-gcm,512,181,29300
aes-gcm,512,182,30000
aes-gcm,512,183,29100
aes-gcm,512,184,29400
aes-gcm,512,185,29200
aes-gcm,512,186,29200
aes-gcm,512,187,29200
aes-gcm,512,188,29400
aes-gcm,512,189,29300
aes-gcm,512,190,29200
aes-gcm,512,191,29500
aes-gcm,512,192,29000
aes-gcm,512,193,29600
aes-gcm,512,194,29600
aes-gcm,512,195,29100
aes-gcm,512,196,29600
aes-gcm,512,197,29300
aes-gcm,512,198,29500
aes-gcm,512,199,29300
aes-gcm,512,200,29500
aes-gcm,512,201,29000
aes-gcm,512,202,29700
aes-gcm,512,203,29500
aes-gcm,512,204,29300
aes-gcm,512,205,29300
aes-gcm,512,206,29300
aes-gcm,512,207,29500
aes-gcm,512,208,29300
aes-gcm,512,209,29600
aes-gcm,512,210,29600
aes-gcm,512,211,29300
aes-gcm,512,212,29500
aes-gcm,512,213,29100
aes-gcm,512,214,29800
aes-gcm,512,215,29600
aes-gcm,512,216,29400
aes-gcm,512,217,29200
aes-gcm,512,218,30900
aes-gcm,512,219,29200
aes-gcm,512,220,29600
aes-gcm,512,221,29600
aes-gcm,512,222,29100
aes-gcm,512,223,29400
aes-gcm,512,224,29600
aes-gcm,512,225,29300
aes-gcm,512,226,29200
aes-gcm,512,227,29600
aes-gcm,512,228,29600
aes-gcm,512,229,29300
aes-gcm,512,230,29500
aes-gcm,512,231,30100
aes-gcm,512,232,29400
aes-gcm,512,233,29300
aes-gcm,512,234,29300
aes-gcm,512,235,29000
aes-gcm,512,236,29700
aes-gcm,512,237,29000
aes-gcm,512,238,31600
aes-gcm,512,239,29400
aes-gcm,512,240,29100
aes-gcm,512,241,29300
aes-gcm,512,242,29300
aes-gcm,512,243,29200
aes-gcm,512,244,29300
aes-gcm,512,245,29500
aes-gcm,512,246,29400
aes-gcm,512,247,29300
aes-gcm,512,248,29500
aes-gcm,512,249,28900
aes-gcm,512,250,29500
aes-gcm,512,251,29200
aes-gcm,512,252,29300
aes-gcm,512,253,29100
aes-gcm,512,254,29700
aes-gcm,512,255,29000
aes-gcm,512,256,29500
aes-gcm,512,257,29500
aes-gcm,512,258,29100
aes-gcm,512,259,29500
aes-gcm,512,260,29700
aes-gcm,512,261,29100
aes-gcm,512,262,29300
aes-gcm,512,263,33600
aes-gcm,512,264,29100
aes-gcm,512,265,29300
aes-gcm,512,266,29700
aes-gcm,512,267,29000
aes-gcm,512,268,30000
aes-gcm,512,269,29300
aes-gcm,512,270,29300
aes-gcm,512,271,29300
aes-gcm,512,272,29600
aes-gcm,512,273,29000
aes-gcm,512,274,29400
aes-gcm,512,275,29300
aes-gcm,512,276,29200
aes-gcm,512,277,29300
aes-gcm,512,278,29600
aes-gcm,512,279,29300
aes-gcm,512,280,29200
aes-gcm,512,281,30100
aes-gcm,512,282,29400
aes-gcm,512,283,29400
aes-gcm,512,284,29500
aes-gcm,512,285,29100
aes-gcm,512,286,29500
aes-gcm,512,287,29400
aes-gcm,512,288,29200
aes-gcm,512,289,29400
aes-gcm,512,290,29600
aes-gcm,512,291,29000
aes-gcm,512,292,29600
aes-gcm,512,293,29400
aes-gcm,512,294,29600
aes-gcm,512,295,29300
aes-gcm,512,296,29300
aes-gcm,512,297,29100
aes-gcm,512,298,29400
aes-gcm,512,299,29500
aes-gcm,512,300,29400
aes-gcm,512,301,29300
aes-gcm,512,302,29500
aes-gcm,512,303,29300
aes-gcm,512,304,29200
aes-gcm,512,305,29400
aes-gcm,512,306,29300
aes-gcm,512,307,29100
aes-gcm,512,308,29700
aes-gcm,512,309,29100
aes-gcm,512,310,29500
aes-gcm,512,311,29200
aes-gcm,512,312,29200
aes-gcm,512,313,29300
aes-gcm,512,314,29700
aes-gcm,512,315,29200
aes-gcm,512,316,29200
aes-gcm,512,317,29600
aes-gcm,512,318,29300
aes-gcm,512,319,29600
aes-gcm,512,320,29300
aes-gcm,512,321,29100
aes-gcm,512,322,29600
aes-gcm,512,323,29300
aes-gcm,512,324,29500
aes-gcm,512,325,29200
aes-gcm,512,326,29600
aes-gcm,512,327,29000
aes-gcm,512,328,29600
aes-gcm,512,329,29300
aes-gcm,512,330,29200
aes-gcm,512,331,29400
aes-gcm,512,332,29700
aes-gcm,512,333,29300
aes-gcm,512,334,29300
aes-gcm,512,335,29700
aes-gcm,512,336,28900
aes-gcm,512,337,29300
aes-gcm,512,338,29500
aes-gcm,512,339,29100
aes-gcm,512,340,29700
aes-gcm,512,341,29300
aes-gcm,512,342,29500
aes-gcm,512,343,29300
aes-gcm,512,344,29600
aes-gcm,512,345,29500
aes-gcm,512,346,29500
aes-gcm,512,347,29200
aes-gcm,512,348,29300
aes-gcm,512,349,29400
aes-gcm,512,350,29800
aes-gcm,512,351,29400
aes-gcm,512,352,29400
aes-gcm,512,353,29600
aes-gcm,512,354,29100
aes-gcm,512,355,29400
aes-gcm,512,356,29500
aes-gcm,512,357,29000
aes-gcm,512,358,29600
aes-gcm,512,359,29200
aes-gcm,512,360,29200
aes-gcm,512,361,29100
aes-gcm,512,362,29600
aes-gcm,512,363,29000
aes-gcm,512,364,29600
aes-gcm,512,365,29400
aes-gcm,512,366,29200
aes-gcm,512,367,29600
aes-gcm,512,368,29400
aes-gcm,512,369,29300
aes-gcm,512,370,29200
aes-gcm,512,371,29700
aes-gcm,512,372,29200
aes-gcm,512,373,29400
aes-gcm,512,374,29700
aes-gcm,512,375,28900
aes-gcm,512,376,29300
aes-gcm,512,377,29400
aes-gcm,512,378,29900
aes-gcm,512,379,29500
aes-gcm,512,380,29500
aes-gcm,512,381,29100
aes-gcm,512,382,29300
aes-gcm,512,383,29200
aes-gcm,512,384,29200
aes-gcm,512,385,29600
aes-gcm,512,386,29300
aes-gcm,512,387,32500
aes-gcm,512,388,29400
aes-gcm,512,389,29300
aes-gcm,512,390,29000
aes-gcm,512,391,29200
aes-gcm,512,392,29500
aes-gcm,512,393,29000
aes-gcm,512,394,29300
aes-gcm,512,395,29200
aes-gcm,512,396,29500
aes-gcm,512,397,29200
aes-gcm,512,398,29800
aes-gcm,512,399,30400
aes-gcm,512,400,26400
aes-gcm,512,401,29600
aes-gcm,512,402,29100
aes-gcm,512,403,29100
aes-gcm,512,404,29400
aes-gcm,512,405,29300
aes-gcm,512,406,29600
aes-gcm,512,407,29400
aes-gcm,512,408,29100
aes-gcm,512,409,30200
aes-gcm,512,410,29600
aes-gcm,512,411,29000
aes-gcm,512,412,29300
aes-gcm,512,413,29300
aes-gcm,512,414,29200
aes-gcm,512,415,28900
aes-gcm,512,416,29500
aes-gcm,512,417,29300
aes-gcm,512,418,29400
aes-gcm,512,419,29300
aes-gcm,512,420,29000
aes-gcm,512,421,29300
aes-gcm,512,422,29200
aes-gcm,512,423,29300
aes-gcm,512,424,29100
aes-gcm,512,425,29300
aes-gcm,512,426,29200
aes-gcm,512,427,29200
aes-gcm,512,428,29600
aes-gcm,512,429,29000
aes-gcm,512,430,29300
aes-gcm,512,431,29500
aes-gcm,512,432,29400
aes-gcm,512,433,98800
aes-gcm,512,434,94800
aes-gcm,512,435,93800
aes-gcm,512,436,130500
aes-gcm,512,437,68800
aes-gcm,512,438,32600
aes-gcm,512,439,30600
aes-gcm,512,440,30000
aes-gcm,512,441,30200
aes-gcm,512,442,29700
aes-gcm,512,443,29900
aes-gcm,512,444,28900
aes-gcm,512,445,30300
aes-gcm,512,446,29500
aes-gcm,512,447,29100
aes-gcm,512,448,29500
aes-gcm,512,449,29400
aes-gcm,512,450,29200
aes-gcm,512,451,29200
aes-gcm,512,452,29800
aes-gcm,512,453,29300
aes-gcm,512,454,29500
aes-gcm,512,455,153600
aes-gcm,512,456,90400
aes-gcm,512,457,40000
aes-gcm,512,458,31600
aes-gcm,512,459,30900
aes-gcm,512,460,29700
aes-gcm,512,461,29900
aes-gcm,512,462,29700
aes-gcm,512,463,29500
aes-gcm,512,464,29800
aes-gcm,512,465,29500
aes-gcm,512,466,29500
aes-gcm,512,467,29600
aes-gcm,512,468,29600
aes-gcm,512,469,29800
aes-gcm,512,470,29700
aes-gcm,512,471,29100
aes-gcm,512,472,29700
aes-gcm,512,473,30400
aes-gcm,512,474,29100
aes-gcm,512,475,29900
aes-gcm,512,476,29600
aes-gcm,512,477,29500
aes-gcm,512,478,29700
aes-gcm,512,479,29900
aes-gcm,512,480,29800
aes-gcm,512,481,29500
aes-gcm,512,482,29500
aes-gcm,512,483,92300
aes-gcm,512,484,132000
aes-gcm,512,485,65800
aes-gcm,512,486,33600
aes-gcm,512,487,29900
aes-gcm,512,488,30300
aes-gcm,512,489,29200
aes-gcm,512,490,30300
aes-gcm,512,491,29500
aes-gcm,512,492,29700
aes-gcm,512,493,29400
aes-gcm,512,494,29300
aes-gcm,512,495,29700
aes-gcm,512,496,29300
aes-gcm,512,497,29600
aes-gcm,512,498,29000
aes-gcm,512,499,29300
aes-gcm,512,500,29400
aes-gcm,512,501,28800
aes-gcm,512,502,29600
aes-gcm,512,503,29300
aes-gcm,512,504,29400
aes-gcm,512,505,29300
aes-gcm,512,506,29900
aes-gcm,512,507,29000
aes-gcm,512,508,29400
aes-gcm,512,509,29200
aes-gcm,512,510,29100
aes-gcm,512,511,29300
aes-gcm,512,512,29500
aes-gcm,512,513,29300
aes-gcm,512,514,29300
aes-gcm,512,515,29700
aes-gcm,512,516,29300
aes-gcm,512,517,29200
aes-gcm,512,518,29700
aes-gcm,512,519,28800
aes-gcm,512,520,29400
aes-gcm,512,521,29400
aes-gcm,512,522,29300
aes-gcm,512,523,29000
aes-gcm,512,524,29700
aes-gcm,512,525,29000
aes-gcm,512,526,29900
aes-gcm,512,527,29500
aes-gcm,512,528,28900
aes-gcm,512,529,29300
aes-gcm,512,530,29400
aes-gcm,512,531,29000
aes-gcm,512,532,29200
aes-gcm,512,533,29600
aes-gcm,512,534,29200
aes-gcm,512,535,29200
aes-gcm,512,536,32700
aes-gcm,512,537,29000
aes-gcm,512,538,29600
aes-gcm,512,539,29300
aes-gcm,512,540,29400
aes-gcm,512,541,29100
aes-gcm,512,542,29600
aes-gcm,512,543,29100
aes-gcm,512,544,29300
aes-gcm,512,545,29400
aes-gcm,512,546,29500
aes-gcm,512,547,29200
aes-gcm,512,548,29400
aes-gcm,512,549,29100
aes-gcm,512,550,29200
aes-gcm,512,551,29600
aes-gcm,512,552,29300
aes-gcm,512,553,29300
aes-gcm,512,554,29400
aes-gcm,512,555,29100
aes-gcm,512,556,29700
aes-gcm,512,557,29200
aes-gcm,512,558,29300
aes-gcm,512,559,29300
aes-gcm,512,560,29800
aes-gcm,512,561,29200
aes-gcm,512,562,29200
aes-gcm,512,563,29300
aes-gcm,512,564,29000
aes-gcm,512,565,29300
aes-gcm,512,566,29500
aes-gcm,512,567,29200
aes-gcm,512,568,29200
aes-gcm,512,569,29500
aes-gcm,512,570,29300
aes-gcm,512,571,29300
aes-gcm,512,572,29400
aes-gcm,512,573,29000
aes-gcm,512,574,29700
aes-gcm,512,575,29400
aes-gcm,512,576,86300
aes-gcm,512,577,145900
aes-gcm,512,578,47000
aes-gcm,512,579,156900
aes-gcm,512,580,92500
aes-gcm,512,581,31400
aes-gcm,512,582,34100
aes-gcm,512,583,30500
aes-gcm,512,584,30200
aes-gcm,512,585,30200
aes-gcm,512,586,29700
aes-gcm,512,587,30100
aes-gcm,512,588,29200
aes-gcm,512,589,29200
aes-gcm,512,590,29200
aes-gcm,512,591,28800
aes-gcm,512,592,29400
aes-gcm,512,593,29400
aes-gcm,512,594,29600
aes-gcm,512,595,29300
aes-gcm,512,596,29700
aes-gcm,512,597,29300
aes-gcm,512,598,29300
aes-gcm,512,599,29400
aes-gcm,512,600,29600
aes-gcm,512,601,29200
aes-gcm,512,602,29600
aes-gcm,512,603,29200
aes-gcm,512,604,29300
aes-gcm,512,605,29500
aes-gcm,512,606,29200
aes-gcm,512,607,29400
aes-gcm,512,608,29500
aes-gcm,512,609,29000
aes-gcm,512,610,29500
aes-gcm,512,611,29200
aes-gcm,512,612,29100
aes-gcm,512,613,29100
aes-gcm,512,614,29600
aes-gcm,512,615,29100
aes-gcm,512,616,29400
aes-gcm,512,617,29300
aes-gcm,512,618,29300
aes-gcm,512,619,29400
aes-gcm,512,620,29300
aes-gcm,512,621,29000
aes-gcm,512,622,29200
aes-gcm,512,623,29400
aes-gcm,512,624,28900
aes-gcm,512,625,29300
aes-gcm,512,626,29800
aes-gcm,512,627,29200
aes-gcm,512,628,29300
aes-gcm,512,629,29300
aes-gcm,512,630,29400
aes-gcm,512,631,29000
aes-gcm,512,632,29400
aes-gcm,512,633,29100
aes-gcm,512,634,29500
aes-gcm,512,635,29300
aes-gcm,512,636,29100
aes-gcm,512,637,29300
aes-gcm,512,638,29500
aes-gcm,512,639,29100
aes-gcm,512,640,29300
aes-gcm,512,641,29600
aes-gcm,512,642,28800
aes-gcm,512,643,29100
aes-gcm,512,644,29600
aes-gcm,512,645,28800
aes-gcm,512,646,29300
aes-gcm,512,647,29100
aes-gcm,512,648,29000
aes-gcm,512,649,29200
aes-gcm,512,650,29600
aes-gcm,512,651,29100
aes-gcm,512,652,29300
aes-gcm,512,653,29300
aes-gcm,512,654,29000
aes-gcm,512,655,29200
aes-gcm,512,656,29300
aes-gcm,512,657,29200
aes-gcm,512,658,29800
aes-gcm,512,659,29600
aes-gcm,512,660,29200
aes-gcm,512,661,29400
aes-gcm,512,662,29300
aes-gcm,512,663,29300
aes-gcm,512,664,30200
aes-gcm,512,665,29300
aes-gcm,512,666,29400
aes-gcm,512,667,29000
aes-gcm,512,668,29600
aes-gcm,512,669,28900
aes-gcm,512,670,29400
aes-gcm,512,671,29400
aes-gcm,512,672,29100
aes-gcm,512,673,29300
aes-gcm,512,674,29400
aes-gcm,512,675,29200
aes-gcm,512,676,29200
aes-gcm,512,677,29500
aes-gcm,512,678,29000
aes-gcm,512,679,29200
aes-gcm,512,680,29500
aes-gcm,512,681,28900
aes-gcm,512,682,29500
aes-gcm,512,683,29500
aes-gcm,512,684,29200
aes-gcm,512,685,29000
aes-gcm,512,686,29900
aes-gcm,512,687,29000
aes-gcm,512,688,29300
aes-gcm,512,689,29200
aes-gcm,512,690,29100
aes-gcm,512,691,29400
aes-gcm,512,692,29100
aes-gcm,512,693,29200
aes-gcm,512,694,29300
aes-gcm,512,695,29500
aes-gcm,512,696,29300
aes-gcm,512,697,29200
aes-gcm,512,698,29400
aes-gcm,512,699,29100
aes-gcm,512,700,29300
aes-gcm,512,701,29200
aes-gcm,512,702,29400
aes-gcm,512,703,29100
aes-gcm,512,704,29800
aes-gcm,512,705,28900
aes-gcm,512,706,29500
aes-gcm,512,707,29300
aes-gcm,512,708,29000
aes-gcm,512,709,29300
aes-gcm,512,710,29000
aes-gcm,512,711,29100
aes-gcm,512,712,29100
aes-gcm,512,713,29600
aes-gcm,512,714,29300
aes-gcm,512,715,29500
aes-gcm,512,716,29400
aes-gcm,512,717,28900
aes-gcm,512,718,29400
aes-gcm,512,719,29200
aes-gcm,512,720,29300
aes-gcm,512,721,29000
aes-gcm,512,722,29900
aes-gcm,512,723,29200
aes-gcm,512,724,29500
aes-gcm,512,725,29400
aes-gcm,512,726,29000
aes-gcm,512,727,29300
aes-gcm,512,728,30000
aes-gcm,512,729,29200
aes-gcm,512,730,29300
aes-gcm,512,731,29600
aes-gcm,512,732,29100
aes-gcm,512,733,29400
aes-gcm,512,734,29600
aes-gcm,512,735,29200
aes-gcm,512,736,29500
aes-gcm,512,737,30300
aes-gcm,512,738,29300
aes-gcm,512,739,29200
aes-gcm,512,740,29500
aes-gcm,512,741,29000
aes-gcm,512,742,29700
aes-gcm,512,743,29300
aes-gcm,512,744,29200
aes-gcm,512,745,29300
aes-gcm,512,746,29400
aes-gcm,512,747,29300
aes-gcm,512,748,29000
aes-gcm,512,749,29400
aes-gcm,512,750,29000
aes-gcm,512,751,29200
aes-gcm,512,752,29300
aes-gcm,512,753,28900
aes-gcm,512,754,29700
aes-gcm,512,755,29400
aes-gcm,512,756,29200
aes-gcm,512,757,29300
aes-gcm,512,758,29400
aes-gcm,512,759,28900
aes-gcm,512,760,29400
aes-gcm,512,761,29100
aes-gcm,512,762,29000
aes-gcm,512,763,29300
aes-gcm,512,764,29500
aes-gcm,512,765,29400
aes-gcm,512,766,29300
aes-gcm,512,767,29500
aes-gcm,512,768,29200
aes-gcm,512,769,29200
aes-gcm,512,770,29500
aes-gcm,512,771,29000
aes-gcm,512,772,29700
aes-gcm,512,773,29300
aes-gcm,512,774,29400
aes-gcm,512,775,29200
aes-gcm,512,776,29400
aes-gcm,512,777,29000
aes-gcm,512,778,29300
aes-gcm,512,779,29400
aes-gcm,512,780,29000
aes-gcm,512,781,29100
aes-gcm,512,782,29200
aes-gcm,512,783,29200
aes-gcm,512,784,29300
aes-gcm,512,785,29300
aes-gcm,512,786,29400
aes-gcm,512,787,29400
aes-gcm,512,788,29100
aes-gcm,512,789,29100
aes-gcm,512,790,29300
aes-gcm,512,791,29600
aes-gcm,512,792,29300
aes-gcm,512,793,29100
aes-gcm,512,794,29600
aes-gcm,512,795,28900
aes-gcm,512,796,29200
aes-gcm,512,797,29200
aes-gcm,512,798,29400
aes-gcm,512,799,29300
aes-gcm,512,800,29400
aes-gcm,512,801,29500
aes-gcm,512,802,29300
aes-gcm,512,803,29600
aes-gcm,512,804,29200
aes-gcm,512,805,29300
aes-gcm,512,806,29400
aes-gcm,512,807,29000
aes-gcm,512,808,29300
aes-gcm,512,809,29400
aes-gcm,512,810,29300
aes-gcm,512,811,29200
aes-gcm,512,812,29700
aes-gcm,512,813,29100
aes-gcm,512,814,29700
aes-gcm,512,815,29100
aes-gcm,512,816,29200
aes-gcm,512,817,29400
aes-gcm,512,818,29400
aes-gcm,512,819,29600
aes-gcm,512,820,29300
aes-gcm,512,821,29500
aes-gcm,512,822,29100
aes-gcm,512,823,29400
aes-gcm,512,824,29300
aes-gcm,512,825,28900
aes-gcm,512,826,29600
aes-gcm,512,827,29300
aes-gcm,512,828,29300
aes-gcm,512,829,29100
aes-gcm,512,830,29500
aes-gcm,512,831,29000
aes-gcm,512,832,29500
aes-gcm,512,833,29200
aes-gcm,512,834,29200
aes-gcm,512,835,29300
aes-gcm,512,836,29500
aes-gcm,512,837,29100
aes-gcm,512,838,29200
aes-gcm,512,839,29700
aes-gcm,512,840,29000
aes-gcm,512,841,29300
aes-gcm,512,842,29400
aes-gcm,512,843,29100
aes-gcm,512,844,29600
aes-gcm,512,845,29100
aes-gcm,512,846,29300
aes-gcm,512,847,29100
aes-gcm,512,848,29600
aes-gcm,512,849,29100
aes-gcm,512,850,29500
aes-gcm,512,851,29300
aes-gcm,512,852,29300
aes-gcm,512,853,29500
aes-gcm,512,854,29600
aes-gcm,512,855,31800
aes-gcm,512,856,29200
aes-gcm,512,857,29500
aes-gcm,512,858,29100
aes-gcm,512,859,29300
aes-gcm,512,860,29200
aes-gcm,512,861,28900
aes-gcm,512,862,29500
aes-gcm,512,863,29400
aes-gcm,512,864,29400
aes-gcm,512,865,29200
aes-gcm,512,866,49100
aes-gcm,512,867,29900
aes-gcm,512,868,29700
aes-gcm,512,869,29300
aes-gcm,512,870,29100
aes-gcm,512,871,29400
aes-gcm,512,872,29200
aes-gcm,512,873,29200
aes-gcm,512,874,29200
aes-gcm,512,875,29700
aes-gcm,512,876,29000
aes-gcm,512,877,29500
aes-gcm,512,878,29300
aes-gcm,512,879,29000
aes-gcm,512,880,29400
aes-gcm,512,881,29400
aes-gcm,512,882,29700
aes-gcm,512,883,29400
aes-gcm,512,884,29800
aes-gcm,512,885,29100
aes-gcm,512,886,29400
aes-gcm,512,887,29300
aes-gcm,512,888,29300
aes-gcm,512,889,29200
aes-gcm,512,890,29100
aes-gcm,512,891,29100
aes-gcm,512,892,29200
aes-gcm,512,893,29400
aes-gcm,512,894,29300
aes-gcm,512,895,29300
aes-gcm,512,896,29400
aes-gcm,512,897,29100
aes-gcm,512,898,29200
aes-gcm,512,899,29300
aes-gcm,512,900,29200
aes-gcm,512,901,29400
aes-gcm,512,902,29600
aes-gcm,512,903,29100
aes-gcm,512,904,29600
aes-gcm,512,905,29600
aes-gcm,512,906,29100
aes-gcm,512,907,29600
aes-gcm,512,908,29300
aes-gcm,512,909,29200
aes-gcm,512,910,29500
aes-gcm,512,911,29600
aes-gcm,512,912,29100
aes-gcm,512,913,29600
aes-gcm,512,914,29600
aes-gcm,512,915,29100
aes-gcm,512,916,29400
aes-gcm,512,917,29400
aes-gcm,512,918,29100
aes-gcm,512,919,29800
aes-gcm,512,920,29600
aes-gcm,512,921,29000
aes-gcm,512,922,29400
aes-gcm,512,923,29300
aes-gcm,512,924,29300
aes-gcm,512,925,29300
aes-gcm,512,926,29700
aes-gcm,512,927,29300
aes-gcm,512,928,29400
aes-gcm,512,929,29500
aes-gcm,512,930,29000
aes-gcm,512,931,29300
aes-gcm,512,932,29200
aes-gcm,512,933,28900
aes-gcm,512,934,29600
aes-gcm,512,935,29200
aes-gcm,512,936,29100
aes-gcm,512,937,29600
aes-gcm,512,938,29700
aes-gcm,512,939,29200
aes-gcm,512,940,29400
aes-gcm,512,941,29400
aes-gcm,512,942,29000
aes-gcm,512,943,29400
aes-gcm,512,944,29400
aes-gcm,512,945,29000
aes-gcm,512,946,29400
aes-gcm,512,947,29700
aes-gcm,512,948,28800
aes-gcm,512,949,29500
aes-gcm,512,950,29300
aes-gcm,512,951,29000
aes-gcm,512,952,29200
aes-gcm,512,953,29400
aes-gcm,512,954,29300
aes-gcm,512,955,29000
aes-gcm,512,956,29600
aes-gcm,512,957,29000
aes-gcm,512,958,29600
aes-gcm,512,959,29200
aes-gcm,512,960,29100
aes-gcm,512,961,29200
aes-gcm,512,962,29200
aes-gcm,512,963,29300
aes-gcm,512,964,29400
aes-gcm,512,965,29500
aes-gcm,512,966,29500
aes-gcm,512,967,29300
aes-gcm,512,968,29400
aes-gcm,512,969,29000
aes-gcm,512,970,29400
aes-gcm,512,971,29300
aes-gcm,512,972,29200
aes-gcm,512,973,29100
aes-gcm,512,974,29500
aes-gcm,512,975,29100
aes-gcm,512,976,29400
aes-gcm,512,977,29300
aes-gcm,512,978,29200
aes-gcm,512,979,29600
aes-gcm,512,980,29300
aes-gcm,512,981,29300
aes-gcm,512,982,29100
aes-gcm,512,983,32000
aes-gcm,512,984,29100
aes-gcm,512,985,29400
aes-gcm,512,986,29400
aes-gcm,512,987,28900
aes-gcm,512,988,29300
aes-gcm,512,989,29300
aes-gcm,512,990,29400
aes-gcm,512,991,29100
aes-gcm,512,992,29600
aes-gcm,512,993,28900
aes-gcm,512,994,29600
aes-gcm,512,995,29300
aes-gcm,512,996,29100
aes-gcm,512,997,29300
aes-gcm,512,998,29300
aes-gcm,512,999,29200
aes-gcm,512,1000,29000
aes-gcm,512,1001,29500
aes-gcm,512,1002,29000
aes-gcm,512,1003,29300
aes-gcm,512,1004,29400
aes-gcm,512,1005,28900
aes-gcm,512,1006,29500
aes-gcm,512,1007,29300
aes-gcm,512,1008,29200
aes-gcm,512,1009,29200
aes-gcm,512,1010,29500
aes-gcm,512,1011,29200
aes-gcm,512,1012,29300
aes-gcm,512,1013,29300
aes-gcm,512,1014,29000
aes-gcm,512,1015,29400
aes-gcm,512,1016,29300
aes-gcm,512,1017,29100
aes-gcm,512,1018,29100
aes-gcm,512,1019,29600
aes-gcm,512,1020,29100
aes-gcm,512,1021,29400
aes-gcm,512,1022,29700
aes-gcm,512,1023,29100
aes-gcm,512,1024,29600
aes-gcm,512,1025,29100
aes-gcm,512,1026,29200
aes-gcm,512,1027,29100
aes-gcm,512,1028,29400
aes-gcm,512,1029,28900
aes-gcm,512,1030,29400
aes-gcm,512,1031,29300
aes-gcm,512,1032,29300
aes-gcm,512,1033,29400
aes-gcm,512,1034,29300
aes-gcm,512,1035,29400
aes-gcm,512,1036,29200
aes-gcm,512,1037,29600
aes-gcm,512,1038,29000
aes-gcm,512,1039,29500
aes-gcm,512,1040,29300
aes-gcm,512,1041,28900
aes-gcm,512,1042,29500
aes-gcm,512,1043,29500
aes-gcm,512,1044,29500
aes-gcm,512,1045,29200
aes-gcm,512,1046,30200
aes-gcm,512,1047,29000
aes-gcm,512,1048,29300
aes-gcm,512,1049,29200
aes-gcm,512,1050,29600
aes-gcm,512,1051,29400
aes-gcm,512,1052,29400
aes-gcm,512,1053,29200
aes-gcm,512,1054,29500
aes-gcm,512,1055,29400
aes-gcm,512,1056,29300
aes-gcm,512,1057,29300
aes-gcm,512,1058,29300
aes-gcm,512,1059,28900
aes-gcm,512,1060,29400
aes-gcm,512,1061,29100
aes-gcm,512,1062,29200
aes-gcm,512,1063,29200
aes-gcm,512,1064,29600
aes-gcm,512,1065,29100
aes-gcm,512,1066,29500
aes-gcm,512,1067,29500
aes-gcm,512,1068,29200
aes-gcm,512,1069,29300
aes-gcm,512,1070,29200
aes-gcm,512,1071,29200
aes-gcm,512,1072,29300
aes-gcm,512,1073,29500
aes-gcm,512,1074,29300
aes-gcm,512,1075,29500
aes-gcm,512,1076,29500
aes-gcm,512,1077,29200
aes-gcm,512,1078,29600
aes-gcm,512,1079,29300
aes-gcm,512,1080,29300
aes-gcm,512,1081,29100
aes-gcm,512,1082,29500
aes-gcm,512,1083,29000
aes-gcm,512,1084,29500
aes-gcm,512,1085,29100
aes-gcm,512,1086,29200
aes-gcm,512,1087,29300
aes-gcm,512,1088,29300
aes-gcm,512,1089,29300
aes-gcm,512,1090,29000
aes-gcm,512,1091,29300
aes-gcm,512,1092,28900
aes-gcm,512,1093,29300
aes-gcm,512,1094,29400
aes-gcm,512,1095,28900
aes-gcm,512,1096,29500
aes-gcm,512,1097,29400
aes-gcm,512,1098,29300
aes-gcm,512,1099,29400
aes-gcm,512,1100,29600
aes-gcm,512,1101,60200
aes-gcm,512,1102,171100
aes-gcm,512,1103,141800
aes-gcm,512,1104,93800
aes-gcm,512,1105,88700
aes-gcm,512,1106,92400
aes-gcm,512,1107,100500
aes-gcm,512,1108,54600
aes-gcm,512,1109,34400
aes-gcm,512,1110,32400
aes-gcm,512,1111,30000
aes-gcm,512,1112,29900
aes-gcm,512,1113,29300
aes-gcm,512,1114,29500
aes-gcm,512,1115,29200
aes-gcm,512,1116,29400
aes-gcm,512,1117,29500
aes-gcm,512,1118,30100
aes-gcm,512,1119,29200
aes-gcm,512,1120,29300
aes-gcm,512,1121,29400
aes-gcm,512,1122,29200
aes-gcm,512,1123,29300
aes-gcm,512,1124,29300
aes-gcm,512,1125,29300
aes-gcm,512,1126,29000
aes-gcm,512,1127,29700
aes-gcm,512,1128,29100
aes-gcm,512,1129,29600
aes-gcm,512,1130,29200
aes-gcm,512,1131,29000
aes-gcm,512,1132,29300
aes-gcm,512,1133,29100
aes-gcm,512,1134,29600
aes-gcm,512,1135,29000
aes-gcm,512,1136,29600
aes-gcm,512,1137,29100
aes-gcm,512,1138,29600
aes-gcm,512,1139,29500
aes-gcm,512,1140,29000
aes-gcm,512,1141,29400
aes-gcm,512,1142,29600
aes-gcm,512,1143,29300
aes-gcm,512,1144,29300
aes-gcm,512,1145,29600
aes-gcm,512,1146,29100
aes-gcm,512,1147,29500
aes-gcm,512,1148,30900
aes-gcm,512,1149,29500
aes-gcm,512,1150,29500
aes-gcm,512,1151,29400
aes-gcm,512,1152,29300
aes-gcm,512,1153,29000
aes-gcm,512,1154,29400
aes-gcm,512,1155,28900
aes-gcm,512,1156,29000
aes-gcm,512,1157,29200
aes-gcm,512,1158,29000
aes-gcm,512,1159,29700
aes-gcm,512,1160,29200
aes-gcm,512,1161,29200
aes-gcm,512,1162,29300
aes-gcm,512,1163,29300
aes-gcm,512,1164,29000
aes-gcm,512,1165,29200
aes-gcm,512,1166,29300
aes-gcm,512,1167,29100
aes-gcm,512,1168,29300
aes-gcm,512,1169,29100
aes-gcm,512,1170,29200
aes-gcm,512,1171,29200
aes-gcm,512,1172,29600
aes-gcm,512,1173,28900
aes-gcm,512,1174,30200
aes-gcm,512,1175,29400
aes-gcm,512,1176,28700
aes-gcm,512,1177,29100
aes-gcm,512,1178,29200
aes-gcm,512,1179,29300
aes-gcm,512,1180,29000
aes-gcm,512,1181,29600
aes-gcm,512,1182,31500
aes-gcm,512,1183,29200
aes-gcm,512,1184,29200
aes-gcm,512,1185,29100
aes-gcm,512,1186,29400
aes-gcm,512,1187,29400
aes-gcm,512,1188,29300
aes-gcm,512,1189,29200
aes-gcm,512,1190,29800
aes-gcm,512,1191,29100
aes-gcm,512,1192,29500
aes-gcm,512,1193,29500
aes-gcm,512,1194,28900
aes-gcm,512,1195,29300
aes-gcm,512,1196,29300
aes-gcm,512,1197,29400
aes-gcm,512,1198,29200
aes-gcm,512,1199,29600
aes-gcm,512,1200,29000
aes-gcm,512,1201,29400
aes-gcm,512,1202,29500
aes-gcm,512,1203,29100
aes-gcm,512,1204,29500
aes-gcm,512,1205,29400
aes-gcm,512,1206,29400
aes-gcm,512,1207,29300
aes-gcm,512,1208,29500
aes-gcm,512,1209,29100
aes-gcm,512,1210,29500
aes-gcm,512,1211,29200
aes-gcm,512,1212,29300
aes-gcm,512,1213,29400
aes-gcm,512,1214,29300
aes-gcm,512,1215,29100
aes-gcm,512,1216,33100
aes-gcm,512,1217,29600
aes-gcm,512,1218,29100
aes-gcm,512,1219,29400
aes-gcm,512,1220,29300
aes-gcm,512,1221,28900
aes-gcm,512,1222,29300
aes-gcm,512,1223,29400
aes-gcm,512,1224,29300
aes-gcm,512,1225,29100
aes-gcm,512,1226,29300
aes-gcm,512,1227,29100
aes-gcm,512,1228,29400
aes-gcm,512,1229,29200
aes-gcm,512,1230,29100
aes-gcm,512,1231,29400
aes-gcm,512,1232,29300
aes-gcm,512,1233,29200
aes-gcm,512,1234,29500
aes-gcm,512,1235,29600
aes-gcm,512,1236,28900
aes-gcm,512,1237,29500
aes-gcm,512,1238,30700
aes-gcm,512,1239,29300
aes-gcm,512,1240,29300
aes-gcm,512,1241,29300
aes-gcm,512,1242,29400
aes-gcm,512,1243,29100
aes-gcm,512,1244,29400
aes-gcm,512,1245,29000
aes-gcm,512,1246,29800
aes-gcm,512,1247,29400
aes-gcm,512,1248,29200
aes-gcm,512,1249,29400
aes-gcm,512,1250,29300
aes-gcm,512,1251,29400
aes-gcm,512,1252,29100
aes-gcm,512,1253,29200
aes-gcm,512,1254,29000
aes-gcm,512,1255,29400
aes-gcm,512,1256,29100
aes-gcm,512,1257,29100
aes-gcm,512,1258,29200
aes-gcm,512,1259,29200
aes-gcm,512,1260,29200
aes-gcm,512,1261,29100
aes-gcm,512,1262,29600
aes-gcm,512,1263,29200
aes-gcm,512,1264,29300
aes-gcm,512,1265,29300
aes-gcm,512,1266,29400
aes-gcm,512,1267,29600
aes-gcm,512,1268,29400
aes-gcm,512,1269,29400
aes-gcm,512,1270,29400
aes-gcm,512,1271,29400
aes-gcm,512,1272,29000
aes-gcm,512,1273,29200
aes-gcm,512,1274,29700
aes-gcm,512,1275,29000
aes-gcm,512,1276,29400
aes-gcm,512,1277,29400
aes-gcm,512,1278,29200
aes-gcm,512,1279,29200
aes-gcm,512,1280,29600
aes-gcm,512,1281,28800
aes-gcm,512,1282,29300
aes-gcm,512,1283,29100
aes-gcm,512,1284,29000
aes-gcm,512,1285,29200
aes-gcm,512,1286,29300
aes-gcm,512,1287,29400
aes-gcm,512,1288,29300
aes-gcm,512,1289,29600
aes-gcm,512,1290,29000
aes-gcm,512,1291,29100
aes-gcm,512,1292,29400
aes-gcm,512,1293,28900
aes-gcm,512,1294,29500
aes-gcm,512,1295,29200
aes-gcm,512,1296,28900
aes-gcm,512,1297,29300
aes-gcm,512,1298,29700
aes-gcm,512,1299,29200
aes-gcm,512,1300,29400
aes-gcm,512,1301,29800
aes-gcm,512,1302,37500
aes-gcm,512,1303,30100
aes-gcm,512,1304,27300
aes-gcm,512,1305,29500
aes-gcm,512,1306,29300
aes-gcm,512,1307,29600
aes-gcm,512,1308,29100
aes-gcm,512,1309,29400
aes-gcm,512,1310,29500
aes-gcm,512,1311,29000
aes-gcm,512,1312,29200
aes-gcm,512,1313,29200
aes-gcm,512,1314,29300
aes-gcm,512,1315,29000
aes-gcm,512,1316,29500
aes-gcm,512,1317,29100
aes-gcm,512,1318,29300
aes-gcm,512,1319,29500
aes-gcm,512,1320,29100
aes-gcm,512,1321,29400
aes-gcm,512,1322,29200
aes-gcm,512,1323,29300
aes-gcm,512,1324,29100
aes-gcm,512,1325,29500
aes-gcm,512,1326,29100
aes-gcm,512,1327,29600
aes-gcm,512,1328,29400
aes-gcm,512,1329,28900
aes-gcm,512,1330,29800
aes-gcm,512,1331,29300
aes-gcm,512,1332,29300
aes-gcm,512,1333,29300
aes-gcm,512,1334,29700
aes-gcm,512,1335,29000
aes-gcm,512,1336,29300
aes-gcm,512,1337,29300
aes-gcm,512,1338,29200
aes-gcm,512,1339,29300
aes-gcm,512,1340,29500
aes-gcm,512,1341,29300
aes-gcm,512,1342,29200
aes-gcm,512,1343,29400
aes-gcm,512,1344,29000
aes-gcm,512,1345,29300
aes-gcm,512,1346,29500
aes-gcm,512,1347,29100
aes-gcm,512,1348,29500
aes-gcm,512,1349,29300
aes-gcm,512,1350,29200
aes-gcm,512,1351,29400
aes-gcm,512,1352,29500
aes-gcm,512,1353,29300
aes-gcm,512,1354,29400
aes-gcm,512,1355,29300
aes-gcm,512,1356,29000
aes-gcm,512,1357,29300
aes-gcm,512,1358,29400
aes-gcm,512,1359,29400
aes-gcm,512,1360,29300
aes-gcm,512,1361,29500
aes-gcm,512,1362,29400
aes-gcm,512,1363,29600
aes-gcm,512,1364,29400
aes-gcm,512,1365,29800
aes-gcm,512,1366,29500
aes-gcm,512,1367,29500
aes-gcm,512,1368,29500
aes-gcm,512,1369,29300
aes-gcm,512,1370,29500
aes-gcm,512,1371,29000
aes-gcm,512,1372,29400
aes-gcm,512,1373,29300
aes-gcm,512,1374,29200
aes-gcm,512,1375,29400
aes-gcm,512,1376,29300
aes-gcm,512,1377,29400
aes-gcm,512,1378,29100
aes-gcm,512,1379,29500
aes-gcm,512,1380,29000
aes-gcm,512,1381,29400
aes-gcm,512,1382,29200
aes-gcm,512,1383,29300
aes-gcm,512,1384,29500
aes-gcm,512,1385,29400
aes-gcm,512,1386,29500
aes-gcm,512,1387,29200
aes-gcm,512,1388,29400
aes-gcm,512,1389,29100
aes-gcm,512,1390,29500
aes-gcm,512,1391,29400
aes-gcm,512,1392,29100
aes-gcm,512,1393,29400
aes-gcm,512,1394,29500
aes-gcm,512,1395,29400
aes-gcm,512,1396,29100
aes-gcm,512,1397,29600
aes-gcm,512,1398,29300
aes-gcm,512,1399,29600
aes-gcm,512,1400,29300
aes-gcm,512,1401,29000
aes-gcm,512,1402,29400
aes-gcm,512,1403,29300
aes-gcm,512,1404,29200
aes-gcm,512,1405,29100
aes-gcm,512,1406,29700
aes-gcm,512,1407,29200
aes-gcm,512,1408,29400
aes-gcm,512,1409,29600
aes-gcm,512,1410,29000
aes-gcm,512,1411,29400
aes-gcm,512,1412,29300
aes-gcm,512,1413,29400
aes-gcm,512,1414,29400
aes-gcm,512,1415,29600
aes-gcm,512,1416,29000
aes-gcm,512,1417,29600
aes-gcm,512,1418,29400
aes-gcm,512,1419,29100
aes-gcm,512,1420,29400
aes-gcm,512,1421,29600
aes-gcm,512,1422,29500
aes-gcm,512,1423,29300
aes-gcm,512,1424,29800
aes-gcm,512,1425,28900
aes-gcm,512,1426,29600
aes-gcm,512,1427,29500
aes-gcm,512,1428,29200
aes-gcm,512,1429,30200
aes-gcm,512,1430,29400
aes-gcm,512,1431,29400
aes-gcm,512,1432,29200
aes-gcm,512,1433,29500
aes-gcm,512,1434,29000
aes-gcm,512,1435,29700
aes-gcm,512,1436,29300
aes-gcm,512,1437,29300
aes-gcm,512,1438,29400
aes-gcm,512,1439,29600
aes-gcm,512,1440,29500
aes-gcm,512,1441,29200
aes-gcm,512,1442,29700
aes-gcm,512,1443,29200
aes-gcm,512,1444,29500
aes-gcm,512,1445,29400
aes-gcm,512,1446,29300
aes-gcm,512,1447,29700
aes-gcm,512,1448,29600
aes-gcm,512,1449,29600
aes-gcm,512,1450,29200
aes-gcm,512,1451,29600
aes-gcm,512,1452,28900
aes-gcm,512,1453,29300
aes-gcm,512,1454,29400
aes-gcm,512,1455,29300
aes-gcm,512,1456,29500
aes-gcm,512,1457,29300
aes-gcm,512,1458,29300
aes-gcm,512,1459,29700
aes-gcm,512,1460,29600
aes-gcm,512,1461,29200
aes-gcm,512,1462,29600
aes-gcm,512,1463,29300
aes-gcm,512,1464,29100
aes-gcm,512,1465,29500
aes-gcm,512,1466,29100
aes-gcm,512,1467,29400
aes-gcm,512,1468,29200
aes-gcm,512,1469,29700
aes-gcm,512,1470,29700
aes-gcm,512,1471,29200
aes-gcm,512,1472,29300
aes-gcm,512,1473,29000
aes-gcm,512,1474,29400
aes-gcm,512,1475,29200
aes-gcm,512,1476,29200
aes-gcm,512,1477,29300
aes-gcm,512,1478,29500
aes-gcm,512,1479,29200
aes-gcm,512,1480,29300
aes-gcm,512,1481,29400
aes-gcm,512,1482,28900
aes-gcm,512,1483,29400
aes-gcm,512,1484,29400
aes-gcm,512,1485,29300
aes-gcm,512,1486,29200
aes-gcm,512,1487,29700
aes-gcm,512,1488,29000
aes-gcm,512,1489,29400
aes-gcm,512,1490,29500
aes-gcm,512,1491,29100
aes-gcm,512,1492,29400
aes-gcm,512,1493,30100
aes-gcm,512,1494,29400
aes-gcm,512,1495,29400
aes-gcm,512,1496,29600
aes-gcm,512,1497,29100
aes-gcm,512,1498,29600
aes-gcm,512,1499,29500
aes-gcm,512,1500,28900
aes-gcm,512,1501,29600
aes-gcm,512,1502,29600
aes-gcm,512,1503,29100
aes-gcm,512,1504,29200
aes-gcm,512,1505,29500
aes-gcm,512,1506,29100
aes-gcm,512,1507,29400
aes-gcm,512,1508,29500
aes-gcm,512,1509,29100
aes-gcm,512,1510,29400
aes-gcm,512,1511,29400
aes-gcm,512,1512,29200
aes-gcm,512,1513,29200
aes-gcm,512,1514,29400
aes-gcm,512,1515,28800
aes-gcm,512,1516,29300
aes-gcm,512,1517,29400
aes-gcm,512,1518,29100
aes-gcm,512,1519,29300
aes-gcm,512,1520,29300
aes-gcm,512,1521,29300
aes-gcm,512,1522,29400
aes-gcm,512,1523,29800
aes-gcm,512,1524,29000
aes-gcm,512,1525,29400
aes-gcm,512,1526,29800
aes-gcm,512,1527,29100
aes-gcm,512,1528,29600
aes-gcm,512,1529,29400
aes-gcm,512,1530,29400
aes-gcm,512,1531,29200
aes-gcm,512,1532,29600
aes-gcm,512,1533,29100
aes-gcm,512,1534,29500
aes-gcm,512,1535,29200
aes-gcm,512,1536,29100
aes-gcm,512,1537,29400
aes-gcm,512,1538,29400
aes-gcm,512,1539,29300
aes-gcm,512,1540,158100
aes-gcm,512,1541,136800
aes-gcm,512,1542,85700
aes-gcm,512,1543,49200
aes-gcm,512,1544,82200
aes-gcm,512,1545,128700
aes-gcm,512,1546,100100
aes-gcm,512,1547,58700
aes-gcm,512,1548,33300
aes-gcm,512,1549,31100
aes-gcm,512,1550,30200
aes-gcm,512,1551,29100
aes-gcm,512,1552,32500
aes-gcm,512,1553,33900
aes-gcm,512,1554,30800
aes-gcm,512,1555,30300
aes-gcm,512,1556,30400
aes-gcm,512,1557,29200
aes-gcm,512,1558,78100
aes-gcm,512,1559,82500
aes-gcm,512,1560,37000
aes-gcm,512,1561,37700
aes-gcm,512,1562,32000
aes-gcm,512,1563,32700
aes-gcm,512,1564,31100
aes-gcm,512,1565,30800
aes-gcm,512,1566,29900
aes-gcm,512,1567,29400
aes-gcm,512,1568,36800
aes-gcm,512,1569,30800
aes-gcm,512,1570,29900
aes-gcm,512,1571,32400
aes-gcm,512,1572,29300
aes-gcm,512,1573,29100
aes-gcm,512,1574,30600
aes-gcm,512,1575,31900
aes-gcm,512,1576,33700
aes-gcm,512,1577,47000
aes-gcm,512,1578,93100
aes-gcm,512,1579,58200
aes-gcm,512,1580,69900
aes-gcm,512,1581,38400
aes-gcm,512,1582,32600
aes-gcm,512,1583,30600
aes-gcm,512,1584,30800
aes-gcm,512,1585,30600
aes-gcm,512,1586,30200
aes-gcm,512,1587,29900
aes-gcm,512,1588,29800
aes-gcm,512,1589,29900
aes-gcm,512,1590,29200
aes-gcm,512,1591,30300
aes-gcm,512,1592,29800
aes-gcm,512,1593,79600
aes-gcm,512,1594,84800
aes-gcm,512,1595,42900
aes-gcm,512,1596,53500
aes-gcm,512,1597,56900
aes-gcm,512,1598,34400
aes-gcm,512,1599,80700
aes-gcm,512,1600,104300
aes-gcm,512,1601,55900
aes-gcm,512,1602,37900
aes-gcm,512,1603,32900
aes-gcm,512,1604,31600
aes-gcm,512,1605,29900
aes-gcm,512,1606,30400
aes-gcm,512,1607,30200
aes-gcm,512,1608,77800
aes-gcm,512,1609,85600
aes-gcm,512,1610,40200
aes-gcm,512,1611,31200
aes-gcm,512,1612,48100
aes-gcm,512,1613,47600
aes-gcm,512,1614,30700
aes-gcm,512,1615,30900
aes-gcm,512,1616,29900
aes-gcm,512,1617,29500
aes-gcm,512,1618,29100
aes-gcm,512,1619,29800
aes-gcm,512,1620,30200
aes-gcm,512,1621,30000
aes-gcm,512,1622,30100
aes-gcm,512,1623,29600
aes-gcm,512,1624,29800
aes-gcm,512,1625,29800
aes-gcm,512,1626,29500
aes-gcm,512,1627,68700
aes-gcm,512,1628,30900
aes-gcm,512,1629,30100
aes-gcm,512,1630,29500
aes-gcm,512,1631,48700
aes-gcm,512,1632,94500
aes-gcm,512,1633,61200
aes-gcm,512,1634,34100
aes-gcm,512,1635,30500
aes-gcm,512,1636,30400
aes-gcm,512,1637,30100
aes-gcm,512,1638,83600
aes-gcm,512,1639,80900
aes-gcm,512,1640,39500
aes-gcm,512,1641,31600
aes-gcm,512,1642,30800
aes-gcm,512,1643,30800
aes-gcm,512,1644,46600
aes-gcm,512,1645,54700
aes-gcm,512,1646,33500
aes-gcm,512,1647,30800
aes-gcm,512,1648,29100
aes-gcm,512,1649,29300
aes-gcm,512,1650,29400
aes-gcm,512,1651,29500
aes-gcm,512,1652,29700
aes-gcm,512,1653,45200
aes-gcm,512,1654,94300
aes-gcm,512,1655,63000
aes-gcm,512,1656,33600
aes-gcm,512,1657,31100
aes-gcm,512,1658,30300
aes-gcm,512,1659,30200
aes-gcm,512,1660,30100
aes-gcm,512,1661,30400
aes-gcm,512,1662,29400
aes-gcm,512,1663,30000
aes-gcm,512,1664,29700
aes-gcm,512,1665,52100
aes-gcm,512,1666,97000
aes-gcm,512,1667,58800
aes-gcm,512,1668,34100
aes-gcm,512,1669,31200
aes-gcm,512,1670,30500
aes-gcm,512,1671,29600
aes-gcm,512,1672,30300
aes-gcm,512,1673,69600
aes-gcm,512,1674,32000
aes-gcm,512,1675,33200
aes-gcm,512,1676,30500
aes-gcm,512,1677,29300
aes-gcm,512,1678,29800
aes-gcm,512,1679,29500
aes-gcm,512,1680,29300
aes-gcm,512,1681,29400
aes-gcm,512,1682,29500
aes-gcm,512,1683,29300
aes-gcm,512,1684,30200
aes-gcm,512,1685,29700
aes-gcm,512,1686,29400
aes-gcm,512,1687,29300
aes-gcm,512,1688,29600
aes-gcm,512,1689,29000
aes-gcm,512,1690,29400
aes-gcm,512,1691,29500
aes-gcm,512,1692,29300
aes-gcm,512,1693,29200
aes-gcm,512,1694,30200
aes-gcm,512,1695,28900
aes-gcm,512,1696,29300
aes-gcm,512,1697,29300
aes-gcm,512,1698,28900
aes-gcm,512,1699,29200
aes-gcm,512,1700,29300
aes-gcm,512,1701,29300
aes-gcm,512,1702,29100
aes-gcm,512,1703,29500
aes-gcm,512,1704,29300
aes-gcm,512,1705,29800
aes-gcm,512,1706,29700
aes-gcm,512,1707,29100
aes-gcm,512,1708,29600
aes-gcm,512,1709,29200
aes-gcm,512,1710,29500
aes-gcm,512,1711,29200
aes-gcm,512,1712,29500
aes-gcm,512,1713,28900
aes-gcm,512,1714,29400
aes-gcm,512,1715,29300
aes-gcm,512,1716,29100
aes-gcm,512,1717,29400
aes-gcm,512,1718,29200
aes-gcm,512,1719,29300
aes-gcm,512,1720,29200
aes-gcm,512,1721,29600
aes-gcm,512,1722,29500
aes-gcm,512,1723,29600
aes-gcm,512,1724,29700
aes-gcm,512,1725,28900
aes-gcm,512,1726,29400
aes-gcm,512,1727,29500
aes-gcm,512,1728,29200
aes-gcm,512,1729,29300
aes-gcm,512,1730,29400
aes-gcm,512,1731,29000
aes-gcm,512,1732,29500
aes-gcm,512,1733,29300
aes-gcm,512,1734,28900
aes-gcm,512,1735,29100
aes-gcm,512,1736,29000
aes-gcm,512,1737,29200
aes-gcm,512,1738,29000
aes-gcm,512,1739,29500
aes-gcm,512,1740,27600
aes-gcm,512,1741,29600
aes-gcm,512,1742,29500
aes-gcm,512,1743,28900
aes-gcm,512,1744,29600
aes-gcm,512,1745,29200
aes-gcm,512,1746,29200
aes-gcm,512,1747,29200
aes-gcm,512,1748,30800
aes-gcm,512,1749,29300
aes-gcm,512,1750,29700
aes-gcm,512,1751,29300
aes-gcm,512,1752,29200
aes-gcm,512,1753,29500
aes-gcm,512,1754,29400
aes-gcm,512,1755,29100
aes-gcm,512,1756,29200
aes-gcm,512,1757,29600
aes-gcm,512,1758,29200
aes-gcm,512,1759,29300
aes-gcm,512,1760,29300
aes-gcm,512,1761,28900
aes-gcm,512,1762,29500
aes-gcm,512,1763,29300
aes-gcm,512,1764,29400
aes-gcm,512,1765,29400
aes-gcm,512,1766,29600
aes-gcm,512,1767,29200
aes-gcm,512,1768,29700
aes-gcm,512,1769,29500
aes-gcm,512,1770,29300
aes-gcm,512,1771,29300
aes-gcm,512,1772,29400
aes-gcm,512,1773,29100
aes-gcm,512,1774,29300
aes-gcm,512,1775,29500
aes-gcm,512,1776,29000
aes-gcm,512,1777,29400
aes-gcm,512,1778,29800
aes-gcm,512,1779,29000
aes-gcm,512,1780,29500
aes-gcm,512,1781,29100
aes-gcm,512,1782,29200
aes-gcm,512,1783,29100
aes-gcm,512,1784,29600
aes-gcm,512,1785,29100
aes-gcm,512,1786,29700
aes-gcm,512,1787,29500
aes-gcm,512,1788,29200
aes-gcm,512,1789,29400
aes-gcm,512,1790,29400
aes-gcm,512,1791,29200
aes-gcm,512,1792,29100
aes-gcm,512,1793,29500
aes-gcm,512,1794,29200
aes-gcm,512,1795,29300
aes-gcm,512,1796,29500
aes-gcm,512,1797,29100
aes-gcm,512,1798,29700
aes-gcm,512,1799,29400
aes-gcm,512,1800,29300
aes-gcm,512,1801,29400
aes-gcm,512,1802,29500
aes-gcm,512,1803,29000
aes-gcm,512,1804,29700
aes-gcm,512,1805,29300
aes-gcm,512,1806,29600
aes-gcm,512,1807,29400
aes-gcm,512,1808,29400
aes-gcm,512,1809,29100
aes-gcm,512,1810,29300
aes-gcm,512,1811,30200
aes-gcm,512,1812,29300
aes-gcm,512,1813,66200
aes-gcm,512,1814,71900
aes-gcm,512,1815,39800
aes-gcm,512,1816,30700
aes-gcm,512,1817,29700
aes-gcm,512,1818,29400
aes-gcm,512,1819,29400
aes-gcm,512,1820,29700
aes-gcm,512,1821,29100
aes-gcm,512,1822,29400
aes-gcm,512,1823,29400
aes-gcm,512,1824,29000
aes-gcm,512,1825,29300
aes-gcm,512,1826,29400
aes-gcm,512,1827,29300
aes-gcm,512,1828,29400
aes-gcm,512,1829,29500
aes-gcm,512,1830,29200
aes-gcm,512,1831,29400
aes-gcm,512,1832,29400
aes-gcm,512,1833,29000
aes-gcm,512,1834,29900
aes-gcm,512,1835,29300
aes-gcm,512,1836,29400
aes-gcm,512,1837,29300
aes-gcm,512,1838,29500
aes-gcm,512,1839,29000
aes-gcm,512,1840,29500
aes-gcm,512,1841,29300
aes-gcm,512,1842,29100
aes-gcm,512,1843,29500
aes-gcm,512,1844,29900
aes-gcm,512,1845,29300
aes-gcm,512,1846,29400
aes-gcm,512,1847,29800
aes-gcm,512,1848,29200
aes-gcm,512,1849,29700
aes-gcm,512,1850,29500
aes-gcm,512,1851,29400
aes-gcm,512,1852,29500
aes-gcm,512,1853,29400
aes-gcm,512,1854,29400
aes-gcm,512,1855,29200
aes-gcm,512,1856,29800
aes-gcm,512,1857,29400
aes-gcm,512,1858,29500
aes-gcm,512,1859,29400
aes-gcm,512,1860,29200
aes-gcm,512,1861,29400
aes-gcm,512,1862,29800
aes-gcm,512,1863,29400
aes-gcm,512,1864,29400
aes-gcm,512,1865,29800
aes-gcm,512,1866,29300
aes-gcm,512,1867,29700
aes-gcm,512,1868,29900
aes-gcm,512,1869,29300
aes-gcm,512,1870,29500
aes-gcm,512,1871,29400
aes-gcm,512,1872,29500
aes-gcm,512,1873,29200
aes-gcm,512,1874,29700
aes-gcm,512,1875,29700
aes-gcm,512,1876,29600
aes-gcm,512,1877,29500
aes-gcm,512,1878,29200
aes-gcm,512,1879,29200
aes-gcm,512,1880,29400
aes-gcm,512,1881,29400
aes-gcm,512,1882,29300
aes-gcm,512,1883,29700
aes-gcm,512,1884,29100
aes-gcm,512,1885,29500
aes-gcm,512,1886,29700
aes-gcm,512,1887,29200
aes-gcm,512,1888,29500
aes-gcm,512,1889,29900
aes-gcm,512,1890,29700
aes-gcm,512,1891,29200
aes-gcm,512,1892,29600
aes-gcm,512,1893,29000
aes-gcm,512,1894,29800
aes-gcm,512,1895,29400
aes-gcm,512,1896,29100
aes-gcm,512,1897,29500
aes-gcm,512,1898,29300
aes-gcm,512,1899,29300
aes-gcm,512,1900,29200
aes-gcm,512,1901,29700
aes-gcm,512,1902,29100
aes-gcm,512,1903,29800
aes-gcm,512,1904,29600
aes-gcm,512,1905,29200
aes-gcm,512,1906,29600
aes-gcm,512,1907,29300
aes-gcm,512,1908,29600
aes-gcm,512,1909,29100
aes-gcm,512,1910,29600
aes-gcm,512,1911,29100
aes-gcm,512,1912,29500
aes-gcm,512,1913,29400
aes-gcm,512,1914,29100
aes-gcm,512,1915,29500
aes-gcm,512,1916,29300
aes-gcm,512,1917,29400
aes-gcm,512,1918,29800
aes-gcm,512,1919,29500
aes-gcm,512,1920,29100
aes-gcm,512,1921,29400
aes-gcm,512,1922,29400
aes-gcm,512,1923,29200
aes-gcm,512,1924,29300
aes-gcm,512,1925,29500
aes-gcm,512,1926,29600
aes-gcm,512,1927,29100
aes-gcm,512,1928,29800
aes-gcm,512,1929,29100
aes-gcm,512,1930,29500
aes-gcm,512,1931,29300
aes-gcm,512,1932,29100
aes-gcm,512,1933,29400
aes-gcm,512,1934,29200
aes-gcm,512,1935,29300
aes-gcm,512,1936,29400
aes-gcm,512,1937,29700
aes-gcm,512,1938,29100
aes-gcm,512,1939,30400
aes-gcm,512,1940,29700
aes-gcm,512,1941,29100
aes-gcm,512,1942,29400
aes-gcm,512,1943,29300
aes-gcm,512,1944,29300
aes-gcm,512,1945,29100
aes-gcm,512,1946,30000
aes-gcm,512,1947,29300
aes-gcm,512,1948,29500
aes-gcm,512,1949,29400
aes-gcm,512,1950,29100
aes-gcm,512,1951,29400
aes-gcm,512,1952,29300
aes-gcm,512,1953,29100
aes-gcm,512,1954,29200
aes-gcm,512,1955,29600
aes-gcm,512,1956,29100
aes-gcm,512,1957,29500
aes-gcm,512,1958,29800
aes-gcm,512,1959,29000
aes-gcm,512,1960,29300
aes-gcm,512,1961,29400
aes-gcm,512,1962,29300
aes-gcm,512,1963,29200
aes-gcm,512,1964,29800
aes-gcm,512,1965,28900
aes-gcm,512,1966,29600
aes-gcm,512,1967,29500
aes-gcm,512,1968,29300
aes-gcm,512,1969,29500
aes-gcm,512,1970,29600
aes-gcm,512,1971,29200
aes-gcm,512,1972,153900
aes-gcm,512,1973,128200
aes-gcm,512,1974,60800
aes-gcm,512,1975,33800
aes-gcm,512,1976,30900
aes-gcm,512,1977,30100
aes-gcm,512,1978,29900
aes-gcm,512,1979,29900
aes-gcm,512,1980,29500
aes-gcm,512,1981,29400
aes-gcm,512,1982,30200
aes-gcm,512,1983,29300
aes-gcm,512,1984,29500
aes-gcm,512,1985,29100
aes-gcm,512,1986,29100
aes-gcm,512,1987,29300
aes-gcm,512,1988,29600
aes-gcm,512,1989,29400
aes-gcm,512,1990,29200
aes-gcm,512,1991,29600
aes-gcm,512,1992,29600
aes-gcm,512,1993,29400
aes-gcm,512,1994,29400
aes-gcm,512,1995,29100
aes-gcm,512,1996,29500
aes-gcm,512,1997,105800
aes-gcm,512,1998,96600
aes-gcm,512,1999,56000
aes-gcm,2048,0,30100
aes-gcm,2048,1,30700
aes-gcm,2048,2,30300
aes-gcm,2048,3,34700
aes-gcm,2048,4,30500
aes-gcm,2048,5,30600
aes-gcm,2048,6,30600
aes-gcm,2048,7,30100
aes-gcm,2048,8,30700
aes-gcm,2048,9,30400
aes-gcm,2048,10,30000
aes-gcm,2048,11,30500
aes-gcm,2048,12,29900
aes-gcm,2048,13,30900
aes-gcm,2048,14,30100
aes-gcm,2048,15,30600
aes-gcm,2048,16,30100
aes-gcm,2048,17,30900
aes-gcm,2048,18,29700
aes-gcm,2048,19,30600
aes-gcm,2048,20,30200
aes-gcm,2048,21,30300
aes-gcm,2048,22,30500
aes-gcm,2048,23,30500
aes-gcm,2048,24,30200
aes-gcm,2048,25,30000
aes-gcm,2048,26,109400
aes-gcm,2048,27,41300
aes-gcm,2048,28,33400
aes-gcm,2048,29,31100
aes-gcm,2048,30,34200
aes-gcm,2048,31,30100
aes-gcm,2048,32,30200
aes-gcm,2048,33,29900
aes-gcm,2048,34,30400
aes-gcm,2048,35,30100
aes-gcm,2048,36,30000
aes-gcm,2048,37,29900
aes-gcm,2048,38,30500
aes-gcm,2048,39,30000
aes-gcm,2048,40,30600
aes-gcm,2048,41,30400
aes-gcm,2048,42,30500
aes-gcm,2048,43,30100
aes-gcm,2048,44,30600
aes-gcm,2048,45,29900
aes-gcm,2048,46,30400
aes-gcm,2048,47,29600
aes-gcm,2048,48,30100
aes-gcm,2048,49,30300
aes-gcm,2048,50,69600
aes-gcm,2048,51,32700
aes-gcm,2048,52,33900
aes-gcm,2048,53,30900
aes-gcm,2048,54,29700
aes-gcm,2048,55,30700
aes-gcm,2048,56,30200
aes-gcm,2048,57,29700
aes-gcm,2048,58,31000
aes-gcm,2048,59,30100
aes-gcm,2048,60,30700
aes-gcm,2048,61,30000
aes-gcm,2048,62,30500
aes-gcm,2048,63,43100
aes-gcm,2048,64,30400
aes-gcm,2048,65,29900
aes-gcm,2048,66,33000
aes-gcm,2048,67,30200
aes-gcm,2048,68,29900
aes-gcm,2048,69,29900
aes-gcm,2048,70,29800
aes-gcm,2048,71,30600
aes-gcm,2048,72,29600
aes-gcm,2048,73,30300
aes-gcm,2048,74,30100
aes-gcm,2048,75,29600
aes-gcm,2048,76,30500
aes-gcm,2048,77,30400
aes-gcm,2048,78,29900
aes-gcm,2048,79,30100
aes-gcm,2048,80,30200
aes-gcm,2048,81,30000
aes-gcm,2048,82,30700
aes-gcm,2048,83,30200
aes-gcm,2048,84,29600
aes-gcm,2048,85,30000
aes-gcm,2048,86,30400
aes-gcm,2048,87,30100
aes-gcm,2048,88,29900
aes-gcm,2048,89,30300
aes-gcm,2048,90,29600
aes-gcm,2048,91,30200
aes-gcm,2048,92,30100
aes-gcm,2048,93,29700
aes-gcm,2048,94,30100
aes-gcm,2048,95,30100
aes-gcm,2048,96,35800
aes-gcm,2048,97,30500
aes-gcm,2048,98,30600
aes-gcm,2048,99,29900
aes-gcm,2048,100,30300
aes-gcm,2048,101,30100
aes-gcm,2048,102,29700
aes-gcm,2048,103,30100
aes-gcm,2048,104,30000
aes-gcm,2048,105,29800
aes-gcm,2048,106,30200
aes-gcm,2048,107,30300
aes-gcm,2048,108,29700
aes-gcm,2048,109,30500
aes-gcm,2048,110,30400
aes-gcm,2048,111,31000
aes-gcm,2048,112,30200
aes-gcm,2048,113,30200
aes-gcm,2048,114,30200
aes-gcm,2048,115,30100
aes-gcm,2048,116,30300
aes-gcm,2048,117,29700
aes-gcm,2048,118,30300
aes-gcm,2048,119,30400
aes-gcm,2048,120,29800
aes-gcm,2048,121,30300
aes-gcm,2048,122,29900
aes-gcm,2048,123,29900
aes-gcm,2048,124,30200
aes-gcm,2048,125,30200
aes-gcm,2048,126,29900
aes-gcm,2048,127,30300
aes-gcm,2048,128,30100
aes-gcm,2048,129,34100
aes-gcm,2048,130,31300
aes-gcm,2048,131,30200
aes-gcm,2048,132,29900
aes-gcm,2048,133,30000
aes-gcm,2048,134,30000
aes-gcm,2048,135,29900
aes-gcm,2048,136,30200
aes-gcm,2048,137,30100
aes-gcm,2048,138,29700
aes-gcm,2048,139,30500
aes-gcm,2048,140,30200
aes-gcm,2048,141,30200
aes-gcm,2048,142,30000
aes-gcm,2048,143,30400
aes-gcm,2048,144,29900
aes-gcm,2048,145,30200
aes-gcm,2048,146,30000
aes-gcm,2048,147,29900
aes-gcm,2048,148,30200
aes-gcm,2048,149,30100
aes-gcm,2048,150,30000
aes-gcm,2048,151,30200
aes-gcm,2048,152,30300
aes-gcm,2048,153,29800
aes-gcm,2048,154,30200
aes-gcm,2048,155,30100
aes-gcm,2048,156,29900
aes-gcm,2048,157,30000
aes-gcm,2048,158,30000
aes-gcm,2048,159,30100
aes-gcm,2048,160,29900
aes-gcm,2048,161,30400
aes-gcm,2048,162,33700
aes-gcm,2048,163,30500
aes-gcm,2048,164,29800
aes-gcm,2048,165,29600
aes-gcm,2048,166,30000
aes-gcm,2048,167,30100
aes-gcm,2048,168,29700
aes-gcm,2048,169,29800
aes-gcm,2048,170,30300
aes-gcm,2048,171,29700
aes-gcm,2048,172,30200
aes-gcm,2048,173,30100
aes-gcm,2048,174,30000
aes-gcm,2048,175,30100
aes-gcm,2048,176,30300
aes-gcm,2048,177,30000
aes-gcm,2048,178,30100
aes-gcm,2048,179,30300
aes-gcm,2048,180,29900
aes-gcm,2048,181,30400
aes-gcm,2048,182,30200
aes-gcm,2048,183,30200
aes-gcm,2048,184,30300
aes-gcm,2048,185,30100
aes-gcm,2048,186,32800
aes-gcm,2048,187,29900
aes-gcm,2048,188,30300
aes-gcm,2048,189,29700
aes-gcm,2048,190,30000
aes-gcm,2048,191,30200
aes-gcm,2048,192,29700
aes-gcm,2048,193,30000
aes-gcm,2048,194,32600
aes-gcm,2048,195,33700
aes-gcm,2048,196,30200
aes-gcm,2048,197,30100
aes-gcm,2048,198,29400
aes-gcm,2048,199,30300
aes-gcm,2048,200,30000
aes-gcm,2048,201,29900
aes-gcm,2048,202,29900
aes-gcm,2048,203,30200
aes-gcm,2048,204,30100
aes-gcm,2048,205,30100
aes-gcm,2048,206,30300
aes-gcm,2048,207,29600
aes-gcm,2048,208,29900
aes-gcm,2048,209,30000
aes-gcm,2048,210,29700
aes-gcm,2048,211,30200
aes-gcm,2048,212,29900
aes-gcm,2048,213,30100
aes-gcm,2048,214,30100
aes-gcm,2048,215,30500
aes-gcm,2048,216,29700
aes-gcm,2048,217,30100
aes-gcm,2048,218,30100
aes-gcm,2048,219,29800
aes-gcm,2048,220,30400
aes-gcm,2048,221,30000
aes-gcm,2048,222,29900
aes-gcm,2048,223,29700
aes-gcm,2048,224,30100
aes-gcm,2048,225,29600
aes-gcm,2048,226,30600
aes-gcm,2048,227,30000
aes-gcm,2048,228,33200
aes-gcm,2048,229,30300
aes-gcm,2048,230,30000
aes-gcm,2048,231,30000
aes-gcm,2048,232,29600
aes-gcm,2048,233,30000
aes-gcm,2048,234,29400
aes-gcm,2048,235,30000
aes-gcm,2048,236,30200
aes-gcm,2048,237,30100
aes-gcm,2048,238,30100
aes-gcm,2048,239,30200
aes-gcm,2048,240,29900
aes-gcm,2048,241,30000
aes-gcm,2048,242,30500
aes-gcm,2048,243,29600
aes-gcm,2048,244,30100
aes-gcm,2048,245,29900
aes-gcm,2048,246,29800
aes-gcm,2048,247,30200
aes-gcm,2048,248,29900
aes-gcm,2048,249,29900
aes-gcm,2048,250,29700
aes-gcm,2048,251,30500
aes-gcm,2048,252,29800
aes-gcm,2048,253,30300
aes-gcm,2048,254,30100
aes-gcm,2048,255,29700
aes-gcm,2048,256,30000
aes-gcm,2048,257,30100
aes-gcm,2048,258,31100
aes-gcm,2048,259,30200
aes-gcm,2048,260,30400
aes-gcm,2048,261,33500
aes-gcm,2048,262,30200
aes-gcm,2048,263,30300
aes-gcm,2048,264,29700
aes-gcm,2048,265,29900
aes-gcm,2048,266,29900
aes-gcm,2048,267,29800
aes-gcm,2048,268,29800
aes-gcm,2048,269,30500
aes-gcm,2048,270,29700
aes-gcm,2048,271,30100
aes-gcm,2048,272,30200
aes-gcm,2048,273,29600
aes-gcm,2048,274,30100
aes-gcm,2048,275,30100
aes-gcm,2048,276,29900
aes-gcm,2048,277,29800
aes-gcm,2048,278,30400
aes-gcm,2048,279,29900
aes-gcm,2048,280,30100
aes-gcm,2048,281,30200
aes-gcm,2048,282,30000
aes-gcm,2048,283,30100
aes-gcm,2048,284,30300
aes-gcm,2048,285,30900
aes-gcm,2048,286,30000
aes-gcm,2048,287,30300
aes-gcm,2048,288,30000
aes-gcm,2048,289,30100
aes-gcm,2048,290,30200
aes-gcm,2048,291,29700
aes-gcm,2048,292,30000
aes-gcm,2048,293,30000
aes-gcm,2048,294,33300
aes-gcm,2048,295,30400
aes-gcm,2048,296,30000
aes-gcm,2048,297,29600
aes-gcm,2048,298,29900
aes-gcm,2048,299,29900
aes-gcm,2048,300,29500
aes-gcm,2048,301,30100
aes-gcm,2048,302,30100
aes-gcm,2048,303,30000
aes-gcm,2048,304,30000
aes-gcm,2048,305,30200
aes-gcm,2048,306,29800
aes-gcm,2048,307,30100
aes-gcm,2048,308,30000
aes-gcm,2048,309,29700
aes-gcm,2048,310,30200
aes-gcm,2048,311,30200
aes-gcm,2048,312,29900
aes-gcm,2048,313,29800
aes-gcm,2048,314,30200
aes-gcm,2048,315,29600
aes-gcm,2048,316,30300
aes-gcm,2048,317,30000
aes-gcm,2048,318,29700
aes-gcm,2048,319,30100
aes-gcm,2048,320,30000
aes-gcm,2048,321,30700
aes-gcm,2048,322,30000
aes-gcm,2048,323,30200
aes-gcm,2048,324,29700
aes-gcm,2048,325,30300
aes-gcm,2048,326,30100
aes-gcm,2048,327,33300
aes-gcm,2048,328,30200
aes-gcm,2048,329,29900
aes-gcm,2048,330,29800
aes-gcm,2048,331,29900
aes-gcm,2048,332,29900
aes-gcm,2048,333,29800
aes-gcm,2048,334,30000
aes-gcm,2048,335,30100
aes-gcm,2048,336,29700
aes-gcm,2048,337,30000
aes-gcm,2048,338,30200
aes-gcm,2048,339,30000
aes-gcm,2048,340,30200
aes-gcm,2048,341,30400
aes-gcm,2048,342,30100
aes-gcm,2048,343,30400
aes-gcm,2048,344,30000
aes-gcm,2048,345,29800
aes-gcm,2048,346,30200
aes-gcm,2048,347,30400
aes-gcm,2048,348,30800
aes-gcm,2048,349,30000
aes-gcm,2048,350,30100
aes-gcm,2048,351,29800
aes-gcm,2048,352,30100
aes-gcm,2048,353,30100
aes-gcm,2048,354,29900
aes-gcm,2048,355,29900
aes-gcm,2048,356,29900
aes-gcm,2048,357,29800
aes-gcm,2048,358,29800
aes-gcm,2048,359,30500
aes-gcm,2048,360,33200
aes-gcm,2048,361,30400
aes-gcm,2048,362,30000
aes-gcm,2048,363,29700
aes-gcm,2048,364,30100
aes-gcm,2048,365,30000
aes-gcm,2048,366,29800
aes-gcm,2048,367,29700
aes-gcm,2048,368,30100
aes-gcm,2048,369,29600
aes-gcm,2048,370,30300
aes-gcm,2048,371,30000
aes-gcm,2048,372,29700
aes-gcm,2048,373,53000
aes-gcm,2048,374,67400
aes-gcm,2048,375,70200
aes-gcm,2048,376,150900
aes-gcm,2048,377,52300
aes-gcm,2048,378,79200
aes-gcm,2048,379,42100
aes-gcm,2048,380,33900
aes-gcm,2048,381,30400
aes-gcm,2048,382,31100
aes-gcm,2048,383,30500
aes-gcm,2048,384,30600
aes-gcm,2048,385,32300
aes-gcm,2048,386,30600
aes-gcm,2048,387,29700
aes-gcm,2048,388,30100
aes-gcm,2048,389,30000
aes-gcm,2048,390,30300
aes-gcm,2048,391,30200
aes-gcm,2048,392,30200
aes-gcm,2048,393,40800
aes-gcm,2048,394,30700
aes-gcm,2048,395,30400
aes-gcm,2048,396,29700
aes-gcm,2048,397,30000
aes-gcm,2048,398,29800
aes-gcm,2048,399,29800
aes-gcm,2048,400,30200
aes-gcm,2048,401,30700
aes-gcm,2048,402,30300
aes-gcm,2048,403,30600
aes-gcm,2048,404,30500
aes-gcm,2048,405,30100
aes-gcm,2048,406,30500
aes-gcm,2048,407,30100
aes-gcm,2048,408,30100
aes-gcm,2048,409,30100
aes-gcm,2048,410,30000
aes-gcm,2048,411,30200
aes-gcm,2048,412,30800
aes-gcm,2048,413,30300
aes-gcm,2048,414,30100
aes-gcm,2048,415,30400
aes-gcm,2048,416,30400
aes-gcm,2048,417,29700
aes-gcm,2048,418,30100
aes-gcm,2048,419,30100
aes-gcm,2048,420,30200
aes-gcm,2048,421,30100
aes-gcm,2048,422,30500
aes-gcm,2048,423,29800
aes-gcm,2048,424,30200
aes-gcm,2048,425,30400
aes-gcm,2048,426,35700
aes-gcm,2048,427,30500
aes-gcm,2048,428,30300
aes-gcm,2048,429,30000
aes-gcm,2048,430,30100
aes-gcm,2048,431,30200
aes-gcm,2048,432,29800
aes-gcm,2048,433,30100
aes-gcm,2048,434,30100
aes-gcm,2048,435,30000
aes-gcm,2048,436,30400
aes-gcm,2048,437,30200
aes-gcm,2048,438,30200
aes-gcm,2048,439,30000
aes-gcm,2048,440,30400
aes-gcm,2048,441,29900
aes-gcm,2048,442,30100
aes-gcm,2048,443,30200
aes-gcm,2048,444,29900
aes-gcm,2048,445,30400
aes-gcm,2048,446,30100
aes-gcm,2048,447,29900
aes-gcm,2048,448,30200
aes-gcm,2048,449,31100
aes-gcm,2048,450,29900
aes-gcm,2048,451,30200
aes-gcm,2048,452,30000
aes-gcm,2048,453,29700
aes-gcm,2048,454,30600
aes-gcm,2048,455,30400
aes-gcm,2048,456,30000
aes-gcm,2048,457,30200
aes-gcm,2048,458,30300
aes-gcm,2048,459,34300
aes-gcm,2048,460,30600
aes-gcm,2048,461,30000
aes-gcm,2048,462,29700
aes-gcm,2048,463,29900
aes-gcm,2048,464,30200
aes-gcm,2048,465,30200
aes-gcm,2048,466,29800
aes-gcm,2048,467,30500
aes-gcm,2048,468,29800
aes-gcm,2048,469,30500
aes-gcm,2048,470,30300
aes-gcm,2048,471,29800
aes-gcm,2048,472,30400
aes-gcm,2048,473,30100
aes-gcm,2048,474,30000
aes-gcm,2048,475,30200
aes-gcm,2048,476,30900
aes-gcm,2048,477,29700
aes-gcm,2048,478,30300
aes-gcm,2048,479,30000
aes-gcm,2048,480,30000
aes-gcm,2048,481,30400
aes-gcm,2048,482,30000
aes-gcm,2048,483,30000
aes-gcm,2048,484,30000
aes-gcm,2048,485,30400
aes-gcm,2048,486,29900
aes-gcm,2048,487,29900
aes-gcm,2048,488,30100
aes-gcm,2048,489,29800
aes-gcm,2048,490,30100
aes-gcm,2048,491,30200
aes-gcm,2048,492,34000
aes-gcm,2048,493,33300
aes-gcm,2048,494,30100
aes-gcm,2048,495,29700
aes-gcm,2048,496,29800
aes-gcm,2048,497,30000
aes-gcm,2048,498,29600
aes-gcm,2048,499,30100
aes-gcm,2048,500,30000
aes-gcm,2048,501,30200
aes-gcm,2048,502,30000
aes-gcm,2048,503,30200
aes-gcm,2048,504,29600
aes-gcm,2048,505,30300
aes-gcm,2048,506,29900
aes-gcm,2048,507,30000
aes-gcm,2048,508,30300
aes-gcm,2048,509,30000
aes-gcm,2048,510,30400
aes-gcm,2048,511,30000
aes-gcm,2048,512,30500
aes-gcm,2048,513,32700
aes-gcm,2048,514,30300
aes-gcm,2048,515,30200
aes-gcm,2048,516,30000
aes-gcm,2048,517,30100
aes-gcm,2048,518,30100
aes-gcm,2048,519,29800
aes-gcm,2048,520,29900
aes-gcm,2048,521,30400
aes-gcm,2048,522,29700
aes-gcm,2048,523,30100
aes-gcm,2048,524,30000
aes-gcm,2048,525,33900
aes-gcm,2048,526,33100
aes-gcm,2048,527,29700
aes-gcm,2048,528,29900
aes-gcm,2048,529,30000
aes-gcm,2048,530,30000
aes-gcm,2048,531,29800
aes-gcm,2048,532,30000
aes-gcm,2048,533,30300
aes-gcm,2048,534,29800
aes-gcm,2048,535,30200
aes-gcm,2048,536,30200
aes-gcm,2048,537,29900
aes-gcm,2048,538,30000
aes-gcm,2048,539,30600
aes-gcm,2048,540,31000
aes-gcm,2048,541,30300
aes-gcm,2048,542,30300
aes-gcm,2048,543,29700
aes-gcm,2048,544,30100
aes-gcm,2048,545,30200
aes-gcm,2048,546,30000
aes-gcm,2048,547,29800
aes-gcm,2048,548,30200
aes-gcm,2048,549,29600
aes-gcm,2048,550,30400
aes-gcm,2048,551,30100
aes-gcm,2048,552,30200
aes-gcm,2048,553,30300
aes-gcm,2048,554,30100
aes-gcm,2048,555,30000
aes-gcm,2048,556,29800
aes-gcm,2048,557,30100
aes-gcm,2048,558,33200
aes-gcm,2048,559,30300
aes-gcm,2048,560,30100
aes-gcm,2048,561,29800
aes-gcm,2048,562,29800
aes-gcm,2048,563,29900
aes-gcm,2048,564,29800
aes-gcm,2048,565,30000
aes-gcm,2048,566,30100
aes-gcm,2048,567,29900
aes-gcm,2048,568,30300
aes-gcm,2048,569,30000
aes-gcm,2048,570,29900
aes-gcm,2048,571,30200
aes-gcm,2048,572,30100
aes-gcm,2048,573,29800
aes-gcm,2048,574,30200
aes-gcm,2048,575,30300
aes-gcm,2048,576,30400
aes-gcm,2048,577,30200
aes-gcm,2048,578,30200
aes-gcm,2048,579,29700
aes-gcm,2048,580,30100
aes-gcm,2048,581,30000
aes-gcm,2048,582,29800
aes-gcm,2048,583,30000
aes-gcm,2048,584,30300
aes-gcm,2048,585,30000
aes-gcm,2048,586,30200
aes-gcm,2048,587,30100
aes-gcm,2048,588,29700
aes-gcm,2048,589,30200
aes-gcm,2048,590,30100
aes-gcm,2048,591,47300
aes-gcm,2048,592,30200
aes-gcm,2048,593,30200
aes-gcm,2048,594,29700
aes-gcm,2048,595,30400
aes-gcm,2048,596,30000
aes-gcm,2048,597,29700
aes-gcm,2048,598,30000
aes-gcm,2048,599,30100
aes-gcm,2048,600,30300
aes-gcm,2048,601,30100
aes-gcm,2048,602,30300
aes-gcm,2048,603,32600
aes-gcm,2048,604,30100
aes-gcm,2048,605,30200
aes-gcm,2048,606,30000
aes-gcm,2048,607,30100
aes-gcm,2048,608,30000
aes-gcm,2048,609,30000
aes-gcm,2048,610,29900
aes-gcm,2048,611,30300
aes-gcm,2048,612,29700
aes-gcm,2048,613,30000
aes-gcm,2048,614,30500
aes-gcm,2048,615,29700
aes-gcm,2048,616,30200
aes-gcm,2048,617,30200
aes-gcm,2048,618,29900
aes-gcm,2048,619,29900
aes-gcm,2048,620,30500
aes-gcm,2048,621,29800
aes-gcm,2048,622,29900
aes-gcm,2048,623,30100
aes-gcm,2048,624,33600
aes-gcm,2048,625,30600
aes-gcm,2048,626,30000
aes-gcm,2048,627,30200
aes-gcm,2048,628,29900
aes-gcm,2048,629,30000
aes-gcm,2048,630,29800
aes-gcm,2048,631,29800
aes-gcm,2048,632,30000
aes-gcm,2048,633,29700
aes-gcm,2048,634,30200
aes-gcm,2048,635,30200
aes-gcm,2048,636,29800
aes-gcm,2048,637,30000
aes-gcm,2048,638,30600
aes-gcm,2048,639,29700
aes-gcm,2048,640,30900
aes-gcm,2048,641,30000
aes-gcm,2048,642,29800
aes-gcm,2048,643,30000
aes-gcm,2048,644,30000
aes-gcm,2048,645,30300
aes-gcm,2048,646,30000
aes-gcm,2048,647,30300
aes-gcm,2048,648,29600
aes-gcm,2048,649,30300
aes-gcm,2048,650,30100
aes-gcm,2048,651,29800
aes-gcm,2048,652,30000
aes-gcm,2048,653,30000
aes-gcm,2048,654,29900
aes-gcm,2048,655,30100
aes-gcm,2048,656,30300
aes-gcm,2048,657,33600
aes-gcm,2048,658,30600
aes-gcm,2048,659,30000
aes-gcm,2048,660,29800
aes-gcm,2048,661,30000
aes-gcm,2048,662,30100
aes-gcm,2048,663,29800
aes-gcm,2048,664,29900
aes-gcm,2048,665,30500
aes-gcm,2048,666,29800
aes-gcm,2048,667,31100
aes-gcm,2048,668,30200
aes-gcm,2048,669,29700
aes-gcm,2048,670,30400
aes-gcm,2048,671,30000
aes-gcm,2048,672,29900
aes-gcm,2048,673,29900
aes-gcm,2048,674,30200
aes-gcm,2048,675,29800
aes-gcm,2048,676,30100
aes-gcm,2048,677,30300
aes-gcm,2048,678,30000
aes-gcm,2048,679,30100
aes-gcm,2048,680,30100
aes-gcm,2048,681,30100
aes-gcm,2048,682,29900
aes-gcm,2048,683,30300
aes-gcm,2048,684,29700
aes-gcm,2048,685,30200
aes-gcm,2048,686,30000
aes-gcm,2048,687,29600
aes-gcm,2048,688,30300
aes-gcm,2048,689,30000
aes-gcm,2048,690,33600
aes-gcm,2048,691,30200
aes-gcm,2048,692,30100
aes-gcm,2048,693,29600
aes-gcm,2048,694,30100
aes-gcm,2048,695,30000
aes-gcm,2048,696,29700
aes-gcm,2048,697,29900
aes-gcm,2048,698,29900
aes-gcm,2048,699,30000
aes-gcm,2048,700,30100
aes-gcm,2048,701,30300
aes-gcm,2048,702,29800
aes-gcm,2048,703,30300
aes-gcm,2048,704,30900
aes-gcm,2048,705,29800
aes-gcm,2048,706,30300
aes-gcm,2048,707,30000
aes-gcm,2048,708,30100
aes-gcm,2048,709,30000
aes-gcm,2048,710,30800
aes-gcm,2048,711,29700
aes-gcm,2048,712,30100
aes-gcm,2048,713,30100
aes-gcm,2048,714,29600
aes-gcm,2048,715,30100
aes-gcm,2048,716,30000
aes-gcm,2048,717,30000
aes-gcm,2048,718,29800
aes-gcm,2048,719,30300
aes-gcm,2048,720,29800
aes-gcm,2048,721,30300
aes-gcm,2048,722,30300
aes-gcm,2048,723,33900
aes-gcm,2048,724,30500
aes-gcm,2048,725,30100
aes-gcm,2048,726,29800
aes-gcm,2048,727,29900
aes-gcm,2048,728,30100
aes-gcm,2048,729,29600
aes-gcm,2048,730,29900
aes-gcm,2048,731,31000
aes-gcm,2048,732,29600
aes-gcm,2048,733,30100
aes-gcm,2048,734,30200
aes-gcm,2048,735,30100
aes-gcm,2048,736,30000
aes-gcm,2048,737,30100
aes-gcm,2048,738,29700
aes-gcm,2048,739,30200
aes-gcm,2048,740,30200
aes-gcm,2048,741,29700
aes-gcm,2048,742,30500
aes-gcm,2048,743,30300
aes-gcm,2048,744,30000
aes-gcm,2048,745,30100
aes-gcm,2048,746,30200
aes-gcm,2048,747,29500
aes-gcm,2048,748,30100
aes-gcm,2048,749,30000
aes-gcm,2048,750,29700
aes-gcm,2048,751,30000
aes-gcm,2048,752,29900
aes-gcm,2048,753,30100
aes-gcm,2048,754,29800
aes-gcm,2048,755,30600
aes-gcm,2048,756,33300
aes-gcm,2048,757,30500
aes-gcm,2048,758,30100
aes-gcm,2048,759,29600
aes-gcm,2048,760,30100
aes-gcm,2048,761,30000
aes-gcm,2048,762,29700
aes-gcm,2048,763,29900
aes-gcm,2048,764,30300
aes-gcm,2048,765,29900
aes-gcm,2048,766,30300
aes-gcm,2048,767,30000
aes-gcm,2048,768,30600
aes-gcm,2048,769,30100
aes-gcm,2048,770,30100
aes-gcm,2048,771,29900
aes-gcm,2048,772,29800
aes-gcm,2048,773,30200
aes-gcm,2048,774,29800
aes-gcm,2048,775,30200
aes-gcm,2048,776,30000
aes-gcm,2048,777,29800
aes-gcm,2048,778,30000
aes-gcm,2048,779,29900
aes-gcm,2048,780,29900
aes-gcm,2048,781,29800
aes-gcm,2048,782,30200
aes-gcm,2048,783,29900
aes-gcm,2048,784,30200
aes-gcm,2048,785,30300
aes-gcm,2048,786,29800
aes-gcm,2048,787,30300
aes-gcm,2048,788,29900
aes-gcm,2048,789,33500
aes-gcm,2048,790,30300
aes-gcm,2048,791,30200
aes-gcm,2048,792,29800
aes-gcm,2048,793,29900
aes-gcm,2048,794,29700
aes-gcm,2048,795,30900
aes-gcm,2048,796,30100
aes-gcm,2048,797,30100
aes-gcm,2048,798,30100
aes-gcm,2048,799,30100
aes-gcm,2048,800,30300
aes-gcm,2048,801,29700
aes-gcm,2048,802,30100
aes-gcm,2048,803,30100
aes-gcm,2048,804,29700
aes-gcm,2048,805,30200
aes-gcm,2048,806,30200
aes-gcm,2048,807,29900
aes-gcm,2048,808,29900
aes-gcm,2048,809,30400
aes-gcm,2048,810,29700
aes-gcm,2048,811,30100
aes-gcm,2048,812,29900
aes-gcm,2048,813,29600
aes-gcm,2048,814,30000
aes-gcm,2048,815,30000
aes-gcm,2048,816,29900
aes-gcm,2048,817,30100
aes-gcm,2048,818,30400
aes-gcm,2048,819,29800
aes-gcm,2048,820,30000
aes-gcm,2048,821,30300
aes-gcm,2048,822,33300
aes-gcm,2048,823,30200
aes-gcm,2048,824,30000
aes-gcm,2048,825,30100
aes-gcm,2048,826,29900
aes-gcm,2048,827,30200
aes-gcm,2048,828,29700
aes-gcm,2048,829,30000
aes-gcm,2048,830,30200
aes-gcm,2048,831,30600
aes-gcm,2048,832,30200
aes-gcm,2048,833,30100
aes-gcm,2048,834,29900
aes-gcm,2048,835,29900
aes-gcm,2048,836,30400
aes-gcm,2048,837,29800
aes-gcm,2048,838,30200
aes-gcm,2048,839,30100
aes-gcm,2048,840,29900
aes-gcm,2048,841,30400
aes-gcm,2048,842,30100
aes-gcm,2048,843,30000
aes-gcm,2048,844,30000
aes-gcm,2048,845,30400
aes-gcm,2048,846,29700
aes-gcm,2048,847,30000
aes-gcm,2048,848,29900
aes-gcm,2048,849,30000
aes-gcm,2048,850,30200
aes-gcm,2048,851,30200
aes-gcm,2048,852,30000
aes-gcm,2048,853,29800
aes-gcm,2048,854,30200
aes-gcm,2048,855,33600
aes-gcm,2048,856,30400
aes-gcm,2048,857,29900
aes-gcm,2048,858,30300
aes-gcm,2048,859,30000
aes-gcm,2048,860,30100
aes-gcm,2048,861,29900
aes-gcm,2048,862,29700
aes-gcm,2048,863,30200
aes-gcm,2048,864,29800
aes-gcm,2048,865,30300
aes-gcm,2048,866,30400
aes-gcm,2048,867,29600
aes-gcm,2048,868,29900
aes-gcm,2048,869,29800
aes-gcm,2048,870,30500
aes-gcm,2048,871,30300
aes-gcm,2048,872,30200
aes-gcm,2048,873,29900
aes-gcm,2048,874,30100
aes-gcm,2048,875,30100
aes-gcm,2048,876,29700
aes-gcm,2048,877,29900
aes-gcm,2048,878,29800
aes-gcm,2048,879,29800
aes-gcm,2048,880,30000
aes-gcm,2048,881,30300
aes-gcm,2048,882,29600
aes-gcm,2048,883,30200
aes-gcm,2048,884,30100
aes-gcm,2048,885,29700
aes-gcm,2048,886,94200
aes-gcm,2048,887,75900
aes-gcm,2048,888,75300
aes-gcm,2048,889,73100
aes-gcm,2048,890,74000
aes-gcm,2048,891,87300
aes-gcm,2048,892,40700
aes-gcm,2048,893,32000
aes-gcm,2048,894,30400
aes-gcm,2048,895,33100
aes-gcm,2048,896,31800
aes-gcm,2048,897,30800
aes-gcm,2048,898,31000
aes-gcm,2048,899,30700
aes-gcm,2048,900,29800
aes-gcm,2048,901,30400
aes-gcm,2048,902,30400
aes-gcm,2048,903,30000
aes-gcm,2048,904,30600
aes-gcm,2048,905,30200
aes-gcm,2048,906,30100
aes-gcm,2048,907,30100
aes-gcm,2048,908,31600
aes-gcm,2048,909,30100
aes-gcm,2048,910,30200
aes-gcm,2048,911,30200
aes-gcm,2048,912,30000
aes-gcm,2048,913,30400
aes-gcm,2048,914,29800
aes-gcm,2048,915,29800
aes-gcm,2048,916,29900
aes-gcm,2048,917,30200
aes-gcm,2048,918,29800
aes-gcm,2048,919,30400
aes-gcm,2048,920,30300
aes-gcm,2048,921,37300
aes-gcm,2048,922,31200
aes-gcm,2048,923,30100
aes-gcm,2048,924,30000
aes-gcm,2048,925,29900
aes-gcm,2048,926,30000
aes-gcm,2048,927,29500
aes-gcm,2048,928,30300
aes-gcm,2048,929,30300
aes-gcm,2048,930,29800
aes-gcm,2048,931,30200
aes-gcm,2048,932,30100
aes-gcm,2048,933,30000
aes-gcm,2048,934,29900
aes-gcm,2048,935,30100
aes-gcm,2048,936,29700
aes-gcm,2048,937,30200
aes-gcm,2048,938,30300
aes-gcm,2048,939,30100
aes-gcm,2048,940,30200
aes-gcm,2048,941,30300
aes-gcm,2048,942,30100
aes-gcm,2048,943,29800
aes-gcm,2048,944,30300
aes-gcm,2048,945,29600
aes-gcm,2048,946,30300
aes-gcm,2048,947,30000
aes-gcm,2048,948,29900
aes-gcm,2048,949,30100
aes-gcm,2048,950,30100
aes-gcm,2048,951,30200
aes-gcm,2048,952,29900
aes-gcm,2048,953,30400
aes-gcm,2048,954,34000
aes-gcm,2048,955,30300
aes-gcm,2048,956,29900
aes-gcm,2048,957,29600
aes-gcm,2048,958,30000
aes-gcm,2048,959,31000
aes-gcm,2048,960,30000
aes-gcm,2048,961,30000
aes-gcm,2048,962,30400
aes-gcm,2048,963,30000
aes-gcm,2048,964,30200
aes-gcm,2048,965,30000
aes-gcm,2048,966,29800
aes-gcm,2048,967,30200
aes-gcm,2048,968,30100
aes-gcm,2048,969,30000
aes-gcm,2048,970,29800
aes-gcm,2048,971,30400
aes-gcm,2048,972,29800
aes-gcm,2048,973,30400
aes-gcm,2048,974,30300
aes-gcm,2048,975,29700
aes-gcm,2048,976,30000
aes-gcm,2048,977,30000
aes-gcm,2048,978,29900
aes-gcm,2048,979,30000
aes-gcm,2048,980,30400
aes-gcm,2048,981,29700
aes-gcm,2048,982,30300
aes-gcm,2048,983,30200
aes-gcm,2048,984,29700
aes-gcm,2048,985,30200
aes-gcm,2048,986,30800
aes-gcm,2048,987,33800
aes-gcm,2048,988,30300
aes-gcm,2048,989,30200
aes-gcm,2048,990,29600
aes-gcm,2048,991,30000
aes-gcm,2048,992,29900
aes-gcm,2048,993,29500
aes-gcm,2048,994,29900
aes-gcm,2048,995,30100
aes-gcm,2048,996,29900
aes-gcm,2048,997,29900
aes-gcm,2048,998,30300
aes-gcm,2048,999,29800
aes-gcm,2048,1000,30000
aes-gcm,2048,1001,30000
aes-gcm,2048,1002,30000
aes-gcm,2048,1003,30300
aes-gcm,2048,1004,30200
aes-gcm,2048,1005,30000
aes-gcm,2048,1006,29800
aes-gcm,2048,1007,30700
aes-gcm,2048,1008,29700
aes-gcm,2048,1009,30200
aes-gcm,2048,1010,30200
aes-gcm,2048,1011,29800
aes-gcm,2048,1012,30000
aes-gcm,2048,1013,30100
aes-gcm,2048,1014,30200
aes-gcm,2048,1015,30000
aes-gcm,2048,1016,30300
aes-gcm,2048,1017,29700
aes-gcm,2048,1018,30100
aes-gcm,2048,1019,30100
aes-gcm,2048,1020,33100
aes-gcm,2048,1021,30200
aes-gcm,2048,1022,29700
aes-gcm,2048,1023,30600
aes-gcm,2048,1024,29700
aes-gcm,2048,1025,30200
aes-gcm,2048,1026,29800
aes-gcm,2048,1027,29900
aes-gcm,2048,1028,29900
aes-gcm,2048,1029,29900
aes-gcm,2048,1030,30200
aes-gcm,2048,1031,30100
aes-gcm,2048,1032,29900
aes-gcm,2048,1033,29900
aes-gcm,2048,1034,30200
aes-gcm,2048,1035,29700
aes-gcm,2048,1036,30200
aes-gcm,2048,1037,30000
aes-gcm,2048,1038,29500
aes-gcm,2048,1039,30200
aes-gcm,2048,1040,30000
aes-gcm,2048,1041,30000
aes-gcm,2048,1042,29900
aes-gcm,2048,1043,30200
aes-gcm,2048,1044,29400
aes-gcm,2048,1045,29900
aes-gcm,2048,1046,30000
aes-gcm,2048,1047,29800
aes-gcm,2048,1048,30100
aes-gcm,2048,1049,30100
aes-gcm,2048,1050,39100
aes-gcm,2048,1051,30100
aes-gcm,2048,1052,30300
aes-gcm,2048,1053,33300
aes-gcm,2048,1054,30200
aes-gcm,2048,1055,29900
aes-gcm,2048,1056,29800
aes-gcm,2048,1057,30000
aes-gcm,2048,1058,29800
aes-gcm,2048,1059,29900
aes-gcm,2048,1060,29800
aes-gcm,2048,1061,30400
aes-gcm,2048,1062,29700
aes-gcm,2048,1063,30200
aes-gcm,2048,1064,30300
aes-gcm,2048,1065,29700
aes-gcm,2048,1066,30200
aes-gcm,2048,1067,30300
aes-gcm,2048,1068,30000
aes-gcm,2048,1069,30000
aes-gcm,2048,1070,30300
aes-gcm,2048,1071,30000
aes-gcm,2048,1072,34200
aes-gcm,2048,1073,30600
aes-gcm,2048,1074,29900
aes-gcm,2048,1075,30200
aes-gcm,2048,1076,30000
aes-gcm,2048,1077,30100
aes-gcm,2048,1078,29800
aes-gcm,2048,1079,30300
aes-gcm,2048,1080,29800
aes-gcm,2048,1081,30100
aes-gcm,2048,1082,30100
aes-gcm,2048,1083,29700
aes-gcm,2048,1084,30200
aes-gcm,2048,1085,30100
aes-gcm,2048,1086,34600
aes-gcm,2048,1087,30100
aes-gcm,2048,1088,30500
aes-gcm,2048,1089,29800
aes-gcm,2048,1090,30100
aes-gcm,2048,1091,30000
aes-gcm,2048,1092,29600
aes-gcm,2048,1093,30000
aes-gcm,2048,1094,30000
aes-gcm,2048,1095,29900
aes-gcm,2048,1096,29900
aes-gcm,2048,1097,30200
aes-gcm,2048,1098,29600
aes-gcm,2048,1099,30300
aes-gcm,2048,1100,30100
aes-gcm,2048,1101,29900
aes-gcm,2048,1102,30200
aes-gcm,2048,1103,30100
aes-gcm,2048,1104,30100
aes-gcm,2048,1105,30100
aes-gcm,2048,1106,30500
aes-gcm,2048,1107,29600
aes-gcm,2048,1108,30000
aes-gcm,2048,1109,30300
aes-gcm,2048,1110,29800
aes-gcm,2048,1111,30400
aes-gcm,2048,1112,30100
aes-gcm,2048,1113,30800
aes-gcm,2048,1114,30000
aes-gcm,2048,1115,30200
aes-gcm,2048,1116,29800
aes-gcm,2048,1117,30000
aes-gcm,2048,1118,30000
aes-gcm,2048,1119,33800
aes-gcm,2048,1120,30600
aes-gcm,2048,1121,29900
aes-gcm,2048,1122,29900
aes-gcm,2048,1123,29900
aes-gcm,2048,1124,30100
aes-gcm,2048,1125,29700
aes-gcm,2048,1126,29700
aes-gcm,2048,1127,30100
aes-gcm,2048,1128,29700
aes-gcm,2048,1129,30200
aes-gcm,2048,1130,30200
aes-gcm,2048,1131,30200
aes-gcm,2048,1132,29800
aes-gcm,2048,1133,30500
aes-gcm,2048,1134,29700
aes-gcm,2048,1135,30100
aes-gcm,2048,1136,30200
aes-gcm,2048,1137,29600
aes-gcm,2048,1138,30100
aes-gcm,2048,1139,30100
aes-gcm,2048,1140,30000
aes-gcm,2048,1141,30000
aes-gcm,2048,1142,30400
aes-gcm,2048,1143,29900
aes-gcm,2048,1144,30100
aes-gcm,2048,1145,30000
aes-gcm,2048,1146,29700
aes-gcm,2048,1147,30000
aes-gcm,2048,1148,29900
aes-gcm,2048,1149,30000
aes-gcm,2048,1150,30500
aes-gcm,2048,1151,30300
aes-gcm,2048,1152,33400
aes-gcm,2048,1153,30300
aes-gcm,2048,1154,30000
aes-gcm,2048,1155,29600
aes-gcm,2048,1156,29800
aes-gcm,2048,1157,29700
aes-gcm,2048,1158,29700
aes-gcm,2048,1159,29900
aes-gcm,2048,1160,30200
aes-gcm,2048,1161,29900
aes-gcm,2048,1162,30100
aes-gcm,2048,1163,30100
aes-gcm,2048,1164,29800
aes-gcm,2048,1165,30100
aes-gcm,2048,1166,30100
aes-gcm,2048,1167,30000
aes-gcm,2048,1168,30100
aes-gcm,2048,1169,30300
aes-gcm,2048,1170,29900
aes-gcm,2048,1171,30300
aes-gcm,2048,1172,30100
aes-gcm,2048,1173,29700
aes-gcm,2048,1174,30200
aes-gcm,2048,1175,30300
aes-gcm,2048,1176,29800
aes-gcm,2048,1177,30700
aes-gcm,2048,1178,30200
aes-gcm,2048,1179,29900
aes-gcm,2048,1180,30300
aes-gcm,2048,1181,30100
aes-gcm,2048,1182,29800
aes-gcm,2048,1183,30000
aes-gcm,2048,1184,30300
aes-gcm,2048,1185,33500
aes-gcm,2048,1186,30400
aes-gcm,2048,1187,30300
aes-gcm,2048,1188,29600
aes-gcm,2048,1189,30100
aes-gcm,2048,1190,29900
aes-gcm,2048,1191,29600
aes-gcm,2048,1192,30000
aes-gcm,2048,1193,30100
aes-gcm,2048,1194,30100
aes-gcm,2048,1195,30200
aes-gcm,2048,1196,30300
aes-gcm,2048,1197,29900
aes-gcm,2048,1198,30100
aes-gcm,2048,1199,30200
aes-gcm,2048,1200,29900
aes-gcm,2048,1201,30200
aes-gcm,2048,1202,30100
aes-gcm,2048,1203,30000
aes-gcm,2048,1204,30000
aes-gcm,2048,1205,30300
aes-gcm,2048,1206,29900
aes-gcm,2048,1207,30300
aes-gcm,2048,1208,30100
aes-gcm,2048,1209,29800
aes-gcm,2048,1210,30200
aes-gcm,2048,1211,29900
aes-gcm,2048,1212,29900
aes-gcm,2048,1213,30000
aes-gcm,2048,1214,31000
aes-gcm,2048,1215,29600
aes-gcm,2048,1216,30100
aes-gcm,2048,1217,30000
aes-gcm,2048,1218,33400
aes-gcm,2048,1219,30300
aes-gcm,2048,1220,29900
aes-gcm,2048,1221,29900
aes-gcm,2048,1222,29800
aes-gcm,2048,1223,30000
aes-gcm,2048,1224,29600
aes-gcm,2048,1225,30000
aes-gcm,2048,1226,30200
aes-gcm,2048,1227,30000
aes-gcm,2048,1228,30100
aes-gcm,2048,1229,30200
aes-gcm,2048,1230,29900
aes-gcm,2048,1231,30000
aes-gcm,2048,1232,30200
aes-gcm,2048,1233,29800
aes-gcm,2048,1234,30000
aes-gcm,2048,1235,30000
aes-gcm,2048,1236,29800
aes-gcm,2048,1237,30100
aes-gcm,2048,1238,30100
aes-gcm,2048,1239,30200
aes-gcm,2048,1240,29800
aes-gcm,2048,1241,31400
aes-gcm,2048,1242,29700
aes-gcm,2048,1243,30200
aes-gcm,2048,1244,30100
aes-gcm,2048,1245,29700
aes-gcm,2048,1246,30400
aes-gcm,2048,1247,30100
aes-gcm,2048,1248,30200
aes-gcm,2048,1249,29900
aes-gcm,2048,1250,30300
aes-gcm,2048,1251,33300
aes-gcm,2048,1252,30400
aes-gcm,2048,1253,30000
aes-gcm,2048,1254,29600
aes-gcm,2048,1255,29900
aes-gcm,2048,1256,29800
aes-gcm,2048,1257,29800
aes-gcm,2048,1258,29900
aes-gcm,2048,1259,30600
aes-gcm,2048,1260,29800
aes-gcm,2048,1261,30500
aes-gcm,2048,1262,30200
aes-gcm,2048,1263,29700
aes-gcm,2048,1264,30100
aes-gcm,2048,1265,30000
aes-gcm,2048,1266,30000
aes-gcm,2048,1267,30000
aes-gcm,2048,1268,30200
aes-gcm,2048,1269,29900
aes-gcm,2048,1270,30200
aes-gcm,2048,1271,30300
aes-gcm,2048,1272,29800
aes-gcm,2048,1273,30300
aes-gcm,2048,1274,30000
aes-gcm,2048,1275,30000
aes-gcm,2048,1276,29900
aes-gcm,2048,1277,30200
aes-gcm,2048,1278,30400
aes-gcm,2048,1279,30300
aes-gcm,2048,1280,30300
aes-gcm,2048,1281,29700
aes-gcm,2048,1282,30200
aes-gcm,2048,1283,29900
aes-gcm,2048,1284,33500
aes-gcm,2048,1285,30000
aes-gcm,2048,1286,30200
aes-gcm,2048,1287,29700
aes-gcm,2048,1288,30000
aes-gcm,2048,1289,29900
aes-gcm,2048,1290,29600
aes-gcm,2048,1291,30200
aes-gcm,2048,1292,30100
aes-gcm,2048,1293,30000
aes-gcm,2048,1294,29900
aes-gcm,2048,1295,30200
aes-gcm,2048,1296,29700
aes-gcm,2048,1297,30500
aes-gcm,2048,1298,30000
aes-gcm,2048,1299,29800
aes-gcm,2048,1300,30000
aes-gcm,2048,1301,30200
aes-gcm,2048,1302,30400
aes-gcm,2048,1303,30000
aes-gcm,2048,1304,30300
aes-gcm,2048,1305,30900
aes-gcm,2048,1306,30000
aes-gcm,2048,1307,30300
aes-gcm,2048,1308,29700
aes-gcm,2048,1309,30200
aes-gcm,2048,1310,30000
aes-gcm,2048,1311,29900
aes-gcm,2048,1312,30000
aes-gcm,2048,1313,30300
aes-gcm,2048,1314,30200
aes-gcm,2048,1315,29900
aes-gcm,2048,1316,30000
aes-gcm,2048,1317,33300
aes-gcm,2048,1318,30300
aes-gcm,2048,1319,29900
aes-gcm,2048,1320,30000
aes-gcm,2048,1321,29900
aes-gcm,2048,1322,30200
aes-gcm,2048,1323,29700
aes-gcm,2048,1324,29800
aes-gcm,2048,1325,30100
aes-gcm,2048,1326,29700
aes-gcm,2048,1327,30100
aes-gcm,2048,1328,30200
aes-gcm,2048,1329,30000
aes-gcm,2048,1330,29900
aes-gcm,2048,1331,30400
aes-gcm,2048,1332,29700
aes-gcm,2048,1333,30000
aes-gcm,2048,1334,30100
aes-gcm,2048,1335,29900
aes-gcm,2048,1336,30100
aes-gcm,2048,1337,30100
aes-gcm,2048,1338,29900
aes-gcm,2048,1339,30000
aes-gcm,2048,1340,30200
aes-gcm,2048,1341,30500
aes-gcm,2048,1342,30200
aes-gcm,2048,1343,29900
aes-gcm,2048,1344,29800
aes-gcm,2048,1345,30000
aes-gcm,2048,1346,30200
aes-gcm,2048,1347,30000
aes-gcm,2048,1348,29800
aes-gcm,2048,1349,30200
aes-gcm,2048,1350,33400
aes-gcm,2048,1351,30400
aes-gcm,2048,1352,29900
aes-gcm,2048,1353,29700
aes-gcm,2048,1354,30000
aes-gcm,2048,1355,29800
aes-gcm,2048,1356,29700
aes-gcm,2048,1357,29800
aes-gcm,2048,1358,30300
aes-gcm,2048,1359,29700
aes-gcm,2048,1360,30100
aes-gcm,2048,1361,30100
aes-gcm,2048,1362,29800
aes-gcm,2048,1363,30100
aes-gcm,2048,1364,30000
aes-gcm,2048,1365,29900
aes-gcm,2048,1366,30100
aes-gcm,2048,1367,30400
aes-gcm,2048,1368,30400
aes-gcm,2048,1369,30400
aes-gcm,2048,1370,30100
aes-gcm,2048,1371,29900
aes-gcm,2048,1372,30000
aes-gcm,2048,1373,30000
aes-gcm,2048,1374,29800
aes-gcm,2048,1375,29800
aes-gcm,2048,1376,30300
aes-gcm,2048,1377,29600
aes-gcm,2048,1378,30100
aes-gcm,2048,1379,30100
aes-gcm,2048,1380,29600
aes-gcm,2048,1381,30200
aes-gcm,2048,1382,30000
aes-gcm,2048,1383,33300
aes-gcm,2048,1384,30100
aes-gcm,2048,1385,30100
aes-gcm,2048,1386,29700
aes-gcm,2048,1387,30000
aes-gcm,2048,1388,29700
aes-gcm,2048,1389,29900
aes-gcm,2048,1390,29900
aes-gcm,2048,1391,30200
aes-gcm,2048,1392,30100
aes-gcm,2048,1393,30100
aes-gcm,2048,1394,30200
aes-gcm,2048,1395,29600
aes-gcm,2048,1396,30200
aes-gcm,2048,1397,29900
aes-gcm,2048,1398,29800
aes-gcm,2048,1399,30200
aes-gcm,2048,1400,68700
aes-gcm,2048,1401,205200
aes-gcm,2048,1402,135600
aes-gcm,2048,1403,92900
aes-gcm,2048,1404,53500
aes-gcm,2048,1405,49800
aes-gcm,2048,1406,46500
aes-gcm,2048,1407,45700
aes-gcm,2048,1408,44400
aes-gcm,2048,1409,45400
aes-gcm,2048,1410,41100
aes-gcm,2048,1411,30000
aes-gcm,2048,1412,30500
aes-gcm,2048,1413,30500
aes-gcm,2048,1414,29900
aes-gcm,2048,1415,30400
aes-gcm,2048,1416,39300
aes-gcm,2048,1417,30400
aes-gcm,2048,1418,29900
aes-gcm,2048,1419,29900
aes-gcm,2048,1420,29900
aes-gcm,2048,1421,30200
aes-gcm,2048,1422,30000
aes-gcm,2048,1423,30200
aes-gcm,2048,1424,30600
aes-gcm,2048,1425,29700
aes-gcm,2048,1426,30500
aes-gcm,2048,1427,29600
aes-gcm,2048,1428,30000
aes-gcm,2048,1429,29600
aes-gcm,2048,1430,30500
aes-gcm,2048,1431,29400
aes-gcm,2048,1432,34300
aes-gcm,2048,1433,30200
aes-gcm,2048,1434,29800
aes-gcm,2048,1435,30200
aes-gcm,2048,1436,29400
aes-gcm,2048,1437,30200
aes-gcm,2048,1438,29400
aes-gcm,2048,1439,30100
aes-gcm,2048,1440,30300
aes-gcm,2048,1441,30300
aes-gcm,2048,1442,30000
aes-gcm,2048,1443,29900
aes-gcm,2048,1444,29800
aes-gcm,2048,1445,30300
aes-gcm,2048,1446,29600
aes-gcm,2048,1447,29800
aes-gcm,2048,1448,30200
aes-gcm,2048,1449,37800
aes-gcm,2048,1450,41000
aes-gcm,2048,1451,32100
aes-gcm,2048,1452,35500
aes-gcm,2048,1453,30600
aes-gcm,2048,1454,30200
aes-gcm,2048,1455,30200
aes-gcm,2048,1456,30000
aes-gcm,2048,1457,30300
aes-gcm,2048,1458,29500
aes-gcm,2048,1459,30100
aes-gcm,2048,1460,29800
aes-gcm,2048,1461,29600
aes-gcm,2048,1462,29800
aes-gcm,2048,1463,30300
aes-gcm,2048,1464,29500
aes-gcm,2048,1465,29900
aes-gcm,2048,1466,30300
aes-gcm,2048,1467,29900
aes-gcm,2048,1468,30100
aes-gcm,2048,1469,31000
aes-gcm,2048,1470,29100
aes-gcm,2048,1471,30100
aes-gcm,2048,1472,30000
aes-gcm,2048,1473,29700
aes-gcm,2048,1474,30100
aes-gcm,2048,1475,29900
aes-gcm,2048,1476,29900
aes-gcm,2048,1477,29800
aes-gcm,2048,1478,30100
aes-gcm,2048,1479,29400
aes-gcm,2048,1480,29900
aes-gcm,2048,1481,33800
aes-gcm,2048,1482,34500
aes-gcm,2048,1483,30600
aes-gcm,2048,1484,30200
aes-gcm,2048,1485,29400
aes-gcm,2048,1486,30100
aes-gcm,2048,1487,30000
aes-gcm,2048,1488,29600
aes-gcm,2048,1489,29500
aes-gcm,2048,1490,30200
aes-gcm,2048,1491,29600
aes-gcm,2048,1492,30100
aes-gcm,2048,1493,30100
aes-gcm,2048,1494,29700
aes-gcm,2048,1495,29500
aes-gcm,2048,1496,30900
aes-gcm,2048,1497,29400
aes-gcm,2048,1498,30700
aes-gcm,2048,1499,29800
aes-gcm,2048,1500,30400
aes-gcm,2048,1501,29600
aes-gcm,2048,1502,30400
aes-gcm,2048,1503,29600
aes-gcm,2048,1504,30200
aes-gcm,2048,1505,29300
aes-gcm,2048,1506,29700
aes-gcm,2048,1507,29900
aes-gcm,2048,1508,30100
aes-gcm,2048,1509,29600
aes-gcm,2048,1510,29900
aes-gcm,2048,1511,29900
aes-gcm,2048,1512,30000
aes-gcm,2048,1513,30400
aes-gcm,2048,1514,33300
aes-gcm,2048,1515,33200
aes-gcm,2048,1516,35200
aes-gcm,2048,1517,29600
aes-gcm,2048,1518,30000
aes-gcm,2048,1519,29600
aes-gcm,2048,1520,30000
aes-gcm,2048,1521,29000
aes-gcm,2048,1522,30200
aes-gcm,2048,1523,29800
aes-gcm,2048,1524,29700
aes-gcm,2048,1525,29700
aes-gcm,2048,1526,30100
aes-gcm,2048,1527,29500
aes-gcm,2048,1528,30100
aes-gcm,2048,1529,29800
aes-gcm,2048,1530,30100
aes-gcm,2048,1531,29500
aes-gcm,2048,1532,30100
aes-gcm,2048,1533,30500
aes-gcm,2048,1534,30400
aes-gcm,2048,1535,29700
aes-gcm,2048,1536,29900
aes-gcm,2048,1537,29800
aes-gcm,2048,1538,29800
aes-gcm,2048,1539,29600
aes-gcm,2048,1540,29700
aes-gcm,2048,1541,30100
aes-gcm,2048,1542,29300
aes-gcm,2048,1543,30300
aes-gcm,2048,1544,29500
aes-gcm,2048,1545,29900
aes-gcm,2048,1546,29100
aes-gcm,2048,1547,30300
aes-gcm,2048,1548,33500
aes-gcm,2048,1549,51800
aes-gcm,2048,1550,46900
aes-gcm,2048,1551,35300
aes-gcm,2048,1552,32100
aes-gcm,2048,1553,30400
aes-gcm,2048,1554,30400
aes-gcm,2048,1555,30700
aes-gcm,2048,1556,30700
aes-gcm,2048,1557,30100
aes-gcm,2048,1558,30400
aes-gcm,2048,1559,30300
aes-gcm,2048,1560,31200
aes-gcm,2048,1561,30500
aes-gcm,2048,1562,30300
aes-gcm,2048,1563,30100
aes-gcm,2048,1564,30000
aes-gcm,2048,1565,30300
aes-gcm,2048,1566,30000
aes-gcm,2048,1567,30200
aes-gcm,2048,1568,30200
aes-gcm,2048,1569,29700
aes-gcm,2048,1570,30600
aes-gcm,2048,1571,30100
aes-gcm,2048,1572,30500
aes-gcm,2048,1573,30100
aes-gcm,2048,1574,30300
aes-gcm,2048,1575,29900
aes-gcm,2048,1576,30500
aes-gcm,2048,1577,30200
aes-gcm,2048,1578,29900
aes-gcm,2048,1579,30300
aes-gcm,2048,1580,30400
aes-gcm,2048,1581,33500
aes-gcm,2048,1582,31000
aes-gcm,2048,1583,30400
aes-gcm,2048,1584,29500
aes-gcm,2048,1585,30200
aes-gcm,2048,1586,29900
aes-gcm,2048,1587,29900
aes-gcm,2048,1588,30100
aes-gcm,2048,1589,30100
aes-gcm,2048,1590,30100
aes-gcm,2048,1591,30000
aes-gcm,2048,1592,30400
aes-gcm,2048,1593,29800
aes-gcm,2048,1594,30400
aes-gcm,2048,1595,30200
aes-gcm,2048,1596,30700
aes-gcm,2048,1597,30300
aes-gcm,2048,1598,30400
aes-gcm,2048,1599,30000
aes-gcm,2048,1600,30200
aes-gcm,2048,1601,30500
aes-gcm,2048,1602,29800
aes-gcm,2048,1603,30200
aes-gcm,2048,1604,30200
aes-gcm,2048,1605,29800
aes-gcm,2048,1606,30100
aes-gcm,2048,1607,30000
aes-gcm,2048,1608,30100
aes-gcm,2048,1609,30100
aes-gcm,2048,1610,30400
aes-gcm,2048,1611,29900
aes-gcm,2048,1612,30100
aes-gcm,2048,1613,30500
aes-gcm,2048,1614,33500
aes-gcm,2048,1615,30600
aes-gcm,2048,1616,30000
aes-gcm,2048,1617,30200
aes-gcm,2048,1618,29800
aes-gcm,2048,1619,30300
aes-gcm,2048,1620,29700
aes-gcm,2048,1621,30000
aes-gcm,2048,1622,30000
aes-gcm,2048,1623,30500
aes-gcm,2048,1624,30300
aes-gcm,2048,1625,29900
aes-gcm,2048,1626,30000
aes-gcm,2048,1627,29900
aes-gcm,2048,1628,30200
aes-gcm,2048,1629,29700
aes-gcm,2048,1630,30600
aes-gcm,2048,1631,30100
aes-gcm,2048,1632,30000
aes-gcm,2048,1633,30300
aes-gcm,2048,1634,30200
aes-gcm,2048,1635,30100
aes-gcm,2048,1636,30000
aes-gcm,2048,1637,30200
aes-gcm,2048,1638,29800
aes-gcm,2048,1639,30100
aes-gcm,2048,1640,30100
aes-gcm,2048,1641,29700
aes-gcm,2048,1642,30000
aes-gcm,2048,1643,30300
aes-gcm,2048,1644,30000
aes-gcm,2048,1645,29800
aes-gcm,2048,1646,30600
aes-gcm,2048,1647,33100
aes-gcm,2048,1648,30300
aes-gcm,2048,1649,29900
aes-gcm,2048,1650,29700
aes-gcm,2048,1651,30300
aes-gcm,2048,1652,29900
aes-gcm,2048,1653,29900
aes-gcm,2048,1654,29700
aes-gcm,2048,1655,30300
aes-gcm,2048,1656,29600
aes-gcm,2048,1657,30100
aes-gcm,2048,1658,30300
aes-gcm,2048,1659,29600
aes-gcm,2048,1660,31000
aes-gcm,2048,1661,30000
aes-gcm,2048,1662,30100
aes-gcm,2048,1663,29900
aes-gcm,2048,1664,30100
aes-gcm,2048,1665,29600
aes-gcm,2048,1666,30100
aes-gcm,2048,1667,30100
aes-gcm,2048,1668,29900
aes-gcm,2048,1669,30000
aes-gcm,2048,1670,30200
aes-gcm,2048,1671,29900
aes-gcm,2048,1672,30000
aes-gcm,2048,1673,30300
aes-gcm,2048,1674,29600
aes-gcm,2048,1675,30100
aes-gcm,2048,1676,30000
aes-gcm,2048,1677,29700
aes-gcm,2048,1678,30200
aes-gcm,2048,1679,30000
aes-gcm,2048,1680,33400
aes-gcm,2048,1681,29900
aes-gcm,2048,1682,30000
aes-gcm,2048,1683,29800
aes-gcm,2048,1684,30000
aes-gcm,2048,1685,29900
aes-gcm,2048,1686,29500
aes-gcm,2048,1687,30600
aes-gcm,2048,1688,30000
aes-gcm,2048,1689,30000
aes-gcm,2048,1690,30300
aes-gcm,2048,1691,30200
aes-gcm,2048,1692,29900
aes-gcm,2048,1693,30200
aes-gcm,2048,1694,30200
aes-gcm,2048,1695,29700
aes-gcm,2048,1696,30200
aes-gcm,2048,1697,29900
aes-gcm,2048,1698,30000
aes-gcm,2048,1699,29800
aes-gcm,2048,1700,30600
aes-gcm,2048,1701,29500
aes-gcm,2048,1702,30000
aes-gcm,2048,1703,30200
aes-gcm,2048,1704,29800
aes-gcm,2048,1705,30100
aes-gcm,2048,1706,30000
aes-gcm,2048,1707,30000
aes-gcm,2048,1708,29900
aes-gcm,2048,1709,30200
aes-gcm,2048,1710,30300
aes-gcm,2048,1711,30300
aes-gcm,2048,1712,30000
aes-gcm,2048,1713,33100
aes-gcm,2048,1714,30200
aes-gcm,2048,1715,30100
aes-gcm,2048,1716,30000
aes-gcm,2048,1717,29700
aes-gcm,2048,1718,30000
aes-gcm,2048,1719,29600
aes-gcm,2048,1720,30000
aes-gcm,2048,1721,30100
aes-gcm,2048,1722,29700
aes-gcm,2048,1723,30300
aes-gcm,2048,1724,30600
aes-gcm,2048,1725,29900
aes-gcm,2048,1726,30200
aes-gcm,2048,1727,30200
aes-gcm,2048,1728,29800
aes-gcm,2048,1729,30100
aes-gcm,2048,1730,29900
aes-gcm,2048,1731,29800
aes-gcm,2048,1732,30200
aes-gcm,2048,1733,30200
aes-gcm,2048,1734,30100
aes-gcm,2048,1735,30000
aes-gcm,2048,1736,30400
aes-gcm,2048,1737,29800
aes-gcm,2048,1738,30100
aes-gcm,2048,1739,29800
aes-gcm,2048,1740,29700
aes-gcm,2048,1741,30000
aes-gcm,2048,1742,29900
aes-gcm,2048,1743,30200
aes-gcm,2048,1744,29900
aes-gcm,2048,1745,30300
aes-gcm,2048,1746,33100
aes-gcm,2048,1747,30400
aes-gcm,2048,1748,29900
aes-gcm,2048,1749,29400
aes-gcm,2048,1750,30200
aes-gcm,2048,1751,32700
aes-gcm,2048,1752,30000
aes-gcm,2048,1753,29800
aes-gcm,2048,1754,30600
aes-gcm,2048,1755,29900
aes-gcm,2048,1756,30300
aes-gcm,2048,1757,30100
aes-gcm,2048,1758,29900
aes-gcm,2048,1759,30000
aes-gcm,2048,1760,30000
aes-gcm,2048,1761,29900
aes-gcm,2048,1762,29700
aes-gcm,2048,1763,30300
aes-gcm,2048,1764,29900
aes-gcm,2048,1765,30000
aes-gcm,2048,1766,29900
aes-gcm,2048,1767,29600
aes-gcm,2048,1768,30300
aes-gcm,2048,1769,29900
aes-gcm,2048,1770,30000
aes-gcm,2048,1771,30000
aes-gcm,2048,1772,30400
aes-gcm,2048,1773,29700
aes-gcm,2048,1774,30400
aes-gcm,2048,1775,30100
aes-gcm,2048,1776,29700
aes-gcm,2048,1777,30000
aes-gcm,2048,1778,29900
aes-gcm,2048,1779,33300
aes-gcm,2048,1780,30000
aes-gcm,2048,1781,30000
aes-gcm,2048,1782,29700
aes-gcm,2048,1783,30000
aes-gcm,2048,1784,29800
aes-gcm,2048,1785,29600
aes-gcm,2048,1786,30000
aes-gcm,2048,1787,30000
aes-gcm,2048,1788,30600
aes-gcm,2048,1789,30000
aes-gcm,2048,1790,30700
aes-gcm,2048,1791,29800
aes-gcm,2048,1792,30200
aes-gcm,2048,1793,30100
aes-gcm,2048,1794,29700
aes-gcm,2048,1795,30000
aes-gcm,2048,1796,30000
aes-gcm,2048,1797,29800
aes-gcm,2048,1798,29800
aes-gcm,2048,1799,29900
aes-gcm,2048,1800,29700
aes-gcm,2048,1801,29800
aes-gcm,2048,1802,29900
aes-gcm,2048,1803,29500
aes-gcm,2048,1804,29800
aes-gcm,2048,1805,30000
aes-gcm,2048,1806,30000
aes-gcm,2048,1807,29900
aes-gcm,2048,1808,30100
aes-gcm,2048,1809,29500
aes-gcm,2048,1810,29900
aes-gcm,2048,1811,30200
aes-gcm,2048,1812,33100
aes-gcm,2048,1813,30300
aes-gcm,2048,1814,30000
aes-gcm,2048,1815,31900
aes-gcm,2048,1816,29600
aes-gcm,2048,1817,29800
aes-gcm,2048,1818,29700
aes-gcm,2048,1819,29800
aes-gcm,2048,1820,29800
aes-gcm,2048,1821,29800
aes-gcm,2048,1822,30200
aes-gcm,2048,1823,30000
aes-gcm,2048,1824,29800
aes-gcm,2048,1825,29900
aes-gcm,2048,1826,30200
aes-gcm,2048,1827,29700
aes-gcm,2048,1828,30000
aes-gcm,2048,1829,29900
aes-gcm,2048,1830,29700
aes-gcm,2048,1831,30100
aes-gcm,2048,1832,30200
aes-gcm,2048,1833,29800
aes-gcm,2048,1834,29900
aes-gcm,2048,1835,30100
aes-gcm,2048,1836,30400
aes-gcm,2048,1837,29900
aes-gcm,2048,1838,30100
aes-gcm,2048,1839,29800
aes-gcm,2048,1840,30100
aes-gcm,2048,1841,29700
aes-gcm,2048,1842,29800
aes-gcm,2048,1843,30000
aes-gcm,2048,1844,30100
aes-gcm,2048,1845,32900
aes-gcm,2048,1846,30200
aes-gcm,2048,1847,29800
aes-gcm,2048,1848,29600
aes-gcm,2048,1849,29800
aes-gcm,2048,1850,29800
aes-gcm,2048,1851,30300
aes-gcm,2048,1852,29700
aes-gcm,2048,1853,30400
aes-gcm,2048,1854,29900
aes-gcm,2048,1855,29900
aes-gcm,2048,1856,29900
aes-gcm,2048,1857,29500
aes-gcm,2048,1858,29900
aes-gcm,2048,1859,29700
aes-gcm,2048,1860,30100
aes-gcm,2048,1861,29800
aes-gcm,2048,1862,30200
aes-gcm,2048,1863,29800
aes-gcm,2048,1864,30100
aes-gcm,2048,1865,30000
aes-gcm,2048,1866,29500
aes-gcm,2048,1867,30000
aes-gcm,2048,1868,29800
aes-gcm,2048,1869,29600
aes-gcm,2048,1870,29900
aes-gcm,2048,1871,30400
aes-gcm,2048,1872,29500
aes-gcm,2048,1873,30000
aes-gcm,2048,1874,30000
aes-gcm,2048,1875,29600
aes-gcm,2048,1876,29900
aes-gcm,2048,1877,29700
aes-gcm,2048,1878,36000
aes-gcm,2048,1879,29900
aes-gcm,2048,1880,30000
aes-gcm,2048,1881,29600
aes-gcm,2048,1882,29900
aes-gcm,2048,1883,29800
aes-gcm,2048,1884,29500
aes-gcm,2048,1885,29700
aes-gcm,2048,1886,30000
aes-gcm,2048,1887,29900
aes-gcm,2048,1888,30100
aes-gcm,2048,1889,30100
aes-gcm,2048,1890,29700
aes-gcm,2048,1891,30000
aes-gcm,2048,1892,30000
aes-gcm,2048,1893,29800
aes-gcm,2048,1894,29900
aes-gcm,2048,1895,29800
aes-gcm,2048,1896,29700
aes-gcm,2048,1897,29600
aes-gcm,2048,1898,29900
aes-gcm,2048,1899,29200
aes-gcm,2048,1900,29800
aes-gcm,2048,1901,29800
aes-gcm,2048,1902,29700
aes-gcm,2048,1903,30000
aes-gcm,2048,1904,29700
aes-gcm,2048,1905,36800
aes-gcm,2048,1906,193700
aes-gcm,2048,1907,140400
aes-gcm,2048,1908,156600
aes-gcm,2048,1909,85400
aes-gcm,2048,1910,171500
aes-gcm,2048,1911,125400
aes-gcm,2048,1912,36200
aes-gcm,2048,1913,31900
aes-gcm,2048,1914,31100
aes-gcm,2048,1915,32600
aes-gcm,2048,1916,31000
aes-gcm,2048,1917,31500
aes-gcm,2048,1918,30400
aes-gcm,2048,1919,30800
aes-gcm,2048,1920,30300
aes-gcm,2048,1921,34500
aes-gcm,2048,1922,36300
aes-gcm,2048,1923,31900
aes-gcm,2048,1924,30500
aes-gcm,2048,1925,31200
aes-gcm,2048,1926,30000
aes-gcm,2048,1927,47600
aes-gcm,2048,1928,88700
aes-gcm,2048,1929,42900
aes-gcm,2048,1930,32700
aes-gcm,2048,1931,31400
aes-gcm,2048,1932,31000
aes-gcm,2048,1933,30800
aes-gcm,2048,1934,30400
aes-gcm,2048,1935,31000
aes-gcm,2048,1936,30600
aes-gcm,2048,1937,30600
aes-gcm,2048,1938,29800
aes-gcm,2048,1939,30500
aes-gcm,2048,1940,30400
aes-gcm,2048,1941,30500
aes-gcm,2048,1942,30900
aes-gcm,2048,1943,30900
aes-gcm,2048,1944,41300
aes-gcm,2048,1945,30800
aes-gcm,2048,1946,31000
aes-gcm,2048,1947,29500
aes-gcm,2048,1948,30300
aes-gcm,2048,1949,29800
aes-gcm,2048,1950,30400
aes-gcm,2048,1951,30000
aes-gcm,2048,1952,30900
aes-gcm,2048,1953,30300
aes-gcm,2048,1954,30200
aes-gcm,2048,1955,30300
aes-gcm,2048,1956,30100
aes-gcm,2048,1957,30600
aes-gcm,2048,1958,30100
aes-gcm,2048,1959,30000
aes-gcm,2048,1960,29800
aes-gcm,2048,1961,30800
aes-gcm,2048,1962,29900
aes-gcm,2048,1963,30400
aes-gcm,2048,1964,29900
aes-gcm,2048,1965,29900
aes-gcm,2048,1966,30100
aes-gcm,2048,1967,30200
aes-gcm,2048,1968,30400
aes-gcm,2048,1969,29900
aes-gcm,2048,1970,30400
aes-gcm,2048,1971,29800
aes-gcm,2048,1972,30400
aes-gcm,2048,1973,30000
aes-gcm,2048,1974,29900
aes-gcm,2048,1975,29900
aes-gcm,2048,1976,30200
aes-gcm,2048,1977,40200
aes-gcm,2048,1978,31400
aes-gcm,2048,1979,30900
aes-gcm,2048,1980,30100
aes-gcm,2048,1981,30100
aes-gcm,2048,1982,30000
aes-gcm,2048,1983,29700
aes-gcm,2048,1984,30300
aes-gcm,2048,1985,30000
aes-gcm,2048,1986,30400
aes-gcm,2048,1987,30000
aes-gcm,2048,1988,30500
aes-gcm,2048,1989,29600
aes-gcm,2048,1990,68400
aes-gcm,2048,1991,129900
aes-gcm,2048,1992,88500
aes-gcm,2048,1993,41800
aes-gcm,2048,1994,53000
aes-gcm,2048,1995,96800
aes-gcm,2048,1996,88300
aes-gcm,2048,1997,40700
aes-gcm,2048,1998,31600
aes-gcm,2048,1999,31000
