algorithm,message_size_bytes,iteration,latency_ns
chacha20-poly1305,128,0,33400
chacha20-poly1305,128,1,33100
chacha20-poly1305,128,2,81300
chacha20-poly1305,128,3,131100
chacha20-poly1305,128,4,61400
chacha20-poly1305,128,5,36700
chacha20-poly1305,128,6,33000
chacha20-poly1305,128,7,33000
chacha20-poly1305,128,8,32400
chacha20-poly1305,128,9,32600
chacha20-poly1305,128,10,32600
chacha20-poly1305,128,11,32800
chacha20-poly1305,128,12,32700
chacha20-poly1305,128,13,31700
chacha20-poly1305,128,14,143600
chacha20-poly1305,128,15,87800
chacha20-poly1305,128,16,41900
chacha20-poly1305,128,17,36600
chacha20-poly1305,128,18,32200
chacha20-poly1305,128,19,32700
chacha20-poly1305,128,20,32700
chacha20-poly1305,128,21,31600
chacha20-poly1305,128,22,33100
chacha20-poly1305,128,23,32900
chacha20-poly1305,128,24,31800
chacha20-poly1305,128,25,33400
chacha20-poly1305,128,26,32300
chacha20-poly1305,128,27,32800
chacha20-poly1305,128,28,32400
chacha20-poly1305,128,29,32200
chacha20-poly1305,128,30,31700
chacha20-poly1305,128,31,32100
chacha20-poly1305,128,32,51900
chacha20-poly1305,128,33,54800
chacha20-poly1305,128,34,36000
chacha20-poly1305,128,35,33400
chacha20-poly1305,128,36,57600
chacha20-poly1305,128,37,111400
chacha20-poly1305,128,38,115600
chacha20-poly1305,128,39,73400
chacha20-poly1305,128,40,89800
chacha20-poly1305,128,41,73700
chacha20-poly1305,128,42,75500
chacha20-poly1305,128,43,42600
chacha20-poly1305,128,44,34700
chacha20-poly1305,128,45,33000
chacha20-poly1305,128,46,61700
chacha20-poly1305,128,47,88800
chacha20-poly1305,128,48,42000
chacha20-poly1305,128,49,33800
chacha20-poly1305,128,50,36000
chacha20-poly1305,128,51,32400
chacha20-poly1305,128,52,31600
chacha20-poly1305,128,53,32200
chacha20-poly1305,128,54,32300
chacha20-poly1305,128,55,32400
chacha20-poly1305,128,56,32600
chacha20-poly1305,128,57,32500
chacha20-poly1305,128,58,31400
chacha20-poly1305,128,59,32300
chacha20-poly1305,128,60,32300
chacha20-poly1305,128,61,31700
chacha20-poly1305,128,62,32700
chacha20-poly1305,128,63,31900
chacha20-poly1305,128,64,32100
chacha20-poly1305,128,65,32500
chacha20-poly1305,128,66,32300
chacha20-poly1305,128,67,31700
chacha20-poly1305,128,68,32400
chacha20-poly1305,128,69,32100
chacha20-poly1305,128,70,70500
chacha20-poly1305,128,71,157700
chacha20-poly1305,128,72,90100
chacha20-poly1305,128,73,132400
chacha20-poly1305,128,74,115300
chacha20-poly1305,128,75,67600
chacha20-poly1305,128,76,68600
chacha20-poly1305,128,77,68600
chacha20-poly1305,128,78,56800
chacha20-poly1305,128,79,90600
chacha20-poly1305,128,80,63200
chacha20-poly1305,128,81,104700
chacha20-poly1305,128,82,117400
chacha20-poly1305,128,83,90900
chacha20-poly1305,128,84,99100
chacha20-poly1305,128,85,90000
chacha20-poly1305,128,86,43100
chacha20-poly1305,128,87,34800
chacha20-poly1305,128,88,33300
chacha20-poly1305,128,89,33300
chacha20-poly1305,128,90,33600
chacha20-poly1305,128,91,33600
chacha20-poly1305,128,92,33300
chacha20-poly1305,128,93,33300
chacha20-poly1305,128,94,33100
chacha20-poly1305,128,95,33300
chacha20-poly1305,128,96,32800
chacha20-poly1305,128,97,33200
chacha20-poly1305,128,98,32800
chacha20-poly1305,128,99,32900
chacha20-poly1305,128,100,33100
chacha20-poly1305,128,101,33200
chacha20-poly1305,128,102,33400
chacha20-poly1305,128,103,32800
chacha20-poly1305,128,104,33000
chacha20-poly1305,128,105,32900
chacha20-poly1305,128,106,33300
chacha20-poly1305,128,107,33100
chacha20-poly1305,128,108,32700
chacha20-poly1305,128,109,33200
chacha20-poly1305,128,110,33000
chacha20-poly1305,128,111,33300
chacha20-poly1305,128,112,33200
chacha20-poly1305,128,113,41100
chacha20-poly1305,128,114,35100
chacha20-poly1305,128,115,40000
chacha20-poly1305,128,116,33400
chacha20-poly1305,128,117,149500
chacha20-poly1305,128,118,88500
chacha20-poly1305,128,119,37900
chacha20-poly1305,128,120,34400
chacha20-poly1305,128,121,54000
chacha20-poly1305,128,122,59600
chacha20-poly1305,128,123,90900
chacha20-poly1305,128,124,63600
chacha20-poly1305,128,125,36200
chacha20-poly1305,128,126,33500
chacha20-poly1305,128,127,131400
chacha20-poly1305,128,128,139400
chacha20-poly1305,128,129,132600
chacha20-poly1305,128,130,64800
chacha20-poly1305,128,131,35900
chacha20-poly1305,128,132,34000
chacha20-poly1305,128,133,34300
chacha20-poly1305,128,134,33600
chacha20-poly1305,128,135,33200
chacha20-poly1305,128,136,33100
chacha20-poly1305,128,137,32800
chacha20-poly1305,128,138,32800
chacha20-poly1305,128,139,32500
chacha20-poly1305,128,140,32900
chacha20-poly1305,128,141,32600
chacha20-poly1305,128,142,33300
chacha20-poly1305,128,143,32600
chacha20-poly1305,128,144,32900
chacha20-poly1305,128,145,33400
chacha20-poly1305,128,146,32900
chacha20-poly1305,128,147,33600
chacha20-poly1305,128,148,32600
chacha20-poly1305,128,149,33100
chacha20-poly1305,128,150,35500
chacha20-poly1305,128,151,33500
chacha20-poly1305,128,152,57200
chacha20-poly1305,128,153,110100
chacha20-poly1305,128,154,92200
chacha20-poly1305,128,155,39500
chacha20-poly1305,128,156,34700
chacha20-poly1305,128,157,73400
chacha20-poly1305,128,158,92700
chacha20-poly1305,128,159,106900
chacha20-poly1305,128,160,61700
chacha20-poly1305,128,161,56100
chacha20-poly1305,128,162,87700
chacha20-poly1305,128,163,44200
chacha20-poly1305,128,164,33900
chacha20-poly1305,128,165,33300
chacha20-poly1305,128,166,55800
chacha20-poly1305,128,167,59100
chacha20-poly1305,128,168,73600
chacha20-poly1305,128,169,63100
chacha20-poly1305,128,170,51100
chacha20-poly1305,128,171,33600
chacha20-poly1305,128,172,37000
chacha20-poly1305,128,173,92600
chacha20-poly1305,128,174,57500
chacha20-poly1305,128,175,35500
chacha20-poly1305,128,176,33100
chacha20-poly1305,128,177,32600
chacha20-poly1305,128,178,35000
chacha20-poly1305,128,179,32700
chacha20-poly1305,128,180,32300
chacha20-poly1305,128,181,31200
chacha20-poly1305,128,182,32800
chacha20-poly1305,128,183,33900
chacha20-poly1305,128,184,54000
chacha20-poly1305,128,185,88900
chacha20-poly1305,128,186,42000
chacha20-poly1305,128,187,34400
chacha20-poly1305,128,188,32100
chacha20-poly1305,128,189,32400
chacha20-poly1305,128,190,33000
chacha20-poly1305,128,191,31400
chacha20-poly1305,128,192,32700
chacha20-poly1305,128,193,32400
chacha20-poly1305,128,194,32600
chacha20-poly1305,128,195,32500
chacha20-poly1305,128,196,32700
chacha20-poly1305,128,197,32700
chacha20-poly1305,128,198,31600
chacha20-poly1305,128,199,32400
chacha20-poly1305,128,200,32400
chacha20-poly1305,128,201,33000
chacha20-poly1305,128,202,32700
chacha20-poly1305,128,203,32300
chacha20-poly1305,128,204,32000
chacha20-poly1305,128,205,32800
chacha20-poly1305,128,206,32000
chacha20-poly1305,128,207,32600
chacha20-poly1305,128,208,32300
chacha20-poly1305,128,209,31900
chacha20-poly1305,128,210,32300
chacha20-poly1305,128,211,32300
chacha20-poly1305,128,212,32000
chacha20-poly1305,128,213,32000
chacha20-poly1305,128,214,32500
chacha20-poly1305,128,215,31600
chacha20-poly1305,128,216,32000
chacha20-poly1305,128,217,32500
chacha20-poly1305,128,218,31900
chacha20-poly1305,128,219,32500
chacha20-poly1305,128,220,56500
chacha20-poly1305,128,221,138400
chacha20-poly1305,128,222,84200
chacha20-poly1305,128,223,61100
chacha20-poly1305,128,224,57900
chacha20-poly1305,128,225,92100
chacha20-poly1305,128,226,58900
chacha20-poly1305,128,227,45700
chacha20-poly1305,128,228,97000
chacha20-poly1305,128,229,63100
chacha20-poly1305,128,230,86700
chacha20-poly1305,128,231,130600
chacha20-poly1305,128,232,161200
chacha20-poly1305,128,233,108400
chacha20-poly1305,128,234,76100
chacha20-poly1305,128,235,59000
chacha20-poly1305,128,236,35800
chacha20-poly1305,128,237,55000
chacha20-poly1305,128,238,32100
chacha20-poly1305,128,239,32300
chacha20-poly1305,128,240,31200
chacha20-poly1305,128,241,31800
chacha20-poly1305,128,242,31300
chacha20-poly1305,128,243,30500
chacha20-poly1305,128,244,31100
chacha20-poly1305,128,245,30100
chacha20-poly1305,128,246,30800
chacha20-poly1305,128,247,30700
chacha20-poly1305,128,248,30700
chacha20-poly1305,128,249,30500
chacha20-poly1305,128,250,30700
chacha20-poly1305,128,251,29800
chacha20-poly1305,128,252,30700
chacha20-poly1305,128,253,30800
chacha20-poly1305,128,254,30400
chacha20-poly1305,128,255,35900
chacha20-poly1305,128,256,35300
chacha20-poly1305,128,257,93100
chacha20-poly1305,128,258,97200
chacha20-poly1305,128,259,105700
chacha20-poly1305,128,260,99200
chacha20-poly1305,128,261,58900
chacha20-poly1305,128,262,36500
chacha20-poly1305,128,263,26400
chacha20-poly1305,128,264,31900
chacha20-poly1305,128,265,31200
chacha20-poly1305,128,266,33300
chacha20-poly1305,128,267,30700
chacha20-poly1305,128,268,31400
chacha20-poly1305,128,269,89200
chacha20-poly1305,128,270,85800
chacha20-poly1305,128,271,40200
chacha20-poly1305,128,272,31900
chacha20-poly1305,128,273,31400
chacha20-poly1305,128,274,30700
chacha20-poly1305,128,275,31300
chacha20-poly1305,128,276,30200
chacha20-poly1305,128,277,30900
chacha20-poly1305,128,278,29900
chacha20-poly1305,128,279,30800
chacha20-poly1305,128,280,30700
chacha20-poly1305,128,281,31300
chacha20-poly1305,128,282,31100
chacha20-poly1305,128,283,30300
chacha20-poly1305,128,284,30400
chacha20-poly1305,128,285,30200
chacha20-poly1305,128,286,31200
chacha20-poly1305,128,287,30400
chacha20-poly1305,128,288,30500
chacha20-poly1305,128,289,30500
chacha20-poly1305,128,290,30800
chacha20-poly1305,128,291,30400
chacha20-poly1305,128,292,31100
chacha20-poly1305,128,293,30200
chacha20-poly1305,128,294,30700
chacha20-poly1305,128,295,30600
chacha20-poly1305,128,296,30200
chacha20-poly1305,128,297,30500
chacha20-poly1305,128,298,30900
chacha20-poly1305,128,299,29700
chacha20-poly1305,128,300,30900
chacha20-poly1305,128,301,30200
chacha20-poly1305,128,302,30800
chacha20-poly1305,128,303,51400
chacha20-poly1305,128,304,105800
chacha20-poly1305,128,305,98200
chacha20-poly1305,128,306,88600
chacha20-poly1305,128,307,41500
chacha20-poly1305,128,308,52200
chacha20-poly1305,128,309,58500
chacha20-poly1305,128,310,82800
chacha20-poly1305,128,311,93000
chacha20-poly1305,128,312,40500
chacha20-poly1305,128,313,32500
chacha20-poly1305,128,314,31300
chacha20-poly1305,128,315,31100
chacha20-poly1305,128,316,31300
chacha20-poly1305,128,317,30600
chacha20-poly1305,128,318,30900
chacha20-poly1305,128,319,30800
chacha20-poly1305,128,320,30800
chacha20-poly1305,128,321,30500
chacha20-poly1305,128,322,52000
chacha20-poly1305,128,323,99400
chacha20-poly1305,128,324,106700
chacha20-poly1305,128,325,104600
chacha20-poly1305,128,326,86900
chacha20-poly1305,128,327,59900
chacha20-poly1305,128,328,100200
chacha20-poly1305,128,329,106500
chacha20-poly1305,128,330,106800
chacha20-poly1305,128,331,91000
chacha20-poly1305,128,332,42600
chacha20-poly1305,128,333,32900
chacha20-poly1305,128,334,31900
chacha20-poly1305,128,335,31400
chacha20-poly1305,128,336,31200
chacha20-poly1305,128,337,31400
chacha20-poly1305,128,338,31200
chacha20-poly1305,128,339,55200
chacha20-poly1305,128,340,87400
chacha20-poly1305,128,341,39100
chacha20-poly1305,128,342,32500
chacha20-poly1305,128,343,31300
chacha20-poly1305,128,344,30200
chacha20-poly1305,128,345,30900
chacha20-poly1305,128,346,31300
chacha20-poly1305,128,347,30500
chacha20-poly1305,128,348,30500
chacha20-poly1305,128,349,30600
chacha20-poly1305,128,350,29800
chacha20-poly1305,128,351,30500
chacha20-poly1305,128,352,30600
chacha20-poly1305,128,353,29900
chacha20-poly1305,128,354,30600
chacha20-poly1305,128,355,30300
chacha20-poly1305,128,356,30500
chacha20-poly1305,128,357,30400
chacha20-poly1305,128,358,30600
chacha20-poly1305,128,359,30300
chacha20-poly1305,128,360,30200
chacha20-poly1305,128,361,30700
chacha20-poly1305,128,362,30000
chacha20-poly1305,128,363,30400
chacha20-poly1305,128,364,54900
chacha20-poly1305,128,365,104200
chacha20-poly1305,128,366,88300
chacha20-poly1305,128,367,40100
chacha20-poly1305,128,368,31900
chacha20-poly1305,128,369,32800
chacha20-poly1305,128,370,31800
chacha20-poly1305,128,371,31000
chacha20-poly1305,128,372,30900
chacha20-poly1305,128,373,30300
chacha20-poly1305,128,374,30300
chacha20-poly1305,128,375,30400
chacha20-poly1305,128,376,30500
chacha20-poly1305,128,377,54400
chacha20-poly1305,128,378,108400
chacha20-poly1305,128,379,54200
chacha20-poly1305,128,380,33100
chacha20-poly1305,128,381,32200
chacha20-poly1305,128,382,31200
chacha20-poly1305,128,383,30900
chacha20-poly1305,128,384,31000
chacha20-poly1305,128,385,31300
chacha20-poly1305,128,386,53000
chacha20-poly1305,128,387,104800
chacha20-poly1305,128,388,88700
chacha20-poly1305,128,389,38500
chacha20-poly1305,128,390,89600
chacha20-poly1305,128,391,59700
chacha20-poly1305,128,392,66100
chacha20-poly1305,128,393,35800
chacha20-poly1305,128,394,33800
chacha20-poly1305,128,395,48900
chacha20-poly1305,128,396,100100
chacha20-poly1305,128,397,56600
chacha20-poly1305,128,398,33700
chacha20-poly1305,128,399,32300
chacha20-poly1305,128,400,31000
chacha20-poly1305,128,401,30600
chacha20-poly1305,128,402,31400
chacha20-poly1305,128,403,31200
chacha20-poly1305,128,404,30300
chacha20-poly1305,128,405,84200
chacha20-poly1305,128,406,90200
chacha20-poly1305,128,407,39600
chacha20-poly1305,128,408,52700
chacha20-poly1305,128,409,104100
chacha20-poly1305,128,410,56200
chacha20-poly1305,128,411,34600
chacha20-poly1305,128,412,32500
chacha20-poly1305,128,413,30300
chacha20-poly1305,128,414,31100
chacha20-poly1305,128,415,31000
chacha20-poly1305,128,416,30600
chacha20-poly1305,128,417,31100
chacha20-poly1305,128,418,30700
chacha20-poly1305,128,419,30800
chacha20-poly1305,128,420,31400
chacha20-poly1305,128,421,31000
chacha20-poly1305,128,422,30600
chacha20-poly1305,128,423,30800
chacha20-poly1305,128,424,31200
chacha20-poly1305,128,425,30500
chacha20-poly1305,128,426,30800
chacha20-poly1305,128,427,31200
chacha20-poly1305,128,428,55000
chacha20-poly1305,128,429,48300
chacha20-poly1305,128,430,35700
chacha20-poly1305,128,431,32500
chacha20-poly1305,128,432,31500
chacha20-poly1305,128,433,56000
chacha20-poly1305,128,434,46900
chacha20-poly1305,128,435,35400
chacha20-poly1305,128,436,31300
chacha20-poly1305,128,437,31100
chacha20-poly1305,128,438,30300
chacha20-poly1305,128,439,30600
chacha20-poly1305,128,440,30200
chacha20-poly1305,128,441,32300
chacha20-poly1305,128,442,52700
chacha20-poly1305,128,443,45100
chacha20-poly1305,128,444,35100
chacha20-poly1305,128,445,31700
chacha20-poly1305,128,446,30500
chacha20-poly1305,128,447,30600
chacha20-poly1305,128,448,30300
chacha20-poly1305,128,449,30000
chacha20-poly1305,128,450,83200
chacha20-poly1305,128,451,108100
chacha20-poly1305,128,452,81100
chacha20-poly1305,128,453,102500
chacha20-poly1305,128,454,77600
chacha20-poly1305,128,455,57900
chacha20-poly1305,128,456,33900
chacha20-poly1305,128,457,32300
chacha20-poly1305,128,458,32700
chacha20-poly1305,128,459,30900
chacha20-poly1305,128,460,89500
chacha20-poly1305,128,461,107200
chacha20-poly1305,128,462,89400
chacha20-poly1305,128,463,61500
chacha20-poly1305,128,464,61600
chacha20-poly1305,128,465,96000
chacha20-poly1305,128,466,35400
chacha20-poly1305,128,467,96800
chacha20-poly1305,128,468,104100
chacha20-poly1305,128,469,110200
chacha20-poly1305,128,470,120900
chacha20-poly1305,128,471,137600
chacha20-poly1305,128,472,60800
chacha20-poly1305,128,473,88800
chacha20-poly1305,128,474,101500
chacha20-poly1305,128,475,72900
chacha20-poly1305,128,476,85100
chacha20-poly1305,128,477,60500
chacha20-poly1305,128,478,71100
chacha20-poly1305,128,479,106100
chacha20-poly1305,128,480,89300
chacha20-poly1305,128,481,43200
chacha20-poly1305,128,482,89100
chacha20-poly1305,128,483,101400
chacha20-poly1305,128,484,74400
chacha20-poly1305,128,485,88000
chacha20-poly1305,128,486,54100
chacha20-poly1305,128,487,100100
chacha20-poly1305,128,488,56100
chacha20-poly1305,128,489,34900
chacha20-poly1305,128,490,31400
chacha20-poly1305,128,491,31700
chacha20-poly1305,128,492,54400
chacha20-poly1305,128,493,86400
chacha20-poly1305,128,494,62700
chacha20-poly1305,128,495,98500
chacha20-poly1305,128,496,106000
chacha20-poly1305,128,497,87400
chacha20-poly1305,128,498,56500
chacha20-poly1305,128,499,56900
chacha20-poly1305,128,500,89100
chacha20-poly1305,128,501,59100
chacha20-poly1305,128,502,88700
chacha20-poly1305,128,503,57000
chacha20-poly1305,128,504,34700
chacha20-poly1305,128,505,31800
chacha20-poly1305,128,506,30400
chacha20-poly1305,128,507,75200
chacha20-poly1305,128,508,76000
chacha20-poly1305,128,509,39500
chacha20-poly1305,128,510,53500
chacha20-poly1305,128,511,100700
chacha20-poly1305,128,512,57900
chacha20-poly1305,128,513,70500
chacha20-poly1305,128,514,41600
chacha20-poly1305,128,515,32700
chacha20-poly1305,128,516,31600
chacha20-poly1305,128,517,31000
chacha20-poly1305,128,518,30300
chacha20-poly1305,128,519,30700
chacha20-poly1305,128,520,30800
chacha20-poly1305,128,521,33000
chacha20-poly1305,128,522,30600
chacha20-poly1305,128,523,30800
chacha20-poly1305,128,524,30100
chacha20-poly1305,128,525,30600
chacha20-poly1305,128,526,30700
chacha20-poly1305,128,527,30600
chacha20-poly1305,128,528,30300
chacha20-poly1305,128,529,30700
chacha20-poly1305,128,530,30200
chacha20-poly1305,128,531,30500
chacha20-poly1305,128,532,30900
chacha20-poly1305,128,533,30000
chacha20-poly1305,128,534,30700
chacha20-poly1305,128,535,30400
chacha20-poly1305,128,536,30300
chacha20-poly1305,128,537,30800
chacha20-poly1305,128,538,30600
chacha20-poly1305,128,539,30100
chacha20-poly1305,128,540,30300
chacha20-poly1305,128,541,30700
chacha20-poly1305,128,542,57500
chacha20-poly1305,128,543,102000
chacha20-poly1305,128,544,58800
chacha20-poly1305,128,545,90000
chacha20-poly1305,128,546,87300
chacha20-poly1305,128,547,58500
chacha20-poly1305,128,548,86100
chacha20-poly1305,128,549,40700
chacha20-poly1305,128,550,49700
chacha20-poly1305,128,551,100400
chacha20-poly1305,128,552,97500
chacha20-poly1305,128,553,39400
chacha20-poly1305,128,554,89700
chacha20-poly1305,128,555,85200
chacha20-poly1305,128,556,39600
chacha20-poly1305,128,557,31900
chacha20-poly1305,128,558,30900
chacha20-poly1305,128,559,31400
chacha20-poly1305,128,560,51300
chacha20-poly1305,128,561,30700
chacha20-poly1305,128,562,30800
chacha20-poly1305,128,563,30800
chacha20-poly1305,128,564,30500
chacha20-poly1305,128,565,30600
chacha20-poly1305,128,566,30100
chacha20-poly1305,128,567,30600
chacha20-poly1305,128,568,30700
chacha20-poly1305,128,569,30200
chacha20-poly1305,128,570,30800
chacha20-poly1305,128,571,30300
chacha20-poly1305,128,572,30300
chacha20-poly1305,128,573,30500
chacha20-poly1305,128,574,30800
chacha20-poly1305,128,575,49400
chacha20-poly1305,128,576,46600
chacha20-poly1305,128,577,55100
chacha20-poly1305,128,578,47300
chacha20-poly1305,128,579,88300
chacha20-poly1305,128,580,88600
chacha20-poly1305,128,581,92700
chacha20-poly1305,128,582,99800
chacha20-poly1305,128,583,66300
chacha20-poly1305,128,584,53100
chacha20-poly1305,128,585,106100
chacha20-poly1305,128,586,58900
chacha20-poly1305,128,587,33600
chacha20-poly1305,128,588,31600
chacha20-poly1305,128,589,89700
chacha20-poly1305,128,590,103600
chacha20-poly1305,128,591,105500
chacha20-poly1305,128,592,101300
chacha20-poly1305,128,593,85900
chacha20-poly1305,128,594,40800
chacha20-poly1305,128,595,51100
chacha20-poly1305,128,596,50800
chacha20-poly1305,128,597,34200
chacha20-poly1305,128,598,31200
chacha20-poly1305,128,599,52000
chacha20-poly1305,128,600,102700
chacha20-poly1305,128,601,57800
chacha20-poly1305,128,602,34000
chacha20-poly1305,128,603,31900
chacha20-poly1305,128,604,31900
chacha20-poly1305,128,605,30500
chacha20-poly1305,128,606,95100
chacha20-poly1305,128,607,86200
chacha20-poly1305,128,608,45100
chacha20-poly1305,128,609,57000
chacha20-poly1305,128,610,101200
chacha20-poly1305,128,611,96700
chacha20-poly1305,128,612,61500
chacha20-poly1305,128,613,34900
chacha20-poly1305,128,614,31200
chacha20-poly1305,128,615,31600
chacha20-poly1305,128,616,31500
chacha20-poly1305,128,617,55300
chacha20-poly1305,128,618,47100
chacha20-poly1305,128,619,35600
chacha20-poly1305,128,620,31100
chacha20-poly1305,128,621,31500
chacha20-poly1305,128,622,31100
chacha20-poly1305,128,623,30200
chacha20-poly1305,128,624,33900
chacha20-poly1305,128,625,54400
chacha20-poly1305,128,626,51000
chacha20-poly1305,128,627,71100
chacha20-poly1305,128,628,34000
chacha20-poly1305,128,629,30600
chacha20-poly1305,128,630,50200
chacha20-poly1305,128,631,47900
chacha20-poly1305,128,632,50600
chacha20-poly1305,128,633,54100
chacha20-poly1305,128,634,52100
chacha20-poly1305,128,635,46700
chacha20-poly1305,128,636,34800
chacha20-poly1305,128,637,32800
chacha20-poly1305,128,638,83800
chacha20-poly1305,128,639,82600
chacha20-poly1305,128,640,43600
chacha20-poly1305,128,641,32000
chacha20-poly1305,128,642,32100
chacha20-poly1305,128,643,32000
chacha20-poly1305,128,644,31200
chacha20-poly1305,128,645,55000
chacha20-poly1305,128,646,102200
chacha20-poly1305,128,647,109300
chacha20-poly1305,128,648,104400
chacha20-poly1305,128,649,88900
chacha20-poly1305,128,650,40400
chacha20-poly1305,128,651,32300
chacha20-poly1305,128,652,31300
chacha20-poly1305,128,653,38600
chacha20-poly1305,128,654,31900
chacha20-poly1305,128,655,31500
chacha20-poly1305,128,656,30300
chacha20-poly1305,128,657,31800
chacha20-poly1305,128,658,56000
chacha20-poly1305,128,659,84500
chacha20-poly1305,128,660,41700
chacha20-poly1305,128,661,32300
chacha20-poly1305,128,662,30900
chacha20-poly1305,128,663,30800
chacha20-poly1305,128,664,54600
chacha20-poly1305,128,665,105300
chacha20-poly1305,128,666,57900
chacha20-poly1305,128,667,52900
chacha20-poly1305,128,668,85900
chacha20-poly1305,128,669,58000
chacha20-poly1305,128,670,56500
chacha20-poly1305,128,671,87400
chacha20-poly1305,128,672,109300
chacha20-poly1305,128,673,108000
chacha20-poly1305,128,674,80900
chacha20-poly1305,128,675,92200
chacha20-poly1305,128,676,59900
chacha20-poly1305,128,677,87000
chacha20-poly1305,128,678,65600
chacha20-poly1305,128,679,54100
chacha20-poly1305,128,680,108800
chacha20-poly1305,128,681,86500
chacha20-poly1305,128,682,40400
chacha20-poly1305,128,683,32000
chacha20-poly1305,128,684,31800
chacha20-poly1305,128,685,63600
chacha20-poly1305,128,686,39300
chacha20-poly1305,128,687,33600
chacha20-poly1305,128,688,33200
chacha20-poly1305,128,689,70600
chacha20-poly1305,128,690,40700
chacha20-poly1305,128,691,33600
chacha20-poly1305,128,692,30700
chacha20-poly1305,128,693,30400
chacha20-poly1305,128,694,30900
chacha20-poly1305,128,695,30300
chacha20-poly1305,128,696,30600
chacha20-poly1305,128,697,31800
chacha20-poly1305,128,698,51000
chacha20-poly1305,128,699,96700
chacha20-poly1305,128,700,72100
chacha20-poly1305,128,701,49200
chacha20-poly1305,128,702,69900
chacha20-poly1305,128,703,66600
chacha20-poly1305,128,704,40000
chacha20-poly1305,128,705,32800
chacha20-poly1305,128,706,30700
chacha20-poly1305,128,707,30600
chacha20-poly1305,128,708,30600
chacha20-poly1305,128,709,30300
chacha20-poly1305,128,710,30000
chacha20-poly1305,128,711,30600
chacha20-poly1305,128,712,31100
chacha20-poly1305,128,713,32600
chacha20-poly1305,128,714,31100
chacha20-poly1305,128,715,30200
chacha20-poly1305,128,716,30100
chacha20-poly1305,128,717,30700
chacha20-poly1305,128,718,30400
chacha20-poly1305,128,719,30200
chacha20-poly1305,128,720,30300
chacha20-poly1305,128,721,30300
chacha20-poly1305,128,722,34400
chacha20-poly1305,128,723,32400
chacha20-poly1305,128,724,53500
chacha20-poly1305,128,725,94900
chacha20-poly1305,128,726,56200
chacha20-poly1305,128,727,103000
chacha20-poly1305,128,728,58200
chacha20-poly1305,128,729,84900
chacha20-poly1305,128,730,88200
chacha20-poly1305,128,731,38900
chacha20-poly1305,128,732,32500
chacha20-poly1305,128,733,52600
chacha20-poly1305,128,734,54600
chacha20-poly1305,128,735,34300
chacha20-poly1305,128,736,32200
chacha20-poly1305,128,737,31100
chacha20-poly1305,128,738,30600
chacha20-poly1305,128,739,88700
chacha20-poly1305,128,740,103100
chacha20-poly1305,128,741,61400
chacha20-poly1305,128,742,34700
chacha20-poly1305,128,743,66300
chacha20-poly1305,128,744,90300
chacha20-poly1305,128,745,62000
chacha20-poly1305,128,746,82600
chacha20-poly1305,128,747,86500
chacha20-poly1305,128,748,39800
chacha20-poly1305,128,749,31100
chacha20-poly1305,128,750,31400
chacha20-poly1305,128,751,35600
chacha20-poly1305,128,752,30500
chacha20-poly1305,128,753,30400
chacha20-poly1305,128,754,31000
chacha20-poly1305,128,755,30200
chacha20-poly1305,128,756,30700
chacha20-poly1305,128,757,30900
chacha20-poly1305,128,758,30300
chacha20-poly1305,128,759,30600
chacha20-poly1305,128,760,35400
chacha20-poly1305,128,761,31200
chacha20-poly1305,128,762,52100
chacha20-poly1305,128,763,104400
chacha20-poly1305,128,764,57200
chacha20-poly1305,128,765,88500
chacha20-poly1305,128,766,73500
chacha20-poly1305,128,767,98900
chacha20-poly1305,128,768,57300
chacha20-poly1305,128,769,33600
chacha20-poly1305,128,770,32000
chacha20-poly1305,128,771,31300
chacha20-poly1305,128,772,31700
chacha20-poly1305,128,773,53900
chacha20-poly1305,128,774,47800
chacha20-poly1305,128,775,35800
chacha20-poly1305,128,776,33200
chacha20-poly1305,128,777,30800
chacha20-poly1305,128,778,30600
chacha20-poly1305,128,779,31000
chacha20-poly1305,128,780,80200
chacha20-poly1305,128,781,94300
chacha20-poly1305,128,782,40800
chacha20-poly1305,128,783,55000
chacha20-poly1305,128,784,88300
chacha20-poly1305,128,785,54800
chacha20-poly1305,128,786,55600
chacha20-poly1305,128,787,33700
chacha20-poly1305,128,788,31800
chacha20-poly1305,128,789,89100
chacha20-poly1305,128,790,59100
chacha20-poly1305,128,791,84700
chacha20-poly1305,128,792,85500
chacha20-poly1305,128,793,40000
chacha20-poly1305,128,794,31500
chacha20-poly1305,128,795,31200
chacha20-poly1305,128,796,30500
chacha20-poly1305,128,797,38600
chacha20-poly1305,128,798,34900
chacha20-poly1305,128,799,30900
chacha20-poly1305,128,800,29900
chacha20-poly1305,128,801,36200
chacha20-poly1305,128,802,50800
chacha20-poly1305,128,803,100400
chacha20-poly1305,128,804,57900
chacha20-poly1305,128,805,86400
chacha20-poly1305,128,806,98700
chacha20-poly1305,128,807,59300
chacha20-poly1305,128,808,34200
chacha20-poly1305,128,809,31500
chacha20-poly1305,128,810,88800
chacha20-poly1305,128,811,100400
chacha20-poly1305,128,812,103000
chacha20-poly1305,128,813,155300
chacha20-poly1305,128,814,65600
chacha20-poly1305,128,815,36400
chacha20-poly1305,128,816,31800
chacha20-poly1305,128,817,52800
chacha20-poly1305,128,818,98300
chacha20-poly1305,128,819,58800
chacha20-poly1305,128,820,35400
chacha20-poly1305,128,821,31300
chacha20-poly1305,128,822,31200
chacha20-poly1305,128,823,30400
chacha20-poly1305,128,824,30300
chacha20-poly1305,128,825,30400
chacha20-poly1305,128,826,30500
chacha20-poly1305,128,827,30200
chacha20-poly1305,128,828,30100
chacha20-poly1305,128,829,30500
chacha20-poly1305,128,830,30100
chacha20-poly1305,128,831,30800
chacha20-poly1305,128,832,30800
chacha20-poly1305,128,833,30200
chacha20-poly1305,128,834,30500
chacha20-poly1305,128,835,30500
chacha20-poly1305,128,836,33200
chacha20-poly1305,128,837,35800
chacha20-poly1305,128,838,33400
chacha20-poly1305,128,839,30300
chacha20-poly1305,128,840,89100
chacha20-poly1305,128,841,103000
chacha20-poly1305,128,842,67800
chacha20-poly1305,128,843,56000
chacha20-poly1305,128,844,35500
chacha20-poly1305,128,845,31100
chacha20-poly1305,128,846,90700
chacha20-poly1305,128,847,94500
chacha20-poly1305,128,848,72100
chacha20-poly1305,128,849,57400
chacha20-poly1305,128,850,87200
chacha20-poly1305,128,851,83300
chacha20-poly1305,128,852,63600
chacha20-poly1305,128,853,109200
chacha20-poly1305,128,854,74000
chacha20-poly1305,128,855,68500
chacha20-poly1305,128,856,103700
chacha20-poly1305,128,857,101200
chacha20-poly1305,128,858,88300
chacha20-poly1305,128,859,44900
chacha20-poly1305,128,860,32800
chacha20-poly1305,128,861,54600
chacha20-poly1305,128,862,87300
chacha20-poly1305,128,863,39200
chacha20-poly1305,128,864,32100
chacha20-poly1305,128,865,31300
chacha20-poly1305,128,866,30200
chacha20-poly1305,128,867,48000
chacha20-poly1305,128,868,99900
chacha20-poly1305,128,869,87800
chacha20-poly1305,128,870,59500
chacha20-poly1305,128,871,104700
chacha20-poly1305,128,872,56600
chacha20-poly1305,128,873,88100
chacha20-poly1305,128,874,84900
chacha20-poly1305,128,875,38600
chacha20-poly1305,128,876,32400
chacha20-poly1305,128,877,71600
chacha20-poly1305,128,878,40000
chacha20-poly1305,128,879,35100
chacha20-poly1305,128,880,31400
chacha20-poly1305,128,881,30800
chacha20-poly1305,128,882,30800
chacha20-poly1305,128,883,30700
chacha20-poly1305,128,884,30700
chacha20-poly1305,128,885,32700
chacha20-poly1305,128,886,49600
chacha20-poly1305,128,887,100500
chacha20-poly1305,128,888,104200
chacha20-poly1305,128,889,91000
chacha20-poly1305,128,890,67000
chacha20-poly1305,128,891,61100
chacha20-poly1305,128,892,87200
chacha20-poly1305,128,893,39100
chacha20-poly1305,128,894,32800
chacha20-poly1305,128,895,30800
chacha20-poly1305,128,896,30700
chacha20-poly1305,128,897,30800
chacha20-poly1305,128,898,30300
chacha20-poly1305,128,899,30100
chacha20-poly1305,128,900,30600
chacha20-poly1305,128,901,31200
chacha20-poly1305,128,902,30300
chacha20-poly1305,128,903,30700
chacha20-poly1305,128,904,32800
chacha20-poly1305,128,905,48700
chacha20-poly1305,128,906,99400
chacha20-poly1305,128,907,60900
chacha20-poly1305,128,908,89100
chacha20-poly1305,128,909,103800
chacha20-poly1305,128,910,59700
chacha20-poly1305,128,911,32800
chacha20-poly1305,128,912,31600
chacha20-poly1305,128,913,31000
chacha20-poly1305,128,914,30600
chacha20-poly1305,128,915,31000
chacha20-poly1305,128,916,31200
chacha20-poly1305,128,917,30200
chacha20-poly1305,128,918,30700
chacha20-poly1305,128,919,30700
chacha20-poly1305,128,920,30100
chacha20-poly1305,128,921,30700
chacha20-poly1305,128,922,30600
chacha20-poly1305,128,923,30100
chacha20-poly1305,128,924,30200
chacha20-poly1305,128,925,30600
chacha20-poly1305,128,926,30100
chacha20-poly1305,128,927,30700
chacha20-poly1305,128,928,30400
chacha20-poly1305,128,929,30000
chacha20-poly1305,128,930,90500
chacha20-poly1305,128,931,60400
chacha20-poly1305,128,932,61000
chacha20-poly1305,128,933,102400
chacha20-poly1305,128,934,68900
chacha20-poly1305,128,935,84600
chacha20-poly1305,128,936,39500
chacha20-poly1305,128,937,29300
chacha20-poly1305,128,938,47800
chacha20-poly1305,128,939,104600
chacha20-poly1305,128,940,85700
chacha20-poly1305,128,941,67800
chacha20-poly1305,128,942,41800
chacha20-poly1305,128,943,40800
chacha20-poly1305,128,944,40300
chacha20-poly1305,128,945,32000
chacha20-poly1305,128,946,88900
chacha20-poly1305,128,947,102900
chacha20-poly1305,128,948,102700
chacha20-poly1305,128,949,89900
chacha20-poly1305,128,950,59700
chacha20-poly1305,128,951,98300
chacha20-poly1305,128,952,129300
chacha20-poly1305,128,953,90800
chacha20-poly1305,128,954,91900
chacha20-poly1305,128,955,56300
chacha20-poly1305,128,956,34000
chacha20-poly1305,128,957,33900
chacha20-poly1305,128,958,68000
chacha20-poly1305,128,959,94100
chacha20-poly1305,128,960,106300
chacha20-poly1305,128,961,57600
chacha20-poly1305,128,962,56100
chacha20-poly1305,128,963,110400
chacha20-poly1305,128,964,75800
chacha20-poly1305,128,965,99700
chacha20-poly1305,128,966,87500
chacha20-poly1305,128,967,40700
chacha20-poly1305,128,968,34300
chacha20-poly1305,128,969,31500
chacha20-poly1305,128,970,31100
chacha20-poly1305,128,971,30100
chacha20-poly1305,128,972,31200
chacha20-poly1305,128,973,39000
chacha20-poly1305,128,974,67200
chacha20-poly1305,128,975,34900
chacha20-poly1305,128,976,35300
chacha20-poly1305,128,977,34200
chacha20-poly1305,128,978,32200
chacha20-poly1305,128,979,57100
chacha20-poly1305,128,980,102300
chacha20-poly1305,128,981,84500
chacha20-poly1305,128,982,37500
chacha20-poly1305,128,983,31500
chacha20-poly1305,128,984,55800
chacha20-poly1305,128,985,56800
chacha20-poly1305,128,986,34000
chacha20-poly1305,128,987,31700
chacha20-poly1305,128,988,52300
chacha20-poly1305,128,989,45600
chacha20-poly1305,128,990,32400
chacha20-poly1305,128,991,31400
chacha20-poly1305,128,992,30600
chacha20-poly1305,128,993,31200
chacha20-poly1305,128,994,30800
chacha20-poly1305,128,995,94000
chacha20-poly1305,128,996,58400
chacha20-poly1305,128,997,54500
chacha20-poly1305,128,998,48700
chacha20-poly1305,128,999,33400
chacha20-poly1305,128,1000,31600
chacha20-poly1305,128,1001,30900
chacha20-poly1305,128,1002,30900
chacha20-poly1305,128,1003,31300
chacha20-poly1305,128,1004,31400
chacha20-poly1305,128,1005,49900
chacha20-poly1305,128,1006,48700
chacha20-poly1305,128,1007,35400
chacha20-poly1305,128,1008,31200
chacha20-poly1305,128,1009,31100
chacha20-poly1305,128,1010,30400
chacha20-poly1305,128,1011,30800
chacha20-poly1305,128,1012,30800
chacha20-poly1305,128,1013,40600
chacha20-poly1305,128,1014,30700
chacha20-poly1305,128,1015,31100
chacha20-poly1305,128,1016,30200
chacha20-poly1305,128,1017,30600
chacha20-poly1305,128,1018,30600
chacha20-poly1305,128,1019,30200
chacha20-poly1305,128,1020,30800
chacha20-poly1305,128,1021,81200
chacha20-poly1305,128,1022,89600
chacha20-poly1305,128,1023,92300
chacha20-poly1305,128,1024,104400
chacha20-poly1305,128,1025,88700
chacha20-poly1305,128,1026,38300
chacha20-poly1305,128,1027,95400
chacha20-poly1305,128,1028,97600
chacha20-poly1305,128,1029,102700
chacha20-poly1305,128,1030,59000
chacha20-poly1305,128,1031,91500
chacha20-poly1305,128,1032,55400
chacha20-poly1305,128,1033,33100
chacha20-poly1305,128,1034,90300
chacha20-poly1305,128,1035,85100
chacha20-poly1305,128,1036,39800
chacha20-poly1305,128,1037,31800
chacha20-poly1305,128,1038,55800
chacha20-poly1305,128,1039,64700
chacha20-poly1305,128,1040,85600
chacha20-poly1305,128,1041,39500
chacha20-poly1305,128,1042,32300
chacha20-poly1305,128,1043,31000
chacha20-poly1305,128,1044,30500
chacha20-poly1305,128,1045,30900
chacha20-poly1305,128,1046,30000
chacha20-poly1305,128,1047,31100
chacha20-poly1305,128,1048,30800
chacha20-poly1305,128,1049,30200
chacha20-poly1305,128,1050,30400
chacha20-poly1305,128,1051,30500
chacha20-poly1305,128,1052,30300
chacha20-poly1305,128,1053,30500
chacha20-poly1305,128,1054,30800
chacha20-poly1305,128,1055,30200
chacha20-poly1305,128,1056,30400
chacha20-poly1305,128,1057,30600
chacha20-poly1305,128,1058,51700
chacha20-poly1305,128,1059,104200
chacha20-poly1305,128,1060,73400
chacha20-poly1305,128,1061,55700
chacha20-poly1305,128,1062,70200
chacha20-poly1305,128,1063,90500
chacha20-poly1305,128,1064,99100
chacha20-poly1305,128,1065,76800
chacha20-poly1305,128,1066,56500
chacha20-poly1305,128,1067,34200
chacha20-poly1305,128,1068,30700
chacha20-poly1305,128,1069,31000
chacha20-poly1305,128,1070,33000
chacha20-poly1305,128,1071,30500
chacha20-poly1305,128,1072,31000
chacha20-poly1305,128,1073,30000
chacha20-poly1305,128,1074,31400
chacha20-poly1305,128,1075,30500
chacha20-poly1305,128,1076,84300
chacha20-poly1305,128,1077,107800
chacha20-poly1305,128,1078,100800
chacha20-poly1305,128,1079,107700
chacha20-poly1305,128,1080,84800
chacha20-poly1305,128,1081,40400
chacha20-poly1305,128,1082,32700
chacha20-poly1305,128,1083,31200
chacha20-poly1305,128,1084,30700
chacha20-poly1305,128,1085,30600
chacha20-poly1305,128,1086,30400
chacha20-poly1305,128,1087,31000
chacha20-poly1305,128,1088,30000
chacha20-poly1305,128,1089,31100
chacha20-poly1305,128,1090,30500
chacha20-poly1305,128,1091,30000
chacha20-poly1305,128,1092,31000
chacha20-poly1305,128,1093,30100
chacha20-poly1305,128,1094,30400
chacha20-poly1305,128,1095,32700
chacha20-poly1305,128,1096,30600
chacha20-poly1305,128,1097,30600
chacha20-poly1305,128,1098,30500
chacha20-poly1305,128,1099,30700
chacha20-poly1305,128,1100,66500
chacha20-poly1305,128,1101,40000
chacha20-poly1305,128,1102,33100
chacha20-poly1305,128,1103,31800
chacha20-poly1305,128,1104,69100
chacha20-poly1305,128,1105,32400
chacha20-poly1305,128,1106,33800
chacha20-poly1305,128,1107,31500
chacha20-poly1305,128,1108,30800
chacha20-poly1305,128,1109,30600
chacha20-poly1305,128,1110,31000
chacha20-poly1305,128,1111,30500
chacha20-poly1305,128,1112,30800
chacha20-poly1305,128,1113,30400
chacha20-poly1305,128,1114,30600
chacha20-poly1305,128,1115,30600
chacha20-poly1305,128,1116,30500
chacha20-poly1305,128,1117,31200
chacha20-poly1305,128,1118,30200
chacha20-poly1305,128,1119,30700
chacha20-poly1305,128,1120,30700
chacha20-poly1305,128,1121,30500
chacha20-poly1305,128,1122,50600
chacha20-poly1305,128,1123,96200
chacha20-poly1305,128,1124,54100
chacha20-poly1305,128,1125,35200
chacha20-poly1305,128,1126,32300
chacha20-poly1305,128,1127,44700
chacha20-poly1305,128,1128,56500
chacha20-poly1305,128,1129,35800
chacha20-poly1305,128,1130,86700
chacha20-poly1305,128,1131,84600
chacha20-poly1305,128,1132,66600
chacha20-poly1305,128,1133,60900
chacha20-poly1305,128,1134,100300
chacha20-poly1305,128,1135,101700
chacha20-poly1305,128,1136,57900
chacha20-poly1305,128,1137,90500
chacha20-poly1305,128,1138,105900
chacha20-poly1305,128,1139,105400
chacha20-poly1305,128,1140,106200
chacha20-poly1305,128,1141,57400
chacha20-poly1305,128,1142,71400
chacha20-poly1305,128,1143,65200
chacha20-poly1305,128,1144,61100
chacha20-poly1305,128,1145,80400
chacha20-poly1305,128,1146,41300
chacha20-poly1305,128,1147,32600
chacha20-poly1305,128,1148,29000
chacha20-poly1305,128,1149,31400
chacha20-poly1305,128,1150,71200
chacha20-poly1305,128,1151,39800
chacha20-poly1305,128,1152,32700
chacha20-poly1305,128,1153,31200
chacha20-poly1305,128,1154,49900
chacha20-poly1305,128,1155,95300
chacha20-poly1305,128,1156,66800
chacha20-poly1305,128,1157,101200
chacha20-poly1305,128,1158,99600
chacha20-poly1305,128,1159,62600
chacha20-poly1305,128,1160,67300
chacha20-poly1305,128,1161,87200
chacha20-poly1305,128,1162,84800
chacha20-poly1305,128,1163,38800
chacha20-poly1305,128,1164,32600
chacha20-poly1305,128,1165,55500
chacha20-poly1305,128,1166,85500
chacha20-poly1305,128,1167,41400
chacha20-poly1305,128,1168,32300
chacha20-poly1305,128,1169,30800
chacha20-poly1305,128,1170,30600
chacha20-poly1305,128,1171,47400
chacha20-poly1305,128,1172,99100
chacha20-poly1305,128,1173,105000
chacha20-poly1305,128,1174,102300
chacha20-poly1305,128,1175,99600
chacha20-poly1305,128,1176,88300
chacha20-poly1305,128,1177,40400
chacha20-poly1305,128,1178,32600
chacha20-poly1305,128,1179,31300
chacha20-poly1305,128,1180,30900
chacha20-poly1305,128,1181,30200
chacha20-poly1305,128,1182,39500
chacha20-poly1305,128,1183,54600
chacha20-poly1305,128,1184,96100
chacha20-poly1305,128,1185,62200
chacha20-poly1305,128,1186,34100
chacha20-poly1305,128,1187,93500
chacha20-poly1305,128,1188,107700
chacha20-poly1305,128,1189,106500
chacha20-poly1305,128,1190,105500
chacha20-poly1305,128,1191,59700
chacha20-poly1305,128,1192,34500
chacha20-poly1305,128,1193,30900
chacha20-poly1305,128,1194,31000
chacha20-poly1305,128,1195,30700
chacha20-poly1305,128,1196,30500
chacha20-poly1305,128,1197,30600
chacha20-poly1305,128,1198,33000
chacha20-poly1305,128,1199,30300
chacha20-poly1305,128,1200,31100
chacha20-poly1305,128,1201,31000
chacha20-poly1305,128,1202,30700
chacha20-poly1305,128,1203,30300
chacha20-poly1305,128,1204,30600
chacha20-poly1305,128,1205,30100
chacha20-poly1305,128,1206,30200
chacha20-poly1305,128,1207,31000
chacha20-poly1305,128,1208,30000
chacha20-poly1305,128,1209,30700
chacha20-poly1305,128,1210,54600
chacha20-poly1305,128,1211,88500
chacha20-poly1305,128,1212,46300
chacha20-poly1305,128,1213,89500
chacha20-poly1305,128,1214,84800
chacha20-poly1305,128,1215,37100
chacha20-poly1305,128,1216,31900
chacha20-poly1305,128,1217,32400
chacha20-poly1305,128,1218,86500
chacha20-poly1305,128,1219,97200
chacha20-poly1305,128,1220,87800
chacha20-poly1305,128,1221,54100
chacha20-poly1305,128,1222,67400
chacha20-poly1305,128,1223,49300
chacha20-poly1305,128,1224,35700
chacha20-poly1305,128,1225,52800
chacha20-poly1305,128,1226,101100
chacha20-poly1305,128,1227,107400
chacha20-poly1305,128,1228,104100
chacha20-poly1305,128,1229,102200
chacha20-poly1305,128,1230,60100
chacha20-poly1305,128,1231,34400
chacha20-poly1305,128,1232,31300
chacha20-poly1305,128,1233,30900
chacha20-poly1305,128,1234,65300
chacha20-poly1305,128,1235,40300
chacha20-poly1305,128,1236,33300
chacha20-poly1305,128,1237,30900
chacha20-poly1305,128,1238,55800
chacha20-poly1305,128,1239,85800
chacha20-poly1305,128,1240,41100
chacha20-poly1305,128,1241,31400
chacha20-poly1305,128,1242,32800
chacha20-poly1305,128,1243,31200
chacha20-poly1305,128,1244,51900
chacha20-poly1305,128,1245,93000
chacha20-poly1305,128,1246,54900
chacha20-poly1305,128,1247,104800
chacha20-poly1305,128,1248,55000
chacha20-poly1305,128,1249,34100
chacha20-poly1305,128,1250,30700
chacha20-poly1305,128,1251,30600
chacha20-poly1305,128,1252,30800
chacha20-poly1305,128,1253,29900
chacha20-poly1305,128,1254,105200
chacha20-poly1305,128,1255,167000
chacha20-poly1305,128,1256,109700
chacha20-poly1305,128,1257,116800
chacha20-poly1305,128,1258,108900
chacha20-poly1305,128,1259,77000
chacha20-poly1305,128,1260,73600
chacha20-poly1305,128,1261,92500
chacha20-poly1305,128,1262,57200
chacha20-poly1305,128,1263,41100
chacha20-poly1305,128,1264,32400
chacha20-poly1305,128,1265,49000
chacha20-poly1305,128,1266,47700
chacha20-poly1305,128,1267,32800
chacha20-poly1305,128,1268,66200
chacha20-poly1305,128,1269,61200
chacha20-poly1305,128,1270,86400
chacha20-poly1305,128,1271,39200
chacha20-poly1305,128,1272,50500
chacha20-poly1305,128,1273,105400
chacha20-poly1305,128,1274,61500
chacha20-poly1305,128,1275,55700
chacha20-poly1305,128,1276,49300
chacha20-poly1305,128,1277,32700
chacha20-poly1305,128,1278,31600
chacha20-poly1305,128,1279,31400
chacha20-poly1305,128,1280,31100
chacha20-poly1305,128,1281,31900
chacha20-poly1305,128,1282,30900
chacha20-poly1305,128,1283,85500
chacha20-poly1305,128,1284,58200
chacha20-poly1305,128,1285,34300
chacha20-poly1305,128,1286,33300
chacha20-poly1305,128,1287,31300
chacha20-poly1305,128,1288,30800
chacha20-poly1305,128,1289,30600
chacha20-poly1305,128,1290,30900
chacha20-poly1305,128,1291,30400
chacha20-poly1305,128,1292,31100
chacha20-poly1305,128,1293,30300
chacha20-poly1305,128,1294,30600
chacha20-poly1305,128,1295,30500
chacha20-poly1305,128,1296,30200
chacha20-poly1305,128,1297,30800
chacha20-poly1305,128,1298,29800
chacha20-poly1305,128,1299,30900
chacha20-poly1305,128,1300,30300
chacha20-poly1305,128,1301,84200
chacha20-poly1305,128,1302,56400
chacha20-poly1305,128,1303,72000
chacha20-poly1305,128,1304,38200
chacha20-poly1305,128,1305,31900
chacha20-poly1305,128,1306,31500
chacha20-poly1305,128,1307,30700
chacha20-poly1305,128,1308,30800
chacha20-poly1305,128,1309,67700
chacha20-poly1305,128,1310,60700
chacha20-poly1305,128,1311,48900
chacha20-poly1305,128,1312,32300
chacha20-poly1305,128,1313,30300
chacha20-poly1305,128,1314,30400
chacha20-poly1305,128,1315,30800
chacha20-poly1305,128,1316,30100
chacha20-poly1305,128,1317,84700
chacha20-poly1305,128,1318,103000
chacha20-poly1305,128,1319,58500
chacha20-poly1305,128,1320,56200
chacha20-poly1305,128,1321,50300
chacha20-poly1305,128,1322,90600
chacha20-poly1305,128,1323,97300
chacha20-poly1305,128,1324,84900
chacha20-poly1305,128,1325,42300
chacha20-poly1305,128,1326,33600
chacha20-poly1305,128,1327,31300
chacha20-poly1305,128,1328,31200
chacha20-poly1305,128,1329,38100
chacha20-poly1305,128,1330,55800
chacha20-poly1305,128,1331,83300
chacha20-poly1305,128,1332,41000
chacha20-poly1305,128,1333,32800
chacha20-poly1305,128,1334,30400
chacha20-poly1305,128,1335,32600
chacha20-poly1305,128,1336,31100
chacha20-poly1305,128,1337,52900
chacha20-poly1305,128,1338,92200
chacha20-poly1305,128,1339,66500
chacha20-poly1305,128,1340,88700
chacha20-poly1305,128,1341,96900
chacha20-poly1305,128,1342,91000
chacha20-poly1305,128,1343,39000
chacha20-poly1305,128,1344,53300
chacha20-poly1305,128,1345,100300
chacha20-poly1305,128,1346,57200
chacha20-poly1305,128,1347,34400
chacha20-poly1305,128,1348,31300
chacha20-poly1305,128,1349,30400
chacha20-poly1305,128,1350,33000
chacha20-poly1305,128,1351,30900
chacha20-poly1305,128,1352,37100
chacha20-poly1305,128,1353,31700
chacha20-poly1305,128,1354,32900
chacha20-poly1305,128,1355,30900
chacha20-poly1305,128,1356,33300
chacha20-poly1305,128,1357,35000
chacha20-poly1305,128,1358,84100
chacha20-poly1305,128,1359,78700
chacha20-poly1305,128,1360,56600
chacha20-poly1305,128,1361,66100
chacha20-poly1305,128,1362,36300
chacha20-poly1305,128,1363,31200
chacha20-poly1305,128,1364,30700
chacha20-poly1305,128,1365,30900
chacha20-poly1305,128,1366,30700
chacha20-poly1305,128,1367,47300
chacha20-poly1305,128,1368,99800
chacha20-poly1305,128,1369,104900
chacha20-poly1305,128,1370,102900
chacha20-poly1305,128,1371,156400
chacha20-poly1305,128,1372,91700
chacha20-poly1305,128,1373,90300
chacha20-poly1305,128,1374,85500
chacha20-poly1305,128,1375,60800
chacha20-poly1305,128,1376,56200
chacha20-poly1305,128,1377,34700
chacha20-poly1305,128,1378,31600
chacha20-poly1305,128,1379,31400
chacha20-poly1305,128,1380,86800
chacha20-poly1305,128,1381,97300
chacha20-poly1305,128,1382,89500
chacha20-poly1305,128,1383,40000
chacha20-poly1305,128,1384,32100
chacha20-poly1305,128,1385,30800
chacha20-poly1305,128,1386,54100
chacha20-poly1305,128,1387,109200
chacha20-poly1305,128,1388,56800
chacha20-poly1305,128,1389,43800
chacha20-poly1305,128,1390,87200
chacha20-poly1305,128,1391,84100
chacha20-poly1305,128,1392,37900
chacha20-poly1305,128,1393,33000
chacha20-poly1305,128,1394,30600
chacha20-poly1305,128,1395,30700
chacha20-poly1305,128,1396,30600
chacha20-poly1305,128,1397,30000
chacha20-poly1305,128,1398,50300
chacha20-poly1305,128,1399,68000
chacha20-poly1305,128,1400,46600
chacha20-poly1305,128,1401,34500
chacha20-poly1305,128,1402,32100
chacha20-poly1305,128,1403,30600
chacha20-poly1305,128,1404,30500
chacha20-poly1305,128,1405,30600
chacha20-poly1305,128,1406,29800
chacha20-poly1305,128,1407,84200
chacha20-poly1305,128,1408,106600
chacha20-poly1305,128,1409,56600
chacha20-poly1305,128,1410,39000
chacha20-poly1305,128,1411,53000
chacha20-poly1305,128,1412,48400
chacha20-poly1305,128,1413,67800
chacha20-poly1305,128,1414,35500
chacha20-poly1305,128,1415,30800
chacha20-poly1305,128,1416,31100
chacha20-poly1305,128,1417,57200
chacha20-poly1305,128,1418,84800
chacha20-poly1305,128,1419,40700
chacha20-poly1305,128,1420,33000
chacha20-poly1305,128,1421,30500
chacha20-poly1305,128,1422,30500
chacha20-poly1305,128,1423,31400
chacha20-poly1305,128,1424,30200
chacha20-poly1305,128,1425,30800
chacha20-poly1305,128,1426,30400
chacha20-poly1305,128,1427,30600
chacha20-poly1305,128,1428,30400
chacha20-poly1305,128,1429,35800
chacha20-poly1305,128,1430,31300
chacha20-poly1305,128,1431,52300
chacha20-poly1305,128,1432,101800
chacha20-poly1305,128,1433,84300
chacha20-poly1305,128,1434,63400
chacha20-poly1305,128,1435,86800
chacha20-poly1305,128,1436,39300
chacha20-poly1305,128,1437,32300
chacha20-poly1305,128,1438,30900
chacha20-poly1305,128,1439,31100
chacha20-poly1305,128,1440,30800
chacha20-poly1305,128,1441,52400
chacha20-poly1305,128,1442,68700
chacha20-poly1305,128,1443,104600
chacha20-poly1305,128,1444,58700
chacha20-poly1305,128,1445,33900
chacha20-poly1305,128,1446,31100
chacha20-poly1305,128,1447,31400
chacha20-poly1305,128,1448,65900
chacha20-poly1305,128,1449,41100
chacha20-poly1305,128,1450,85400
chacha20-poly1305,128,1451,96600
chacha20-poly1305,128,1452,105600
chacha20-poly1305,128,1453,76200
chacha20-poly1305,128,1454,57300
chacha20-poly1305,128,1455,34000
chacha20-poly1305,128,1456,31800
chacha20-poly1305,128,1457,31200
chacha20-poly1305,128,1458,30600
chacha20-poly1305,128,1459,34800
chacha20-poly1305,128,1460,54600
chacha20-poly1305,128,1461,56100
chacha20-poly1305,128,1462,34300
chacha20-poly1305,128,1463,31200
chacha20-poly1305,128,1464,31000
chacha20-poly1305,128,1465,30700
chacha20-poly1305,128,1466,31800
chacha20-poly1305,128,1467,32100
chacha20-poly1305,128,1468,86300
chacha20-poly1305,128,1469,99600
chacha20-poly1305,128,1470,105500
chacha20-poly1305,128,1471,73400
chacha20-poly1305,128,1472,56700
chacha20-poly1305,128,1473,33600
chacha20-poly1305,128,1474,31500
chacha20-poly1305,128,1475,30500
chacha20-poly1305,128,1476,30600
chacha20-poly1305,128,1477,31100
chacha20-poly1305,128,1478,32600
chacha20-poly1305,128,1479,30800
chacha20-poly1305,128,1480,30600
chacha20-poly1305,128,1481,31100
chacha20-poly1305,128,1482,30500
chacha20-poly1305,128,1483,30600
chacha20-poly1305,128,1484,30100
chacha20-poly1305,128,1485,30500
chacha20-poly1305,128,1486,30600
chacha20-poly1305,128,1487,30400
chacha20-poly1305,128,1488,30700
chacha20-poly1305,128,1489,30500
chacha20-poly1305,128,1490,30500
chacha20-poly1305,128,1491,87400
chacha20-poly1305,128,1492,62000
chacha20-poly1305,128,1493,87400
chacha20-poly1305,128,1494,86600
chacha20-poly1305,128,1495,40200
chacha20-poly1305,128,1496,31400
chacha20-poly1305,128,1497,31200
chacha20-poly1305,128,1498,36700
chacha20-poly1305,128,1499,33300
chacha20-poly1305,128,1500,30800
chacha20-poly1305,128,1501,31100
chacha20-poly1305,128,1502,32500
chacha20-poly1305,128,1503,32300
chacha20-poly1305,128,1504,52900
chacha20-poly1305,128,1505,85200
chacha20-poly1305,128,1506,41800
chacha20-poly1305,128,1507,32300
chacha20-poly1305,128,1508,30600
chacha20-poly1305,128,1509,30700
chacha20-poly1305,128,1510,31200
chacha20-poly1305,128,1511,47000
chacha20-poly1305,128,1512,101700
chacha20-poly1305,128,1513,89100
chacha20-poly1305,128,1514,38300
chacha20-poly1305,128,1515,32300
chacha20-poly1305,128,1516,33700
chacha20-poly1305,128,1517,31100
chacha20-poly1305,128,1518,30400
chacha20-poly1305,128,1519,31000
chacha20-poly1305,128,1520,30400
chacha20-poly1305,128,1521,30500
chacha20-poly1305,128,1522,30900
chacha20-poly1305,128,1523,30500
chacha20-poly1305,128,1524,30700
chacha20-poly1305,128,1525,30500
chacha20-poly1305,128,1526,30300
chacha20-poly1305,128,1527,30500
chacha20-poly1305,128,1528,55800
chacha20-poly1305,128,1529,98700
chacha20-poly1305,128,1530,58500
chacha20-poly1305,128,1531,34400
chacha20-poly1305,128,1532,30800
chacha20-poly1305,128,1533,31300
chacha20-poly1305,128,1534,31200
chacha20-poly1305,128,1535,84000
chacha20-poly1305,128,1536,103600
chacha20-poly1305,128,1537,103300
chacha20-poly1305,128,1538,55000
chacha20-poly1305,128,1539,71400
chacha20-poly1305,128,1540,91200
chacha20-poly1305,128,1541,103900
chacha20-poly1305,128,1542,74900
chacha20-poly1305,128,1543,57500
chacha20-poly1305,128,1544,85500
chacha20-poly1305,128,1545,88100
chacha20-poly1305,128,1546,101200
chacha20-poly1305,128,1547,106100
chacha20-poly1305,128,1548,62600
chacha20-poly1305,128,1549,36900
chacha20-poly1305,128,1550,32200
chacha20-poly1305,128,1551,31600
chacha20-poly1305,128,1552,69900
chacha20-poly1305,128,1553,52400
chacha20-poly1305,128,1554,84100
chacha20-poly1305,128,1555,63800
chacha20-poly1305,128,1556,49300
chacha20-poly1305,128,1557,213500
chacha20-poly1305,128,1558,68700
chacha20-poly1305,128,1559,37700
chacha20-poly1305,128,1560,124900
chacha20-poly1305,128,1561,66400
chacha20-poly1305,128,1562,97500
chacha20-poly1305,128,1563,61500
chacha20-poly1305,128,1564,105400
chacha20-poly1305,128,1565,57400
chacha20-poly1305,128,1566,34300
chacha20-poly1305,128,1567,32200
chacha20-poly1305,128,1568,54400
chacha20-poly1305,128,1569,49100
chacha20-poly1305,128,1570,94400
chacha20-poly1305,128,1571,89500
chacha20-poly1305,128,1572,40600
chacha20-poly1305,128,1573,32100
chacha20-poly1305,128,1574,31600
chacha20-poly1305,128,1575,30800
chacha20-poly1305,128,1576,31000
chacha20-poly1305,128,1577,81700
chacha20-poly1305,128,1578,108100
chacha20-poly1305,128,1579,103200
chacha20-poly1305,128,1580,78700
chacha20-poly1305,128,1581,100900
chacha20-poly1305,128,1582,59200
chacha20-poly1305,128,1583,37400
chacha20-poly1305,128,1584,90300
chacha20-poly1305,128,1585,87000
chacha20-poly1305,128,1586,39300
chacha20-poly1305,128,1587,32400
chacha20-poly1305,128,1588,30900
chacha20-poly1305,128,1589,31100
chacha20-poly1305,128,1590,84200
chacha20-poly1305,128,1591,83700
chacha20-poly1305,128,1592,39800
chacha20-poly1305,128,1593,32200
chacha20-poly1305,128,1594,31800
chacha20-poly1305,128,1595,30300
chacha20-poly1305,128,1596,53700
chacha20-poly1305,128,1597,102600
chacha20-poly1305,128,1598,55200
chacha20-poly1305,128,1599,70700
chacha20-poly1305,128,1600,68000
chacha20-poly1305,128,1601,39900
chacha20-poly1305,128,1602,56400
chacha20-poly1305,128,1603,86300
chacha20-poly1305,128,1604,39300
chacha20-poly1305,128,1605,35100
chacha20-poly1305,128,1606,30500
chacha20-poly1305,128,1607,31200
chacha20-poly1305,128,1608,30300
chacha20-poly1305,128,1609,30800
chacha20-poly1305,128,1610,30000
chacha20-poly1305,128,1611,30800
chacha20-poly1305,128,1612,32700
chacha20-poly1305,128,1613,30600
chacha20-poly1305,128,1614,52700
chacha20-poly1305,128,1615,56500
chacha20-poly1305,128,1616,56900
chacha20-poly1305,128,1617,50100
chacha20-poly1305,128,1618,90800
chacha20-poly1305,128,1619,96300
chacha20-poly1305,128,1620,104100
chacha20-poly1305,128,1621,63200
chacha20-poly1305,128,1622,34300
chacha20-poly1305,128,1623,55300
chacha20-poly1305,128,1624,47600
chacha20-poly1305,128,1625,35500
chacha20-poly1305,128,1626,31300
chacha20-poly1305,128,1627,31300
chacha20-poly1305,128,1628,30200
chacha20-poly1305,128,1629,31300
chacha20-poly1305,128,1630,30800
chacha20-poly1305,128,1631,30100
chacha20-poly1305,128,1632,80900
chacha20-poly1305,128,1633,107000
chacha20-poly1305,128,1634,100100
chacha20-poly1305,128,1635,86900
chacha20-poly1305,128,1636,57900
chacha20-poly1305,128,1637,66900
chacha20-poly1305,128,1638,101100
chacha20-poly1305,128,1639,58700
chacha20-poly1305,128,1640,33500
chacha20-poly1305,128,1641,54600
chacha20-poly1305,128,1642,48000
chacha20-poly1305,128,1643,32500
chacha20-poly1305,128,1644,33400
chacha20-poly1305,128,1645,31100
chacha20-poly1305,128,1646,30500
chacha20-poly1305,128,1647,30800
chacha20-poly1305,128,1648,31600
chacha20-poly1305,128,1649,31400
chacha20-poly1305,128,1650,95200
chacha20-poly1305,128,1651,100300
chacha20-poly1305,128,1652,101500
chacha20-poly1305,128,1653,87000
chacha20-poly1305,128,1654,88100
chacha20-poly1305,128,1655,58500
chacha20-poly1305,128,1656,33700
chacha20-poly1305,128,1657,63900
chacha20-poly1305,128,1658,40000
chacha20-poly1305,128,1659,33600
chacha20-poly1305,128,1660,55400
chacha20-poly1305,128,1661,84600
chacha20-poly1305,128,1662,41300
chacha20-poly1305,128,1663,32500
chacha20-poly1305,128,1664,30300
chacha20-poly1305,128,1665,46900
chacha20-poly1305,128,1666,100200
chacha20-poly1305,128,1667,88500
chacha20-poly1305,128,1668,58700
chacha20-poly1305,128,1669,91000
chacha20-poly1305,128,1670,54500
chacha20-poly1305,128,1671,68400
chacha20-poly1305,128,1672,58000
chacha20-poly1305,128,1673,33100
chacha20-poly1305,128,1674,37100
chacha20-poly1305,128,1675,33800
chacha20-poly1305,128,1676,32000
chacha20-poly1305,128,1677,47400
chacha20-poly1305,128,1678,46800
chacha20-poly1305,128,1679,35500
chacha20-poly1305,128,1680,31800
chacha20-poly1305,128,1681,30800
chacha20-poly1305,128,1682,30800
chacha20-poly1305,128,1683,30400
chacha20-poly1305,128,1684,30600
chacha20-poly1305,128,1685,30800
chacha20-poly1305,128,1686,54500
chacha20-poly1305,128,1687,51000
chacha20-poly1305,128,1688,70600
chacha20-poly1305,128,1689,34000
chacha20-poly1305,128,1690,31100
chacha20-poly1305,128,1691,87300
chacha20-poly1305,128,1692,55700
chacha20-poly1305,128,1693,33600
chacha20-poly1305,128,1694,30500
chacha20-poly1305,128,1695,31200
chacha20-poly1305,128,1696,65000
chacha20-poly1305,128,1697,39800
chacha20-poly1305,128,1698,32600
chacha20-poly1305,128,1699,31500
chacha20-poly1305,128,1700,54700
chacha20-poly1305,128,1701,85500
chacha20-poly1305,128,1702,40600
chacha20-poly1305,128,1703,31600
chacha20-poly1305,128,1704,31700
chacha20-poly1305,128,1705,31400
chacha20-poly1305,128,1706,30300
chacha20-poly1305,128,1707,47400
chacha20-poly1305,128,1708,108800
chacha20-poly1305,128,1709,60500
chacha20-poly1305,128,1710,43600
chacha20-poly1305,128,1711,86700
chacha20-poly1305,128,1712,56000
chacha20-poly1305,128,1713,67000
chacha20-poly1305,128,1714,60900
chacha20-poly1305,128,1715,97700
chacha20-poly1305,128,1716,62500
chacha20-poly1305,128,1717,88200
chacha20-poly1305,128,1718,57000
chacha20-poly1305,128,1719,34000
chacha20-poly1305,128,1720,31700
chacha20-poly1305,128,1721,30500
chacha20-poly1305,128,1722,31400
chacha20-poly1305,128,1723,30300
chacha20-poly1305,128,1724,32400
chacha20-poly1305,128,1725,32000
chacha20-poly1305,128,1726,33700
chacha20-poly1305,128,1727,64500
chacha20-poly1305,128,1728,40700
chacha20-poly1305,128,1729,33000
chacha20-poly1305,128,1730,51900
chacha20-poly1305,128,1731,106600
chacha20-poly1305,128,1732,53200
chacha20-poly1305,128,1733,54300
chacha20-poly1305,128,1734,84200
chacha20-poly1305,128,1735,59100
chacha20-poly1305,128,1736,54800
chacha20-poly1305,128,1737,34000
chacha20-poly1305,128,1738,31600
chacha20-poly1305,128,1739,30900
chacha20-poly1305,128,1740,30900
chacha20-poly1305,128,1741,30700
chacha20-poly1305,128,1742,30500
chacha20-poly1305,128,1743,30300
chacha20-poly1305,128,1744,30500
chacha20-poly1305,128,1745,30100
chacha20-poly1305,128,1746,30700
chacha20-poly1305,128,1747,30900
chacha20-poly1305,128,1748,135600
chacha20-poly1305,128,1749,93700
chacha20-poly1305,128,1750,40000
chacha20-poly1305,128,1751,31900
chacha20-poly1305,128,1752,31300
chacha20-poly1305,128,1753,35000
chacha20-poly1305,128,1754,31300
chacha20-poly1305,128,1755,67600
chacha20-poly1305,128,1756,41800
chacha20-poly1305,128,1757,31800
chacha20-poly1305,128,1758,30900
chacha20-poly1305,128,1759,30800
chacha20-poly1305,128,1760,30600
chacha20-poly1305,128,1761,30500
chacha20-poly1305,128,1762,30800
chacha20-poly1305,128,1763,30100
chacha20-poly1305,128,1764,30600
chacha20-poly1305,128,1765,31400
chacha20-poly1305,128,1766,30000
chacha20-poly1305,128,1767,30600
chacha20-poly1305,128,1768,30500
chacha20-poly1305,128,1769,30300
chacha20-poly1305,128,1770,30500
chacha20-poly1305,128,1771,32700
chacha20-poly1305,128,1772,47800
chacha20-poly1305,128,1773,102700
chacha20-poly1305,128,1774,59900
chacha20-poly1305,128,1775,89100
chacha20-poly1305,128,1776,59900
chacha20-poly1305,128,1777,33800
chacha20-poly1305,128,1778,31900
chacha20-poly1305,128,1779,50100
chacha20-poly1305,128,1780,47800
chacha20-poly1305,128,1781,83800
chacha20-poly1305,128,1782,101100
chacha20-poly1305,128,1783,54600
chacha20-poly1305,128,1784,32600
chacha20-poly1305,128,1785,31500
chacha20-poly1305,128,1786,30400
chacha20-poly1305,128,1787,30400
chacha20-poly1305,128,1788,30300
chacha20-poly1305,128,1789,31200
chacha20-poly1305,128,1790,48900
chacha20-poly1305,128,1791,113600
chacha20-poly1305,128,1792,65700
chacha20-poly1305,128,1793,35600
chacha20-poly1305,128,1794,35200
chacha20-poly1305,128,1795,31200
chacha20-poly1305,128,1796,54400
chacha20-poly1305,128,1797,90700
chacha20-poly1305,128,1798,59800
chacha20-poly1305,128,1799,105900
chacha20-poly1305,128,1800,59000
chacha20-poly1305,128,1801,34100
chacha20-poly1305,128,1802,31500
chacha20-poly1305,128,1803,86300
chacha20-poly1305,128,1804,85000
chacha20-poly1305,128,1805,40800
chacha20-poly1305,128,1806,32500
chacha20-poly1305,128,1807,39800
chacha20-poly1305,128,1808,87900
chacha20-poly1305,128,1809,61500
chacha20-poly1305,128,1810,35300
chacha20-poly1305,128,1811,37400
chacha20-poly1305,128,1812,52600
chacha20-poly1305,128,1813,105100
chacha20-poly1305,128,1814,102700
chacha20-poly1305,128,1815,59400
chacha20-poly1305,128,1816,33600
chacha20-poly1305,128,1817,84200
chacha20-poly1305,128,1818,83600
chacha20-poly1305,128,1819,41300
chacha20-poly1305,128,1820,31900
chacha20-poly1305,128,1821,30900
chacha20-poly1305,128,1822,30900
chacha20-poly1305,128,1823,31000
chacha20-poly1305,128,1824,30600
chacha20-poly1305,128,1825,30600
chacha20-poly1305,128,1826,29900
chacha20-poly1305,128,1827,30300
chacha20-poly1305,128,1828,30300
chacha20-poly1305,128,1829,30400
chacha20-poly1305,128,1830,39100
chacha20-poly1305,128,1831,50800
chacha20-poly1305,128,1832,86800
chacha20-poly1305,128,1833,58800
chacha20-poly1305,128,1834,57100
chacha20-poly1305,128,1835,35700
chacha20-poly1305,128,1836,31600
chacha20-poly1305,128,1837,31300
chacha20-poly1305,128,1838,61600
chacha20-poly1305,128,1839,42000
chacha20-poly1305,128,1840,33000
chacha20-poly1305,128,1841,30500
chacha20-poly1305,128,1842,71500
chacha20-poly1305,128,1843,43100
chacha20-poly1305,128,1844,31800
chacha20-poly1305,128,1845,30300
chacha20-poly1305,128,1846,30500
chacha20-poly1305,128,1847,30400
chacha20-poly1305,128,1848,30400
chacha20-poly1305,128,1849,30200
chacha20-poly1305,128,1850,31600
chacha20-poly1305,128,1851,85900
chacha20-poly1305,128,1852,64500
chacha20-poly1305,128,1853,88200
chacha20-poly1305,128,1854,60500
chacha20-poly1305,128,1855,73700
chacha20-poly1305,128,1856,40700
chacha20-poly1305,128,1857,52400
chacha20-poly1305,128,1858,132200
chacha20-poly1305,128,1859,129600
chacha20-poly1305,128,1860,63500
chacha20-poly1305,128,1861,34200
chacha20-poly1305,128,1862,31500
chacha20-poly1305,128,1863,30500
chacha20-poly1305,128,1864,31200
chacha20-poly1305,128,1865,30200
chacha20-poly1305,128,1866,59700
chacha20-poly1305,128,1867,73200
chacha20-poly1305,128,1868,86500
chacha20-poly1305,128,1869,57200
chacha20-poly1305,128,1870,57800
chacha20-poly1305,128,1871,82300
chacha20-poly1305,128,1872,87900
chacha20-poly1305,128,1873,60500
chacha20-poly1305,128,1874,97800
chacha20-poly1305,128,1875,104000
chacha20-poly1305,128,1876,63500
chacha20-poly1305,128,1877,34200
chacha20-poly1305,128,1878,31300
chacha20-poly1305,128,1879,31400
chacha20-poly1305,128,1880,87600
chacha20-poly1305,128,1881,99900
chacha20-poly1305,128,1882,61700
chacha20-poly1305,128,1883,34300
chacha20-poly1305,128,1884,85200
chacha20-poly1305,128,1885,62700
chacha20-poly1305,128,1886,85300
chacha20-poly1305,128,1887,59500
chacha20-poly1305,128,1888,65100
chacha20-poly1305,128,1889,39700
chacha20-poly1305,128,1890,32800
chacha20-poly1305,128,1891,31600
chacha20-poly1305,128,1892,72300
chacha20-poly1305,128,1893,42900
chacha20-poly1305,128,1894,32300
chacha20-poly1305,128,1895,30700
chacha20-poly1305,128,1896,30800
chacha20-poly1305,128,1897,30700
chacha20-poly1305,128,1898,30600
chacha20-poly1305,128,1899,32700
chacha20-poly1305,128,1900,32100
chacha20-poly1305,128,1901,71400
chacha20-poly1305,128,1902,57100
chacha20-poly1305,128,1903,48000
chacha20-poly1305,128,1904,32000
chacha20-poly1305,128,1905,31300
chacha20-poly1305,128,1906,87000
chacha20-poly1305,128,1907,96700
chacha20-poly1305,128,1908,103000
chacha20-poly1305,128,1909,84200
chacha20-poly1305,128,1910,39400
chacha20-poly1305,128,1911,56900
chacha20-poly1305,128,1912,86600
chacha20-poly1305,128,1913,40000
chacha20-poly1305,128,1914,32900
chacha20-poly1305,128,1915,31200
chacha20-poly1305,128,1916,30100
chacha20-poly1305,128,1917,30800
chacha20-poly1305,128,1918,30900
chacha20-poly1305,128,1919,30600
chacha20-poly1305,128,1920,30500
chacha20-poly1305,128,1921,30100
chacha20-poly1305,128,1922,49900
chacha20-poly1305,128,1923,101600
chacha20-poly1305,128,1924,103700
chacha20-poly1305,128,1925,58800
chacha20-poly1305,128,1926,67800
chacha20-poly1305,128,1927,42000
chacha20-poly1305,128,1928,31800
chacha20-poly1305,128,1929,31600
chacha20-poly1305,128,1930,30700
chacha20-poly1305,128,1931,30400
chacha20-poly1305,128,1932,48000
chacha20-poly1305,128,1933,96800
chacha20-poly1305,128,1934,102200
chacha20-poly1305,128,1935,110000
chacha20-poly1305,128,1936,77500
chacha20-poly1305,128,1937,62000
chacha20-poly1305,128,1938,34300
chacha20-poly1305,128,1939,33500
chacha20-poly1305,128,1940,34000
chacha20-poly1305,128,1941,31800
chacha20-poly1305,128,1942,32000
chacha20-poly1305,128,1943,30200
chacha20-poly1305,128,1944,30500
chacha20-poly1305,128,1945,30700
chacha20-poly1305,128,1946,30400
chacha20-poly1305,128,1947,30800
chacha20-poly1305,128,1948,30700
chacha20-poly1305,128,1949,48200
chacha20-poly1305,128,1950,64200
chacha20-poly1305,128,1951,46800
chacha20-poly1305,128,1952,35100
chacha20-poly1305,128,1953,31500
chacha20-poly1305,128,1954,31100
chacha20-poly1305,128,1955,30300
chacha20-poly1305,128,1956,30900
chacha20-poly1305,128,1957,31300
chacha20-poly1305,128,1958,30200
chacha20-poly1305,128,1959,30300
chacha20-poly1305,128,1960,30600
chacha20-poly1305,128,1961,30100
chacha20-poly1305,128,1962,84900
chacha20-poly1305,128,1963,96900
chacha20-poly1305,128,1964,40700
chacha20-poly1305,128,1965,53500
chacha20-poly1305,128,1966,65800
chacha20-poly1305,128,1967,56200
chacha20-poly1305,128,1968,33300
chacha20-poly1305,128,1969,84000
chacha20-poly1305,128,1970,81000
chacha20-poly1305,128,1971,39800
chacha20-poly1305,128,1972,54200
chacha20-poly1305,128,1973,100200
chacha20-poly1305,128,1974,59500
chacha20-poly1305,128,1975,33500
chacha20-poly1305,128,1976,30700
chacha20-poly1305,128,1977,30900
chacha20-poly1305,128,1978,30700
chacha20-poly1305,128,1979,81500
chacha20-poly1305,128,1980,88800
chacha20-poly1305,128,1981,44500
chacha20-poly1305,128,1982,32200
chacha20-poly1305,128,1983,48800
chacha20-poly1305,128,1984,100600
chacha20-poly1305,128,1985,85700
chacha20-poly1305,128,1986,40500
chacha20-poly1305,128,1987,33000
chacha20-poly1305,128,1988,33200
chacha20-poly1305,128,1989,34500
chacha20-poly1305,128,1990,31100
chacha20-poly1305,128,1991,53800
chacha20-poly1305,128,1992,87800
chacha20-poly1305,128,1993,39000
chacha20-poly1305,128,1994,31900
chacha20-poly1305,128,1995,30900
chacha20-poly1305,128,1996,30800
chacha20-poly1305,128,1997,30800
chacha20-poly1305,128,1998,30700
chacha20-poly1305,128,1999,31900
chacha20-poly1305,512,0,32800
chacha20-poly1305,512,1,32200
chacha20-poly1305,512,2,31400
chacha20-poly1305,512,3,30900
chacha20-poly1305,512,4,31300
chacha20-poly1305,512,5,31200
chacha20-poly1305,512,6,64900
chacha20-poly1305,512,7,74100
chacha20-poly1305,512,8,89600
chacha20-poly1305,512,9,93300
chacha20-poly1305,512,10,60200
chacha20-poly1305,512,11,67500
chacha20-poly1305,512,12,41300
chacha20-poly1305,512,13,33800
chacha20-poly1305,512,14,32600
chacha20-poly1305,512,15,31700
chacha20-poly1305,512,16,31600
chacha20-poly1305,512,17,31000
chacha20-poly1305,512,18,31700
chacha20-poly1305,512,19,31200
chacha20-poly1305,512,20,31400
chacha20-poly1305,512,21,30900
chacha20-poly1305,512,22,31500
chacha20-poly1305,512,23,30800
chacha20-poly1305,512,24,31300
chacha20-poly1305,512,25,33200
chacha20-poly1305,512,26,33100
chacha20-poly1305,512,27,48200
chacha20-poly1305,512,28,102100
chacha20-poly1305,512,29,107500
chacha20-poly1305,512,30,106700
chacha20-poly1305,512,31,61300
chacha20-poly1305,512,32,34900
chacha20-poly1305,512,33,31900
chacha20-poly1305,512,34,31900
chacha20-poly1305,512,35,31100
chacha20-poly1305,512,36,31600
chacha20-poly1305,512,37,31600
chacha20-poly1305,512,38,31700
chacha20-poly1305,512,39,31800
chacha20-poly1305,512,40,31600
chacha20-poly1305,512,41,30800
chacha20-poly1305,512,42,31600
chacha20-poly1305,512,43,31400
chacha20-poly1305,512,44,31200
chacha20-poly1305,512,45,31400
chacha20-poly1305,512,46,31200
chacha20-poly1305,512,47,31200
chacha20-poly1305,512,48,31500
chacha20-poly1305,512,49,31700
chacha20-poly1305,512,50,51300
chacha20-poly1305,512,51,102600
chacha20-poly1305,512,52,109500
chacha20-poly1305,512,53,105500
chacha20-poly1305,512,54,45100
chacha20-poly1305,512,55,71900
chacha20-poly1305,512,56,66500
chacha20-poly1305,512,57,59100
chacha20-poly1305,512,58,74300
chacha20-poly1305,512,59,42200
chacha20-poly1305,512,60,51000
chacha20-poly1305,512,61,89000
chacha20-poly1305,512,62,73500
chacha20-poly1305,512,63,69800
chacha20-poly1305,512,64,63200
chacha20-poly1305,512,65,72600
chacha20-poly1305,512,66,105700
chacha20-poly1305,512,67,93100
chacha20-poly1305,512,68,42900
chacha20-poly1305,512,69,71200
chacha20-poly1305,512,70,44900
chacha20-poly1305,512,71,33100
chacha20-poly1305,512,72,33400
chacha20-poly1305,512,73,90300
chacha20-poly1305,512,74,61000
chacha20-poly1305,512,75,88100
chacha20-poly1305,512,76,87900
chacha20-poly1305,512,77,40600
chacha20-poly1305,512,78,32700
chacha20-poly1305,512,79,53300
chacha20-poly1305,512,80,105200
chacha20-poly1305,512,81,90800
chacha20-poly1305,512,82,96200
chacha20-poly1305,512,83,85100
chacha20-poly1305,512,84,60600
chacha20-poly1305,512,85,111100
chacha20-poly1305,512,86,84500
chacha20-poly1305,512,87,37600
chacha20-poly1305,512,88,33000
chacha20-poly1305,512,89,37100
chacha20-poly1305,512,90,37500
chacha20-poly1305,512,91,32400
chacha20-poly1305,512,92,32400
chacha20-poly1305,512,93,31400
chacha20-poly1305,512,94,91300
chacha20-poly1305,512,95,114100
chacha20-poly1305,512,96,94300
chacha20-poly1305,512,97,43900
chacha20-poly1305,512,98,90700
chacha20-poly1305,512,99,100500
chacha20-poly1305,512,100,106000
chacha20-poly1305,512,101,60400
chacha20-poly1305,512,102,35400
chacha20-poly1305,512,103,58900
chacha20-poly1305,512,104,59300
chacha20-poly1305,512,105,35000
chacha20-poly1305,512,106,33100
chacha20-poly1305,512,107,31900
chacha20-poly1305,512,108,31800
chacha20-poly1305,512,109,31500
chacha20-poly1305,512,110,31000
chacha20-poly1305,512,111,84400
chacha20-poly1305,512,112,83000
chacha20-poly1305,512,113,63100
chacha20-poly1305,512,114,58000
chacha20-poly1305,512,115,34200
chacha20-poly1305,512,116,31700
chacha20-poly1305,512,117,92700
chacha20-poly1305,512,118,85000
chacha20-poly1305,512,119,71300
chacha20-poly1305,512,120,41200
chacha20-poly1305,512,121,33600
chacha20-poly1305,512,122,32100
chacha20-poly1305,512,123,31400
chacha20-poly1305,512,124,31900
chacha20-poly1305,512,125,30800
chacha20-poly1305,512,126,31900
chacha20-poly1305,512,127,31400
chacha20-poly1305,512,128,31300
chacha20-poly1305,512,129,31700
chacha20-poly1305,512,130,31600
chacha20-poly1305,512,131,30700
chacha20-poly1305,512,132,40200
chacha20-poly1305,512,133,73300
chacha20-poly1305,512,134,59200
chacha20-poly1305,512,135,89500
chacha20-poly1305,512,136,92600
chacha20-poly1305,512,137,89000
chacha20-poly1305,512,138,77400
chacha20-poly1305,512,139,60000
chacha20-poly1305,512,140,109400
chacha20-poly1305,512,141,58900
chacha20-poly1305,512,142,36000
chacha20-poly1305,512,143,31800
chacha20-poly1305,512,144,32300
chacha20-poly1305,512,145,31400
chacha20-poly1305,512,146,31600
chacha20-poly1305,512,147,31400
chacha20-poly1305,512,148,32600
chacha20-poly1305,512,149,30900
chacha20-poly1305,512,150,34000
chacha20-poly1305,512,151,50600
chacha20-poly1305,512,152,58300
chacha20-poly1305,512,153,82500
chacha20-poly1305,512,154,43500
chacha20-poly1305,512,155,34900
chacha20-poly1305,512,156,51800
chacha20-poly1305,512,157,105700
chacha20-poly1305,512,158,103100
chacha20-poly1305,512,159,89900
chacha20-poly1305,512,160,42900
chacha20-poly1305,512,161,32800
chacha20-poly1305,512,162,74000
chacha20-poly1305,512,163,42600
chacha20-poly1305,512,164,33000
chacha20-poly1305,512,165,31800
chacha20-poly1305,512,166,32100
chacha20-poly1305,512,167,31200
chacha20-poly1305,512,168,33000
chacha20-poly1305,512,169,51000
chacha20-poly1305,512,170,101700
chacha20-poly1305,512,171,102300
chacha20-poly1305,512,172,93400
chacha20-poly1305,512,173,69600
chacha20-poly1305,512,174,41500
chacha20-poly1305,512,175,34400
chacha20-poly1305,512,176,32000
chacha20-poly1305,512,177,72700
chacha20-poly1305,512,178,42900
chacha20-poly1305,512,179,32300
chacha20-poly1305,512,180,57400
chacha20-poly1305,512,181,87400
chacha20-poly1305,512,182,42800
chacha20-poly1305,512,183,33200
chacha20-poly1305,512,184,32200
chacha20-poly1305,512,185,31000
chacha20-poly1305,512,186,31800
chacha20-poly1305,512,187,52100
chacha20-poly1305,512,188,110100
chacha20-poly1305,512,189,105000
chacha20-poly1305,512,190,108200
chacha20-poly1305,512,191,104400
chacha20-poly1305,512,192,87500
chacha20-poly1305,512,193,45200
chacha20-poly1305,512,194,33200
chacha20-poly1305,512,195,55200
chacha20-poly1305,512,196,100000
chacha20-poly1305,512,197,107200
chacha20-poly1305,512,198,105600
chacha20-poly1305,512,199,115200
chacha20-poly1305,512,200,104400
chacha20-poly1305,512,201,58500
chacha20-poly1305,512,202,60100
chacha20-poly1305,512,203,58400
chacha20-poly1305,512,204,34800
chacha20-poly1305,512,205,32400
chacha20-poly1305,512,206,31100
chacha20-poly1305,512,207,31700
chacha20-poly1305,512,208,31900
chacha20-poly1305,512,209,31200
chacha20-poly1305,512,210,32100
chacha20-poly1305,512,211,31600
chacha20-poly1305,512,212,31100
chacha20-poly1305,512,213,31000
chacha20-poly1305,512,214,31400
chacha20-poly1305,512,215,30700
chacha20-poly1305,512,216,31300
chacha20-poly1305,512,217,31400
chacha20-poly1305,512,218,32000
chacha20-poly1305,512,219,31300
chacha20-poly1305,512,220,31800
chacha20-poly1305,512,221,31600
chacha20-poly1305,512,222,32700
chacha20-poly1305,512,223,86200
chacha20-poly1305,512,224,98000
chacha20-poly1305,512,225,92500
chacha20-poly1305,512,226,40500
chacha20-poly1305,512,227,69800
chacha20-poly1305,512,228,34000
chacha20-poly1305,512,229,36400
chacha20-poly1305,512,230,34700
chacha20-poly1305,512,231,34200
chacha20-poly1305,512,232,49200
chacha20-poly1305,512,233,103600
chacha20-poly1305,512,234,89200
chacha20-poly1305,512,235,65300
chacha20-poly1305,512,236,88200
chacha20-poly1305,512,237,58400
chacha20-poly1305,512,238,103900
chacha20-poly1305,512,239,103900
chacha20-poly1305,512,240,62400
chacha20-poly1305,512,241,35700
chacha20-poly1305,512,242,68800
chacha20-poly1305,512,243,43500
chacha20-poly1305,512,244,33600
chacha20-poly1305,512,245,31900
chacha20-poly1305,512,246,47900
chacha20-poly1305,512,247,56300
chacha20-poly1305,512,248,34700
chacha20-poly1305,512,249,32200
chacha20-poly1305,512,250,91900
chacha20-poly1305,512,251,59500
chacha20-poly1305,512,252,36100
chacha20-poly1305,512,253,32200
chacha20-poly1305,512,254,32300
chacha20-poly1305,512,255,31600
chacha20-poly1305,512,256,82500
chacha20-poly1305,512,257,105500
chacha20-poly1305,512,258,61100
chacha20-poly1305,512,259,57300
chacha20-poly1305,512,260,89800
chacha20-poly1305,512,261,88300
chacha20-poly1305,512,262,62200
chacha20-poly1305,512,263,34300
chacha20-poly1305,512,264,66100
chacha20-poly1305,512,265,38300
chacha20-poly1305,512,266,32500
chacha20-poly1305,512,267,55200
chacha20-poly1305,512,268,89000
chacha20-poly1305,512,269,40800
chacha20-poly1305,512,270,33600
chacha20-poly1305,512,271,31400
chacha20-poly1305,512,272,31600
chacha20-poly1305,512,273,31200
chacha20-poly1305,512,274,36200
chacha20-poly1305,512,275,37100
chacha20-poly1305,512,276,48300
chacha20-poly1305,512,277,57500
chacha20-poly1305,512,278,73000
chacha20-poly1305,512,279,60100
chacha20-poly1305,512,280,101600
chacha20-poly1305,512,281,106200
chacha20-poly1305,512,282,105400
chacha20-poly1305,512,283,102100
chacha20-poly1305,512,284,102000
chacha20-poly1305,512,285,103500
chacha20-poly1305,512,286,94900
chacha20-poly1305,512,287,62200
chacha20-poly1305,512,288,106200
chacha20-poly1305,512,289,110400
chacha20-poly1305,512,290,94100
chacha20-poly1305,512,291,42400
chacha20-poly1305,512,292,34300
chacha20-poly1305,512,293,32200
chacha20-poly1305,512,294,74400
chacha20-poly1305,512,295,43900
chacha20-poly1305,512,296,33100
chacha20-poly1305,512,297,32100
chacha20-poly1305,512,298,31700
chacha20-poly1305,512,299,31400
chacha20-poly1305,512,300,31600
chacha20-poly1305,512,301,31600
chacha20-poly1305,512,302,31600
chacha20-poly1305,512,303,31000
chacha20-poly1305,512,304,31400
chacha20-poly1305,512,305,31000
chacha20-poly1305,512,306,32900
chacha20-poly1305,512,307,52200
chacha20-poly1305,512,308,98300
chacha20-poly1305,512,309,103700
chacha20-poly1305,512,310,77500
chacha20-poly1305,512,311,87000
chacha20-poly1305,512,312,75300
chacha20-poly1305,512,313,39900
chacha20-poly1305,512,314,67900
chacha20-poly1305,512,315,54700
chacha20-poly1305,512,316,59100
chacha20-poly1305,512,317,36100
chacha20-poly1305,512,318,32000
chacha20-poly1305,512,319,31800
chacha20-poly1305,512,320,31400
chacha20-poly1305,512,321,30900
chacha20-poly1305,512,322,32300
chacha20-poly1305,512,323,31600
chacha20-poly1305,512,324,93800
chacha20-poly1305,512,325,112000
chacha20-poly1305,512,326,109500
chacha20-poly1305,512,327,91200
chacha20-poly1305,512,328,68900
chacha20-poly1305,512,329,35100
chacha20-poly1305,512,330,32500
chacha20-poly1305,512,331,57600
chacha20-poly1305,512,332,59800
chacha20-poly1305,512,333,34600
chacha20-poly1305,512,334,32400
chacha20-poly1305,512,335,31700
chacha20-poly1305,512,336,30900
chacha20-poly1305,512,337,31400
chacha20-poly1305,512,338,30900
chacha20-poly1305,512,339,31200
chacha20-poly1305,512,340,31200
chacha20-poly1305,512,341,30600
chacha20-poly1305,512,342,31300
chacha20-poly1305,512,343,31400
chacha20-poly1305,512,344,81500
chacha20-poly1305,512,345,114500
chacha20-poly1305,512,346,107100
chacha20-poly1305,512,347,57600
chacha20-poly1305,512,348,53900
chacha20-poly1305,512,349,59700
chacha20-poly1305,512,350,34800
chacha20-poly1305,512,351,33700
chacha20-poly1305,512,352,33600
chacha20-poly1305,512,353,32000
chacha20-poly1305,512,354,32300
chacha20-poly1305,512,355,32000
chacha20-poly1305,512,356,54100
chacha20-poly1305,512,357,59600
chacha20-poly1305,512,358,34700
chacha20-poly1305,512,359,31400
chacha20-poly1305,512,360,32100
chacha20-poly1305,512,361,31100
chacha20-poly1305,512,362,31500
chacha20-poly1305,512,363,31000
chacha20-poly1305,512,364,31500
chacha20-poly1305,512,365,85200
chacha20-poly1305,512,366,110200
chacha20-poly1305,512,367,104800
chacha20-poly1305,512,368,102500
chacha20-poly1305,512,369,93100
chacha20-poly1305,512,370,41300
chacha20-poly1305,512,371,33100
chacha20-poly1305,512,372,32000
chacha20-poly1305,512,373,31700
chacha20-poly1305,512,374,31500
chacha20-poly1305,512,375,31400
chacha20-poly1305,512,376,31600
chacha20-poly1305,512,377,31000
chacha20-poly1305,512,378,32400
chacha20-poly1305,512,379,31300
chacha20-poly1305,512,380,31500
chacha20-poly1305,512,381,31100
chacha20-poly1305,512,382,31400
chacha20-poly1305,512,383,30900
chacha20-poly1305,512,384,52600
chacha20-poly1305,512,385,89600
chacha20-poly1305,512,386,41400
chacha20-poly1305,512,387,33200
chacha20-poly1305,512,388,31700
chacha20-poly1305,512,389,85000
chacha20-poly1305,512,390,105700
chacha20-poly1305,512,391,101500
chacha20-poly1305,512,392,90100
chacha20-poly1305,512,393,45300
chacha20-poly1305,512,394,33600
chacha20-poly1305,512,395,54900
chacha20-poly1305,512,396,88800
chacha20-poly1305,512,397,41500
chacha20-poly1305,512,398,33300
chacha20-poly1305,512,399,31800
chacha20-poly1305,512,400,32600
chacha20-poly1305,512,401,32600
chacha20-poly1305,512,402,32400
chacha20-poly1305,512,403,54400
chacha20-poly1305,512,404,94900
chacha20-poly1305,512,405,36900
chacha20-poly1305,512,406,33500
chacha20-poly1305,512,407,91200
chacha20-poly1305,512,408,55700
chacha20-poly1305,512,409,35700
chacha20-poly1305,512,410,31900
chacha20-poly1305,512,411,31400
chacha20-poly1305,512,412,32000
chacha20-poly1305,512,413,31500
chacha20-poly1305,512,414,31500
chacha20-poly1305,512,415,31900
chacha20-poly1305,512,416,31300
chacha20-poly1305,512,417,81600
chacha20-poly1305,512,418,86500
chacha20-poly1305,512,419,41000
chacha20-poly1305,512,420,33200
chacha20-poly1305,512,421,32100
chacha20-poly1305,512,422,31500
chacha20-poly1305,512,423,31600
chacha20-poly1305,512,424,56100
chacha20-poly1305,512,425,127500
chacha20-poly1305,512,426,74800
chacha20-poly1305,512,427,58800
chacha20-poly1305,512,428,86000
chacha20-poly1305,512,429,102800
chacha20-poly1305,512,430,90400
chacha20-poly1305,512,431,40800
chacha20-poly1305,512,432,34100
chacha20-poly1305,512,433,73000
chacha20-poly1305,512,434,43300
chacha20-poly1305,512,435,33400
chacha20-poly1305,512,436,32600
chacha20-poly1305,512,437,31300
chacha20-poly1305,512,438,31200
chacha20-poly1305,512,439,31500
chacha20-poly1305,512,440,32500
chacha20-poly1305,512,441,50100
chacha20-poly1305,512,442,103100
chacha20-poly1305,512,443,59300
chacha20-poly1305,512,444,90100
chacha20-poly1305,512,445,57800
chacha20-poly1305,512,446,67500
chacha20-poly1305,512,447,69900
chacha20-poly1305,512,448,43300
chacha20-poly1305,512,449,33000
chacha20-poly1305,512,450,62000
chacha20-poly1305,512,451,85700
chacha20-poly1305,512,452,42400
chacha20-poly1305,512,453,33000
chacha20-poly1305,512,454,32300
chacha20-poly1305,512,455,31300
chacha20-poly1305,512,456,31100
chacha20-poly1305,512,457,31800
chacha20-poly1305,512,458,31500
chacha20-poly1305,512,459,49000
chacha20-poly1305,512,460,101700
chacha20-poly1305,512,461,105200
chacha20-poly1305,512,462,104600
chacha20-poly1305,512,463,91800
chacha20-poly1305,512,464,40400
chacha20-poly1305,512,465,32600
chacha20-poly1305,512,466,32700
chacha20-poly1305,512,467,31400
chacha20-poly1305,512,468,31500
chacha20-poly1305,512,469,31300
chacha20-poly1305,512,470,49100
chacha20-poly1305,512,471,102000
chacha20-poly1305,512,472,91100
chacha20-poly1305,512,473,41600
chacha20-poly1305,512,474,33500
chacha20-poly1305,512,475,32800
chacha20-poly1305,512,476,31800
chacha20-poly1305,512,477,84200
chacha20-poly1305,512,478,58000
chacha20-poly1305,512,479,42700
chacha20-poly1305,512,480,36500
chacha20-poly1305,512,481,33100
chacha20-poly1305,512,482,56100
chacha20-poly1305,512,483,99800
chacha20-poly1305,512,484,77200
chacha20-poly1305,512,485,58300
chacha20-poly1305,512,486,35700
chacha20-poly1305,512,487,31900
chacha20-poly1305,512,488,31700
chacha20-poly1305,512,489,31900
chacha20-poly1305,512,490,32300
chacha20-poly1305,512,491,30900
chacha20-poly1305,512,492,31400
chacha20-poly1305,512,493,31500
chacha20-poly1305,512,494,30900
chacha20-poly1305,512,495,31900
chacha20-poly1305,512,496,31300
chacha20-poly1305,512,497,31300
chacha20-poly1305,512,498,31200
chacha20-poly1305,512,499,87100
chacha20-poly1305,512,500,92200
chacha20-poly1305,512,501,41500
chacha20-poly1305,512,502,33800
chacha20-poly1305,512,503,57400
chacha20-poly1305,512,504,100000
chacha20-poly1305,512,505,88400
chacha20-poly1305,512,506,59900
chacha20-poly1305,512,507,58200
chacha20-poly1305,512,508,35400
chacha20-poly1305,512,509,32900
chacha20-poly1305,512,510,69400
chacha20-poly1305,512,511,54400
chacha20-poly1305,512,512,58700
chacha20-poly1305,512,513,35000
chacha20-poly1305,512,514,32300
chacha20-poly1305,512,515,31800
chacha20-poly1305,512,516,81900
chacha20-poly1305,512,517,63000
chacha20-poly1305,512,518,35900
chacha20-poly1305,512,519,90900
chacha20-poly1305,512,520,103800
chacha20-poly1305,512,521,103600
chacha20-poly1305,512,522,62900
chacha20-poly1305,512,523,34900
chacha20-poly1305,512,524,32300
chacha20-poly1305,512,525,87600
chacha20-poly1305,512,526,103000
chacha20-poly1305,512,527,107600
chacha20-poly1305,512,528,60800
chacha20-poly1305,512,529,35500
chacha20-poly1305,512,530,86700
chacha20-poly1305,512,531,106200
chacha20-poly1305,512,532,103100
chacha20-poly1305,512,533,91300
chacha20-poly1305,512,534,60700
chacha20-poly1305,512,535,89100
chacha20-poly1305,512,536,41200
chacha20-poly1305,512,537,32800
chacha20-poly1305,512,538,31900
chacha20-poly1305,512,539,31300
chacha20-poly1305,512,540,31700
chacha20-poly1305,512,541,31600
chacha20-poly1305,512,542,31300
chacha20-poly1305,512,543,31100
chacha20-poly1305,512,544,31500
chacha20-poly1305,512,545,31200
chacha20-poly1305,512,546,31700
chacha20-poly1305,512,547,32500
chacha20-poly1305,512,548,31200
chacha20-poly1305,512,549,31400
chacha20-poly1305,512,550,31400
chacha20-poly1305,512,551,95500
chacha20-poly1305,512,552,90500
chacha20-poly1305,512,553,71900
chacha20-poly1305,512,554,60100
chacha20-poly1305,512,555,51100
chacha20-poly1305,512,556,65500
chacha20-poly1305,512,557,88400
chacha20-poly1305,512,558,86000
chacha20-poly1305,512,559,40300
chacha20-poly1305,512,560,33700
chacha20-poly1305,512,561,72600
chacha20-poly1305,512,562,44100
chacha20-poly1305,512,563,33500
chacha20-poly1305,512,564,31900
chacha20-poly1305,512,565,31600
chacha20-poly1305,512,566,31000
chacha20-poly1305,512,567,32000
chacha20-poly1305,512,568,85700
chacha20-poly1305,512,569,132100
chacha20-poly1305,512,570,61800
chacha20-poly1305,512,571,93100
chacha20-poly1305,512,572,89700
chacha20-poly1305,512,573,37600
chacha20-poly1305,512,574,33600
chacha20-poly1305,512,575,31400
chacha20-poly1305,512,576,32400
chacha20-poly1305,512,577,32400
chacha20-poly1305,512,578,31300
chacha20-poly1305,512,579,31200
chacha20-poly1305,512,580,31500
chacha20-poly1305,512,581,30800
chacha20-poly1305,512,582,31200
chacha20-poly1305,512,583,31400
chacha20-poly1305,512,584,31000
chacha20-poly1305,512,585,31300
chacha20-poly1305,512,586,31400
chacha20-poly1305,512,587,31300
chacha20-poly1305,512,588,31400
chacha20-poly1305,512,589,83800
chacha20-poly1305,512,590,107600
chacha20-poly1305,512,591,90000
chacha20-poly1305,512,592,63300
chacha20-poly1305,512,593,50400
chacha20-poly1305,512,594,67700
chacha20-poly1305,512,595,40800
chacha20-poly1305,512,596,96000
chacha20-poly1305,512,597,100200
chacha20-poly1305,512,598,104500
chacha20-poly1305,512,599,103800
chacha20-poly1305,512,600,90900
chacha20-poly1305,512,601,42800
chacha20-poly1305,512,602,91900
chacha20-poly1305,512,603,108800
chacha20-poly1305,512,604,103300
chacha20-poly1305,512,605,104300
chacha20-poly1305,512,606,61300
chacha20-poly1305,512,607,35800
chacha20-poly1305,512,608,32200
chacha20-poly1305,512,609,31900
chacha20-poly1305,512,610,32300
chacha20-poly1305,512,611,31100
chacha20-poly1305,512,612,31700
chacha20-poly1305,512,613,31200
chacha20-poly1305,512,614,31000
chacha20-poly1305,512,615,31100
chacha20-poly1305,512,616,31200
chacha20-poly1305,512,617,31000
chacha20-poly1305,512,618,31300
chacha20-poly1305,512,619,31400
chacha20-poly1305,512,620,30800
chacha20-poly1305,512,621,31400
chacha20-poly1305,512,622,84200
chacha20-poly1305,512,623,102400
chacha20-poly1305,512,624,123300
chacha20-poly1305,512,625,110600
chacha20-poly1305,512,626,75700
chacha20-poly1305,512,627,108800
chacha20-poly1305,512,628,88200
chacha20-poly1305,512,629,72400
chacha20-poly1305,512,630,44100
chacha20-poly1305,512,631,75100
chacha20-poly1305,512,632,75800
chacha20-poly1305,512,633,86400
chacha20-poly1305,512,634,93200
chacha20-poly1305,512,635,71900
chacha20-poly1305,512,636,86200
chacha20-poly1305,512,637,105700
chacha20-poly1305,512,638,71700
chacha20-poly1305,512,639,54400
chacha20-poly1305,512,640,36200
chacha20-poly1305,512,641,55800
chacha20-poly1305,512,642,59200
chacha20-poly1305,512,643,42500
chacha20-poly1305,512,644,82700
chacha20-poly1305,512,645,58500
chacha20-poly1305,512,646,35600
chacha20-poly1305,512,647,31800
chacha20-poly1305,512,648,32000
chacha20-poly1305,512,649,32500
chacha20-poly1305,512,650,33200
chacha20-poly1305,512,651,67800
chacha20-poly1305,512,652,91800
chacha20-poly1305,512,653,54300
chacha20-poly1305,512,654,33500
chacha20-poly1305,512,655,32100
chacha20-poly1305,512,656,31700
chacha20-poly1305,512,657,32000
chacha20-poly1305,512,658,91100
chacha20-poly1305,512,659,101400
chacha20-poly1305,512,660,111500
chacha20-poly1305,512,661,63000
chacha20-poly1305,512,662,63100
chacha20-poly1305,512,663,70200
chacha20-poly1305,512,664,61700
chacha20-poly1305,512,665,34900
chacha20-poly1305,512,666,92600
chacha20-poly1305,512,667,60600
chacha20-poly1305,512,668,92700
chacha20-poly1305,512,669,58800
chacha20-poly1305,512,670,57300
chacha20-poly1305,512,671,101400
chacha20-poly1305,512,672,76600
chacha20-poly1305,512,673,94300
chacha20-poly1305,512,674,45300
chacha20-poly1305,512,675,37700
chacha20-poly1305,512,676,33400
chacha20-poly1305,512,677,33400
chacha20-poly1305,512,678,32400
chacha20-poly1305,512,679,33700
chacha20-poly1305,512,680,32400
chacha20-poly1305,512,681,32100
chacha20-poly1305,512,682,32800
chacha20-poly1305,512,683,38100
chacha20-poly1305,512,684,88300
chacha20-poly1305,512,685,90000
chacha20-poly1305,512,686,95300
chacha20-poly1305,512,687,106200
chacha20-poly1305,512,688,61500
chacha20-poly1305,512,689,38200
chacha20-poly1305,512,690,35300
chacha20-poly1305,512,691,74300
chacha20-poly1305,512,692,70800
chacha20-poly1305,512,693,42800
chacha20-poly1305,512,694,67900
chacha20-poly1305,512,695,69900
chacha20-poly1305,512,696,42300
chacha20-poly1305,512,697,34300
chacha20-poly1305,512,698,81100
chacha20-poly1305,512,699,58400
chacha20-poly1305,512,700,45500
chacha20-poly1305,512,701,66800
chacha20-poly1305,512,702,41500
chacha20-poly1305,512,703,85800
chacha20-poly1305,512,704,76700
chacha20-poly1305,512,705,88800
chacha20-poly1305,512,706,41200
chacha20-poly1305,512,707,87400
chacha20-poly1305,512,708,100800
chacha20-poly1305,512,709,58600
chacha20-poly1305,512,710,36200
chacha20-poly1305,512,711,95900
chacha20-poly1305,512,712,92700
chacha20-poly1305,512,713,86100
chacha20-poly1305,512,714,93100
chacha20-poly1305,512,715,60500
chacha20-poly1305,512,716,113000
chacha20-poly1305,512,717,88800
chacha20-poly1305,512,718,42400
chacha20-poly1305,512,719,32700
chacha20-poly1305,512,720,32400
chacha20-poly1305,512,721,69000
chacha20-poly1305,512,722,42000
chacha20-poly1305,512,723,33300
chacha20-poly1305,512,724,33100
chacha20-poly1305,512,725,31700
chacha20-poly1305,512,726,32100
chacha20-poly1305,512,727,32100
chacha20-poly1305,512,728,32600
chacha20-poly1305,512,729,31800
chacha20-poly1305,512,730,32200
chacha20-poly1305,512,731,31600
chacha20-poly1305,512,732,32000
chacha20-poly1305,512,733,57500
chacha20-poly1305,512,734,104200
chacha20-poly1305,512,735,93500
chacha20-poly1305,512,736,38800
chacha20-poly1305,512,737,33300
chacha20-poly1305,512,738,32100
chacha20-poly1305,512,739,32100
chacha20-poly1305,512,740,31900
chacha20-poly1305,512,741,31900
chacha20-poly1305,512,742,32500
chacha20-poly1305,512,743,31100
chacha20-poly1305,512,744,31800
chacha20-poly1305,512,745,31600
chacha20-poly1305,512,746,31400
chacha20-poly1305,512,747,32000
chacha20-poly1305,512,748,31700
chacha20-poly1305,512,749,31600
chacha20-poly1305,512,750,31200
chacha20-poly1305,512,751,31700
chacha20-poly1305,512,752,31800
chacha20-poly1305,512,753,31500
chacha20-poly1305,512,754,31900
chacha20-poly1305,512,755,32000
chacha20-poly1305,512,756,31600
chacha20-poly1305,512,757,31800
chacha20-poly1305,512,758,31300
chacha20-poly1305,512,759,50600
chacha20-poly1305,512,760,105200
chacha20-poly1305,512,761,76300
chacha20-poly1305,512,762,106700
chacha20-poly1305,512,763,108000
chacha20-poly1305,512,764,88700
chacha20-poly1305,512,765,42200
chacha20-poly1305,512,766,33300
chacha20-poly1305,512,767,51700
chacha20-poly1305,512,768,91600
chacha20-poly1305,512,769,86100
chacha20-poly1305,512,770,61200
chacha20-poly1305,512,771,35200
chacha20-poly1305,512,772,33000
chacha20-poly1305,512,773,33300
chacha20-poly1305,512,774,74600
chacha20-poly1305,512,775,71800
chacha20-poly1305,512,776,66200
chacha20-poly1305,512,777,59500
chacha20-poly1305,512,778,103500
chacha20-poly1305,512,779,54500
chacha20-poly1305,512,780,36400
chacha20-poly1305,512,781,33400
chacha20-poly1305,512,782,32100
chacha20-poly1305,512,783,31900
chacha20-poly1305,512,784,31900
chacha20-poly1305,512,785,31400
chacha20-poly1305,512,786,31700
chacha20-poly1305,512,787,31900
chacha20-poly1305,512,788,31400
chacha20-poly1305,512,789,31500
chacha20-poly1305,512,790,31700
chacha20-poly1305,512,791,32900
chacha20-poly1305,512,792,32100
chacha20-poly1305,512,793,31000
chacha20-poly1305,512,794,31600
chacha20-poly1305,512,795,31600
chacha20-poly1305,512,796,32000
chacha20-poly1305,512,797,50200
chacha20-poly1305,512,798,105000
chacha20-poly1305,512,799,110900
chacha20-poly1305,512,800,94500
chacha20-poly1305,512,801,61000
chacha20-poly1305,512,802,93500
chacha20-poly1305,512,803,67600
chacha20-poly1305,512,804,40900
chacha20-poly1305,512,805,34400
chacha20-poly1305,512,806,32000
chacha20-poly1305,512,807,31800
chacha20-poly1305,512,808,32300
chacha20-poly1305,512,809,31200
chacha20-poly1305,512,810,32400
chacha20-poly1305,512,811,31500
chacha20-poly1305,512,812,74500
chacha20-poly1305,512,813,43000
chacha20-poly1305,512,814,34200
chacha20-poly1305,512,815,32900
chacha20-poly1305,512,816,51200
chacha20-poly1305,512,817,100900
chacha20-poly1305,512,818,65700
chacha20-poly1305,512,819,38400
chacha20-poly1305,512,820,36000
chacha20-poly1305,512,821,31900
chacha20-poly1305,512,822,52700
chacha20-poly1305,512,823,69700
chacha20-poly1305,512,824,55900
chacha20-poly1305,512,825,34900
chacha20-poly1305,512,826,32900
chacha20-poly1305,512,827,31500
chacha20-poly1305,512,828,31800
chacha20-poly1305,512,829,31700
chacha20-poly1305,512,830,31600
chacha20-poly1305,512,831,32400
chacha20-poly1305,512,832,32400
chacha20-poly1305,512,833,31300
chacha20-poly1305,512,834,31700
chacha20-poly1305,512,835,31600
chacha20-poly1305,512,836,31400
chacha20-poly1305,512,837,31800
chacha20-poly1305,512,838,31500
chacha20-poly1305,512,839,91600
chacha20-poly1305,512,840,95200
chacha20-poly1305,512,841,42000
chacha20-poly1305,512,842,71500
chacha20-poly1305,512,843,65100
chacha20-poly1305,512,844,95500
chacha20-poly1305,512,845,40900
chacha20-poly1305,512,846,34200
chacha20-poly1305,512,847,31900
chacha20-poly1305,512,848,31500
chacha20-poly1305,512,849,31700
chacha20-poly1305,512,850,31600
chacha20-poly1305,512,851,31000
chacha20-poly1305,512,852,31200
chacha20-poly1305,512,853,31400
chacha20-poly1305,512,854,31800
chacha20-poly1305,512,855,32000
chacha20-poly1305,512,856,31600
chacha20-poly1305,512,857,31600
chacha20-poly1305,512,858,31100
chacha20-poly1305,512,859,31200
chacha20-poly1305,512,860,31000
chacha20-poly1305,512,861,47500
chacha20-poly1305,512,862,107200
chacha20-poly1305,512,863,62300
chacha20-poly1305,512,864,90500
chacha20-poly1305,512,865,57800
chacha20-poly1305,512,866,54300
chacha20-poly1305,512,867,102300
chacha20-poly1305,512,868,66500
chacha20-poly1305,512,869,75000
chacha20-poly1305,512,870,61800
chacha20-poly1305,512,871,100300
chacha20-poly1305,512,872,91300
chacha20-poly1305,512,873,42700
chacha20-poly1305,512,874,34000
chacha20-poly1305,512,875,31900
chacha20-poly1305,512,876,52300
chacha20-poly1305,512,877,112100
chacha20-poly1305,512,878,73400
chacha20-poly1305,512,879,90500
chacha20-poly1305,512,880,42800
chacha20-poly1305,512,881,32800
chacha20-poly1305,512,882,33000
chacha20-poly1305,512,883,53300
chacha20-poly1305,512,884,88000
chacha20-poly1305,512,885,42100
chacha20-poly1305,512,886,33500
chacha20-poly1305,512,887,31500
chacha20-poly1305,512,888,31400
chacha20-poly1305,512,889,31500
chacha20-poly1305,512,890,31800
chacha20-poly1305,512,891,32200
chacha20-poly1305,512,892,31600
chacha20-poly1305,512,893,31000
chacha20-poly1305,512,894,31500
chacha20-poly1305,512,895,31500
chacha20-poly1305,512,896,30800
chacha20-poly1305,512,897,31100
chacha20-poly1305,512,898,91400
chacha20-poly1305,512,899,75900
chacha20-poly1305,512,900,69600
chacha20-poly1305,512,901,103400
chacha20-poly1305,512,902,81500
chacha20-poly1305,512,903,58700
chacha20-poly1305,512,904,86000
chacha20-poly1305,512,905,87800
chacha20-poly1305,512,906,40900
chacha20-poly1305,512,907,34000
chacha20-poly1305,512,908,31300
chacha20-poly1305,512,909,37200
chacha20-poly1305,512,910,32800
chacha20-poly1305,512,911,32300
chacha20-poly1305,512,912,31500
chacha20-poly1305,512,913,31600
chacha20-poly1305,512,914,31400
chacha20-poly1305,512,915,88500
chacha20-poly1305,512,916,92200
chacha20-poly1305,512,917,110300
chacha20-poly1305,512,918,108200
chacha20-poly1305,512,919,57700
chacha20-poly1305,512,920,74600
chacha20-poly1305,512,921,67500
chacha20-poly1305,512,922,90700
chacha20-poly1305,512,923,59000
chacha20-poly1305,512,924,70000
chacha20-poly1305,512,925,60300
chacha20-poly1305,512,926,69200
chacha20-poly1305,512,927,161800
chacha20-poly1305,512,928,85900
chacha20-poly1305,512,929,109300
chacha20-poly1305,512,930,105800
chacha20-poly1305,512,931,91800
chacha20-poly1305,512,932,38000
chacha20-poly1305,512,933,33200
chacha20-poly1305,512,934,32500
chacha20-poly1305,512,935,31200
chacha20-poly1305,512,936,31600
chacha20-poly1305,512,937,31600
chacha20-poly1305,512,938,32000
chacha20-poly1305,512,939,53400
chacha20-poly1305,512,940,90400
chacha20-poly1305,512,941,41300
chacha20-poly1305,512,942,33300
chacha20-poly1305,512,943,32000
chacha20-poly1305,512,944,33000
chacha20-poly1305,512,945,88300
chacha20-poly1305,512,946,60200
chacha20-poly1305,512,947,34500
chacha20-poly1305,512,948,51000
chacha20-poly1305,512,949,104700
chacha20-poly1305,512,950,105000
chacha20-poly1305,512,951,57600
chacha20-poly1305,512,952,96800
chacha20-poly1305,512,953,58400
chacha20-poly1305,512,954,35600
chacha20-poly1305,512,955,32300
chacha20-poly1305,512,956,31300
chacha20-poly1305,512,957,31300
chacha20-poly1305,512,958,31500
chacha20-poly1305,512,959,31800
chacha20-poly1305,512,960,86900
chacha20-poly1305,512,961,82300
chacha20-poly1305,512,962,63400
chacha20-poly1305,512,963,106800
chacha20-poly1305,512,964,105000
chacha20-poly1305,512,965,89600
chacha20-poly1305,512,966,38600
chacha20-poly1305,512,967,73300
chacha20-poly1305,512,968,42100
chacha20-poly1305,512,969,33500
chacha20-poly1305,512,970,32100
chacha20-poly1305,512,971,31200
chacha20-poly1305,512,972,32300
chacha20-poly1305,512,973,32600
chacha20-poly1305,512,974,31400
chacha20-poly1305,512,975,31300
chacha20-poly1305,512,976,31400
chacha20-poly1305,512,977,31000
chacha20-poly1305,512,978,31200
chacha20-poly1305,512,979,31500
chacha20-poly1305,512,980,30900
chacha20-poly1305,512,981,47500
chacha20-poly1305,512,982,106000
chacha20-poly1305,512,983,65800
chacha20-poly1305,512,984,35700
chacha20-poly1305,512,985,33100
chacha20-poly1305,512,986,84700
chacha20-poly1305,512,987,98400
chacha20-poly1305,512,988,104500
chacha20-poly1305,512,989,88400
chacha20-poly1305,512,990,42000
chacha20-poly1305,512,991,34100
chacha20-poly1305,512,992,32000
chacha20-poly1305,512,993,70000
chacha20-poly1305,512,994,44900
chacha20-poly1305,512,995,32900
chacha20-poly1305,512,996,31400
chacha20-poly1305,512,997,31900
chacha20-poly1305,512,998,31100
chacha20-poly1305,512,999,31500
chacha20-poly1305,512,1000,36400
chacha20-poly1305,512,1001,57200
chacha20-poly1305,512,1002,102900
chacha20-poly1305,512,1003,104200
chacha20-poly1305,512,1004,103800
chacha20-poly1305,512,1005,103300
chacha20-poly1305,512,1006,60800
chacha20-poly1305,512,1007,34600
chacha20-poly1305,512,1008,32600
chacha20-poly1305,512,1009,53300
chacha20-poly1305,512,1010,59300
chacha20-poly1305,512,1011,35000
chacha20-poly1305,512,1012,32500
chacha20-poly1305,512,1013,31400
chacha20-poly1305,512,1014,32100
chacha20-poly1305,512,1015,31600
chacha20-poly1305,512,1016,31000
chacha20-poly1305,512,1017,86600
chacha20-poly1305,512,1018,92700
chacha20-poly1305,512,1019,62300
chacha20-poly1305,512,1020,102300
chacha20-poly1305,512,1021,57700
chacha20-poly1305,512,1022,86200
chacha20-poly1305,512,1023,90500
chacha20-poly1305,512,1024,42100
chacha20-poly1305,512,1025,33000
chacha20-poly1305,512,1026,32700
chacha20-poly1305,512,1027,31800
chacha20-poly1305,512,1028,31200
chacha20-poly1305,512,1029,31500
chacha20-poly1305,512,1030,32300
chacha20-poly1305,512,1031,31200
chacha20-poly1305,512,1032,31500
chacha20-poly1305,512,1033,31500
chacha20-poly1305,512,1034,30900
chacha20-poly1305,512,1035,31400
chacha20-poly1305,512,1036,31400
chacha20-poly1305,512,1037,38900
chacha20-poly1305,512,1038,35700
chacha20-poly1305,512,1039,93800
chacha20-poly1305,512,1040,59300
chacha20-poly1305,512,1041,92500
chacha20-poly1305,512,1042,90500
chacha20-poly1305,512,1043,40100
chacha20-poly1305,512,1044,85900
chacha20-poly1305,512,1045,60300
chacha20-poly1305,512,1046,88800
chacha20-poly1305,512,1047,101400
chacha20-poly1305,512,1048,61500
chacha20-poly1305,512,1049,34800
chacha20-poly1305,512,1050,60600
chacha20-poly1305,512,1051,60700
chacha20-poly1305,512,1052,40800
chacha20-poly1305,512,1053,68300
chacha20-poly1305,512,1054,36000
chacha20-poly1305,512,1055,32200
chacha20-poly1305,512,1056,39400
chacha20-poly1305,512,1057,34900
chacha20-poly1305,512,1058,31400
chacha20-poly1305,512,1059,31500
chacha20-poly1305,512,1060,31600
chacha20-poly1305,512,1061,31000
chacha20-poly1305,512,1062,32000
chacha20-poly1305,512,1063,31500
chacha20-poly1305,512,1064,31500
chacha20-poly1305,512,1065,31100
chacha20-poly1305,512,1066,71600
chacha20-poly1305,512,1067,65800
chacha20-poly1305,512,1068,41600
chacha20-poly1305,512,1069,33000
chacha20-poly1305,512,1070,31400
chacha20-poly1305,512,1071,31500
chacha20-poly1305,512,1072,32000
chacha20-poly1305,512,1073,31100
chacha20-poly1305,512,1074,31400
chacha20-poly1305,512,1075,31500
chacha20-poly1305,512,1076,30900
chacha20-poly1305,512,1077,31300
chacha20-poly1305,512,1078,83400
chacha20-poly1305,512,1079,104900
chacha20-poly1305,512,1080,106000
chacha20-poly1305,512,1081,106700
chacha20-poly1305,512,1082,107200
chacha20-poly1305,512,1083,103000
chacha20-poly1305,512,1084,91200
chacha20-poly1305,512,1085,40800
chacha20-poly1305,512,1086,32800
chacha20-poly1305,512,1087,32100
chacha20-poly1305,512,1088,31600
chacha20-poly1305,512,1089,31600
chacha20-poly1305,512,1090,31600
chacha20-poly1305,512,1091,32500
chacha20-poly1305,512,1092,31400
chacha20-poly1305,512,1093,31500
chacha20-poly1305,512,1094,31200
chacha20-poly1305,512,1095,71000
chacha20-poly1305,512,1096,35700
chacha20-poly1305,512,1097,31400
chacha20-poly1305,512,1098,32000
chacha20-poly1305,512,1099,96100
chacha20-poly1305,512,1100,106600
chacha20-poly1305,512,1101,57600
chacha20-poly1305,512,1102,36200
chacha20-poly1305,512,1103,32500
chacha20-poly1305,512,1104,32000
chacha20-poly1305,512,1105,31800
chacha20-poly1305,512,1106,31700
chacha20-poly1305,512,1107,31700
chacha20-poly1305,512,1108,31300
chacha20-poly1305,512,1109,53800
chacha20-poly1305,512,1110,69800
chacha20-poly1305,512,1111,49300
chacha20-poly1305,512,1112,33200
chacha20-poly1305,512,1113,31600
chacha20-poly1305,512,1114,32000
chacha20-poly1305,512,1115,53900
chacha20-poly1305,512,1116,104300
chacha20-poly1305,512,1117,108600
chacha20-poly1305,512,1118,104000
chacha20-poly1305,512,1119,105700
chacha20-poly1305,512,1120,89300
chacha20-poly1305,512,1121,41100
chacha20-poly1305,512,1122,34300
chacha20-poly1305,512,1123,32100
chacha20-poly1305,512,1124,31400
chacha20-poly1305,512,1125,31800
chacha20-poly1305,512,1126,31500
chacha20-poly1305,512,1127,31800
chacha20-poly1305,512,1128,31400
chacha20-poly1305,512,1129,31500
chacha20-poly1305,512,1130,55500
chacha20-poly1305,512,1131,99400
chacha20-poly1305,512,1132,106600
chacha20-poly1305,512,1133,94900
chacha20-poly1305,512,1134,44300
chacha20-poly1305,512,1135,67700
chacha20-poly1305,512,1136,42200
chacha20-poly1305,512,1137,34400
chacha20-poly1305,512,1138,33000
chacha20-poly1305,512,1139,32000
chacha20-poly1305,512,1140,32400
chacha20-poly1305,512,1141,58600
chacha20-poly1305,512,1142,99400
chacha20-poly1305,512,1143,103100
chacha20-poly1305,512,1144,62500
chacha20-poly1305,512,1145,34900
chacha20-poly1305,512,1146,68400
chacha20-poly1305,512,1147,69600
chacha20-poly1305,512,1148,42600
chacha20-poly1305,512,1149,37900
chacha20-poly1305,512,1150,56500
chacha20-poly1305,512,1151,87700
chacha20-poly1305,512,1152,63100
chacha20-poly1305,512,1153,51600
chacha20-poly1305,512,1154,35200
chacha20-poly1305,512,1155,32700
chacha20-poly1305,512,1156,90000
chacha20-poly1305,512,1157,104100
chacha20-poly1305,512,1158,61900
chacha20-poly1305,512,1159,36100
chacha20-poly1305,512,1160,32800
chacha20-poly1305,512,1161,32000
chacha20-poly1305,512,1162,32500
chacha20-poly1305,512,1163,32500
chacha20-poly1305,512,1164,31700
chacha20-poly1305,512,1165,74000
chacha20-poly1305,512,1166,32500
chacha20-poly1305,512,1167,32100
chacha20-poly1305,512,1168,31900
chacha20-poly1305,512,1169,31400
chacha20-poly1305,512,1170,31800
chacha20-poly1305,512,1171,31600
chacha20-poly1305,512,1172,32000
chacha20-poly1305,512,1173,31500
chacha20-poly1305,512,1174,59500
chacha20-poly1305,512,1175,99300
chacha20-poly1305,512,1176,120800
chacha20-poly1305,512,1177,57700
chacha20-poly1305,512,1178,167500
chacha20-poly1305,512,1179,92700
chacha20-poly1305,512,1180,41600
chacha20-poly1305,512,1181,33000
chacha20-poly1305,512,1182,54200
chacha20-poly1305,512,1183,105200
chacha20-poly1305,512,1184,73200
chacha20-poly1305,512,1185,58000
chacha20-poly1305,512,1186,87200
chacha20-poly1305,512,1187,107300
chacha20-poly1305,512,1188,105300
chacha20-poly1305,512,1189,106700
chacha20-poly1305,512,1190,66100
chacha20-poly1305,512,1191,69200
chacha20-poly1305,512,1192,41600
chacha20-poly1305,512,1193,74600
chacha20-poly1305,512,1194,89600
chacha20-poly1305,512,1195,74600
chacha20-poly1305,512,1196,73200
chacha20-poly1305,512,1197,60400
chacha20-poly1305,512,1198,34800
chacha20-poly1305,512,1199,53000
chacha20-poly1305,512,1200,108800
chacha20-poly1305,512,1201,109200
chacha20-poly1305,512,1202,104300
chacha20-poly1305,512,1203,92200
chacha20-poly1305,512,1204,91700
chacha20-poly1305,512,1205,99600
chacha20-poly1305,512,1206,66300
chacha20-poly1305,512,1207,35800
chacha20-poly1305,512,1208,32400
chacha20-poly1305,512,1209,32200
chacha20-poly1305,512,1210,50700
chacha20-poly1305,512,1211,95800
chacha20-poly1305,512,1212,60200
chacha20-poly1305,512,1213,89700
chacha20-poly1305,512,1214,87500
chacha20-poly1305,512,1215,104700
chacha20-poly1305,512,1216,75300
chacha20-poly1305,512,1217,59500
chacha20-poly1305,512,1218,35600
chacha20-poly1305,512,1219,38600
chacha20-poly1305,512,1220,53400
chacha20-poly1305,512,1221,58700
chacha20-poly1305,512,1222,36000
chacha20-poly1305,512,1223,31800
chacha20-poly1305,512,1224,32000
chacha20-poly1305,512,1225,31300
chacha20-poly1305,512,1226,31200
chacha20-poly1305,512,1227,83200
chacha20-poly1305,512,1228,78600
chacha20-poly1305,512,1229,88900
chacha20-poly1305,512,1230,58500
chacha20-poly1305,512,1231,102600
chacha20-poly1305,512,1232,87300
chacha20-poly1305,512,1233,41300
chacha20-poly1305,512,1234,69200
chacha20-poly1305,512,1235,42600
chacha20-poly1305,512,1236,33800
chacha20-poly1305,512,1237,32300
chacha20-poly1305,512,1238,32200
chacha20-poly1305,512,1239,31500
chacha20-poly1305,512,1240,32400
chacha20-poly1305,512,1241,31200
chacha20-poly1305,512,1242,31700
chacha20-poly1305,512,1243,31000
chacha20-poly1305,512,1244,30900
chacha20-poly1305,512,1245,31000
chacha20-poly1305,512,1246,49100
chacha20-poly1305,512,1247,103800
chacha20-poly1305,512,1248,60700
chacha20-poly1305,512,1249,35800
chacha20-poly1305,512,1250,32600
chacha20-poly1305,512,1251,91900
chacha20-poly1305,512,1252,62700
chacha20-poly1305,512,1253,87800
chacha20-poly1305,512,1254,87700
chacha20-poly1305,512,1255,41700
chacha20-poly1305,512,1256,32600
chacha20-poly1305,512,1257,49200
chacha20-poly1305,512,1258,104400
chacha20-poly1305,512,1259,59500
chacha20-poly1305,512,1260,35900
chacha20-poly1305,512,1261,32100
chacha20-poly1305,512,1262,32400
chacha20-poly1305,512,1263,37100
chacha20-poly1305,512,1264,35600
chacha20-poly1305,512,1265,33000
chacha20-poly1305,512,1266,31200
chacha20-poly1305,512,1267,89200
chacha20-poly1305,512,1268,99300
chacha20-poly1305,512,1269,104500
chacha20-poly1305,512,1270,62200
chacha20-poly1305,512,1271,34700
chacha20-poly1305,512,1272,32200
chacha20-poly1305,512,1273,31500
chacha20-poly1305,512,1274,31600
chacha20-poly1305,512,1275,32000
chacha20-poly1305,512,1276,31500
chacha20-poly1305,512,1277,89800
chacha20-poly1305,512,1278,87900
chacha20-poly1305,512,1279,41900
chacha20-poly1305,512,1280,32800
chacha20-poly1305,512,1281,31500
chacha20-poly1305,512,1282,31800
chacha20-poly1305,512,1283,52200
chacha20-poly1305,512,1284,78200
chacha20-poly1305,512,1285,74000
chacha20-poly1305,512,1286,101300
chacha20-poly1305,512,1287,64300
chacha20-poly1305,512,1288,53800
chacha20-poly1305,512,1289,58600
chacha20-poly1305,512,1290,34800
chacha20-poly1305,512,1291,32500
chacha20-poly1305,512,1292,31800
chacha20-poly1305,512,1293,32300
chacha20-poly1305,512,1294,89200
chacha20-poly1305,512,1295,83800
chacha20-poly1305,512,1296,45100
chacha20-poly1305,512,1297,34100
chacha20-poly1305,512,1298,32800
chacha20-poly1305,512,1299,32000
chacha20-poly1305,512,1300,32300
chacha20-poly1305,512,1301,56800
chacha20-poly1305,512,1302,112400
chacha20-poly1305,512,1303,63700
chacha20-poly1305,512,1304,35400
chacha20-poly1305,512,1305,32900
chacha20-poly1305,512,1306,31500
chacha20-poly1305,512,1307,31400
chacha20-poly1305,512,1308,31400
chacha20-poly1305,512,1309,31700
chacha20-poly1305,512,1310,31100
chacha20-poly1305,512,1311,31000
chacha20-poly1305,512,1312,31500
chacha20-poly1305,512,1313,30800
chacha20-poly1305,512,1314,48800
chacha20-poly1305,512,1315,102900
chacha20-poly1305,512,1316,151000
chacha20-poly1305,512,1317,92200
chacha20-poly1305,512,1318,139700
chacha20-poly1305,512,1319,100900
chacha20-poly1305,512,1320,72900
chacha20-poly1305,512,1321,65400
chacha20-poly1305,512,1322,59100
chacha20-poly1305,512,1323,35100
chacha20-poly1305,512,1324,32400
chacha20-poly1305,512,1325,31800
chacha20-poly1305,512,1326,31200
chacha20-poly1305,512,1327,31800
chacha20-poly1305,512,1328,48200
chacha20-poly1305,512,1329,96500
chacha20-poly1305,512,1330,61000
chacha20-poly1305,512,1331,36600
chacha20-poly1305,512,1332,32600
chacha20-poly1305,512,1333,83200
chacha20-poly1305,512,1334,61600
chacha20-poly1305,512,1335,66200
chacha20-poly1305,512,1336,35500
chacha20-poly1305,512,1337,31600
chacha20-poly1305,512,1338,31500
chacha20-poly1305,512,1339,31600
chacha20-poly1305,512,1340,31600
chacha20-poly1305,512,1341,48400
chacha20-poly1305,512,1342,106100
chacha20-poly1305,512,1343,105600
chacha20-poly1305,512,1344,91700
chacha20-poly1305,512,1345,41000
chacha20-poly1305,512,1346,32400
chacha20-poly1305,512,1347,32100
chacha20-poly1305,512,1348,31500
chacha20-poly1305,512,1349,31000
chacha20-poly1305,512,1350,50800
chacha20-poly1305,512,1351,90800
chacha20-poly1305,512,1352,61300
chacha20-poly1305,512,1353,86900
chacha20-poly1305,512,1354,71200
chacha20-poly1305,512,1355,41400
chacha20-poly1305,512,1356,33300
chacha20-poly1305,512,1357,33100
chacha20-poly1305,512,1358,31900
chacha20-poly1305,512,1359,31800
chacha20-poly1305,512,1360,31500
chacha20-poly1305,512,1361,31100
chacha20-poly1305,512,1362,31200
chacha20-poly1305,512,1363,31200
chacha20-poly1305,512,1364,31100
chacha20-poly1305,512,1365,40200
chacha20-poly1305,512,1366,33200
chacha20-poly1305,512,1367,54400
chacha20-poly1305,512,1368,59200
chacha20-poly1305,512,1369,87900
chacha20-poly1305,512,1370,110300
chacha20-poly1305,512,1371,103500
chacha20-poly1305,512,1372,92300
chacha20-poly1305,512,1373,40800
chacha20-poly1305,512,1374,32400
chacha20-poly1305,512,1375,32400
chacha20-poly1305,512,1376,31000
chacha20-poly1305,512,1377,31600
chacha20-poly1305,512,1378,31300
chacha20-poly1305,512,1379,31500
chacha20-poly1305,512,1380,31400
chacha20-poly1305,512,1381,31900
chacha20-poly1305,512,1382,31300
chacha20-poly1305,512,1383,31200
chacha20-poly1305,512,1384,31500
chacha20-poly1305,512,1385,30900
chacha20-poly1305,512,1386,31800
chacha20-poly1305,512,1387,31500
chacha20-poly1305,512,1388,31200
chacha20-poly1305,512,1389,50300
chacha20-poly1305,512,1390,107400
chacha20-poly1305,512,1391,62900
chacha20-poly1305,512,1392,39200
chacha20-poly1305,512,1393,89400
chacha20-poly1305,512,1394,73000
chacha20-poly1305,512,1395,101600
chacha20-poly1305,512,1396,61800
chacha20-poly1305,512,1397,40900
chacha20-poly1305,512,1398,34500
chacha20-poly1305,512,1399,32200
chacha20-poly1305,512,1400,86300
chacha20-poly1305,512,1401,60100
chacha20-poly1305,512,1402,36600
chacha20-poly1305,512,1403,31700
chacha20-poly1305,512,1404,32900
chacha20-poly1305,512,1405,31500
chacha20-poly1305,512,1406,31600
chacha20-poly1305,512,1407,31600
chacha20-poly1305,512,1408,55100
chacha20-poly1305,512,1409,90500
chacha20-poly1305,512,1410,46300
chacha20-poly1305,512,1411,37200
chacha20-poly1305,512,1412,51400
chacha20-poly1305,512,1413,59100
chacha20-poly1305,512,1414,87900
chacha20-poly1305,512,1415,89900
chacha20-poly1305,512,1416,41300
chacha20-poly1305,512,1417,33600
chacha20-poly1305,512,1418,31900
chacha20-poly1305,512,1419,31400
chacha20-poly1305,512,1420,36800
chacha20-poly1305,512,1421,54000
chacha20-poly1305,512,1422,89100
chacha20-poly1305,512,1423,40600
chacha20-poly1305,512,1424,33300
chacha20-poly1305,512,1425,31800
chacha20-poly1305,512,1426,31900
chacha20-poly1305,512,1427,31200
chacha20-poly1305,512,1428,36900
chacha20-poly1305,512,1429,38000
chacha20-poly1305,512,1430,48400
chacha20-poly1305,512,1431,66000
chacha20-poly1305,512,1432,50100
chacha20-poly1305,512,1433,33700
chacha20-poly1305,512,1434,31800
chacha20-poly1305,512,1435,51100
chacha20-poly1305,512,1436,56400
chacha20-poly1305,512,1437,88300
chacha20-poly1305,512,1438,61500
chacha20-poly1305,512,1439,34500
chacha20-poly1305,512,1440,32700
chacha20-poly1305,512,1441,87400
chacha20-poly1305,512,1442,103300
chacha20-poly1305,512,1443,60400
chacha20-poly1305,512,1444,35800
chacha20-poly1305,512,1445,32300
chacha20-poly1305,512,1446,139700
chacha20-poly1305,512,1447,94100
chacha20-poly1305,512,1448,92300
chacha20-poly1305,512,1449,106000
chacha20-poly1305,512,1450,105800
chacha20-poly1305,512,1451,89700
chacha20-poly1305,512,1452,44800
chacha20-poly1305,512,1453,60500
chacha20-poly1305,512,1454,127200
chacha20-poly1305,512,1455,106800
chacha20-poly1305,512,1456,92100
chacha20-poly1305,512,1457,41400
chacha20-poly1305,512,1458,90600
chacha20-poly1305,512,1459,86800
chacha20-poly1305,512,1460,37700
chacha20-poly1305,512,1461,32800
chacha20-poly1305,512,1462,54800
chacha20-poly1305,512,1463,70000
chacha20-poly1305,512,1464,104300
chacha20-poly1305,512,1465,125300
chacha20-poly1305,512,1466,89200
chacha20-poly1305,512,1467,45700
chacha20-poly1305,512,1468,33300
chacha20-poly1305,512,1469,32300
chacha20-poly1305,512,1470,32700
chacha20-poly1305,512,1471,32200
chacha20-poly1305,512,1472,54900
chacha20-poly1305,512,1473,104000
chacha20-poly1305,512,1474,88700
chacha20-poly1305,512,1475,68400
chacha20-poly1305,512,1476,36500
chacha20-poly1305,512,1477,32900
chacha20-poly1305,512,1478,52800
chacha20-poly1305,512,1479,102300
chacha20-poly1305,512,1480,63200
chacha20-poly1305,512,1481,35100
chacha20-poly1305,512,1482,32800
chacha20-poly1305,512,1483,32500
chacha20-poly1305,512,1484,31400
chacha20-poly1305,512,1485,32100
chacha20-poly1305,512,1486,32300
chacha20-poly1305,512,1487,31700
chacha20-poly1305,512,1488,31300
chacha20-poly1305,512,1489,31900
chacha20-poly1305,512,1490,31300
chacha20-poly1305,512,1491,31800
chacha20-poly1305,512,1492,32100
chacha20-poly1305,512,1493,32600
chacha20-poly1305,512,1494,52900
chacha20-poly1305,512,1495,97200
chacha20-poly1305,512,1496,60700
chacha20-poly1305,512,1497,58600
chacha20-poly1305,512,1498,64100
chacha20-poly1305,512,1499,60500
chacha20-poly1305,512,1500,52200
chacha20-poly1305,512,1501,33400
chacha20-poly1305,512,1502,31700
chacha20-poly1305,512,1503,31800
chacha20-poly1305,512,1504,31900
chacha20-poly1305,512,1505,31900
chacha20-poly1305,512,1506,32000
chacha20-poly1305,512,1507,31700
chacha20-poly1305,512,1508,31100
chacha20-poly1305,512,1509,30700
chacha20-poly1305,512,1510,94400
chacha20-poly1305,512,1511,85300
chacha20-poly1305,512,1512,42300
chacha20-poly1305,512,1513,57600
chacha20-poly1305,512,1514,103400
chacha20-poly1305,512,1515,77900
chacha20-poly1305,512,1516,92100
chacha20-poly1305,512,1517,43200
chacha20-poly1305,512,1518,33500
chacha20-poly1305,512,1519,87000
chacha20-poly1305,512,1520,60700
chacha20-poly1305,512,1521,67000
chacha20-poly1305,512,1522,41100
chacha20-poly1305,512,1523,33200
chacha20-poly1305,512,1524,32200
chacha20-poly1305,512,1525,32300
chacha20-poly1305,512,1526,32000
chacha20-poly1305,512,1527,32000
chacha20-poly1305,512,1528,55500
chacha20-poly1305,512,1529,59100
chacha20-poly1305,512,1530,92500
chacha20-poly1305,512,1531,76900
chacha20-poly1305,512,1532,59500
chacha20-poly1305,512,1533,40600
chacha20-poly1305,512,1534,53700
chacha20-poly1305,512,1535,104000
chacha20-poly1305,512,1536,90400
chacha20-poly1305,512,1537,38700
chacha20-poly1305,512,1538,32400
chacha20-poly1305,512,1539,32700
chacha20-poly1305,512,1540,31600
chacha20-poly1305,512,1541,31200
chacha20-poly1305,512,1542,31700
chacha20-poly1305,512,1543,31800
chacha20-poly1305,512,1544,31100
chacha20-poly1305,512,1545,31200
chacha20-poly1305,512,1546,31500
chacha20-poly1305,512,1547,31000
chacha20-poly1305,512,1548,31300
chacha20-poly1305,512,1549,31200
chacha20-poly1305,512,1550,31300
chacha20-poly1305,512,1551,31200
chacha20-poly1305,512,1552,31800
chacha20-poly1305,512,1553,30500
chacha20-poly1305,512,1554,31700
chacha20-poly1305,512,1555,90000
chacha20-poly1305,512,1556,108800
chacha20-poly1305,512,1557,104800
chacha20-poly1305,512,1558,58100
chacha20-poly1305,512,1559,34500
chacha20-poly1305,512,1560,85800
chacha20-poly1305,512,1561,87800
chacha20-poly1305,512,1562,37800
chacha20-poly1305,512,1563,41200
chacha20-poly1305,512,1564,53300
chacha20-poly1305,512,1565,55400
chacha20-poly1305,512,1566,53100
chacha20-poly1305,512,1567,48500
chacha20-poly1305,512,1568,36100
chacha20-poly1305,512,1569,32100
chacha20-poly1305,512,1570,31600
chacha20-poly1305,512,1571,53400
chacha20-poly1305,512,1572,107200
chacha20-poly1305,512,1573,106000
chacha20-poly1305,512,1574,104700
chacha20-poly1305,512,1575,62900
chacha20-poly1305,512,1576,86700
chacha20-poly1305,512,1577,90100
chacha20-poly1305,512,1578,41800
chacha20-poly1305,512,1579,33200
chacha20-poly1305,512,1580,31700
chacha20-poly1305,512,1581,31100
chacha20-poly1305,512,1582,32200
chacha20-poly1305,512,1583,30900
chacha20-poly1305,512,1584,40600
chacha20-poly1305,512,1585,70200
chacha20-poly1305,512,1586,42400
chacha20-poly1305,512,1587,50400
chacha20-poly1305,512,1588,106200
chacha20-poly1305,512,1589,63900
chacha20-poly1305,512,1590,38500
chacha20-poly1305,512,1591,88900
chacha20-poly1305,512,1592,103700
chacha20-poly1305,512,1593,89200
chacha20-poly1305,512,1594,41700
chacha20-poly1305,512,1595,32700
chacha20-poly1305,512,1596,31700
chacha20-poly1305,512,1597,31600
chacha20-poly1305,512,1598,31200
chacha20-poly1305,512,1599,52600
chacha20-poly1305,512,1600,105000
chacha20-poly1305,512,1601,59500
chacha20-poly1305,512,1602,35800
chacha20-poly1305,512,1603,32300
chacha20-poly1305,512,1604,86200
chacha20-poly1305,512,1605,105700
chacha20-poly1305,512,1606,59000
chacha20-poly1305,512,1607,51800
chacha20-poly1305,512,1608,104100
chacha20-poly1305,512,1609,60400
chacha20-poly1305,512,1610,89400
chacha20-poly1305,512,1611,85400
chacha20-poly1305,512,1612,44500
chacha20-poly1305,512,1613,33600
chacha20-poly1305,512,1614,32200
chacha20-poly1305,512,1615,75300
chacha20-poly1305,512,1616,42300
chacha20-poly1305,512,1617,33400
chacha20-poly1305,512,1618,31900
chacha20-poly1305,512,1619,31200
chacha20-poly1305,512,1620,32400
chacha20-poly1305,512,1621,50200
chacha20-poly1305,512,1622,102000
chacha20-poly1305,512,1623,106000
chacha20-poly1305,512,1624,63000
chacha20-poly1305,512,1625,85900
chacha20-poly1305,512,1626,106200
chacha20-poly1305,512,1627,103000
chacha20-poly1305,512,1628,89600
chacha20-poly1305,512,1629,46100
chacha20-poly1305,512,1630,33500
chacha20-poly1305,512,1631,32000
chacha20-poly1305,512,1632,55700
chacha20-poly1305,512,1633,88500
chacha20-poly1305,512,1634,57400
chacha20-poly1305,512,1635,101900
chacha20-poly1305,512,1636,95400
chacha20-poly1305,512,1637,38100
chacha20-poly1305,512,1638,85700
chacha20-poly1305,512,1639,74400
chacha20-poly1305,512,1640,90900
chacha20-poly1305,512,1641,41000
chacha20-poly1305,512,1642,34100
chacha20-poly1305,512,1643,31600
chacha20-poly1305,512,1644,31700
chacha20-poly1305,512,1645,32000
chacha20-poly1305,512,1646,31600
chacha20-poly1305,512,1647,48500
chacha20-poly1305,512,1648,105100
chacha20-poly1305,512,1649,59900
chacha20-poly1305,512,1650,35100
chacha20-poly1305,512,1651,39600
chacha20-poly1305,512,1652,34400
chacha20-poly1305,512,1653,35300
chacha20-poly1305,512,1654,35300
chacha20-poly1305,512,1655,31500
chacha20-poly1305,512,1656,31500
chacha20-poly1305,512,1657,65000
chacha20-poly1305,512,1658,81900
chacha20-poly1305,512,1659,53100
chacha20-poly1305,512,1660,71700
chacha20-poly1305,512,1661,39500
chacha20-poly1305,512,1662,68600
chacha20-poly1305,512,1663,42600
chacha20-poly1305,512,1664,32700
chacha20-poly1305,512,1665,31700
chacha20-poly1305,512,1666,32100
chacha20-poly1305,512,1667,32100
chacha20-poly1305,512,1668,31200
chacha20-poly1305,512,1669,34400
chacha20-poly1305,512,1670,69500
chacha20-poly1305,512,1671,41900
chacha20-poly1305,512,1672,33500
chacha20-poly1305,512,1673,31200
chacha20-poly1305,512,1674,33400
chacha20-poly1305,512,1675,51600
chacha20-poly1305,512,1676,99700
chacha20-poly1305,512,1677,102600
chacha20-poly1305,512,1678,92300
chacha20-poly1305,512,1679,68700
chacha20-poly1305,512,1680,61200
chacha20-poly1305,512,1681,100700
chacha20-poly1305,512,1682,64400
chacha20-poly1305,512,1683,35600
chacha20-poly1305,512,1684,34800
chacha20-poly1305,512,1685,32200
chacha20-poly1305,512,1686,89300
chacha20-poly1305,512,1687,60800
chacha20-poly1305,512,1688,34600
chacha20-poly1305,512,1689,32700
chacha20-poly1305,512,1690,83000
chacha20-poly1305,512,1691,104100
chacha20-poly1305,512,1692,108000
chacha20-poly1305,512,1693,93200
chacha20-poly1305,512,1694,70200
chacha20-poly1305,512,1695,61200
chacha20-poly1305,512,1696,88400
chacha20-poly1305,512,1697,41600
chacha20-poly1305,512,1698,50500
chacha20-poly1305,512,1699,102400
chacha20-poly1305,512,1700,88300
chacha20-poly1305,512,1701,45500
chacha20-poly1305,512,1702,33700
chacha20-poly1305,512,1703,58300
chacha20-poly1305,512,1704,105800
chacha20-poly1305,512,1705,61100
chacha20-poly1305,512,1706,34700
chacha20-poly1305,512,1707,32600
chacha20-poly1305,512,1708,73000
chacha20-poly1305,512,1709,70800
chacha20-poly1305,512,1710,59000
chacha20-poly1305,512,1711,57900
chacha20-poly1305,512,1712,35800
chacha20-poly1305,512,1713,32500
chacha20-poly1305,512,1714,31800
chacha20-poly1305,512,1715,31300
chacha20-poly1305,512,1716,32500
chacha20-poly1305,512,1717,31700
chacha20-poly1305,512,1718,30900
chacha20-poly1305,512,1719,31600
chacha20-poly1305,512,1720,64300
chacha20-poly1305,512,1721,62600
chacha20-poly1305,512,1722,88700
chacha20-poly1305,512,1723,64200
chacha20-poly1305,512,1724,111800
chacha20-poly1305,512,1725,71800
chacha20-poly1305,512,1726,59200
chacha20-poly1305,512,1727,70900
chacha20-poly1305,512,1728,41700
chacha20-poly1305,512,1729,34500
chacha20-poly1305,512,1730,31900
chacha20-poly1305,512,1731,31400
chacha20-poly1305,512,1732,31900
chacha20-poly1305,512,1733,31000
chacha20-poly1305,512,1734,31200
chacha20-poly1305,512,1735,31700
chacha20-poly1305,512,1736,57400
chacha20-poly1305,512,1737,118600
chacha20-poly1305,512,1738,105000
chacha20-poly1305,512,1739,74900
chacha20-poly1305,512,1740,88700
chacha20-poly1305,512,1741,62200
chacha20-poly1305,512,1742,110600
chacha20-poly1305,512,1743,106600
chacha20-poly1305,512,1744,108600
chacha20-poly1305,512,1745,89000
chacha20-poly1305,512,1746,42900
chacha20-poly1305,512,1747,33500
chacha20-poly1305,512,1748,34800
chacha20-poly1305,512,1749,31800
chacha20-poly1305,512,1750,64100
chacha20-poly1305,512,1751,86100
chacha20-poly1305,512,1752,42400
chacha20-poly1305,512,1753,33700
chacha20-poly1305,512,1754,31600
chacha20-poly1305,512,1755,55000
chacha20-poly1305,512,1756,74300
chacha20-poly1305,512,1757,58000
chacha20-poly1305,512,1758,35700
chacha20-poly1305,512,1759,32800
chacha20-poly1305,512,1760,68200
chacha20-poly1305,512,1761,64000
chacha20-poly1305,512,1762,102000
chacha20-poly1305,512,1763,60700
chacha20-poly1305,512,1764,36000
chacha20-poly1305,512,1765,31900
chacha20-poly1305,512,1766,34300
chacha20-poly1305,512,1767,88500
chacha20-poly1305,512,1768,60500
chacha20-poly1305,512,1769,35100
chacha20-poly1305,512,1770,32200
chacha20-poly1305,512,1771,32400
chacha20-poly1305,512,1772,31500
chacha20-poly1305,512,1773,31400
chacha20-poly1305,512,1774,31700
chacha20-poly1305,512,1775,31500
chacha20-poly1305,512,1776,89300
chacha20-poly1305,512,1777,115400
chacha20-poly1305,512,1778,103400
chacha20-poly1305,512,1779,89200
chacha20-poly1305,512,1780,41600
chacha20-poly1305,512,1781,68900
chacha20-poly1305,512,1782,44000
chacha20-poly1305,512,1783,34000
chacha20-poly1305,512,1784,31400
chacha20-poly1305,512,1785,33200
chacha20-poly1305,512,1786,32600
chacha20-poly1305,512,1787,31600
chacha20-poly1305,512,1788,31700
chacha20-poly1305,512,1789,61200
chacha20-poly1305,512,1790,87200
chacha20-poly1305,512,1791,58900
chacha20-poly1305,512,1792,104900
chacha20-poly1305,512,1793,110000
chacha20-poly1305,512,1794,93400
chacha20-poly1305,512,1795,63000
chacha20-poly1305,512,1796,58000
chacha20-poly1305,512,1797,35500
chacha20-poly1305,512,1798,32300
chacha20-poly1305,512,1799,31100
chacha20-poly1305,512,1800,31500
chacha20-poly1305,512,1801,31300
chacha20-poly1305,512,1802,31500
chacha20-poly1305,512,1803,31600
chacha20-poly1305,512,1804,31700
chacha20-poly1305,512,1805,31600
chacha20-poly1305,512,1806,31400
chacha20-poly1305,512,1807,31300
chacha20-poly1305,512,1808,31200
chacha20-poly1305,512,1809,31500
chacha20-poly1305,512,1810,31100
chacha20-poly1305,512,1811,31800
chacha20-poly1305,512,1812,31200
chacha20-poly1305,512,1813,31200
chacha20-poly1305,512,1814,50500
chacha20-poly1305,512,1815,102300
chacha20-poly1305,512,1816,106500
chacha20-poly1305,512,1817,103900
chacha20-poly1305,512,1818,76200
chacha20-poly1305,512,1819,70000
chacha20-poly1305,512,1820,59200
chacha20-poly1305,512,1821,34400
chacha20-poly1305,512,1822,32400
chacha20-poly1305,512,1823,31100
chacha20-poly1305,512,1824,38000
chacha20-poly1305,512,1825,90200
chacha20-poly1305,512,1826,59200
chacha20-poly1305,512,1827,35700
chacha20-poly1305,512,1828,33000
chacha20-poly1305,512,1829,32200
chacha20-poly1305,512,1830,31600
chacha20-poly1305,512,1831,33000
chacha20-poly1305,512,1832,55200
chacha20-poly1305,512,1833,89000
chacha20-poly1305,512,1834,50300
chacha20-poly1305,512,1835,39400
chacha20-poly1305,512,1836,52800
chacha20-poly1305,512,1837,104500
chacha20-poly1305,512,1838,55200
chacha20-poly1305,512,1839,88400
chacha20-poly1305,512,1840,85700
chacha20-poly1305,512,1841,43500
chacha20-poly1305,512,1842,33500
chacha20-poly1305,512,1843,32500
chacha20-poly1305,512,1844,31600
chacha20-poly1305,512,1845,73900
chacha20-poly1305,512,1846,42800
chacha20-poly1305,512,1847,33600
chacha20-poly1305,512,1848,31800
chacha20-poly1305,512,1849,31500
chacha20-poly1305,512,1850,31200
chacha20-poly1305,512,1851,35400
chacha20-poly1305,512,1852,56100
chacha20-poly1305,512,1853,58400
chacha20-poly1305,512,1854,36000
chacha20-poly1305,512,1855,84200
chacha20-poly1305,512,1856,63900
chacha20-poly1305,512,1857,89700
chacha20-poly1305,512,1858,91900
chacha20-poly1305,512,1859,41200
chacha20-poly1305,512,1860,33100
chacha20-poly1305,512,1861,31600
chacha20-poly1305,512,1862,32500
chacha20-poly1305,512,1863,31400
chacha20-poly1305,512,1864,87400
chacha20-poly1305,512,1865,86800
chacha20-poly1305,512,1866,40900
chacha20-poly1305,512,1867,34500
chacha20-poly1305,512,1868,51600
chacha20-poly1305,512,1869,102700
chacha20-poly1305,512,1870,60800
chacha20-poly1305,512,1871,55400
chacha20-poly1305,512,1872,105300
chacha20-poly1305,512,1873,104000
chacha20-poly1305,512,1874,57400
chacha20-poly1305,512,1875,94900
chacha20-poly1305,512,1876,89900
chacha20-poly1305,512,1877,41700
chacha20-poly1305,512,1878,32700
chacha20-poly1305,512,1879,32300
chacha20-poly1305,512,1880,31400
chacha20-poly1305,512,1881,31400
chacha20-poly1305,512,1882,32300
chacha20-poly1305,512,1883,32100
chacha20-poly1305,512,1884,31300
chacha20-poly1305,512,1885,31900
chacha20-poly1305,512,1886,82900
chacha20-poly1305,512,1887,107600
chacha20-poly1305,512,1888,76700
chacha20-poly1305,512,1889,71400
chacha20-poly1305,512,1890,104200
chacha20-poly1305,512,1891,94200
chacha20-poly1305,512,1892,40500
chacha20-poly1305,512,1893,32400
chacha20-poly1305,512,1894,32400
chacha20-poly1305,512,1895,55000
chacha20-poly1305,512,1896,88100
chacha20-poly1305,512,1897,41900
chacha20-poly1305,512,1898,32600
chacha20-poly1305,512,1899,32000
chacha20-poly1305,512,1900,31500
chacha20-poly1305,512,1901,31800
chacha20-poly1305,512,1902,48800
chacha20-poly1305,512,1903,102700
chacha20-poly1305,512,1904,91300
chacha20-poly1305,512,1905,38400
chacha20-poly1305,512,1906,88000
chacha20-poly1305,512,1907,88800
chacha20-poly1305,512,1908,39800
chacha20-poly1305,512,1909,33000
chacha20-poly1305,512,1910,32800
chacha20-poly1305,512,1911,67400
chacha20-poly1305,512,1912,40900
chacha20-poly1305,512,1913,32700
chacha20-poly1305,512,1914,31700
chacha20-poly1305,512,1915,32500
chacha20-poly1305,512,1916,56400
chacha20-poly1305,512,1917,88800
chacha20-poly1305,512,1918,41700
chacha20-poly1305,512,1919,33400
chacha20-poly1305,512,1920,48000
chacha20-poly1305,512,1921,101900
chacha20-poly1305,512,1922,93200
chacha20-poly1305,512,1923,37900
chacha20-poly1305,512,1924,87800
chacha20-poly1305,512,1925,87900
chacha20-poly1305,512,1926,60800
chacha20-poly1305,512,1927,87800
chacha20-poly1305,512,1928,40700
chacha20-poly1305,512,1929,32900
chacha20-poly1305,512,1930,32300
chacha20-poly1305,512,1931,31300
chacha20-poly1305,512,1932,32200
chacha20-poly1305,512,1933,32200
chacha20-poly1305,512,1934,31200
chacha20-poly1305,512,1935,31400
chacha20-poly1305,512,1936,31000
chacha20-poly1305,512,1937,31200
chacha20-poly1305,512,1938,31100
chacha20-poly1305,512,1939,32200
chacha20-poly1305,512,1940,33900
chacha20-poly1305,512,1941,32300
chacha20-poly1305,512,1942,54300
chacha20-poly1305,512,1943,94900
chacha20-poly1305,512,1944,56800
chacha20-poly1305,512,1945,104600
chacha20-poly1305,512,1946,88500
chacha20-poly1305,512,1947,39800
chacha20-poly1305,512,1948,32900
chacha20-poly1305,512,1949,31600
chacha20-poly1305,512,1950,31400
chacha20-poly1305,512,1951,31600
chacha20-poly1305,512,1952,31800
chacha20-poly1305,512,1953,31500
chacha20-poly1305,512,1954,31500
chacha20-poly1305,512,1955,31200
chacha20-poly1305,512,1956,31200
chacha20-poly1305,512,1957,31500
chacha20-poly1305,512,1958,51900
chacha20-poly1305,512,1959,100100
chacha20-poly1305,512,1960,60400
chacha20-poly1305,512,1961,34500
chacha20-poly1305,512,1962,37300
chacha20-poly1305,512,1963,35700
chacha20-poly1305,512,1964,87300
chacha20-poly1305,512,1965,100200
chacha20-poly1305,512,1966,91200
chacha20-poly1305,512,1967,58900
chacha20-poly1305,512,1968,58000
chacha20-poly1305,512,1969,67300
chacha20-poly1305,512,1970,40400
chacha20-poly1305,512,1971,34500
chacha20-poly1305,512,1972,32500
chacha20-poly1305,512,1973,54300
chacha20-poly1305,512,1974,99800
chacha20-poly1305,512,1975,64100
chacha20-poly1305,512,1976,34200
chacha20-poly1305,512,1977,57400
chacha20-poly1305,512,1978,105100
chacha20-poly1305,512,1979,60400
chacha20-poly1305,512,1980,75100
chacha20-poly1305,512,1981,42200
chacha20-poly1305,512,1982,59300
chacha20-poly1305,512,1983,90800
chacha20-poly1305,512,1984,70200
chacha20-poly1305,512,1985,40700
chacha20-poly1305,512,1986,33400
chacha20-poly1305,512,1987,32300
chacha20-poly1305,512,1988,31400
chacha20-poly1305,512,1989,50600
chacha20-poly1305,512,1990,102500
chacha20-poly1305,512,1991,60500
chacha20-poly1305,512,1992,35200
chacha20-poly1305,512,1993,32100
chacha20-poly1305,512,1994,31700
chacha20-poly1305,512,1995,86700
chacha20-poly1305,512,1996,106600
chacha20-poly1305,512,1997,58800
chacha20-poly1305,512,1998,52800
chacha20-poly1305,512,1999,104300
chacha20-poly1305,2048,0,32400
chacha20-poly1305,2048,1,32300
chacha20-poly1305,2048,2,86500
chacha20-poly1305,2048,3,95000
chacha20-poly1305,2048,4,43700
chacha20-poly1305,2048,5,54100
chacha20-poly1305,2048,6,96200
chacha20-poly1305,2048,7,105000
chacha20-poly1305,2048,8,90400
chacha20-poly1305,2048,9,42000
chacha20-poly1305,2048,10,33600
chacha20-poly1305,2048,11,31500
chacha20-poly1305,2048,12,32600
chacha20-poly1305,2048,13,31900
chacha20-poly1305,2048,14,31500
chacha20-poly1305,2048,15,32100
chacha20-poly1305,2048,16,32100
chacha20-poly1305,2048,17,31800
chacha20-poly1305,2048,18,31600
chacha20-poly1305,2048,19,31800
chacha20-poly1305,2048,20,31500
chacha20-poly1305,2048,21,52300
chacha20-poly1305,2048,22,104200
chacha20-poly1305,2048,23,103900
chacha20-poly1305,2048,24,104500
chacha20-poly1305,2048,25,75800
chacha20-poly1305,2048,26,58800
chacha20-poly1305,2048,27,70200
chacha20-poly1305,2048,28,39700
chacha20-poly1305,2048,29,71900
chacha20-poly1305,2048,30,43400
chacha20-poly1305,2048,31,34000
chacha20-poly1305,2048,32,32200
chacha20-poly1305,2048,33,32300
chacha20-poly1305,2048,34,32200
chacha20-poly1305,2048,35,31900
chacha20-poly1305,2048,36,32000
chacha20-poly1305,2048,37,32200
chacha20-poly1305,2048,38,32000
chacha20-poly1305,2048,39,32000
chacha20-poly1305,2048,40,35400
chacha20-poly1305,2048,41,56600
chacha20-poly1305,2048,42,102000
chacha20-poly1305,2048,43,110300
chacha20-poly1305,2048,44,112000
chacha20-poly1305,2048,45,86900
chacha20-poly1305,2048,46,41600
chacha20-poly1305,2048,47,52000
chacha20-poly1305,2048,48,75300
chacha20-poly1305,2048,49,60400
chacha20-poly1305,2048,50,39500
chacha20-poly1305,2048,51,35500
chacha20-poly1305,2048,52,33300
chacha20-poly1305,2048,53,31800
chacha20-poly1305,2048,54,88300
chacha20-poly1305,2048,55,111700
chacha20-poly1305,2048,56,104900
chacha20-poly1305,2048,57,60800
chacha20-poly1305,2048,58,38500
chacha20-poly1305,2048,59,31700
chacha20-poly1305,2048,60,93500
chacha20-poly1305,2048,61,57200
chacha20-poly1305,2048,62,35400
chacha20-poly1305,2048,63,32100
chacha20-poly1305,2048,64,32400
chacha20-poly1305,2048,65,31900
chacha20-poly1305,2048,66,34400
chacha20-poly1305,2048,67,32700
chacha20-poly1305,2048,68,32100
chacha20-poly1305,2048,69,31700
chacha20-poly1305,2048,70,31800
chacha20-poly1305,2048,71,31500
chacha20-poly1305,2048,72,31800
chacha20-poly1305,2048,73,31800
chacha20-poly1305,2048,74,31500
chacha20-poly1305,2048,75,31700
chacha20-poly1305,2048,76,31700
chacha20-poly1305,2048,77,32000
chacha20-poly1305,2048,78,31900
chacha20-poly1305,2048,79,55800
chacha20-poly1305,2048,80,51700
chacha20-poly1305,2048,81,92500
chacha20-poly1305,2048,82,102900
chacha20-poly1305,2048,83,91300
chacha20-poly1305,2048,84,57000
chacha20-poly1305,2048,85,87800
chacha20-poly1305,2048,86,67000
chacha20-poly1305,2048,87,90800
chacha20-poly1305,2048,88,42500
chacha20-poly1305,2048,89,33600
chacha20-poly1305,2048,90,32500
chacha20-poly1305,2048,91,32200
chacha20-poly1305,2048,92,31700
chacha20-poly1305,2048,93,31600
chacha20-poly1305,2048,94,32300
chacha20-poly1305,2048,95,48900
chacha20-poly1305,2048,96,114000
chacha20-poly1305,2048,97,107000
chacha20-poly1305,2048,98,107200
chacha20-poly1305,2048,99,107200
chacha20-poly1305,2048,100,104100
chacha20-poly1305,2048,101,107800
chacha20-poly1305,2048,102,61800
chacha20-poly1305,2048,103,34900
chacha20-poly1305,2048,104,90700
chacha20-poly1305,2048,105,87500
chacha20-poly1305,2048,106,41100
chacha20-poly1305,2048,107,40300
chacha20-poly1305,2048,108,71600
chacha20-poly1305,2048,109,55700
chacha20-poly1305,2048,110,57200
chacha20-poly1305,2048,111,85100
chacha20-poly1305,2048,112,61100
chacha20-poly1305,2048,113,89700
chacha20-poly1305,2048,114,86000
chacha20-poly1305,2048,115,40300
chacha20-poly1305,2048,116,32400
chacha20-poly1305,2048,117,31400
chacha20-poly1305,2048,118,31100
chacha20-poly1305,2048,119,31000
chacha20-poly1305,2048,120,30900
chacha20-poly1305,2048,121,32000
chacha20-poly1305,2048,122,30800
chacha20-poly1305,2048,123,30800
chacha20-poly1305,2048,124,30600
chacha20-poly1305,2048,125,31100
chacha20-poly1305,2048,126,30600
chacha20-poly1305,2048,127,31100
chacha20-poly1305,2048,128,30300
chacha20-poly1305,2048,129,30800
chacha20-poly1305,2048,130,73100
chacha20-poly1305,2048,131,54000
chacha20-poly1305,2048,132,99700
chacha20-poly1305,2048,133,102100
chacha20-poly1305,2048,134,57900
chacha20-poly1305,2048,135,85300
chacha20-poly1305,2048,136,61300
chacha20-poly1305,2048,137,90700
chacha20-poly1305,2048,138,60000
chacha20-poly1305,2048,139,35600
chacha20-poly1305,2048,140,32000
chacha20-poly1305,2048,141,31600
chacha20-poly1305,2048,142,31300
chacha20-poly1305,2048,143,30800
chacha20-poly1305,2048,144,30700
chacha20-poly1305,2048,145,31700
chacha20-poly1305,2048,146,30600
chacha20-poly1305,2048,147,61700
chacha20-poly1305,2048,148,41300
chacha20-poly1305,2048,149,87600
chacha20-poly1305,2048,150,62500
chacha20-poly1305,2048,151,85200
chacha20-poly1305,2048,152,63400
chacha20-poly1305,2048,153,34200
chacha20-poly1305,2048,154,32300
chacha20-poly1305,2048,155,54800
chacha20-poly1305,2048,156,49000
chacha20-poly1305,2048,157,37300
chacha20-poly1305,2048,158,31500
chacha20-poly1305,2048,159,31200
chacha20-poly1305,2048,160,31400
chacha20-poly1305,2048,161,30700
chacha20-poly1305,2048,162,31700
chacha20-poly1305,2048,163,31200
chacha20-poly1305,2048,164,30700
chacha20-poly1305,2048,165,30600
chacha20-poly1305,2048,166,31000
chacha20-poly1305,2048,167,30600
chacha20-poly1305,2048,168,30800
chacha20-poly1305,2048,169,30900
chacha20-poly1305,2048,170,32100
chacha20-poly1305,2048,171,31600
chacha20-poly1305,2048,172,86900
chacha20-poly1305,2048,173,98200
chacha20-poly1305,2048,174,109600
chacha20-poly1305,2048,175,103800
chacha20-poly1305,2048,176,105800
chacha20-poly1305,2048,177,104900
chacha20-poly1305,2048,178,65700
chacha20-poly1305,2048,179,87000
chacha20-poly1305,2048,180,60700
chacha20-poly1305,2048,181,66000
chacha20-poly1305,2048,182,72400
chacha20-poly1305,2048,183,42200
chacha20-poly1305,2048,184,63500
chacha20-poly1305,2048,185,87400
chacha20-poly1305,2048,186,43500
chacha20-poly1305,2048,187,32400
chacha20-poly1305,2048,188,33500
chacha20-poly1305,2048,189,66700
chacha20-poly1305,2048,190,42400
chacha20-poly1305,2048,191,32000
chacha20-poly1305,2048,192,31000
chacha20-poly1305,2048,193,31100
chacha20-poly1305,2048,194,31500
chacha20-poly1305,2048,195,31200
chacha20-poly1305,2048,196,30800
chacha20-poly1305,2048,197,30800
chacha20-poly1305,2048,198,31400
chacha20-poly1305,2048,199,61900
chacha20-poly1305,2048,200,115800
chacha20-poly1305,2048,201,92100
chacha20-poly1305,2048,202,76700
chacha20-poly1305,2048,203,100000
chacha20-poly1305,2048,204,111100
chacha20-poly1305,2048,205,105100
chacha20-poly1305,2048,206,105300
chacha20-poly1305,2048,207,86900
chacha20-poly1305,2048,208,62400
chacha20-poly1305,2048,209,102700
chacha20-poly1305,2048,210,60400
chacha20-poly1305,2048,211,34900
chacha20-poly1305,2048,212,91200
chacha20-poly1305,2048,213,85000
chacha20-poly1305,2048,214,60900
chacha20-poly1305,2048,215,108900
chacha20-poly1305,2048,216,102100
chacha20-poly1305,2048,217,74400
chacha20-poly1305,2048,218,103500
chacha20-poly1305,2048,219,58800
chacha20-poly1305,2048,220,35200
chacha20-poly1305,2048,221,31900
chacha20-poly1305,2048,222,32000
chacha20-poly1305,2048,223,89600
chacha20-poly1305,2048,224,60400
chacha20-poly1305,2048,225,34600
chacha20-poly1305,2048,226,31900
chacha20-poly1305,2048,227,31000
chacha20-poly1305,2048,228,32000
chacha20-poly1305,2048,229,31200
chacha20-poly1305,2048,230,30800
chacha20-poly1305,2048,231,30700
chacha20-poly1305,2048,232,84800
chacha20-poly1305,2048,233,105400
chacha20-poly1305,2048,234,59800
chacha20-poly1305,2048,235,34800
chacha20-poly1305,2048,236,50000
chacha20-poly1305,2048,237,103000
chacha20-poly1305,2048,238,86600
chacha20-poly1305,2048,239,40200
chacha20-poly1305,2048,240,33900
chacha20-poly1305,2048,241,31600
chacha20-poly1305,2048,242,32000
chacha20-poly1305,2048,243,54700
chacha20-poly1305,2048,244,89400
chacha20-poly1305,2048,245,40500
chacha20-poly1305,2048,246,32400
chacha20-poly1305,2048,247,32600
chacha20-poly1305,2048,248,30900
chacha20-poly1305,2048,249,31200
chacha20-poly1305,2048,250,31000
chacha20-poly1305,2048,251,47900
chacha20-poly1305,2048,252,101600
chacha20-poly1305,2048,253,93300
chacha20-poly1305,2048,254,75900
chacha20-poly1305,2048,255,71800
chacha20-poly1305,2048,256,66300
chacha20-poly1305,2048,257,54000
chacha20-poly1305,2048,258,60500
chacha20-poly1305,2048,259,36100
chacha20-poly1305,2048,260,32000
chacha20-poly1305,2048,261,31000
chacha20-poly1305,2048,262,31200
chacha20-poly1305,2048,263,30500
chacha20-poly1305,2048,264,31300
chacha20-poly1305,2048,265,31300
chacha20-poly1305,2048,266,30400
chacha20-poly1305,2048,267,31000
chacha20-poly1305,2048,268,30700
chacha20-poly1305,2048,269,30500
chacha20-poly1305,2048,270,30900
chacha20-poly1305,2048,271,31100
chacha20-poly1305,2048,272,31600
chacha20-poly1305,2048,273,31500
chacha20-poly1305,2048,274,85600
chacha20-poly1305,2048,275,83400
chacha20-poly1305,2048,276,59500
chacha20-poly1305,2048,277,91400
chacha20-poly1305,2048,278,57900
chacha20-poly1305,2048,279,50100
chacha20-poly1305,2048,280,33700
chacha20-poly1305,2048,281,36500
chacha20-poly1305,2048,282,34000
chacha20-poly1305,2048,283,32900
chacha20-poly1305,2048,284,31800
chacha20-poly1305,2048,285,32500
chacha20-poly1305,2048,286,31600
chacha20-poly1305,2048,287,54900
chacha20-poly1305,2048,288,48400
chacha20-poly1305,2048,289,36500
chacha20-poly1305,2048,290,31600
chacha20-poly1305,2048,291,31100
chacha20-poly1305,2048,292,31100
chacha20-poly1305,2048,293,30300
chacha20-poly1305,2048,294,31600
chacha20-poly1305,2048,295,81500
chacha20-poly1305,2048,296,93700
chacha20-poly1305,2048,297,42000
chacha20-poly1305,2048,298,56700
chacha20-poly1305,2048,299,104100
chacha20-poly1305,2048,300,101800
chacha20-poly1305,2048,301,89900
chacha20-poly1305,2048,302,43900
chacha20-poly1305,2048,303,33500
chacha20-poly1305,2048,304,32600
chacha20-poly1305,2048,305,56400
chacha20-poly1305,2048,306,87300
chacha20-poly1305,2048,307,41500
chacha20-poly1305,2048,308,32200
chacha20-poly1305,2048,309,31200
chacha20-poly1305,2048,310,31200
chacha20-poly1305,2048,311,47600
chacha20-poly1305,2048,312,102800
chacha20-poly1305,2048,313,108500
chacha20-poly1305,2048,314,103200
chacha20-poly1305,2048,315,102700
chacha20-poly1305,2048,316,91400
chacha20-poly1305,2048,317,38100
chacha20-poly1305,2048,318,32500
chacha20-poly1305,2048,319,31900
chacha20-poly1305,2048,320,31300
chacha20-poly1305,2048,321,33700
chacha20-poly1305,2048,322,31400
chacha20-poly1305,2048,323,71600
chacha20-poly1305,2048,324,42300
chacha20-poly1305,2048,325,33700
chacha20-poly1305,2048,326,30900
chacha20-poly1305,2048,327,31000
chacha20-poly1305,2048,328,30900
chacha20-poly1305,2048,329,31100
chacha20-poly1305,2048,330,31600
chacha20-poly1305,2048,331,70800
chacha20-poly1305,2048,332,36800
chacha20-poly1305,2048,333,54900
chacha20-poly1305,2048,334,88700
chacha20-poly1305,2048,335,35200
chacha20-poly1305,2048,336,32700
chacha20-poly1305,2048,337,32100
chacha20-poly1305,2048,338,31300
chacha20-poly1305,2048,339,85300
chacha20-poly1305,2048,340,61000
chacha20-poly1305,2048,341,34600
chacha20-poly1305,2048,342,31700
chacha20-poly1305,2048,343,31600
chacha20-poly1305,2048,344,89300
chacha20-poly1305,2048,345,60700
chacha20-poly1305,2048,346,36200
chacha20-poly1305,2048,347,31700
chacha20-poly1305,2048,348,32500
chacha20-poly1305,2048,349,31900
chacha20-poly1305,2048,350,85300
chacha20-poly1305,2048,351,134600
chacha20-poly1305,2048,352,151400
chacha20-poly1305,2048,353,145300
chacha20-poly1305,2048,354,141900
chacha20-poly1305,2048,355,140000
chacha20-poly1305,2048,356,131800
chacha20-poly1305,2048,357,131500
chacha20-poly1305,2048,358,125200
chacha20-poly1305,2048,359,131500
chacha20-poly1305,2048,360,119300
chacha20-poly1305,2048,361,127200
chacha20-poly1305,2048,362,140200
chacha20-poly1305,2048,363,130600
chacha20-poly1305,2048,364,131200
chacha20-poly1305,2048,365,98200
chacha20-poly1305,2048,366,117300
chacha20-poly1305,2048,367,100000
chacha20-poly1305,2048,368,71800
chacha20-poly1305,2048,369,57400
chacha20-poly1305,2048,370,63300
chacha20-poly1305,2048,371,58300
chacha20-poly1305,2048,372,38900
chacha20-poly1305,2048,373,36200
chacha20-poly1305,2048,374,33800
chacha20-poly1305,2048,375,77000
chacha20-poly1305,2048,376,43100
chacha20-poly1305,2048,377,35000
chacha20-poly1305,2048,378,32600
chacha20-poly1305,2048,379,33500
chacha20-poly1305,2048,380,32000
chacha20-poly1305,2048,381,32400
chacha20-poly1305,2048,382,32300
chacha20-poly1305,2048,383,32300
chacha20-poly1305,2048,384,53400
chacha20-poly1305,2048,385,112800
chacha20-poly1305,2048,386,93500
chacha20-poly1305,2048,387,94500
chacha20-poly1305,2048,388,93200
chacha20-poly1305,2048,389,46800
chacha20-poly1305,2048,390,34100
chacha20-poly1305,2048,391,89700
chacha20-poly1305,2048,392,92200
chacha20-poly1305,2048,393,67900
chacha20-poly1305,2048,394,40200
chacha20-poly1305,2048,395,32300
chacha20-poly1305,2048,396,55200
chacha20-poly1305,2048,397,71800
chacha20-poly1305,2048,398,110600
chacha20-poly1305,2048,399,78300
chacha20-poly1305,2048,400,113200
chacha20-poly1305,2048,401,61500
chacha20-poly1305,2048,402,40700
chacha20-poly1305,2048,403,73100
chacha20-poly1305,2048,404,58800
chacha20-poly1305,2048,405,111100
chacha20-poly1305,2048,406,67000
chacha20-poly1305,2048,407,35700
chacha20-poly1305,2048,408,32700
chacha20-poly1305,2048,409,33000
chacha20-poly1305,2048,410,31900
chacha20-poly1305,2048,411,32900
chacha20-poly1305,2048,412,33100
chacha20-poly1305,2048,413,31900
chacha20-poly1305,2048,414,32300
chacha20-poly1305,2048,415,32500
chacha20-poly1305,2048,416,91200
chacha20-poly1305,2048,417,112600
chacha20-poly1305,2048,418,76300
chacha20-poly1305,2048,419,52300
chacha20-poly1305,2048,420,90000
chacha20-poly1305,2048,421,59900
chacha20-poly1305,2048,422,67300
chacha20-poly1305,2048,423,36600
chacha20-poly1305,2048,424,32900
chacha20-poly1305,2048,425,32300
chacha20-poly1305,2048,426,32200
chacha20-poly1305,2048,427,32500
chacha20-poly1305,2048,428,31800
chacha20-poly1305,2048,429,32600
chacha20-poly1305,2048,430,32800
chacha20-poly1305,2048,431,32000
chacha20-poly1305,2048,432,32100
chacha20-poly1305,2048,433,32200
chacha20-poly1305,2048,434,32100
chacha20-poly1305,2048,435,32200
chacha20-poly1305,2048,436,32300
chacha20-poly1305,2048,437,32300
chacha20-poly1305,2048,438,54500
chacha20-poly1305,2048,439,113600
chacha20-poly1305,2048,440,110600
chacha20-poly1305,2048,441,92800
chacha20-poly1305,2048,442,39300
chacha20-poly1305,2048,443,33600
chacha20-poly1305,2048,444,32500
chacha20-poly1305,2048,445,32900
chacha20-poly1305,2048,446,32500
chacha20-poly1305,2048,447,32500
chacha20-poly1305,2048,448,32300
chacha20-poly1305,2048,449,33200
chacha20-poly1305,2048,450,32400
chacha20-poly1305,2048,451,32400
chacha20-poly1305,2048,452,32000
chacha20-poly1305,2048,453,31900
chacha20-poly1305,2048,454,33300
chacha20-poly1305,2048,455,31900
chacha20-poly1305,2048,456,32300
chacha20-poly1305,2048,457,32300
chacha20-poly1305,2048,458,32000
chacha20-poly1305,2048,459,32200
chacha20-poly1305,2048,460,34700
chacha20-poly1305,2048,461,55400
chacha20-poly1305,2048,462,106300
chacha20-poly1305,2048,463,111500
chacha20-poly1305,2048,464,114700
chacha20-poly1305,2048,465,86900
chacha20-poly1305,2048,466,42400
chacha20-poly1305,2048,467,34200
chacha20-poly1305,2048,468,32300
chacha20-poly1305,2048,469,32500
chacha20-poly1305,2048,470,58700
chacha20-poly1305,2048,471,136500
chacha20-poly1305,2048,472,121700
chacha20-poly1305,2048,473,116200
chacha20-poly1305,2048,474,128600
chacha20-poly1305,2048,475,90600
chacha20-poly1305,2048,476,127100
chacha20-poly1305,2048,477,102300
chacha20-poly1305,2048,478,52800
chacha20-poly1305,2048,479,40400
chacha20-poly1305,2048,480,39400
chacha20-poly1305,2048,481,39000
chacha20-poly1305,2048,482,38100
chacha20-poly1305,2048,483,38800
chacha20-poly1305,2048,484,38400
chacha20-poly1305,2048,485,38400
chacha20-poly1305,2048,486,38600
chacha20-poly1305,2048,487,38400
chacha20-poly1305,2048,488,66000
chacha20-poly1305,2048,489,118700
chacha20-poly1305,2048,490,122900
chacha20-poly1305,2048,491,116600
chacha20-poly1305,2048,492,84000
chacha20-poly1305,2048,493,114000
chacha20-poly1305,2048,494,111500
chacha20-poly1305,2048,495,67500
chacha20-poly1305,2048,496,36600
chacha20-poly1305,2048,497,33400
chacha20-poly1305,2048,498,32600
chacha20-poly1305,2048,499,32600
chacha20-poly1305,2048,500,32500
chacha20-poly1305,2048,501,32300
chacha20-poly1305,2048,502,61400
chacha20-poly1305,2048,503,95600
chacha20-poly1305,2048,504,92500
chacha20-poly1305,2048,505,75300
chacha20-poly1305,2048,506,74700
chacha20-poly1305,2048,507,91300
chacha20-poly1305,2048,508,45500
chacha20-poly1305,2048,509,35300
chacha20-poly1305,2048,510,33100
chacha20-poly1305,2048,511,51400
chacha20-poly1305,2048,512,50300
chacha20-poly1305,2048,513,36700
chacha20-poly1305,2048,514,32900
chacha20-poly1305,2048,515,48500
chacha20-poly1305,2048,516,55800
chacha20-poly1305,2048,517,94500
chacha20-poly1305,2048,518,101200
chacha20-poly1305,2048,519,99200
chacha20-poly1305,2048,520,42500
chacha20-poly1305,2048,521,53600
chacha20-poly1305,2048,522,98700
chacha20-poly1305,2048,523,60600
chacha20-poly1305,2048,524,36800
chacha20-poly1305,2048,525,33000
chacha20-poly1305,2048,526,36000
chacha20-poly1305,2048,527,32200
chacha20-poly1305,2048,528,32600
chacha20-poly1305,2048,529,31900
chacha20-poly1305,2048,530,31800
chacha20-poly1305,2048,531,38500
chacha20-poly1305,2048,532,35800
chacha20-poly1305,2048,533,32600
chacha20-poly1305,2048,534,92100
chacha20-poly1305,2048,535,62800
chacha20-poly1305,2048,536,35200
chacha20-poly1305,2048,537,34700
chacha20-poly1305,2048,538,34100
chacha20-poly1305,2048,539,91200
chacha20-poly1305,2048,540,69000
chacha20-poly1305,2048,541,41400
chacha20-poly1305,2048,542,86900
chacha20-poly1305,2048,543,88700
chacha20-poly1305,2048,544,42500
chacha20-poly1305,2048,545,70300
chacha20-poly1305,2048,546,55300
chacha20-poly1305,2048,547,88700
chacha20-poly1305,2048,548,42100
chacha20-poly1305,2048,549,51900
chacha20-poly1305,2048,550,56600
chacha20-poly1305,2048,551,56300
chacha20-poly1305,2048,552,60500
chacha20-poly1305,2048,553,35800
chacha20-poly1305,2048,554,83900
chacha20-poly1305,2048,555,97600
chacha20-poly1305,2048,556,42900
chacha20-poly1305,2048,557,57300
chacha20-poly1305,2048,558,96300
chacha20-poly1305,2048,559,68800
chacha20-poly1305,2048,560,71500
chacha20-poly1305,2048,561,61200
chacha20-poly1305,2048,562,38800
chacha20-poly1305,2048,563,32200
chacha20-poly1305,2048,564,32300
chacha20-poly1305,2048,565,31900
chacha20-poly1305,2048,566,31700
chacha20-poly1305,2048,567,32000
chacha20-poly1305,2048,568,51000
chacha20-poly1305,2048,569,56700
chacha20-poly1305,2048,570,34700
chacha20-poly1305,2048,571,33100
chacha20-poly1305,2048,572,32200
chacha20-poly1305,2048,573,33200
chacha20-poly1305,2048,574,31800
chacha20-poly1305,2048,575,95700
chacha20-poly1305,2048,576,95000
chacha20-poly1305,2048,577,70400
chacha20-poly1305,2048,578,41400
chacha20-poly1305,2048,579,65800
chacha20-poly1305,2048,580,49200
chacha20-poly1305,2048,581,53900
chacha20-poly1305,2048,582,93500
chacha20-poly1305,2048,583,41300
chacha20-poly1305,2048,584,34200
chacha20-poly1305,2048,585,32700
chacha20-poly1305,2048,586,32500
chacha20-poly1305,2048,587,32500
chacha20-poly1305,2048,588,32600
chacha20-poly1305,2048,589,33200
chacha20-poly1305,2048,590,32100
chacha20-poly1305,2048,591,32500
chacha20-poly1305,2048,592,32500
chacha20-poly1305,2048,593,31900
chacha20-poly1305,2048,594,32100
chacha20-poly1305,2048,595,55900
chacha20-poly1305,2048,596,100600
chacha20-poly1305,2048,597,64800
chacha20-poly1305,2048,598,93400
chacha20-poly1305,2048,599,64400
chacha20-poly1305,2048,600,86800
chacha20-poly1305,2048,601,41800
chacha20-poly1305,2048,602,34700
chacha20-poly1305,2048,603,34700
chacha20-poly1305,2048,604,33300
chacha20-poly1305,2048,605,31600
chacha20-poly1305,2048,606,32000
chacha20-poly1305,2048,607,32400
chacha20-poly1305,2048,608,32200
chacha20-poly1305,2048,609,32600
chacha20-poly1305,2048,610,32300
chacha20-poly1305,2048,611,31800
chacha20-poly1305,2048,612,32500
chacha20-poly1305,2048,613,32300
chacha20-poly1305,2048,614,31900
chacha20-poly1305,2048,615,32200
chacha20-poly1305,2048,616,90900
chacha20-poly1305,2048,617,130500
chacha20-poly1305,2048,618,130100
chacha20-poly1305,2048,619,133000
chacha20-poly1305,2048,620,130200
chacha20-poly1305,2048,621,133800
chacha20-poly1305,2048,622,126600
chacha20-poly1305,2048,623,124300
chacha20-poly1305,2048,624,131800
chacha20-poly1305,2048,625,128100
chacha20-poly1305,2048,626,121500
chacha20-poly1305,2048,627,114100
chacha20-poly1305,2048,628,106000
chacha20-poly1305,2048,629,68200
chacha20-poly1305,2048,630,119700
chacha20-poly1305,2048,631,114600
chacha20-poly1305,2048,632,64700
chacha20-poly1305,2048,633,59000
chacha20-poly1305,2048,634,87500
chacha20-poly1305,2048,635,117100
chacha20-poly1305,2048,636,69000
chacha20-poly1305,2048,637,97000
chacha20-poly1305,2048,638,60400
chacha20-poly1305,2048,639,90600
chacha20-poly1305,2048,640,90600
chacha20-poly1305,2048,641,42600
chacha20-poly1305,2048,642,34200
chacha20-poly1305,2048,643,32900
chacha20-poly1305,2048,644,31700
chacha20-poly1305,2048,645,33100
chacha20-poly1305,2048,646,56900
chacha20-poly1305,2048,647,107500
chacha20-poly1305,2048,648,63400
chacha20-poly1305,2048,649,37700
chacha20-poly1305,2048,650,33300
chacha20-poly1305,2048,651,52900
chacha20-poly1305,2048,652,52000
chacha20-poly1305,2048,653,78800
chacha20-poly1305,2048,654,94800
chacha20-poly1305,2048,655,109000
chacha20-poly1305,2048,656,104200
chacha20-poly1305,2048,657,62700
chacha20-poly1305,2048,658,36100
chacha20-poly1305,2048,659,33900
chacha20-poly1305,2048,660,32400
chacha20-poly1305,2048,661,31400
chacha20-poly1305,2048,662,32300
chacha20-poly1305,2048,663,32900
chacha20-poly1305,2048,664,32300
chacha20-poly1305,2048,665,32200
chacha20-poly1305,2048,666,53100
chacha20-poly1305,2048,667,110400
chacha20-poly1305,2048,668,112300
chacha20-poly1305,2048,669,79600
chacha20-poly1305,2048,670,91400
chacha20-poly1305,2048,671,40900
chacha20-poly1305,2048,672,34700
chacha20-poly1305,2048,673,33100
chacha20-poly1305,2048,674,32800
chacha20-poly1305,2048,675,32600
chacha20-poly1305,2048,676,31700
chacha20-poly1305,2048,677,33300
chacha20-poly1305,2048,678,32400
chacha20-poly1305,2048,679,31600
chacha20-poly1305,2048,680,31900
chacha20-poly1305,2048,681,32300
chacha20-poly1305,2048,682,32400
chacha20-poly1305,2048,683,32300
chacha20-poly1305,2048,684,32100
chacha20-poly1305,2048,685,32400
chacha20-poly1305,2048,686,31800
chacha20-poly1305,2048,687,32400
chacha20-poly1305,2048,688,32600
chacha20-poly1305,2048,689,51900
chacha20-poly1305,2048,690,108800
chacha20-poly1305,2048,691,111100
chacha20-poly1305,2048,692,58000
chacha20-poly1305,2048,693,70800
chacha20-poly1305,2048,694,56900
chacha20-poly1305,2048,695,51600
chacha20-poly1305,2048,696,33500
chacha20-poly1305,2048,697,32600
chacha20-poly1305,2048,698,32100
chacha20-poly1305,2048,699,33200
chacha20-poly1305,2048,700,32300
chacha20-poly1305,2048,701,32500
chacha20-poly1305,2048,702,32300
chacha20-poly1305,2048,703,32300
chacha20-poly1305,2048,704,33900
chacha20-poly1305,2048,705,32400
chacha20-poly1305,2048,706,32400
chacha20-poly1305,2048,707,32000
chacha20-poly1305,2048,708,32200
chacha20-poly1305,2048,709,54200
chacha20-poly1305,2048,710,112800
chacha20-poly1305,2048,711,63800
chacha20-poly1305,2048,712,90900
chacha20-poly1305,2048,713,90500
chacha20-poly1305,2048,714,95600
chacha20-poly1305,2048,715,89100
chacha20-poly1305,2048,716,43700
chacha20-poly1305,2048,717,34700
chacha20-poly1305,2048,718,32700
chacha20-poly1305,2048,719,32400
chacha20-poly1305,2048,720,32100
chacha20-poly1305,2048,721,31400
chacha20-poly1305,2048,722,32100
chacha20-poly1305,2048,723,32000
chacha20-poly1305,2048,724,32400
chacha20-poly1305,2048,725,32600
chacha20-poly1305,2048,726,32100
chacha20-poly1305,2048,727,32400
chacha20-poly1305,2048,728,56100
chacha20-poly1305,2048,729,106600
chacha20-poly1305,2048,730,94700
chacha20-poly1305,2048,731,62300
chacha20-poly1305,2048,732,85800
chacha20-poly1305,2048,733,58400
chacha20-poly1305,2048,734,34500
chacha20-poly1305,2048,735,33700
chacha20-poly1305,2048,736,32600
chacha20-poly1305,2048,737,32300
chacha20-poly1305,2048,738,32400
chacha20-poly1305,2048,739,32900
chacha20-poly1305,2048,740,31000
chacha20-poly1305,2048,741,153900
chacha20-poly1305,2048,742,192500
chacha20-poly1305,2048,743,137000
chacha20-poly1305,2048,744,104600
chacha20-poly1305,2048,745,90800
chacha20-poly1305,2048,746,78500
chacha20-poly1305,2048,747,118900
chacha20-poly1305,2048,748,118400
chacha20-poly1305,2048,749,64200
chacha20-poly1305,2048,750,73200
chacha20-poly1305,2048,751,133200
chacha20-poly1305,2048,752,83800
chacha20-poly1305,2048,753,69600
chacha20-poly1305,2048,754,65800
chacha20-poly1305,2048,755,41700
chacha20-poly1305,2048,756,38900
chacha20-poly1305,2048,757,75900
chacha20-poly1305,2048,758,41300
chacha20-poly1305,2048,759,35100
chacha20-poly1305,2048,760,33600
chacha20-poly1305,2048,761,62900
chacha20-poly1305,2048,762,61900
chacha20-poly1305,2048,763,34900
chacha20-poly1305,2048,764,34800
chacha20-poly1305,2048,765,78900
chacha20-poly1305,2048,766,114900
chacha20-poly1305,2048,767,108600
chacha20-poly1305,2048,768,72000
chacha20-poly1305,2048,769,40700
chacha20-poly1305,2048,770,53100
chacha20-poly1305,2048,771,105900
chacha20-poly1305,2048,772,61100
chacha20-poly1305,2048,773,100900
chacha20-poly1305,2048,774,117200
chacha20-poly1305,2048,775,111100
chacha20-poly1305,2048,776,104300
chacha20-poly1305,2048,777,61800
chacha20-poly1305,2048,778,94400
chacha20-poly1305,2048,779,70900
chacha20-poly1305,2048,780,42900
chacha20-poly1305,2048,781,90700
chacha20-poly1305,2048,782,113300
chacha20-poly1305,2048,783,108000
chacha20-poly1305,2048,784,93200
chacha20-poly1305,2048,785,57800
chacha20-poly1305,2048,786,102300
chacha20-poly1305,2048,787,65700
chacha20-poly1305,2048,788,35700
chacha20-poly1305,2048,789,33600
chacha20-poly1305,2048,790,32500
chacha20-poly1305,2048,791,32100
chacha20-poly1305,2048,792,32200
chacha20-poly1305,2048,793,33000
chacha20-poly1305,2048,794,32100
chacha20-poly1305,2048,795,33700
chacha20-poly1305,2048,796,32600
chacha20-poly1305,2048,797,32300
chacha20-poly1305,2048,798,51900
chacha20-poly1305,2048,799,106000
chacha20-poly1305,2048,800,107100
chacha20-poly1305,2048,801,59300
chacha20-poly1305,2048,802,94400
chacha20-poly1305,2048,803,89500
chacha20-poly1305,2048,804,40500
chacha20-poly1305,2048,805,34500
chacha20-poly1305,2048,806,32800
chacha20-poly1305,2048,807,32700
chacha20-poly1305,2048,808,32900
chacha20-poly1305,2048,809,33000
chacha20-poly1305,2048,810,55400
chacha20-poly1305,2048,811,92300
chacha20-poly1305,2048,812,42400
chacha20-poly1305,2048,813,33700
chacha20-poly1305,2048,814,32600
chacha20-poly1305,2048,815,32800
chacha20-poly1305,2048,816,32600
chacha20-poly1305,2048,817,33000
chacha20-poly1305,2048,818,32200
chacha20-poly1305,2048,819,32500
chacha20-poly1305,2048,820,33200
chacha20-poly1305,2048,821,31900
chacha20-poly1305,2048,822,32600
chacha20-poly1305,2048,823,32200
chacha20-poly1305,2048,824,102500
chacha20-poly1305,2048,825,138600
chacha20-poly1305,2048,826,117900
chacha20-poly1305,2048,827,66500
chacha20-poly1305,2048,828,111400
chacha20-poly1305,2048,829,90700
chacha20-poly1305,2048,830,44700
chacha20-poly1305,2048,831,36000
chacha20-poly1305,2048,832,33000
chacha20-poly1305,2048,833,85700
chacha20-poly1305,2048,834,107100
chacha20-poly1305,2048,835,61800
chacha20-poly1305,2048,836,90800
chacha20-poly1305,2048,837,105700
chacha20-poly1305,2048,838,85900
chacha20-poly1305,2048,839,41900
chacha20-poly1305,2048,840,54200
chacha20-poly1305,2048,841,61400
chacha20-poly1305,2048,842,35600
chacha20-poly1305,2048,843,32900
chacha20-poly1305,2048,844,33000
chacha20-poly1305,2048,845,32000
chacha20-poly1305,2048,846,31700
chacha20-poly1305,2048,847,32000
chacha20-poly1305,2048,848,32100
chacha20-poly1305,2048,849,32000
chacha20-poly1305,2048,850,32400
chacha20-poly1305,2048,851,81700
chacha20-poly1305,2048,852,117800
chacha20-poly1305,2048,853,68800
chacha20-poly1305,2048,854,37600
chacha20-poly1305,2048,855,67600
chacha20-poly1305,2048,856,75300
chacha20-poly1305,2048,857,42600
chacha20-poly1305,2048,858,35600
chacha20-poly1305,2048,859,32500
chacha20-poly1305,2048,860,31400
chacha20-poly1305,2048,861,31800
chacha20-poly1305,2048,862,32200
chacha20-poly1305,2048,863,32600
chacha20-poly1305,2048,864,32000
chacha20-poly1305,2048,865,32600
chacha20-poly1305,2048,866,31400
chacha20-poly1305,2048,867,31900
chacha20-poly1305,2048,868,31900
chacha20-poly1305,2048,869,31300
chacha20-poly1305,2048,870,31800
chacha20-poly1305,2048,871,31600
chacha20-poly1305,2048,872,32000
chacha20-poly1305,2048,873,31700
chacha20-poly1305,2048,874,55100
chacha20-poly1305,2048,875,54500
chacha20-poly1305,2048,876,53200
chacha20-poly1305,2048,877,59600
chacha20-poly1305,2048,878,34700
chacha20-poly1305,2048,879,33300
chacha20-poly1305,2048,880,86300
chacha20-poly1305,2048,881,58500
chacha20-poly1305,2048,882,86600
chacha20-poly1305,2048,883,76900
chacha20-poly1305,2048,884,59800
chacha20-poly1305,2048,885,35100
chacha20-poly1305,2048,886,33800
chacha20-poly1305,2048,887,31800
chacha20-poly1305,2048,888,31800
chacha20-poly1305,2048,889,32600
chacha20-poly1305,2048,890,31600
chacha20-poly1305,2048,891,31600
chacha20-poly1305,2048,892,31800
chacha20-poly1305,2048,893,31200
chacha20-poly1305,2048,894,31600
chacha20-poly1305,2048,895,89300
chacha20-poly1305,2048,896,93300
chacha20-poly1305,2048,897,42700
chacha20-poly1305,2048,898,53500
chacha20-poly1305,2048,899,109300
chacha20-poly1305,2048,900,87400
chacha20-poly1305,2048,901,38500
chacha20-poly1305,2048,902,33200
chacha20-poly1305,2048,903,32000
chacha20-poly1305,2048,904,32800
chacha20-poly1305,2048,905,31800
chacha20-poly1305,2048,906,31800
chacha20-poly1305,2048,907,32000
chacha20-poly1305,2048,908,31800
chacha20-poly1305,2048,909,31600
chacha20-poly1305,2048,910,31900
chacha20-poly1305,2048,911,31100
chacha20-poly1305,2048,912,31800
chacha20-poly1305,2048,913,31600
chacha20-poly1305,2048,914,31500
chacha20-poly1305,2048,915,37900
chacha20-poly1305,2048,916,35200
chacha20-poly1305,2048,917,90700
chacha20-poly1305,2048,918,92000
chacha20-poly1305,2048,919,44600
chacha20-poly1305,2048,920,34900
chacha20-poly1305,2048,921,34400
chacha20-poly1305,2048,922,73200
chacha20-poly1305,2048,923,54000
chacha20-poly1305,2048,924,60300
chacha20-poly1305,2048,925,35600
chacha20-poly1305,2048,926,32200
chacha20-poly1305,2048,927,31800
chacha20-poly1305,2048,928,32500
chacha20-poly1305,2048,929,31500
chacha20-poly1305,2048,930,31700
chacha20-poly1305,2048,931,32900
chacha20-poly1305,2048,932,92200
chacha20-poly1305,2048,933,61900
chacha20-poly1305,2048,934,36400
chacha20-poly1305,2048,935,32400
chacha20-poly1305,2048,936,32100
chacha20-poly1305,2048,937,31800
chacha20-poly1305,2048,938,52100
chacha20-poly1305,2048,939,54200
chacha20-poly1305,2048,940,36700
chacha20-poly1305,2048,941,34900
chacha20-poly1305,2048,942,34900
chacha20-poly1305,2048,943,33700
chacha20-poly1305,2048,944,86300
chacha20-poly1305,2048,945,86300
chacha20-poly1305,2048,946,42100
chacha20-poly1305,2048,947,59400
chacha20-poly1305,2048,948,87600
chacha20-poly1305,2048,949,43600
chacha20-poly1305,2048,950,34400
chacha20-poly1305,2048,951,43700
chacha20-poly1305,2048,952,32400
chacha20-poly1305,2048,953,31800
chacha20-poly1305,2048,954,31800
chacha20-poly1305,2048,955,32500
chacha20-poly1305,2048,956,31600
chacha20-poly1305,2048,957,31800
chacha20-poly1305,2048,958,31700
chacha20-poly1305,2048,959,34200
chacha20-poly1305,2048,960,78200
chacha20-poly1305,2048,961,35800
chacha20-poly1305,2048,962,32200
chacha20-poly1305,2048,963,31400
chacha20-poly1305,2048,964,39500
chacha20-poly1305,2048,965,33800
chacha20-poly1305,2048,966,32200
chacha20-poly1305,2048,967,56400
chacha20-poly1305,2048,968,102000
chacha20-poly1305,2048,969,88500
chacha20-poly1305,2048,970,64000
chacha20-poly1305,2048,971,59600
chacha20-poly1305,2048,972,35600
chacha20-poly1305,2048,973,33300
chacha20-poly1305,2048,974,31800
chacha20-poly1305,2048,975,31900
chacha20-poly1305,2048,976,32000
chacha20-poly1305,2048,977,31500
chacha20-poly1305,2048,978,31700
chacha20-poly1305,2048,979,31500
chacha20-poly1305,2048,980,31800
chacha20-poly1305,2048,981,33200
chacha20-poly1305,2048,982,33700
chacha20-poly1305,2048,983,67500
chacha20-poly1305,2048,984,63400
chacha20-poly1305,2048,985,90300
chacha20-poly1305,2048,986,41300
chacha20-poly1305,2048,987,33900
chacha20-poly1305,2048,988,33400
chacha20-poly1305,2048,989,52200
chacha20-poly1305,2048,990,82700
chacha20-poly1305,2048,991,65100
chacha20-poly1305,2048,992,88800
chacha20-poly1305,2048,993,42900
chacha20-poly1305,2048,994,52000
chacha20-poly1305,2048,995,104200
chacha20-poly1305,2048,996,61900
chacha20-poly1305,2048,997,35900
chacha20-poly1305,2048,998,38700
chacha20-poly1305,2048,999,107500
chacha20-poly1305,2048,1000,93900
chacha20-poly1305,2048,1001,43600
chacha20-poly1305,2048,1002,54800
chacha20-poly1305,2048,1003,62200
chacha20-poly1305,2048,1004,49300
chacha20-poly1305,2048,1005,33300
chacha20-poly1305,2048,1006,33000
chacha20-poly1305,2048,1007,31700
chacha20-poly1305,2048,1008,32100
chacha20-poly1305,2048,1009,32500
chacha20-poly1305,2048,1010,31500
chacha20-poly1305,2048,1011,31900
chacha20-poly1305,2048,1012,32700
chacha20-poly1305,2048,1013,31800
chacha20-poly1305,2048,1014,32400
chacha20-poly1305,2048,1015,32200
chacha20-poly1305,2048,1016,32400
chacha20-poly1305,2048,1017,31900
chacha20-poly1305,2048,1018,32300
chacha20-poly1305,2048,1019,31900
chacha20-poly1305,2048,1020,90200
chacha20-poly1305,2048,1021,86900
chacha20-poly1305,2048,1022,42100
chacha20-poly1305,2048,1023,40700
chacha20-poly1305,2048,1024,33000
chacha20-poly1305,2048,1025,32400
chacha20-poly1305,2048,1026,32100
chacha20-poly1305,2048,1027,32500
chacha20-poly1305,2048,1028,32300
chacha20-poly1305,2048,1029,31200
chacha20-poly1305,2048,1030,32500
chacha20-poly1305,2048,1031,32200
chacha20-poly1305,2048,1032,32300
chacha20-poly1305,2048,1033,31700
chacha20-poly1305,2048,1034,32200
chacha20-poly1305,2048,1035,31900
chacha20-poly1305,2048,1036,32300
chacha20-poly1305,2048,1037,31800
chacha20-poly1305,2048,1038,32400
chacha20-poly1305,2048,1039,32400
chacha20-poly1305,2048,1040,126800
chacha20-poly1305,2048,1041,116700
chacha20-poly1305,2048,1042,73600
chacha20-poly1305,2048,1043,96500
chacha20-poly1305,2048,1044,124100
chacha20-poly1305,2048,1045,109400
chacha20-poly1305,2048,1046,110000
chacha20-poly1305,2048,1047,61300
chacha20-poly1305,2048,1048,94300
chacha20-poly1305,2048,1049,103900
chacha20-poly1305,2048,1050,119400
chacha20-poly1305,2048,1051,61600
chacha20-poly1305,2048,1052,36800
chacha20-poly1305,2048,1053,33700
chacha20-poly1305,2048,1054,90300
chacha20-poly1305,2048,1055,110100
chacha20-poly1305,2048,1056,93000
chacha20-poly1305,2048,1057,62300
chacha20-poly1305,2048,1058,103400
chacha20-poly1305,2048,1059,59400
chacha20-poly1305,2048,1060,35600
chacha20-poly1305,2048,1061,32900
chacha20-poly1305,2048,1062,31800
chacha20-poly1305,2048,1063,32600
chacha20-poly1305,2048,1064,32300
chacha20-poly1305,2048,1065,32100
chacha20-poly1305,2048,1066,31900
chacha20-poly1305,2048,1067,31800
chacha20-poly1305,2048,1068,32800
chacha20-poly1305,2048,1069,31900
chacha20-poly1305,2048,1070,32400
chacha20-poly1305,2048,1071,32100
chacha20-poly1305,2048,1072,32200
chacha20-poly1305,2048,1073,31800
chacha20-poly1305,2048,1074,32300
chacha20-poly1305,2048,1075,32300
chacha20-poly1305,2048,1076,69500
chacha20-poly1305,2048,1077,72900
chacha20-poly1305,2048,1078,90100
chacha20-poly1305,2048,1079,57500
chacha20-poly1305,2048,1080,89400
chacha20-poly1305,2048,1081,86700
chacha20-poly1305,2048,1082,41500
chacha20-poly1305,2048,1083,34100
chacha20-poly1305,2048,1084,33700
chacha20-poly1305,2048,1085,32200
chacha20-poly1305,2048,1086,34900
chacha20-poly1305,2048,1087,32900
chacha20-poly1305,2048,1088,32000
chacha20-poly1305,2048,1089,32200
chacha20-poly1305,2048,1090,54900
chacha20-poly1305,2048,1091,90100
chacha20-poly1305,2048,1092,43500
chacha20-poly1305,2048,1093,51900
chacha20-poly1305,2048,1094,111600
chacha20-poly1305,2048,1095,95700
chacha20-poly1305,2048,1096,42500
chacha20-poly1305,2048,1097,57900
chacha20-poly1305,2048,1098,104500
chacha20-poly1305,2048,1099,73600
chacha20-poly1305,2048,1100,49800
chacha20-poly1305,2048,1101,35700
chacha20-poly1305,2048,1102,33000
chacha20-poly1305,2048,1103,33300
chacha20-poly1305,2048,1104,69000
chacha20-poly1305,2048,1105,42100
chacha20-poly1305,2048,1106,72000
chacha20-poly1305,2048,1107,35300
chacha20-poly1305,2048,1108,60300
chacha20-poly1305,2048,1109,99100
chacha20-poly1305,2048,1110,59100
chacha20-poly1305,2048,1111,76000
chacha20-poly1305,2048,1112,69400
chacha20-poly1305,2048,1113,42700
chacha20-poly1305,2048,1114,34100
chacha20-poly1305,2048,1115,32500
chacha20-poly1305,2048,1116,90800
chacha20-poly1305,2048,1117,62300
chacha20-poly1305,2048,1118,86800
chacha20-poly1305,2048,1119,89000
chacha20-poly1305,2048,1120,42400
chacha20-poly1305,2048,1121,33400
chacha20-poly1305,2048,1122,32700
chacha20-poly1305,2048,1123,32600
chacha20-poly1305,2048,1124,32700
chacha20-poly1305,2048,1125,31600
chacha20-poly1305,2048,1126,31700
chacha20-poly1305,2048,1127,31300
chacha20-poly1305,2048,1128,31400
chacha20-poly1305,2048,1129,40600
chacha20-poly1305,2048,1130,35400
chacha20-poly1305,2048,1131,32400
chacha20-poly1305,2048,1132,31700
chacha20-poly1305,2048,1133,31800
chacha20-poly1305,2048,1134,31600
chacha20-poly1305,2048,1135,32100
chacha20-poly1305,2048,1136,37300
chacha20-poly1305,2048,1137,84800
chacha20-poly1305,2048,1138,101000
chacha20-poly1305,2048,1139,57700
chacha20-poly1305,2048,1140,96500
chacha20-poly1305,2048,1141,59800
chacha20-poly1305,2048,1142,35900
chacha20-poly1305,2048,1143,33400
chacha20-poly1305,2048,1144,85200
chacha20-poly1305,2048,1145,60100
chacha20-poly1305,2048,1146,35000
chacha20-poly1305,2048,1147,33600
chacha20-poly1305,2048,1148,31600
chacha20-poly1305,2048,1149,32700
chacha20-poly1305,2048,1150,73300
chacha20-poly1305,2048,1151,43400
chacha20-poly1305,2048,1152,33300
chacha20-poly1305,2048,1153,32900
chacha20-poly1305,2048,1154,95400
chacha20-poly1305,2048,1155,81600
chacha20-poly1305,2048,1156,104800
chacha20-poly1305,2048,1157,93000
chacha20-poly1305,2048,1158,62400
chacha20-poly1305,2048,1159,97600
chacha20-poly1305,2048,1160,42500
chacha20-poly1305,2048,1161,53400
chacha20-poly1305,2048,1162,60600
chacha20-poly1305,2048,1163,34400
chacha20-poly1305,2048,1164,37700
chacha20-poly1305,2048,1165,37200
chacha20-poly1305,2048,1166,89200
chacha20-poly1305,2048,1167,110300
chacha20-poly1305,2048,1168,107400
chacha20-poly1305,2048,1169,92000
chacha20-poly1305,2048,1170,93100
chacha20-poly1305,2048,1171,106600
chacha20-poly1305,2048,1172,97000
chacha20-poly1305,2048,1173,87500
chacha20-poly1305,2048,1174,90300
chacha20-poly1305,2048,1175,42500
chacha20-poly1305,2048,1176,34000
chacha20-poly1305,2048,1177,55900
chacha20-poly1305,2048,1178,102000
chacha20-poly1305,2048,1179,106900
chacha20-poly1305,2048,1180,111300
chacha20-poly1305,2048,1181,106600
chacha20-poly1305,2048,1182,64200
chacha20-poly1305,2048,1183,36100
chacha20-poly1305,2048,1184,32900
chacha20-poly1305,2048,1185,32400
chacha20-poly1305,2048,1186,32700
chacha20-poly1305,2048,1187,32700
chacha20-poly1305,2048,1188,74800
chacha20-poly1305,2048,1189,45200
chacha20-poly1305,2048,1190,34400
chacha20-poly1305,2048,1191,32000
chacha20-poly1305,2048,1192,32300
chacha20-poly1305,2048,1193,31400
chacha20-poly1305,2048,1194,32300
chacha20-poly1305,2048,1195,33400
chacha20-poly1305,2048,1196,53200
chacha20-poly1305,2048,1197,59600
chacha20-poly1305,2048,1198,38300
chacha20-poly1305,2048,1199,90300
chacha20-poly1305,2048,1200,88300
chacha20-poly1305,2048,1201,72000
chacha20-poly1305,2048,1202,41900
chacha20-poly1305,2048,1203,71200
chacha20-poly1305,2048,1204,43200
chacha20-poly1305,2048,1205,34200
chacha20-poly1305,2048,1206,32200
chacha20-poly1305,2048,1207,32300
chacha20-poly1305,2048,1208,31800
chacha20-poly1305,2048,1209,32000
chacha20-poly1305,2048,1210,32300
chacha20-poly1305,2048,1211,31400
chacha20-poly1305,2048,1212,32300
chacha20-poly1305,2048,1213,31800
chacha20-poly1305,2048,1214,33100
chacha20-poly1305,2048,1215,32000
chacha20-poly1305,2048,1216,31900
chacha20-poly1305,2048,1217,49500
chacha20-poly1305,2048,1218,104500
chacha20-poly1305,2048,1219,108000
chacha20-poly1305,2048,1220,111300
chacha20-poly1305,2048,1221,60200
chacha20-poly1305,2048,1222,72500
chacha20-poly1305,2048,1223,42100
chacha20-poly1305,2048,1224,34100
chacha20-poly1305,2048,1225,33400
chacha20-poly1305,2048,1226,31900
chacha20-poly1305,2048,1227,31700
chacha20-poly1305,2048,1228,32700
chacha20-poly1305,2048,1229,31400
chacha20-poly1305,2048,1230,31800
chacha20-poly1305,2048,1231,31600
chacha20-poly1305,2048,1232,31800
chacha20-poly1305,2048,1233,31700
chacha20-poly1305,2048,1234,31800
chacha20-poly1305,2048,1235,31700
chacha20-poly1305,2048,1236,31500
chacha20-poly1305,2048,1237,31900
chacha20-poly1305,2048,1238,33100
chacha20-poly1305,2048,1239,90200
chacha20-poly1305,2048,1240,110000
chacha20-poly1305,2048,1241,109700
chacha20-poly1305,2048,1242,61300
chacha20-poly1305,2048,1243,92400
chacha20-poly1305,2048,1244,104200
chacha20-poly1305,2048,1245,109300
chacha20-poly1305,2048,1246,82300
chacha20-poly1305,2048,1247,58800
chacha20-poly1305,2048,1248,35800
chacha20-poly1305,2048,1249,32600
chacha20-poly1305,2048,1250,32200
chacha20-poly1305,2048,1251,32400
chacha20-poly1305,2048,1252,36000
chacha20-poly1305,2048,1253,95500
chacha20-poly1305,2048,1254,108300
chacha20-poly1305,2048,1255,116300
chacha20-poly1305,2048,1256,90900
chacha20-poly1305,2048,1257,95500
chacha20-poly1305,2048,1258,42300
chacha20-poly1305,2048,1259,33500
chacha20-poly1305,2048,1260,32400
chacha20-poly1305,2048,1261,31900
chacha20-poly1305,2048,1262,32300
chacha20-poly1305,2048,1263,39000
chacha20-poly1305,2048,1264,33800
chacha20-poly1305,2048,1265,32000
chacha20-poly1305,2048,1266,32500
chacha20-poly1305,2048,1267,32500
chacha20-poly1305,2048,1268,32200
chacha20-poly1305,2048,1269,31700
chacha20-poly1305,2048,1270,32600
chacha20-poly1305,2048,1271,51700
chacha20-poly1305,2048,1272,108600
chacha20-poly1305,2048,1273,67100
chacha20-poly1305,2048,1274,35200
chacha20-poly1305,2048,1275,33800
chacha20-poly1305,2048,1276,70900
chacha20-poly1305,2048,1277,90000
chacha20-poly1305,2048,1278,118600
chacha20-poly1305,2048,1279,94900
chacha20-poly1305,2048,1280,89800
chacha20-poly1305,2048,1281,113600
chacha20-poly1305,2048,1282,97300
chacha20-poly1305,2048,1283,113300
chacha20-poly1305,2048,1284,116800
chacha20-poly1305,2048,1285,67100
chacha20-poly1305,2048,1286,95500
chacha20-poly1305,2048,1287,72700
chacha20-poly1305,2048,1288,37600
chacha20-poly1305,2048,1289,54300
chacha20-poly1305,2048,1290,113100
chacha20-poly1305,2048,1291,109200
chacha20-poly1305,2048,1292,73700
chacha20-poly1305,2048,1293,105800
chacha20-poly1305,2048,1294,106000
chacha20-poly1305,2048,1295,113300
chacha20-poly1305,2048,1296,116600
chacha20-poly1305,2048,1297,112800
chacha20-poly1305,2048,1298,107200
chacha20-poly1305,2048,1299,58800
chacha20-poly1305,2048,1300,73400
chacha20-poly1305,2048,1301,64400
chacha20-poly1305,2048,1302,36700
chacha20-poly1305,2048,1303,33100
chacha20-poly1305,2048,1304,32700
chacha20-poly1305,2048,1305,37400
chacha20-poly1305,2048,1306,32500
chacha20-poly1305,2048,1307,31800
chacha20-poly1305,2048,1308,31500
chacha20-poly1305,2048,1309,31800
chacha20-poly1305,2048,1310,31400
chacha20-poly1305,2048,1311,87500
chacha20-poly1305,2048,1312,96000
chacha20-poly1305,2048,1313,41700
chacha20-poly1305,2048,1314,34300
chacha20-poly1305,2048,1315,31900
chacha20-poly1305,2048,1316,31700
chacha20-poly1305,2048,1317,67000
chacha20-poly1305,2048,1318,92000
chacha20-poly1305,2048,1319,66300
chacha20-poly1305,2048,1320,36700
chacha20-poly1305,2048,1321,32300
chacha20-poly1305,2048,1322,32000
chacha20-poly1305,2048,1323,32100
chacha20-poly1305,2048,1324,32100
chacha20-poly1305,2048,1325,31300
chacha20-poly1305,2048,1326,31500
chacha20-poly1305,2048,1327,32400
chacha20-poly1305,2048,1328,31500
chacha20-poly1305,2048,1329,32000
chacha20-poly1305,2048,1330,32100
chacha20-poly1305,2048,1331,31800
chacha20-poly1305,2048,1332,31700
chacha20-poly1305,2048,1333,49300
chacha20-poly1305,2048,1334,101900
chacha20-poly1305,2048,1335,62700
chacha20-poly1305,2048,1336,36100
chacha20-poly1305,2048,1337,32300
chacha20-poly1305,2048,1338,39000
chacha20-poly1305,2048,1339,91200
chacha20-poly1305,2048,1340,88200
chacha20-poly1305,2048,1341,39900
chacha20-poly1305,2048,1342,33400
chacha20-poly1305,2048,1343,31600
chacha20-poly1305,2048,1344,32400
chacha20-poly1305,2048,1345,32500
chacha20-poly1305,2048,1346,32200
chacha20-poly1305,2048,1347,32100
chacha20-poly1305,2048,1348,31800
chacha20-poly1305,2048,1349,31700
chacha20-poly1305,2048,1350,31800
chacha20-poly1305,2048,1351,31900
chacha20-poly1305,2048,1352,31400
chacha20-poly1305,2048,1353,31400
chacha20-poly1305,2048,1354,32100
chacha20-poly1305,2048,1355,31600
chacha20-poly1305,2048,1356,32100
chacha20-poly1305,2048,1357,32100
chacha20-poly1305,2048,1358,31600
chacha20-poly1305,2048,1359,31600
chacha20-poly1305,2048,1360,31900
chacha20-poly1305,2048,1361,31400
chacha20-poly1305,2048,1362,31600
chacha20-poly1305,2048,1363,32100
chacha20-poly1305,2048,1364,31600
chacha20-poly1305,2048,1365,32400
chacha20-poly1305,2048,1366,31700
chacha20-poly1305,2048,1367,31900
chacha20-poly1305,2048,1368,32500
chacha20-poly1305,2048,1369,32000
chacha20-poly1305,2048,1370,31400
chacha20-poly1305,2048,1371,31300
chacha20-poly1305,2048,1372,31900
chacha20-poly1305,2048,1373,31100
chacha20-poly1305,2048,1374,31700
chacha20-poly1305,2048,1375,31800
chacha20-poly1305,2048,1376,31600
chacha20-poly1305,2048,1377,31600
chacha20-poly1305,2048,1378,32000
chacha20-poly1305,2048,1379,31500
chacha20-poly1305,2048,1380,31500
chacha20-poly1305,2048,1381,31800
chacha20-poly1305,2048,1382,31400
chacha20-poly1305,2048,1383,31600
chacha20-poly1305,2048,1384,31700
chacha20-poly1305,2048,1385,31800
chacha20-poly1305,2048,1386,31500
chacha20-poly1305,2048,1387,31900
chacha20-poly1305,2048,1388,31500
chacha20-poly1305,2048,1389,31600
chacha20-poly1305,2048,1390,31900
chacha20-poly1305,2048,1391,31100
chacha20-poly1305,2048,1392,32000
chacha20-poly1305,2048,1393,31600
chacha20-poly1305,2048,1394,31600
chacha20-poly1305,2048,1395,31600
chacha20-poly1305,2048,1396,31900
chacha20-poly1305,2048,1397,73600
chacha20-poly1305,2048,1398,126000
chacha20-poly1305,2048,1399,109300
chacha20-poly1305,2048,1400,64900
chacha20-poly1305,2048,1401,65100
chacha20-poly1305,2048,1402,52200
chacha20-poly1305,2048,1403,33900
chacha20-poly1305,2048,1404,32400
chacha20-poly1305,2048,1405,34400
chacha20-poly1305,2048,1406,31300
chacha20-poly1305,2048,1407,32300
chacha20-poly1305,2048,1408,32000
chacha20-poly1305,2048,1409,170600
chacha20-poly1305,2048,1410,148100
chacha20-poly1305,2048,1411,109200
chacha20-poly1305,2048,1412,106300
chacha20-poly1305,2048,1413,111000
chacha20-poly1305,2048,1414,82700
chacha20-poly1305,2048,1415,58400
chacha20-poly1305,2048,1416,52000
chacha20-poly1305,2048,1417,51000
chacha20-poly1305,2048,1418,33300
chacha20-poly1305,2048,1419,32700
chacha20-poly1305,2048,1420,32100
chacha20-poly1305,2048,1421,84800
chacha20-poly1305,2048,1422,91500
chacha20-poly1305,2048,1423,76100
chacha20-poly1305,2048,1424,62700
chacha20-poly1305,2048,1425,105800
chacha20-poly1305,2048,1426,88500
chacha20-poly1305,2048,1427,37600
chacha20-poly1305,2048,1428,33100
chacha20-poly1305,2048,1429,32200
chacha20-poly1305,2048,1430,32000
chacha20-poly1305,2048,1431,31700
chacha20-poly1305,2048,1432,34200
chacha20-poly1305,2048,1433,31500
chacha20-poly1305,2048,1434,32600
chacha20-poly1305,2048,1435,32800
chacha20-poly1305,2048,1436,31400
chacha20-poly1305,2048,1437,32000
chacha20-poly1305,2048,1438,31500
chacha20-poly1305,2048,1439,31600
chacha20-poly1305,2048,1440,31600
chacha20-poly1305,2048,1441,32000
chacha20-poly1305,2048,1442,37700
chacha20-poly1305,2048,1443,68600
chacha20-poly1305,2048,1444,70600
chacha20-poly1305,2048,1445,41400
chacha20-poly1305,2048,1446,33900
chacha20-poly1305,2048,1447,54200
chacha20-poly1305,2048,1448,104900
chacha20-poly1305,2048,1449,59700
chacha20-poly1305,2048,1450,36100
chacha20-poly1305,2048,1451,32800
chacha20-poly1305,2048,1452,31900
chacha20-poly1305,2048,1453,32300
chacha20-poly1305,2048,1454,31500
chacha20-poly1305,2048,1455,31700
chacha20-poly1305,2048,1456,31500
chacha20-poly1305,2048,1457,31900
chacha20-poly1305,2048,1458,32300
chacha20-poly1305,2048,1459,32100
chacha20-poly1305,2048,1460,31300
chacha20-poly1305,2048,1461,31600
chacha20-poly1305,2048,1462,32200
chacha20-poly1305,2048,1463,31300
chacha20-poly1305,2048,1464,32000
chacha20-poly1305,2048,1465,31700
chacha20-poly1305,2048,1466,82000
chacha20-poly1305,2048,1467,95200
chacha20-poly1305,2048,1468,43000
chacha20-poly1305,2048,1469,35600
chacha20-poly1305,2048,1470,86400
chacha20-poly1305,2048,1471,88400
chacha20-poly1305,2048,1472,39100
chacha20-poly1305,2048,1473,33300
chacha20-poly1305,2048,1474,32200
chacha20-poly1305,2048,1475,31900
chacha20-poly1305,2048,1476,31500
chacha20-poly1305,2048,1477,32900
chacha20-poly1305,2048,1478,31700
chacha20-poly1305,2048,1479,31500
chacha20-poly1305,2048,1480,32000
chacha20-poly1305,2048,1481,31100
chacha20-poly1305,2048,1482,32200
chacha20-poly1305,2048,1483,31700
chacha20-poly1305,2048,1484,31800
chacha20-poly1305,2048,1485,31600
chacha20-poly1305,2048,1486,31800
chacha20-poly1305,2048,1487,31400
chacha20-poly1305,2048,1488,31900
chacha20-poly1305,2048,1489,31800
chacha20-poly1305,2048,1490,31300
chacha20-poly1305,2048,1491,31500
chacha20-poly1305,2048,1492,31800
chacha20-poly1305,2048,1493,31500
chacha20-poly1305,2048,1494,31900
chacha20-poly1305,2048,1495,31800
chacha20-poly1305,2048,1496,144200
chacha20-poly1305,2048,1497,95700
chacha20-poly1305,2048,1498,96200
chacha20-poly1305,2048,1499,59800
chacha20-poly1305,2048,1500,92200
chacha20-poly1305,2048,1501,112900
chacha20-poly1305,2048,1502,105100
chacha20-poly1305,2048,1503,59200
chacha20-poly1305,2048,1504,91800
chacha20-poly1305,2048,1505,59900
chacha20-poly1305,2048,1506,35000
chacha20-poly1305,2048,1507,33300
chacha20-poly1305,2048,1508,31500
chacha20-poly1305,2048,1509,32600
chacha20-poly1305,2048,1510,88300
chacha20-poly1305,2048,1511,106700
chacha20-poly1305,2048,1512,61400
chacha20-poly1305,2048,1513,89300
chacha20-poly1305,2048,1514,60300
chacha20-poly1305,2048,1515,35600
chacha20-poly1305,2048,1516,33300
chacha20-poly1305,2048,1517,32500
chacha20-poly1305,2048,1518,32100
chacha20-poly1305,2048,1519,32000
chacha20-poly1305,2048,1520,31900
chacha20-poly1305,2048,1521,31600
chacha20-poly1305,2048,1522,32100
chacha20-poly1305,2048,1523,31400
chacha20-poly1305,2048,1524,31600
chacha20-poly1305,2048,1525,86100
chacha20-poly1305,2048,1526,107300
chacha20-poly1305,2048,1527,129600
chacha20-poly1305,2048,1528,103600
chacha20-poly1305,2048,1529,62000
chacha20-poly1305,2048,1530,35700
chacha20-poly1305,2048,1531,32800
chacha20-poly1305,2048,1532,32200
chacha20-poly1305,2048,1533,36900
chacha20-poly1305,2048,1534,32200
chacha20-poly1305,2048,1535,31700
chacha20-poly1305,2048,1536,32100
chacha20-poly1305,2048,1537,31900
chacha20-poly1305,2048,1538,31600
chacha20-poly1305,2048,1539,31900
chacha20-poly1305,2048,1540,32400
chacha20-poly1305,2048,1541,31500
chacha20-poly1305,2048,1542,31800
chacha20-poly1305,2048,1543,31900
chacha20-poly1305,2048,1544,31600
chacha20-poly1305,2048,1545,67600
chacha20-poly1305,2048,1546,55200
chacha20-poly1305,2048,1547,36200
chacha20-poly1305,2048,1548,32700
chacha20-poly1305,2048,1549,32200
chacha20-poly1305,2048,1550,32100
chacha20-poly1305,2048,1551,53700
chacha20-poly1305,2048,1552,112500
chacha20-poly1305,2048,1553,71300
chacha20-poly1305,2048,1554,60100
chacha20-poly1305,2048,1555,36000
chacha20-poly1305,2048,1556,32600
chacha20-poly1305,2048,1557,32500
chacha20-poly1305,2048,1558,32000
chacha20-poly1305,2048,1559,31700
chacha20-poly1305,2048,1560,34800
chacha20-poly1305,2048,1561,31900
chacha20-poly1305,2048,1562,31700
chacha20-poly1305,2048,1563,31700
chacha20-poly1305,2048,1564,31700
chacha20-poly1305,2048,1565,31600
chacha20-poly1305,2048,1566,31200
chacha20-poly1305,2048,1567,31900
chacha20-poly1305,2048,1568,37500
chacha20-poly1305,2048,1569,52800
chacha20-poly1305,2048,1570,108700
chacha20-poly1305,2048,1571,58000
chacha20-poly1305,2048,1572,36200
chacha20-poly1305,2048,1573,86600
chacha20-poly1305,2048,1574,90800
chacha20-poly1305,2048,1575,39300
chacha20-poly1305,2048,1576,33800
chacha20-poly1305,2048,1577,32200
chacha20-poly1305,2048,1578,31700
chacha20-poly1305,2048,1579,32000
chacha20-poly1305,2048,1580,31400
chacha20-poly1305,2048,1581,31600
chacha20-poly1305,2048,1582,32000
chacha20-poly1305,2048,1583,32000
chacha20-poly1305,2048,1584,32200
chacha20-poly1305,2048,1585,32000
chacha20-poly1305,2048,1586,31800
chacha20-poly1305,2048,1587,31800
chacha20-poly1305,2048,1588,31500
chacha20-poly1305,2048,1589,31400
chacha20-poly1305,2048,1590,31900
chacha20-poly1305,2048,1591,31600
chacha20-poly1305,2048,1592,31700
chacha20-poly1305,2048,1593,31500
chacha20-poly1305,2048,1594,32200
chacha20-poly1305,2048,1595,31600
chacha20-poly1305,2048,1596,32600
chacha20-poly1305,2048,1597,31800
chacha20-poly1305,2048,1598,48900
chacha20-poly1305,2048,1599,77100
chacha20-poly1305,2048,1600,111100
chacha20-poly1305,2048,1601,75000
chacha20-poly1305,2048,1602,96700
chacha20-poly1305,2048,1603,38600
chacha20-poly1305,2048,1604,90800
chacha20-poly1305,2048,1605,109500
chacha20-poly1305,2048,1606,107100
chacha20-poly1305,2048,1607,92600
chacha20-poly1305,2048,1608,88500
chacha20-poly1305,2048,1609,93900
chacha20-poly1305,2048,1610,81300
chacha20-poly1305,2048,1611,92900
chacha20-poly1305,2048,1612,115700
chacha20-poly1305,2048,1613,61300
chacha20-poly1305,2048,1614,35400
chacha20-poly1305,2048,1615,33100
chacha20-poly1305,2048,1616,31800
chacha20-poly1305,2048,1617,32100
chacha20-poly1305,2048,1618,32300
chacha20-poly1305,2048,1619,31700
chacha20-poly1305,2048,1620,31700
chacha20-poly1305,2048,1621,31900
chacha20-poly1305,2048,1622,32100
chacha20-poly1305,2048,1623,32400
chacha20-poly1305,2048,1624,31900
chacha20-poly1305,2048,1625,31600
chacha20-poly1305,2048,1626,31700
chacha20-poly1305,2048,1627,32000
chacha20-poly1305,2048,1628,31900
chacha20-poly1305,2048,1629,31500
chacha20-poly1305,2048,1630,31800
chacha20-poly1305,2048,1631,31100
chacha20-poly1305,2048,1632,56000
chacha20-poly1305,2048,1633,112700
chacha20-poly1305,2048,1634,117400
chacha20-poly1305,2048,1635,107700
chacha20-poly1305,2048,1636,74500
chacha20-poly1305,2048,1637,49300
chacha20-poly1305,2048,1638,33900
chacha20-poly1305,2048,1639,34400
chacha20-poly1305,2048,1640,32600
chacha20-poly1305,2048,1641,32300
chacha20-poly1305,2048,1642,38000
chacha20-poly1305,2048,1643,70100
chacha20-poly1305,2048,1644,44400
chacha20-poly1305,2048,1645,76600
chacha20-poly1305,2048,1646,99400
chacha20-poly1305,2048,1647,49600
chacha20-poly1305,2048,1648,34300
chacha20-poly1305,2048,1649,32200
chacha20-poly1305,2048,1650,75000
chacha20-poly1305,2048,1651,69000
chacha20-poly1305,2048,1652,56200
chacha20-poly1305,2048,1653,62100
chacha20-poly1305,2048,1654,37600
chacha20-poly1305,2048,1655,34700
chacha20-poly1305,2048,1656,33100
chacha20-poly1305,2048,1657,97600
chacha20-poly1305,2048,1658,61000
chacha20-poly1305,2048,1659,37600
chacha20-poly1305,2048,1660,90400
chacha20-poly1305,2048,1661,60300
chacha20-poly1305,2048,1662,36700
chacha20-poly1305,2048,1663,35200
chacha20-poly1305,2048,1664,34900
chacha20-poly1305,2048,1665,32800
chacha20-poly1305,2048,1666,32200
chacha20-poly1305,2048,1667,31800
chacha20-poly1305,2048,1668,31600
chacha20-poly1305,2048,1669,78400
chacha20-poly1305,2048,1670,74300
chacha20-poly1305,2048,1671,37600
chacha20-poly1305,2048,1672,33900
chacha20-poly1305,2048,1673,32100
chacha20-poly1305,2048,1674,32100
chacha20-poly1305,2048,1675,32500
chacha20-poly1305,2048,1676,32400
chacha20-poly1305,2048,1677,31600
chacha20-poly1305,2048,1678,32100
chacha20-poly1305,2048,1679,31900
chacha20-poly1305,2048,1680,32100
chacha20-poly1305,2048,1681,32100
chacha20-poly1305,2048,1682,32500
chacha20-poly1305,2048,1683,31400
chacha20-poly1305,2048,1684,32400
chacha20-poly1305,2048,1685,31400
chacha20-poly1305,2048,1686,31900
chacha20-poly1305,2048,1687,33700
chacha20-poly1305,2048,1688,31900
chacha20-poly1305,2048,1689,31200
chacha20-poly1305,2048,1690,32100
chacha20-poly1305,2048,1691,31500
chacha20-poly1305,2048,1692,32100
chacha20-poly1305,2048,1693,32000
chacha20-poly1305,2048,1694,31400
chacha20-poly1305,2048,1695,32000
chacha20-poly1305,2048,1696,94900
chacha20-poly1305,2048,1697,115300
chacha20-poly1305,2048,1698,113500
chacha20-poly1305,2048,1699,95900
chacha20-poly1305,2048,1700,43600
chacha20-poly1305,2048,1701,95200
chacha20-poly1305,2048,1702,113500
chacha20-poly1305,2048,1703,174100
chacha20-poly1305,2048,1704,92700
chacha20-poly1305,2048,1705,42600
chacha20-poly1305,2048,1706,32200
chacha20-poly1305,2048,1707,32600
chacha20-poly1305,2048,1708,31800
chacha20-poly1305,2048,1709,97900
chacha20-poly1305,2048,1710,86700
chacha20-poly1305,2048,1711,39200
chacha20-poly1305,2048,1712,32900
chacha20-poly1305,2048,1713,31900
chacha20-poly1305,2048,1714,32700
chacha20-poly1305,2048,1715,32200
chacha20-poly1305,2048,1716,33100
chacha20-poly1305,2048,1717,32400
chacha20-poly1305,2048,1718,32300
chacha20-poly1305,2048,1719,32200
chacha20-poly1305,2048,1720,32500
chacha20-poly1305,2048,1721,31900
chacha20-poly1305,2048,1722,32100
chacha20-poly1305,2048,1723,31900
chacha20-poly1305,2048,1724,32900
chacha20-poly1305,2048,1725,32400
chacha20-poly1305,2048,1726,86900
chacha20-poly1305,2048,1727,96600
chacha20-poly1305,2048,1728,45600
chacha20-poly1305,2048,1729,33500
chacha20-poly1305,2048,1730,53500
chacha20-poly1305,2048,1731,69700
chacha20-poly1305,2048,1732,90600
chacha20-poly1305,2048,1733,38400
chacha20-poly1305,2048,1734,34100
chacha20-poly1305,2048,1735,32600
chacha20-poly1305,2048,1736,32700
chacha20-poly1305,2048,1737,32000
chacha20-poly1305,2048,1738,32000
chacha20-poly1305,2048,1739,31300
chacha20-poly1305,2048,1740,31700
chacha20-poly1305,2048,1741,32000
chacha20-poly1305,2048,1742,31300
chacha20-poly1305,2048,1743,31600
chacha20-poly1305,2048,1744,32100
chacha20-poly1305,2048,1745,31400
chacha20-poly1305,2048,1746,31500
chacha20-poly1305,2048,1747,32200
chacha20-poly1305,2048,1748,31400
chacha20-poly1305,2048,1749,31700
chacha20-poly1305,2048,1750,31800
chacha20-poly1305,2048,1751,32100
chacha20-poly1305,2048,1752,31800
chacha20-poly1305,2048,1753,31500
chacha20-poly1305,2048,1754,31800
chacha20-poly1305,2048,1755,31800
chacha20-poly1305,2048,1756,32000
chacha20-poly1305,2048,1757,31600
chacha20-poly1305,2048,1758,31500
chacha20-poly1305,2048,1759,31900
chacha20-poly1305,2048,1760,31500
chacha20-poly1305,2048,1761,31800
chacha20-poly1305,2048,1762,31700
chacha20-poly1305,2048,1763,31200
chacha20-poly1305,2048,1764,31400
chacha20-poly1305,2048,1765,31900
chacha20-poly1305,2048,1766,31500
chacha20-poly1305,2048,1767,32000
chacha20-poly1305,2048,1768,31800
chacha20-poly1305,2048,1769,31200
chacha20-poly1305,2048,1770,31500
chacha20-poly1305,2048,1771,31900
chacha20-poly1305,2048,1772,31600
chacha20-poly1305,2048,1773,31300
chacha20-poly1305,2048,1774,31900
chacha20-poly1305,2048,1775,31500
chacha20-poly1305,2048,1776,31900
chacha20-poly1305,2048,1777,32000
chacha20-poly1305,2048,1778,31300
chacha20-poly1305,2048,1779,32000
chacha20-poly1305,2048,1780,49200
chacha20-poly1305,2048,1781,119700
chacha20-poly1305,2048,1782,89800
chacha20-poly1305,2048,1783,146300
chacha20-poly1305,2048,1784,101000
chacha20-poly1305,2048,1785,60700
chacha20-poly1305,2048,1786,82800
chacha20-poly1305,2048,1787,125400
chacha20-poly1305,2048,1788,97100
chacha20-poly1305,2048,1789,60000
chacha20-poly1305,2048,1790,36200
chacha20-poly1305,2048,1791,32900
chacha20-poly1305,2048,1792,32500
chacha20-poly1305,2048,1793,31500
chacha20-poly1305,2048,1794,31600
chacha20-poly1305,2048,1795,32500
chacha20-poly1305,2048,1796,31400
chacha20-poly1305,2048,1797,31800
chacha20-poly1305,2048,1798,31500
chacha20-poly1305,2048,1799,31600
chacha20-poly1305,2048,1800,90700
chacha20-poly1305,2048,1801,92100
chacha20-poly1305,2048,1802,42500
chacha20-poly1305,2048,1803,91200
chacha20-poly1305,2048,1804,114200
chacha20-poly1305,2048,1805,115900
chacha20-poly1305,2048,1806,80000
chacha20-poly1305,2048,1807,60900
chacha20-poly1305,2048,1808,71400
chacha20-poly1305,2048,1809,56000
chacha20-poly1305,2048,1810,59900
chacha20-poly1305,2048,1811,54100
chacha20-poly1305,2048,1812,91400
chacha20-poly1305,2048,1813,42000
chacha20-poly1305,2048,1814,33100
chacha20-poly1305,2048,1815,37200
chacha20-poly1305,2048,1816,87900
chacha20-poly1305,2048,1817,104700
chacha20-poly1305,2048,1818,72000
chacha20-poly1305,2048,1819,59900
chacha20-poly1305,2048,1820,35500
chacha20-poly1305,2048,1821,32700
chacha20-poly1305,2048,1822,32500
chacha20-poly1305,2048,1823,31500
chacha20-poly1305,2048,1824,32000
chacha20-poly1305,2048,1825,31900
chacha20-poly1305,2048,1826,32100
chacha20-poly1305,2048,1827,31800
chacha20-poly1305,2048,1828,31800
chacha20-poly1305,2048,1829,31600
chacha20-poly1305,2048,1830,31500
chacha20-poly1305,2048,1831,32300
chacha20-poly1305,2048,1832,31500
chacha20-poly1305,2048,1833,31900
chacha20-poly1305,2048,1834,39800
chacha20-poly1305,2048,1835,31900
chacha20-poly1305,2048,1836,32800
chacha20-poly1305,2048,1837,32000
chacha20-poly1305,2048,1838,31400
chacha20-poly1305,2048,1839,31700
chacha20-poly1305,2048,1840,31900
chacha20-poly1305,2048,1841,31400
chacha20-poly1305,2048,1842,31800
chacha20-poly1305,2048,1843,31700
chacha20-poly1305,2048,1844,31500
chacha20-poly1305,2048,1845,31600
chacha20-poly1305,2048,1846,31800
chacha20-poly1305,2048,1847,31900
chacha20-poly1305,2048,1848,31500
chacha20-poly1305,2048,1849,31900
chacha20-poly1305,2048,1850,31200
chacha20-poly1305,2048,1851,32600
chacha20-poly1305,2048,1852,32200
chacha20-poly1305,2048,1853,31800
chacha20-poly1305,2048,1854,31600
chacha20-poly1305,2048,1855,31800
chacha20-poly1305,2048,1856,31300
chacha20-poly1305,2048,1857,31700
chacha20-poly1305,2048,1858,32000
chacha20-poly1305,2048,1859,87700
chacha20-poly1305,2048,1860,125200
chacha20-poly1305,2048,1861,48600
chacha20-poly1305,2048,1862,73200
chacha20-poly1305,2048,1863,42600
chacha20-poly1305,2048,1864,34100
chacha20-poly1305,2048,1865,77800
chacha20-poly1305,2048,1866,158600
chacha20-poly1305,2048,1867,129100
chacha20-poly1305,2048,1868,56600
chacha20-poly1305,2048,1869,36100
chacha20-poly1305,2048,1870,32700
chacha20-poly1305,2048,1871,32200
chacha20-poly1305,2048,1872,32500
chacha20-poly1305,2048,1873,32000
chacha20-poly1305,2048,1874,31800
chacha20-poly1305,2048,1875,31500
chacha20-poly1305,2048,1876,32000
chacha20-poly1305,2048,1877,31400
chacha20-poly1305,2048,1878,32600
chacha20-poly1305,2048,1879,47500
chacha20-poly1305,2048,1880,44200
chacha20-poly1305,2048,1881,33400
chacha20-poly1305,2048,1882,32800
chacha20-poly1305,2048,1883,31900
chacha20-poly1305,2048,1884,32500
chacha20-poly1305,2048,1885,55200
chacha20-poly1305,2048,1886,103300
chacha20-poly1305,2048,1887,91300
chacha20-poly1305,2048,1888,41700
chacha20-poly1305,2048,1889,33800
chacha20-poly1305,2048,1890,32300
chacha20-poly1305,2048,1891,32200
chacha20-poly1305,2048,1892,32300
chacha20-poly1305,2048,1893,31800
chacha20-poly1305,2048,1894,32900
chacha20-poly1305,2048,1895,31400
chacha20-poly1305,2048,1896,31900
chacha20-poly1305,2048,1897,32000
chacha20-poly1305,2048,1898,31400
chacha20-poly1305,2048,1899,31600
chacha20-poly1305,2048,1900,31800
chacha20-poly1305,2048,1901,31200
chacha20-poly1305,2048,1902,31600
chacha20-poly1305,2048,1903,31900
chacha20-poly1305,2048,1904,31400
chacha20-poly1305,2048,1905,141100
chacha20-poly1305,2048,1906,109700
chacha20-poly1305,2048,1907,75400
chacha20-poly1305,2048,1908,105700
chacha20-poly1305,2048,1909,105900
chacha20-poly1305,2048,1910,110000
chacha20-poly1305,2048,1911,92600
chacha20-poly1305,2048,1912,39900
chacha20-poly1305,2048,1913,74900
chacha20-poly1305,2048,1914,44500
chacha20-poly1305,2048,1915,60100
chacha20-poly1305,2048,1916,111700
chacha20-poly1305,2048,1917,58700
chacha20-poly1305,2048,1918,35900
chacha20-poly1305,2048,1919,32900
chacha20-poly1305,2048,1920,56000
chacha20-poly1305,2048,1921,100400
chacha20-poly1305,2048,1922,70800
chacha20-poly1305,2048,1923,59100
chacha20-poly1305,2048,1924,35600
chacha20-poly1305,2048,1925,33100
chacha20-poly1305,2048,1926,32000
chacha20-poly1305,2048,1927,32100
chacha20-poly1305,2048,1928,31300
chacha20-poly1305,2048,1929,31800
chacha20-poly1305,2048,1930,32500
chacha20-poly1305,2048,1931,31300
chacha20-poly1305,2048,1932,37900
chacha20-poly1305,2048,1933,52600
chacha20-poly1305,2048,1934,89600
chacha20-poly1305,2048,1935,43700
chacha20-poly1305,2048,1936,34500
chacha20-poly1305,2048,1937,32600
chacha20-poly1305,2048,1938,52200
chacha20-poly1305,2048,1939,89200
chacha20-poly1305,2048,1940,37900
chacha20-poly1305,2048,1941,33600
chacha20-poly1305,2048,1942,34900
chacha20-poly1305,2048,1943,31900
chacha20-poly1305,2048,1944,31800
chacha20-poly1305,2048,1945,32000
chacha20-poly1305,2048,1946,32000
chacha20-poly1305,2048,1947,31700
chacha20-poly1305,2048,1948,32400
chacha20-poly1305,2048,1949,31500
chacha20-poly1305,2048,1950,31900
chacha20-poly1305,2048,1951,31900
chacha20-poly1305,2048,1952,31700
chacha20-poly1305,2048,1953,31600
chacha20-poly1305,2048,1954,31900
chacha20-poly1305,2048,1955,31300
chacha20-poly1305,2048,1956,31800
chacha20-poly1305,2048,1957,49700
chacha20-poly1305,2048,1958,86100
chacha20-poly1305,2048,1959,94100
chacha20-poly1305,2048,1960,143800
chacha20-poly1305,2048,1961,131100
chacha20-poly1305,2048,1962,107200
chacha20-poly1305,2048,1963,108000
chacha20-poly1305,2048,1964,76700
chacha20-poly1305,2048,1965,66300
chacha20-poly1305,2048,1966,56200
chacha20-poly1305,2048,1967,89400
chacha20-poly1305,2048,1968,42500
chacha20-poly1305,2048,1969,34000
chacha20-poly1305,2048,1970,32400
chacha20-poly1305,2048,1971,38300
chacha20-poly1305,2048,1972,33600
chacha20-poly1305,2048,1973,32100
chacha20-poly1305,2048,1974,32300
chacha20-poly1305,2048,1975,33000
chacha20-poly1305,2048,1976,31300
chacha20-poly1305,2048,1977,68600
chacha20-poly1305,2048,1978,57900
chacha20-poly1305,2048,1979,37600
chacha20-poly1305,2048,1980,32100
chacha20-poly1305,2048,1981,32500
chacha20-poly1305,2048,1982,31900
chacha20-poly1305,2048,1983,31600
chacha20-poly1305,2048,1984,32800
chacha20-poly1305,2048,1985,31300
chacha20-poly1305,2048,1986,31700
chacha20-poly1305,2048,1987,31700
chacha20-poly1305,2048,1988,31300
chacha20-poly1305,2048,1989,32000
chacha20-poly1305,2048,1990,31900
chacha20-poly1305,2048,1991,31500
chacha20-poly1305,2048,1992,31700
chacha20-poly1305,2048,1993,31500
chacha20-poly1305,2048,1994,31500
chacha20-poly1305,2048,1995,32000
chacha20-poly1305,2048,1996,31500
chacha20-poly1305,2048,1997,31600
chacha20-poly1305,2048,1998,31500
chacha20-poly1305,2048,1999,31600
