algorithm,message_size_bytes,iteration,latency_ns
aes-gcm,128,0,32000
aes-gcm,128,1,31500
aes-gcm,128,2,30900
aes-gcm,128,3,33200
aes-gcm,128,4,30600
aes-gcm,128,5,31100
aes-gcm,128,6,30500
aes-gcm,128,7,30700
aes-gcm,128,8,30800
aes-gcm,128,9,30600
aes-gcm,128,10,31000
aes-gcm,128,11,30900
aes-gcm,128,12,31000
aes-gcm,128,13,30600
aes-gcm,128,14,30700
aes-gcm,128,15,30400
aes-gcm,128,16,30700
aes-gcm,128,17,32600
aes-gcm,128,18,30500
aes-gcm,128,19,30600
aes-gcm,128,20,30800
aes-gcm,128,21,31000
aes-gcm,128,22,56600
aes-gcm,128,23,89600
aes-gcm,128,24,42600
aes-gcm,128,25,32700
aes-gcm,128,26,30500
aes-gcm,128,27,30900
aes-gcm,128,28,30800
aes-gcm,128,29,30800
aes-gcm,128,30,31400
aes-gcm,128,31,30700
aes-gcm,128,32,31400
aes-gcm,128,33,30600
aes-gcm,128,34,48100
aes-gcm,128,35,101400
aes-gcm,128,36,62100
aes-gcm,128,37,34200
aes-gcm,128,38,31500
aes-gcm,128,39,31100
aes-gcm,128,40,30800
aes-gcm,128,41,30600
aes-gcm,128,42,30400
aes-gcm,128,43,30400
aes-gcm,128,44,31100
aes-gcm,128,45,30800
aes-gcm,128,46,30800
aes-gcm,128,47,30300
aes-gcm,128,48,30800
aes-gcm,128,49,32300
aes-gcm,128,50,31000
aes-gcm,128,51,30100
aes-gcm,128,52,30900
aes-gcm,128,53,30200
aes-gcm,128,54,30600
aes-gcm,128,55,30300
aes-gcm,128,56,30700
aes-gcm,128,57,30400
aes-gcm,128,58,30400
aes-gcm,128,59,30500
aes-gcm,128,60,32200
aes-gcm,128,61,30600
aes-gcm,128,62,30500
aes-gcm,128,63,30300
aes-gcm,128,64,30600
aes-gcm,128,65,30400
aes-gcm,128,66,31000
aes-gcm,128,67,30300
aes-gcm,128,68,30700
aes-gcm,128,69,30300
aes-gcm,128,70,30600
aes-gcm,128,71,30500
aes-gcm,128,72,30400
aes-gcm,128,73,30300
aes-gcm,128,74,30400
aes-gcm,128,75,30300
aes-gcm,128,76,31000
aes-gcm,128,77,30700
aes-gcm,128,78,30400
aes-gcm,128,79,30200
aes-gcm,128,80,30500
aes-gcm,128,81,30000
aes-gcm,128,82,30500
aes-gcm,128,83,30200
aes-gcm,128,84,30900
aes-gcm,128,85,30100
aes-gcm,128,86,30900
aes-gcm,128,87,29400
aes-gcm,128,88,30600
aes-gcm,128,89,30200
aes-gcm,128,90,30600
aes-gcm,128,91,30500
aes-gcm,128,92,30200
aes-gcm,128,93,31200
aes-gcm,128,94,30500
aes-gcm,128,95,30600
aes-gcm,128,96,30300
aes-gcm,128,97,30700
aes-gcm,128,98,30200
aes-gcm,128,99,30400
aes-gcm,128,100,30400
aes-gcm,128,101,30600
aes-gcm,128,102,30300
aes-gcm,128,103,30400
aes-gcm,128,104,30300
aes-gcm,128,105,30300
aes-gcm,128,106,30500
aes-gcm,128,107,30500
aes-gcm,128,108,30300
aes-gcm,128,109,30800
aes-gcm,128,110,30300
aes-gcm,128,111,30600
aes-gcm,128,112,30300
aes-gcm,128,113,31500
aes-gcm,128,114,30300
aes-gcm,128,115,30700
aes-gcm,128,116,30400
aes-gcm,128,117,30300
aes-gcm,128,118,30500
aes-gcm,128,119,30400
aes-gcm,128,120,30700
aes-gcm,128,121,30600
aes-gcm,128,122,30200
aes-gcm,128,123,30400
aes-gcm,128,124,31600
aes-gcm,128,125,34200
aes-gcm,128,126,30200
aes-gcm,128,127,30600
aes-gcm,128,128,30500
aes-gcm,128,129,30800
aes-gcm,128,130,30400
aes-gcm,128,131,30700
aes-gcm,128,132,30000
aes-gcm,128,133,30500
aes-gcm,128,134,30200
aes-gcm,128,135,30600
aes-gcm,128,136,30500
aes-gcm,128,137,30300
aes-gcm,128,138,30300
aes-gcm,128,139,30200
aes-gcm,128,140,31200
aes-gcm,128,141,30500
aes-gcm,128,142,30300
aes-gcm,128,143,30400
aes-gcm,128,144,30300
aes-gcm,128,145,30500
aes-gcm,128,146,30200
aes-gcm,128,147,30700
aes-gcm,128,148,30100
aes-gcm,128,149,30900
aes-gcm,128,150,31400
aes-gcm,128,151,31200
aes-gcm,128,152,30500
aes-gcm,128,153,30400
aes-gcm,128,154,30500
aes-gcm,128,155,30600
aes-gcm,128,156,30800
aes-gcm,128,157,30600
aes-gcm,128,158,31600
aes-gcm,128,159,30700
aes-gcm,128,160,31400
aes-gcm,128,161,30800
aes-gcm,128,162,31000
aes-gcm,128,163,30900
aes-gcm,128,164,31100
aes-gcm,128,165,30800
aes-gcm,128,166,30900
aes-gcm,128,167,30700
aes-gcm,128,168,30700
aes-gcm,128,169,30600
aes-gcm,128,170,31100
aes-gcm,128,171,30700
aes-gcm,128,172,31400
aes-gcm,128,173,30700
aes-gcm,128,174,31000
aes-gcm,128,175,30400
aes-gcm,128,176,31400
aes-gcm,128,177,31600
aes-gcm,128,178,31900
aes-gcm,128,179,31100
aes-gcm,128,180,30800
aes-gcm,128,181,31100
aes-gcm,128,182,30600
aes-gcm,128,183,31000
aes-gcm,128,184,30700
aes-gcm,128,185,30900
aes-gcm,128,186,30500
aes-gcm,128,187,35000
aes-gcm,128,188,30900
aes-gcm,128,189,32600
aes-gcm,128,190,136400
aes-gcm,128,191,86600
aes-gcm,128,192,41200
aes-gcm,128,193,32500
aes-gcm,128,194,31800
aes-gcm,128,195,31100
aes-gcm,128,196,31900
aes-gcm,128,197,31300
aes-gcm,128,198,31000
aes-gcm,128,199,31200
aes-gcm,128,200,31000
aes-gcm,128,201,31000
aes-gcm,128,202,31200
aes-gcm,128,203,31200
aes-gcm,128,204,31000
aes-gcm,128,205,31100
aes-gcm,128,206,31300
aes-gcm,128,207,31100
aes-gcm,128,208,31100
aes-gcm,128,209,30600
aes-gcm,128,210,30900
aes-gcm,128,211,30800
aes-gcm,128,212,31400
aes-gcm,128,213,30700
aes-gcm,128,214,31100
aes-gcm,128,215,33100
aes-gcm,128,216,31400
aes-gcm,128,217,30700
aes-gcm,128,218,31200
aes-gcm,128,219,31000
aes-gcm,128,220,30900
aes-gcm,128,221,31600
aes-gcm,128,222,31000
aes-gcm,128,223,31100
aes-gcm,128,224,31300
aes-gcm,128,225,30800
aes-gcm,128,226,31200
aes-gcm,128,227,30700
aes-gcm,128,228,31200
aes-gcm,128,229,30500
aes-gcm,128,230,31100
aes-gcm,128,231,30600
aes-gcm,128,232,31200
aes-gcm,128,233,30800
aes-gcm,128,234,31100
aes-gcm,128,235,31000
aes-gcm,128,236,39900
aes-gcm,128,237,42200
aes-gcm,128,238,30600
aes-gcm,128,239,30100
aes-gcm,128,240,29900
aes-gcm,128,241,29400
aes-gcm,128,242,28900
aes-gcm,128,243,29300
aes-gcm,128,244,28500
aes-gcm,128,245,29700
aes-gcm,128,246,28400
aes-gcm,128,247,29400
aes-gcm,128,248,29800
aes-gcm,128,249,28700
aes-gcm,128,250,29600
aes-gcm,128,251,29200
aes-gcm,128,252,29300
aes-gcm,128,253,28600
aes-gcm,128,254,29500
aes-gcm,128,255,28800
aes-gcm,128,256,29300
aes-gcm,128,257,28400
aes-gcm,128,258,29300
aes-gcm,128,259,28900
aes-gcm,128,260,29500
aes-gcm,128,261,29100
aes-gcm,128,262,29500
aes-gcm,128,263,28300
aes-gcm,128,264,29400
aes-gcm,128,265,28200
aes-gcm,128,266,30500
aes-gcm,128,267,29400
aes-gcm,128,268,29000
aes-gcm,128,269,29500
aes-gcm,128,270,28800
aes-gcm,128,271,29700
aes-gcm,128,272,28100
aes-gcm,128,273,29400
aes-gcm,128,274,28200
aes-gcm,128,275,29600
aes-gcm,128,276,28500
aes-gcm,128,277,29700
aes-gcm,128,278,28200
aes-gcm,128,279,29100
aes-gcm,128,280,29500
aes-gcm,128,281,28700
aes-gcm,128,282,29500
aes-gcm,128,283,28900
aes-gcm,128,284,29600
aes-gcm,128,285,28300
aes-gcm,128,286,29800
aes-gcm,128,287,28900
aes-gcm,128,288,29400
aes-gcm,128,289,28400
aes-gcm,128,290,29400
aes-gcm,128,291,28800
aes-gcm,128,292,29500
aes-gcm,128,293,28500
aes-gcm,128,294,29100
aes-gcm,128,295,28400
aes-gcm,128,296,29600
aes-gcm,128,297,28300
aes-gcm,128,298,29700
aes-gcm,128,299,29000
aes-gcm,128,300,29500
aes-gcm,128,301,29400
aes-gcm,128,302,28600
aes-gcm,128,303,29400
aes-gcm,128,304,29700
aes-gcm,128,305,29400
aes-gcm,128,306,29000
aes-gcm,128,307,29600
aes-gcm,128,308,29200
aes-gcm,128,309,29600
aes-gcm,128,310,29000
aes-gcm,128,311,29700
aes-gcm,128,312,28900
aes-gcm,128,313,29600
aes-gcm,128,314,29000
aes-gcm,128,315,29400
aes-gcm,128,316,29700
aes-gcm,128,317,29200
aes-gcm,128,318,28800
aes-gcm,128,319,29300
aes-gcm,128,320,28800
aes-gcm,128,321,32900
aes-gcm,128,322,29000
aes-gcm,128,323,29300
aes-gcm,128,324,28400
aes-gcm,128,325,29500
aes-gcm,128,326,28300
aes-gcm,128,327,29400
aes-gcm,128,328,28900
aes-gcm,128,329,29600
aes-gcm,128,330,29900
aes-gcm,128,331,29800
aes-gcm,128,332,29000
aes-gcm,128,333,29400
aes-gcm,128,334,29100
aes-gcm,128,335,29400
aes-gcm,128,336,28800
aes-gcm,128,337,29300
aes-gcm,128,338,28900
aes-gcm,128,339,29100
aes-gcm,128,340,28700
aes-gcm,128,341,29500
aes-gcm,128,342,28300
aes-gcm,128,343,29500
aes-gcm,128,344,28200
aes-gcm,128,345,29600
aes-gcm,128,346,29000
aes-gcm,128,347,29600
aes-gcm,128,348,30100
aes-gcm,128,349,29700
aes-gcm,128,350,29700
aes-gcm,128,351,29500
aes-gcm,128,352,29100
aes-gcm,128,353,29400
aes-gcm,128,354,30200
aes-gcm,128,355,29200
aes-gcm,128,356,29300
aes-gcm,128,357,29100
aes-gcm,128,358,28300
aes-gcm,128,359,29400
aes-gcm,128,360,28400
aes-gcm,128,361,29500
aes-gcm,128,362,29100
aes-gcm,128,363,29400
aes-gcm,128,364,29000
aes-gcm,128,365,29700
aes-gcm,128,366,28800
aes-gcm,128,367,29600
aes-gcm,128,368,29900
aes-gcm,128,369,28800
aes-gcm,128,370,29500
aes-gcm,128,371,28400
aes-gcm,128,372,29400
aes-gcm,128,373,28100
aes-gcm,128,374,29600
aes-gcm,128,375,28700
aes-gcm,128,376,29600
aes-gcm,128,377,29600
aes-gcm,128,378,28900
aes-gcm,128,379,29400
aes-gcm,128,380,28200
aes-gcm,128,381,29500
aes-gcm,128,382,32300
aes-gcm,128,383,25200
aes-gcm,128,384,29700
aes-gcm,128,385,29300
aes-gcm,128,386,29400
aes-gcm,128,387,29100
aes-gcm,128,388,28400
aes-gcm,128,389,29100
aes-gcm,128,390,28700
aes-gcm,128,391,29500
aes-gcm,128,392,28700
aes-gcm,128,393,29300
aes-gcm,128,394,30000
aes-gcm,128,395,29400
aes-gcm,128,396,28400
aes-gcm,128,397,29400
aes-gcm,128,398,28200
aes-gcm,128,399,29400
aes-gcm,128,400,29000
aes-gcm,128,401,29600
aes-gcm,128,402,29400
aes-gcm,128,403,29000
aes-gcm,128,404,29500
aes-gcm,128,405,28300
aes-gcm,128,406,30100
aes-gcm,128,407,28900
aes-gcm,128,408,29600
aes-gcm,128,409,28800
aes-gcm,128,410,29600
aes-gcm,128,411,29100
aes-gcm,128,412,32500
aes-gcm,128,413,29200
aes-gcm,128,414,28700
aes-gcm,128,415,29400
aes-gcm,128,416,31200
aes-gcm,128,417,29500
aes-gcm,128,418,28200
aes-gcm,128,419,29300
aes-gcm,128,420,28200
aes-gcm,128,421,29400
aes-gcm,128,422,27900
aes-gcm,128,423,29400
aes-gcm,128,424,28800
aes-gcm,128,425,29400
aes-gcm,128,426,29300
aes-gcm,128,427,29400
aes-gcm,128,428,28600
aes-gcm,128,429,29200
aes-gcm,128,430,29100
aes-gcm,128,431,29600
aes-gcm,128,432,29000
aes-gcm,128,433,29500
aes-gcm,128,434,28900
aes-gcm,128,435,29300
aes-gcm,128,436,29600
aes-gcm,128,437,28300
aes-gcm,128,438,29200
aes-gcm,128,439,28000
aes-gcm,128,440,29300
aes-gcm,128,441,28600
aes-gcm,128,442,29400
aes-gcm,128,443,28400
aes-gcm,128,444,29400
aes-gcm,128,445,29300
aes-gcm,128,446,29800
aes-gcm,128,447,85900
aes-gcm,128,448,139900
aes-gcm,128,449,66700
aes-gcm,128,450,33000
aes-gcm,128,451,31600
aes-gcm,128,452,83400
aes-gcm,128,453,77600
aes-gcm,128,454,74300
aes-gcm,128,455,104600
aes-gcm,128,456,55700
aes-gcm,128,457,131900
aes-gcm,128,458,86500
aes-gcm,128,459,61900
aes-gcm,128,460,55200
aes-gcm,128,461,105600
aes-gcm,128,462,76400
aes-gcm,128,463,193300
aes-gcm,128,464,173400
aes-gcm,128,465,87800
aes-gcm,128,466,61600
aes-gcm,128,467,85800
aes-gcm,128,468,55300
aes-gcm,128,469,53800
aes-gcm,128,470,33700
aes-gcm,128,471,31500
aes-gcm,128,472,33500
aes-gcm,128,473,30700
aes-gcm,128,474,30700
aes-gcm,128,475,30300
aes-gcm,128,476,30100
aes-gcm,128,477,29800
aes-gcm,128,478,30200
aes-gcm,128,479,53400
aes-gcm,128,480,45300
aes-gcm,128,481,34400
aes-gcm,128,482,31200
aes-gcm,128,483,29500
aes-gcm,128,484,30000
aes-gcm,128,485,29100
aes-gcm,128,486,29700
aes-gcm,128,487,29200
aes-gcm,128,488,29600
aes-gcm,128,489,29500
aes-gcm,128,490,29400
aes-gcm,128,491,29300
aes-gcm,128,492,29200
aes-gcm,128,493,29200
aes-gcm,128,494,29500
aes-gcm,128,495,30500
aes-gcm,128,496,29600
aes-gcm,128,497,29000
aes-gcm,128,498,29400
aes-gcm,128,499,29400
aes-gcm,128,500,28700
aes-gcm,128,501,29200
aes-gcm,128,502,29400
aes-gcm,128,503,29300
aes-gcm,128,504,32700
aes-gcm,128,505,29700
aes-gcm,128,506,29100
aes-gcm,128,507,29600
aes-gcm,128,508,29000
aes-gcm,128,509,29600
aes-gcm,128,510,29000
aes-gcm,128,511,29500
aes-gcm,128,512,28200
aes-gcm,128,513,29200
aes-gcm,128,514,28600
aes-gcm,128,515,29200
aes-gcm,128,516,29100
aes-gcm,128,517,29200
aes-gcm,128,518,28800
aes-gcm,128,519,29100
aes-gcm,128,520,28500
aes-gcm,128,521,30500
aes-gcm,128,522,29000
aes-gcm,128,523,29500
aes-gcm,128,524,29600
aes-gcm,128,525,28600
aes-gcm,128,526,29300
aes-gcm,128,527,28600
aes-gcm,128,528,29400
aes-gcm,128,529,29000
aes-gcm,128,530,29700
aes-gcm,128,531,28800
aes-gcm,128,532,29600
aes-gcm,128,533,30700
aes-gcm,128,534,29600
aes-gcm,128,535,29000
aes-gcm,128,536,29700
aes-gcm,128,537,29200
aes-gcm,128,538,30400
aes-gcm,128,539,29500
aes-gcm,128,540,28900
aes-gcm,128,541,29700
aes-gcm,128,542,29100
aes-gcm,128,543,29500
aes-gcm,128,544,29400
aes-gcm,128,545,29900
aes-gcm,128,546,28700
aes-gcm,128,547,29600
aes-gcm,128,548,29300
aes-gcm,128,549,29300
aes-gcm,128,550,29200
aes-gcm,128,551,29500
aes-gcm,128,552,28500
aes-gcm,128,553,29900
aes-gcm,128,554,29100
aes-gcm,128,555,29400
aes-gcm,128,556,28200
aes-gcm,128,557,29500
aes-gcm,128,558,29300
aes-gcm,128,559,29400
aes-gcm,128,560,29600
aes-gcm,128,561,29200
aes-gcm,128,562,29500
aes-gcm,128,563,28600
aes-gcm,128,564,29600
aes-gcm,128,565,28900
aes-gcm,128,566,29500
aes-gcm,128,567,28900
aes-gcm,128,568,29600
aes-gcm,128,569,28900
aes-gcm,128,570,29400
aes-gcm,128,571,29300
aes-gcm,128,572,30800
aes-gcm,128,573,29400
aes-gcm,128,574,29200
aes-gcm,128,575,29400
aes-gcm,128,576,28300
aes-gcm,128,577,29500
aes-gcm,128,578,29000
aes-gcm,128,579,29500
aes-gcm,128,580,29100
aes-gcm,128,581,29600
aes-gcm,128,582,28900
aes-gcm,128,583,29600
aes-gcm,128,584,29300
aes-gcm,128,585,30400
aes-gcm,128,586,29000
aes-gcm,128,587,29500
aes-gcm,128,588,28900
aes-gcm,128,589,29300
aes-gcm,128,590,28600
aes-gcm,128,591,29200
aes-gcm,128,592,29500
aes-gcm,128,593,29000
aes-gcm,128,594,29300
aes-gcm,128,595,29400
aes-gcm,128,596,29400
aes-gcm,128,597,28400
aes-gcm,128,598,29200
aes-gcm,128,599,28500
aes-gcm,128,600,28700
aes-gcm,128,601,63200
aes-gcm,128,602,34700
aes-gcm,128,603,29700
aes-gcm,128,604,32200
aes-gcm,128,605,29900
aes-gcm,128,606,49800
aes-gcm,128,607,88500
aes-gcm,128,608,61800
aes-gcm,128,609,54900
aes-gcm,128,610,33300
aes-gcm,128,611,30300
aes-gcm,128,612,29900
aes-gcm,128,613,29700
aes-gcm,128,614,29400
aes-gcm,128,615,48900
aes-gcm,128,616,95700
aes-gcm,128,617,59000
aes-gcm,128,618,32500
aes-gcm,128,619,30500
aes-gcm,128,620,29800
aes-gcm,128,621,29300
aes-gcm,128,622,30000
aes-gcm,128,623,31500
aes-gcm,128,624,29500
aes-gcm,128,625,29500
aes-gcm,128,626,29400
aes-gcm,128,627,29600
aes-gcm,128,628,29500
aes-gcm,128,629,33700
aes-gcm,128,630,29100
aes-gcm,128,631,32400
aes-gcm,128,632,31100
aes-gcm,128,633,30700
aes-gcm,128,634,29800
aes-gcm,128,635,30100
aes-gcm,128,636,28600
aes-gcm,128,637,80200
aes-gcm,128,638,56100
aes-gcm,128,639,32100
aes-gcm,128,640,30300
aes-gcm,128,641,29600
aes-gcm,128,642,29400
aes-gcm,128,643,30200
aes-gcm,128,644,29500
aes-gcm,128,645,29100
aes-gcm,128,646,29400
aes-gcm,128,647,29200
aes-gcm,128,648,29500
aes-gcm,128,649,31200
aes-gcm,128,650,29200
aes-gcm,128,651,29300
aes-gcm,128,652,29100
aes-gcm,128,653,29400
aes-gcm,128,654,29400
aes-gcm,128,655,29200
aes-gcm,128,656,29200
aes-gcm,128,657,29200
aes-gcm,128,658,29700
aes-gcm,128,659,34300
aes-gcm,128,660,30200
aes-gcm,128,661,59400
aes-gcm,128,662,39800
aes-gcm,128,663,33400
aes-gcm,128,664,30100
aes-gcm,128,665,29200
aes-gcm,128,666,29600
aes-gcm,128,667,29800
aes-gcm,128,668,29700
aes-gcm,128,669,29300
aes-gcm,128,670,29900
aes-gcm,128,671,29600
aes-gcm,128,672,29400
aes-gcm,128,673,53100
aes-gcm,128,674,84200
aes-gcm,128,675,38200
aes-gcm,128,676,31500
aes-gcm,128,677,29900
aes-gcm,128,678,29900
aes-gcm,128,679,29200
aes-gcm,128,680,30000
aes-gcm,128,681,29500
aes-gcm,128,682,29500
aes-gcm,128,683,29100
aes-gcm,128,684,29100
aes-gcm,128,685,29200
aes-gcm,128,686,29500
aes-gcm,128,687,31700
aes-gcm,128,688,31800
aes-gcm,128,689,29700
aes-gcm,128,690,29200
aes-gcm,128,691,29700
aes-gcm,128,692,29000
aes-gcm,128,693,28800
aes-gcm,128,694,29200
aes-gcm,128,695,29200
aes-gcm,128,696,29100
aes-gcm,128,697,29100
aes-gcm,128,698,29400
aes-gcm,128,699,29000
aes-gcm,128,700,29200
aes-gcm,128,701,29300
aes-gcm,128,702,29000
aes-gcm,128,703,29100
aes-gcm,128,704,29100
aes-gcm,128,705,29100
aes-gcm,128,706,28900
aes-gcm,128,707,29500
aes-gcm,128,708,29200
aes-gcm,128,709,29200
aes-gcm,128,710,29100
aes-gcm,128,711,28900
aes-gcm,128,712,29300
aes-gcm,128,713,30200
aes-gcm,128,714,29300
aes-gcm,128,715,28900
aes-gcm,128,716,29400
aes-gcm,128,717,29100
aes-gcm,128,718,29200
aes-gcm,128,719,29200
aes-gcm,128,720,28900
aes-gcm,128,721,29100
aes-gcm,128,722,30200
aes-gcm,128,723,29400
aes-gcm,128,724,29000
aes-gcm,128,725,29100
aes-gcm,128,726,29000
aes-gcm,128,727,29200
aes-gcm,128,728,29100
aes-gcm,128,729,28900
aes-gcm,128,730,29300
aes-gcm,128,731,28900
aes-gcm,128,732,29200
aes-gcm,128,733,29200
aes-gcm,128,734,29300
aes-gcm,128,735,28800
aes-gcm,128,736,29100
aes-gcm,128,737,29200
aes-gcm,128,738,29200
aes-gcm,128,739,29300
aes-gcm,128,740,29200
aes-gcm,128,741,29100
aes-gcm,128,742,29000
aes-gcm,128,743,29300
aes-gcm,128,744,29000
aes-gcm,128,745,29300
aes-gcm,128,746,29200
aes-gcm,128,747,29200
aes-gcm,128,748,29400
aes-gcm,128,749,29200
aes-gcm,128,750,29800
aes-gcm,128,751,29200
aes-gcm,128,752,29500
aes-gcm,128,753,28800
aes-gcm,128,754,29200
aes-gcm,128,755,29500
aes-gcm,128,756,28400
aes-gcm,128,757,29300
aes-gcm,128,758,29200
aes-gcm,128,759,29100
aes-gcm,128,760,29000
aes-gcm,128,761,29500
aes-gcm,128,762,29100
aes-gcm,128,763,29200
aes-gcm,128,764,29300
aes-gcm,128,765,29100
aes-gcm,128,766,29500
aes-gcm,128,767,29100
aes-gcm,128,768,29200
aes-gcm,128,769,29200
aes-gcm,128,770,29100
aes-gcm,128,771,29200
aes-gcm,128,772,29100
aes-gcm,128,773,29000
aes-gcm,128,774,29000
aes-gcm,128,775,29200
aes-gcm,128,776,30200
aes-gcm,128,777,29300
aes-gcm,128,778,29100
aes-gcm,128,779,29300
aes-gcm,128,780,29000
aes-gcm,128,781,29200
aes-gcm,128,782,29200
aes-gcm,128,783,28900
aes-gcm,128,784,29200
aes-gcm,128,785,29100
aes-gcm,128,786,29300
aes-gcm,128,787,29300
aes-gcm,128,788,29600
aes-gcm,128,789,29300
aes-gcm,128,790,29300
aes-gcm,128,791,29200
aes-gcm,128,792,28900
aes-gcm,128,793,29300
aes-gcm,128,794,29100
aes-gcm,128,795,29200
aes-gcm,128,796,29000
aes-gcm,128,797,29400
aes-gcm,128,798,29300
aes-gcm,128,799,29100
aes-gcm,128,800,29100
aes-gcm,128,801,29000
aes-gcm,128,802,29300
aes-gcm,128,803,29100
aes-gcm,128,804,29100
aes-gcm,128,805,28900
aes-gcm,128,806,29300
aes-gcm,128,807,29300
aes-gcm,128,808,29400
aes-gcm,128,809,29200
aes-gcm,128,810,29000
aes-gcm,128,811,29200
aes-gcm,128,812,29000
aes-gcm,128,813,29100
aes-gcm,128,814,29600
aes-gcm,128,815,29400
aes-gcm,128,816,28800
aes-gcm,128,817,29100
aes-gcm,128,818,29400
aes-gcm,128,819,29200
aes-gcm,128,820,29200
aes-gcm,128,821,29100
aes-gcm,128,822,29300
aes-gcm,128,823,30100
aes-gcm,128,824,29000
aes-gcm,128,825,29100
aes-gcm,128,826,29300
aes-gcm,128,827,29100
aes-gcm,128,828,28900
aes-gcm,128,829,29100
aes-gcm,128,830,29300
aes-gcm,128,831,29200
aes-gcm,128,832,28900
aes-gcm,128,833,29300
aes-gcm,128,834,28900
aes-gcm,128,835,29400
aes-gcm,128,836,29200
aes-gcm,128,837,29100
aes-gcm,128,838,29300
aes-gcm,128,839,29200
aes-gcm,128,840,30200
aes-gcm,128,841,29200
aes-gcm,128,842,29500
aes-gcm,128,843,29000
aes-gcm,128,844,29100
aes-gcm,128,845,29200
aes-gcm,128,846,29100
aes-gcm,128,847,29200
aes-gcm,128,848,29400
aes-gcm,128,849,29400
aes-gcm,128,850,29300
aes-gcm,128,851,29500
aes-gcm,128,852,29200
aes-gcm,128,853,29000
aes-gcm,128,854,29100
aes-gcm,128,855,29300
aes-gcm,128,856,29100
aes-gcm,128,857,69900
aes-gcm,128,858,121600
aes-gcm,128,859,56300
aes-gcm,128,860,33000
aes-gcm,128,861,29900
aes-gcm,128,862,30400
aes-gcm,128,863,29800
aes-gcm,128,864,29100
aes-gcm,128,865,29700
aes-gcm,128,866,29200
aes-gcm,128,867,29200
aes-gcm,128,868,29100
aes-gcm,128,869,29300
aes-gcm,128,870,29100
aes-gcm,128,871,29200
aes-gcm,128,872,29300
aes-gcm,128,873,28900
aes-gcm,128,874,29100
aes-gcm,128,875,29800
aes-gcm,128,876,29000
aes-gcm,128,877,29000
aes-gcm,128,878,31400
aes-gcm,128,879,29100
aes-gcm,128,880,29300
aes-gcm,128,881,28900
aes-gcm,128,882,28800
aes-gcm,128,883,29400
aes-gcm,128,884,28900
aes-gcm,128,885,30000
aes-gcm,128,886,29300
aes-gcm,128,887,29400
aes-gcm,128,888,28900
aes-gcm,128,889,29300
aes-gcm,128,890,29000
aes-gcm,128,891,29100
aes-gcm,128,892,29200
aes-gcm,128,893,29200
aes-gcm,128,894,29300
aes-gcm,128,895,28800
aes-gcm,128,896,29000
aes-gcm,128,897,29100
aes-gcm,128,898,29100
aes-gcm,128,899,29000
aes-gcm,128,900,28900
aes-gcm,128,901,29100
aes-gcm,128,902,29300
aes-gcm,128,903,29300
aes-gcm,128,904,30100
aes-gcm,128,905,29400
aes-gcm,128,906,29100
aes-gcm,128,907,29700
aes-gcm,128,908,29000
aes-gcm,128,909,28900
aes-gcm,128,910,29200
aes-gcm,128,911,29200
aes-gcm,128,912,29000
aes-gcm,128,913,29300
aes-gcm,128,914,29200
aes-gcm,128,915,29000
aes-gcm,128,916,29100
aes-gcm,128,917,29300
aes-gcm,128,918,29400
aes-gcm,128,919,30000
aes-gcm,128,920,29200
aes-gcm,128,921,29100
aes-gcm,128,922,29100
aes-gcm,128,923,29300
aes-gcm,128,924,29000
aes-gcm,128,925,29200
aes-gcm,128,926,29100
aes-gcm,128,927,29000
aes-gcm,128,928,29100
aes-gcm,128,929,29700
aes-gcm,128,930,29200
aes-gcm,128,931,29100
aes-gcm,128,932,29600
aes-gcm,128,933,28900
aes-gcm,128,934,29100
aes-gcm,128,935,28900
aes-gcm,128,936,29100
aes-gcm,128,937,29300
aes-gcm,128,938,29100
aes-gcm,128,939,29400
aes-gcm,128,940,29200
aes-gcm,128,941,29400
aes-gcm,128,942,34100
aes-gcm,128,943,29500
aes-gcm,128,944,29400
aes-gcm,128,945,29200
aes-gcm,128,946,29300
aes-gcm,128,947,29600
aes-gcm,128,948,29300
aes-gcm,128,949,29200
aes-gcm,128,950,29500
aes-gcm,128,951,29000
aes-gcm,128,952,29200
aes-gcm,128,953,98400
aes-gcm,128,954,144400
aes-gcm,128,955,57500
aes-gcm,128,956,135500
aes-gcm,128,957,127900
aes-gcm,128,958,134900
aes-gcm,128,959,59300
aes-gcm,128,960,40500
aes-gcm,128,961,30100
aes-gcm,128,962,29800
aes-gcm,128,963,29100
aes-gcm,128,964,29500
aes-gcm,128,965,29300
aes-gcm,128,966,29400
aes-gcm,128,967,30600
aes-gcm,128,968,32200
aes-gcm,128,969,29200
aes-gcm,128,970,29200
aes-gcm,128,971,29500
aes-gcm,128,972,29200
aes-gcm,128,973,29100
aes-gcm,128,974,29000
aes-gcm,128,975,29000
aes-gcm,128,976,29000
aes-gcm,128,977,29300
aes-gcm,128,978,29100
aes-gcm,128,979,29100
aes-gcm,128,980,29400
aes-gcm,128,981,29300
aes-gcm,128,982,29200
aes-gcm,128,983,29300
aes-gcm,128,984,28900
aes-gcm,128,985,28900
aes-gcm,128,986,29100
aes-gcm,128,987,28900
aes-gcm,128,988,29100
aes-gcm,128,989,29000
aes-gcm,128,990,29000
aes-gcm,128,991,28900
aes-gcm,128,992,29100
aes-gcm,128,993,28900
aes-gcm,128,994,28700
aes-gcm,128,995,29000
aes-gcm,128,996,29000
aes-gcm,128,997,29000
aes-gcm,128,998,28900
aes-gcm,128,999,28700
aes-gcm,128,1000,29200
aes-gcm,128,1001,32000
aes-gcm,128,1002,29100
aes-gcm,128,1003,29200
aes-gcm,128,1004,29500
aes-gcm,128,1005,29800
aes-gcm,128,1006,29300
aes-gcm,128,1007,29100
aes-gcm,128,1008,28900
aes-gcm,128,1009,29100
aes-gcm,128,1010,29100
aes-gcm,128,1011,29200
aes-gcm,128,1012,29000
aes-gcm,128,1013,29600
aes-gcm,128,1014,29100
aes-gcm,128,1015,29000
aes-gcm,128,1016,28900
aes-gcm,128,1017,28900
aes-gcm,128,1018,29200
aes-gcm,128,1019,28900
aes-gcm,128,1020,29300
aes-gcm,128,1021,29000
aes-gcm,128,1022,29300
aes-gcm,128,1023,29000
aes-gcm,128,1024,29500
aes-gcm,128,1025,29100
aes-gcm,128,1026,28900
aes-gcm,128,1027,29300
aes-gcm,128,1028,28900
aes-gcm,128,1029,29200
aes-gcm,128,1030,29100
aes-gcm,128,1031,30100
aes-gcm,128,1032,28800
aes-gcm,128,1033,29000
aes-gcm,128,1034,29100
aes-gcm,128,1035,34500
aes-gcm,128,1036,29100
aes-gcm,128,1037,28900
aes-gcm,128,1038,29100
aes-gcm,128,1039,29100
aes-gcm,128,1040,29200
aes-gcm,128,1041,28900
aes-gcm,128,1042,29100
aes-gcm,128,1043,29000
aes-gcm,128,1044,29000
aes-gcm,128,1045,29400
aes-gcm,128,1046,29100
aes-gcm,128,1047,29200
aes-gcm,128,1048,29000
aes-gcm,128,1049,29400
aes-gcm,128,1050,29000
aes-gcm,128,1051,29200
aes-gcm,128,1052,29000
aes-gcm,128,1053,28800
aes-gcm,128,1054,29000
aes-gcm,128,1055,29000
aes-gcm,128,1056,29500
aes-gcm,128,1057,28700
aes-gcm,128,1058,29200
aes-gcm,128,1059,28800
aes-gcm,128,1060,29700
aes-gcm,128,1061,29100
aes-gcm,128,1062,28800
aes-gcm,128,1063,29100
aes-gcm,128,1064,46000
aes-gcm,128,1065,61000
aes-gcm,128,1066,52900
aes-gcm,128,1067,32200
aes-gcm,128,1068,29700
aes-gcm,128,1069,31900
aes-gcm,128,1070,29800
aes-gcm,128,1071,112000
aes-gcm,128,1072,38500
aes-gcm,128,1073,103000
aes-gcm,128,1074,118100
aes-gcm,128,1075,55200
aes-gcm,128,1076,32800
aes-gcm,128,1077,112100
aes-gcm,128,1078,59600
aes-gcm,128,1079,98200
aes-gcm,128,1080,56200
aes-gcm,128,1081,32600
aes-gcm,128,1082,31000
aes-gcm,128,1083,31400
aes-gcm,128,1084,29800
aes-gcm,128,1085,88200
aes-gcm,128,1086,79900
aes-gcm,128,1087,44000
aes-gcm,128,1088,31400
aes-gcm,128,1089,30000
aes-gcm,128,1090,29800
aes-gcm,128,1091,30000
aes-gcm,128,1092,30000
aes-gcm,128,1093,29200
aes-gcm,128,1094,29900
aes-gcm,128,1095,31900
aes-gcm,128,1096,30000
aes-gcm,128,1097,29900
aes-gcm,128,1098,29800
aes-gcm,128,1099,72200
aes-gcm,128,1100,28300
aes-gcm,128,1101,34300
aes-gcm,128,1102,29900
aes-gcm,128,1103,29400
aes-gcm,128,1104,29100
aes-gcm,128,1105,29300
aes-gcm,128,1106,29200
aes-gcm,128,1107,29300
aes-gcm,128,1108,29400
aes-gcm,128,1109,29500
aes-gcm,128,1110,31000
aes-gcm,128,1111,30300
aes-gcm,128,1112,29400
aes-gcm,128,1113,29300
aes-gcm,128,1114,29400
aes-gcm,128,1115,29000
aes-gcm,128,1116,29200
aes-gcm,128,1117,29100
aes-gcm,128,1118,29000
aes-gcm,128,1119,29300
aes-gcm,128,1120,29500
aes-gcm,128,1121,29500
aes-gcm,128,1122,29000
aes-gcm,128,1123,29300
aes-gcm,128,1124,29100
aes-gcm,128,1125,29100
aes-gcm,128,1126,29300
aes-gcm,128,1127,29000
aes-gcm,128,1128,29200
aes-gcm,128,1129,28800
aes-gcm,128,1130,29400
aes-gcm,128,1131,29200
aes-gcm,128,1132,29300
aes-gcm,128,1133,30000
aes-gcm,128,1134,29100
aes-gcm,128,1135,29200
aes-gcm,128,1136,29300
aes-gcm,128,1137,29300
aes-gcm,128,1138,29000
aes-gcm,128,1139,29800
aes-gcm,128,1140,29200
aes-gcm,128,1141,29600
aes-gcm,128,1142,29200
aes-gcm,128,1143,28900
aes-gcm,128,1144,29800
aes-gcm,128,1145,29200
aes-gcm,128,1146,29400
aes-gcm,128,1147,28900
aes-gcm,128,1148,29500
aes-gcm,128,1149,29100
aes-gcm,128,1150,29400
aes-gcm,128,1151,29100
aes-gcm,128,1152,29400
aes-gcm,128,1153,29200
aes-gcm,128,1154,29200
aes-gcm,128,1155,29400
aes-gcm,128,1156,29200
aes-gcm,128,1157,29400
aes-gcm,128,1158,29100
aes-gcm,128,1159,30200
aes-gcm,128,1160,29300
aes-gcm,128,1161,29100
aes-gcm,128,1162,29200
aes-gcm,128,1163,29500
aes-gcm,128,1164,29200
aes-gcm,128,1165,29000
aes-gcm,128,1166,29400
aes-gcm,128,1167,29100
aes-gcm,128,1168,29200
aes-gcm,128,1169,29200
aes-gcm,128,1170,29100
aes-gcm,128,1171,29100
aes-gcm,128,1172,28900
aes-gcm,128,1173,29400
aes-gcm,128,1174,28800
aes-gcm,128,1175,29200
aes-gcm,128,1176,29000
aes-gcm,128,1177,29100
aes-gcm,128,1178,29000
aes-gcm,128,1179,29100
aes-gcm,128,1180,29200
aes-gcm,128,1181,29300
aes-gcm,128,1182,29300
aes-gcm,128,1183,29000
aes-gcm,128,1184,29800
aes-gcm,128,1185,29000
aes-gcm,128,1186,29200
aes-gcm,128,1187,29300
aes-gcm,128,1188,29000
aes-gcm,128,1189,29100
aes-gcm,128,1190,29200
aes-gcm,128,1191,29300
aes-gcm,128,1192,28900
aes-gcm,128,1193,29400
aes-gcm,128,1194,29300
aes-gcm,128,1195,29400
aes-gcm,128,1196,29400
aes-gcm,128,1197,30100
aes-gcm,128,1198,29200
aes-gcm,128,1199,29300
aes-gcm,128,1200,29500
aes-gcm,128,1201,29000
aes-gcm,128,1202,29400
aes-gcm,128,1203,29100
aes-gcm,128,1204,29400
aes-gcm,128,1205,29600
aes-gcm,128,1206,29300
aes-gcm,128,1207,29100
aes-gcm,128,1208,29000
aes-gcm,128,1209,29200
aes-gcm,128,1210,29000
aes-gcm,128,1211,29300
aes-gcm,128,1212,30300
aes-gcm,128,1213,29300
aes-gcm,128,1214,28900
aes-gcm,128,1215,28900
aes-gcm,128,1216,29800
aes-gcm,128,1217,29200
aes-gcm,128,1218,29400
aes-gcm,128,1219,29000
aes-gcm,128,1220,29500
aes-gcm,128,1221,28900
aes-gcm,128,1222,29500
aes-gcm,128,1223,30100
aes-gcm,128,1224,29200
aes-gcm,128,1225,29300
aes-gcm,128,1226,29200
aes-gcm,128,1227,29600
aes-gcm,128,1228,29000
aes-gcm,128,1229,29300
aes-gcm,128,1230,28900
aes-gcm,128,1231,29400
aes-gcm,128,1232,29100
aes-gcm,128,1233,28900
aes-gcm,128,1234,29200
aes-gcm,128,1235,29200
aes-gcm,128,1236,29200
aes-gcm,128,1237,29300
aes-gcm,128,1238,29200
aes-gcm,128,1239,29100
aes-gcm,128,1240,29100
aes-gcm,128,1241,28900
aes-gcm,128,1242,28800
aes-gcm,128,1243,29100
aes-gcm,128,1244,29100
aes-gcm,128,1245,30400
aes-gcm,128,1246,57500
aes-gcm,128,1247,40100
aes-gcm,128,1248,31400
aes-gcm,128,1249,29800
aes-gcm,128,1250,29300
aes-gcm,128,1251,64800
aes-gcm,128,1252,83800
aes-gcm,128,1253,38900
aes-gcm,128,1254,31900
aes-gcm,128,1255,29400
aes-gcm,128,1256,29900
aes-gcm,128,1257,29300
aes-gcm,128,1258,29300
aes-gcm,128,1259,29200
aes-gcm,128,1260,31000
aes-gcm,128,1261,29400
aes-gcm,128,1262,29200
aes-gcm,128,1263,29200
aes-gcm,128,1264,29100
aes-gcm,128,1265,29700
aes-gcm,128,1266,29000
aes-gcm,128,1267,29600
aes-gcm,128,1268,29100
aes-gcm,128,1269,28900
aes-gcm,128,1270,29300
aes-gcm,128,1271,29100
aes-gcm,128,1272,29100
aes-gcm,128,1273,28900
aes-gcm,128,1274,29400
aes-gcm,128,1275,33500
aes-gcm,128,1276,29800
aes-gcm,128,1277,29200
aes-gcm,128,1278,28900
aes-gcm,128,1279,28900
aes-gcm,128,1280,28800
aes-gcm,128,1281,28900
aes-gcm,128,1282,28800
aes-gcm,128,1283,29200
aes-gcm,128,1284,28700
aes-gcm,128,1285,29300
aes-gcm,128,1286,30100
aes-gcm,128,1287,28900
aes-gcm,128,1288,29300
aes-gcm,128,1289,29000
aes-gcm,128,1290,29000
aes-gcm,128,1291,28800
aes-gcm,128,1292,29500
aes-gcm,128,1293,28900
aes-gcm,128,1294,29000
aes-gcm,128,1295,28900
aes-gcm,128,1296,28900
aes-gcm,128,1297,29300
aes-gcm,128,1298,28800
aes-gcm,128,1299,29000
aes-gcm,128,1300,28800
aes-gcm,128,1301,32600
aes-gcm,128,1302,29300
aes-gcm,128,1303,29300
aes-gcm,128,1304,29100
aes-gcm,128,1305,28900
aes-gcm,128,1306,30300
aes-gcm,128,1307,29300
aes-gcm,128,1308,29200
aes-gcm,128,1309,28800
aes-gcm,128,1310,29200
aes-gcm,128,1311,29000
aes-gcm,128,1312,29300
aes-gcm,128,1313,29200
aes-gcm,128,1314,28800
aes-gcm,128,1315,29000
aes-gcm,128,1316,29100
aes-gcm,128,1317,29300
aes-gcm,128,1318,29100
aes-gcm,128,1319,29000
aes-gcm,128,1320,29000
aes-gcm,128,1321,29300
aes-gcm,128,1322,28900
aes-gcm,128,1323,28800
aes-gcm,128,1324,30100
aes-gcm,128,1325,29000
aes-gcm,128,1326,29100
aes-gcm,128,1327,29000
aes-gcm,128,1328,29400
aes-gcm,128,1329,29300
aes-gcm,128,1330,29000
aes-gcm,128,1331,29000
aes-gcm,128,1332,29000
aes-gcm,128,1333,29000
aes-gcm,128,1334,29000
aes-gcm,128,1335,29000
aes-gcm,128,1336,29300
aes-gcm,128,1337,29200
aes-gcm,128,1338,28900
aes-gcm,128,1339,29400
aes-gcm,128,1340,29000
aes-gcm,128,1341,29000
aes-gcm,128,1342,29000
aes-gcm,128,1343,29000
aes-gcm,128,1344,29100
aes-gcm,128,1345,29200
aes-gcm,128,1346,29500
aes-gcm,128,1347,29100
aes-gcm,128,1348,29200
aes-gcm,128,1349,29200
aes-gcm,128,1350,30200
aes-gcm,128,1351,29300
aes-gcm,128,1352,29000
aes-gcm,128,1353,29100
aes-gcm,128,1354,29000
aes-gcm,128,1355,29300
aes-gcm,128,1356,29100
aes-gcm,128,1357,29100
aes-gcm,128,1358,29100
aes-gcm,128,1359,29000
aes-gcm,128,1360,29400
aes-gcm,128,1361,29500
aes-gcm,128,1362,29300
aes-gcm,128,1363,29000
aes-gcm,128,1364,29400
aes-gcm,128,1365,28900
aes-gcm,128,1366,29300
aes-gcm,128,1367,28900
aes-gcm,128,1368,29000
aes-gcm,128,1369,29200
aes-gcm,128,1370,29000
aes-gcm,128,1371,29400
aes-gcm,128,1372,29200
aes-gcm,128,1373,32200
aes-gcm,128,1374,28600
aes-gcm,128,1375,29100
aes-gcm,128,1376,29000
aes-gcm,128,1377,29000
aes-gcm,128,1378,29100
aes-gcm,128,1379,29000
aes-gcm,128,1380,29200
aes-gcm,128,1381,29500
aes-gcm,128,1382,29400
aes-gcm,128,1383,28700
aes-gcm,128,1384,29300
aes-gcm,128,1385,29100
aes-gcm,128,1386,29100
aes-gcm,128,1387,29100
aes-gcm,128,1388,29800
aes-gcm,128,1389,29100
aes-gcm,128,1390,28900
aes-gcm,128,1391,29300
aes-gcm,128,1392,29300
aes-gcm,128,1393,29300
aes-gcm,128,1394,29000
aes-gcm,128,1395,29000
aes-gcm,128,1396,29000
aes-gcm,128,1397,29000
aes-gcm,128,1398,28900
aes-gcm,128,1399,28900
aes-gcm,128,1400,29100
aes-gcm,128,1401,29000
aes-gcm,128,1402,29100
aes-gcm,128,1403,29200
aes-gcm,128,1404,28900
aes-gcm,128,1405,29200
aes-gcm,128,1406,29100
aes-gcm,128,1407,29800
aes-gcm,128,1408,150900
aes-gcm,128,1409,118500
aes-gcm,128,1410,187500
aes-gcm,128,1411,208600
aes-gcm,128,1412,74100
aes-gcm,128,1413,46600
aes-gcm,128,1414,33700
aes-gcm,128,1415,30200
aes-gcm,128,1416,30200
aes-gcm,128,1417,67600
aes-gcm,128,1418,33000
aes-gcm,128,1419,33100
aes-gcm,128,1420,30300
aes-gcm,128,1421,29600
aes-gcm,128,1422,50300
aes-gcm,128,1423,98500
aes-gcm,128,1424,55200
aes-gcm,128,1425,39100
aes-gcm,128,1426,31000
aes-gcm,128,1427,30500
aes-gcm,128,1428,29400
aes-gcm,128,1429,30000
aes-gcm,128,1430,30100
aes-gcm,128,1431,29500
aes-gcm,128,1432,28600
aes-gcm,128,1433,29200
aes-gcm,128,1434,83000
aes-gcm,128,1435,81900
aes-gcm,128,1436,46200
aes-gcm,128,1437,31600
aes-gcm,128,1438,31000
aes-gcm,128,1439,30100
aes-gcm,128,1440,88400
aes-gcm,128,1441,97100
aes-gcm,128,1442,56300
aes-gcm,128,1443,33400
aes-gcm,128,1444,30300
aes-gcm,128,1445,29900
aes-gcm,128,1446,29700
aes-gcm,128,1447,28900
aes-gcm,128,1448,30500
aes-gcm,128,1449,28600
aes-gcm,128,1450,29800
aes-gcm,128,1451,28800
aes-gcm,128,1452,32000
aes-gcm,128,1453,29500
aes-gcm,128,1454,57100
aes-gcm,128,1455,82000
aes-gcm,128,1456,58300
aes-gcm,128,1457,93500
aes-gcm,128,1458,54100
aes-gcm,128,1459,34500
aes-gcm,128,1460,30100
aes-gcm,128,1461,29000
aes-gcm,128,1462,29900
aes-gcm,128,1463,34500
aes-gcm,128,1464,35800
aes-gcm,128,1465,34600
aes-gcm,128,1466,33700
aes-gcm,128,1467,31900
aes-gcm,128,1468,78300
aes-gcm,128,1469,79600
aes-gcm,128,1470,39600
aes-gcm,128,1471,31400
aes-gcm,128,1472,31100
aes-gcm,128,1473,29900
aes-gcm,128,1474,61400
aes-gcm,128,1475,30100
aes-gcm,128,1476,29700
aes-gcm,128,1477,35900
aes-gcm,128,1478,33600
aes-gcm,128,1479,29900
aes-gcm,128,1480,29700
aes-gcm,128,1481,29800
aes-gcm,128,1482,29500
aes-gcm,128,1483,29900
aes-gcm,128,1484,29000
aes-gcm,128,1485,29300
aes-gcm,128,1486,28800
aes-gcm,128,1487,29500
aes-gcm,128,1488,29600
aes-gcm,128,1489,29600
aes-gcm,128,1490,29600
aes-gcm,128,1491,29700
aes-gcm,128,1492,46500
aes-gcm,128,1493,68200
aes-gcm,128,1494,84400
aes-gcm,128,1495,39000
aes-gcm,128,1496,49600
aes-gcm,128,1497,82300
aes-gcm,128,1498,38300
aes-gcm,128,1499,30200
aes-gcm,128,1500,30000
aes-gcm,128,1501,30200
aes-gcm,128,1502,33900
aes-gcm,128,1503,80800
aes-gcm,128,1504,59400
aes-gcm,128,1505,33800
aes-gcm,128,1506,30900
aes-gcm,128,1507,34500
aes-gcm,128,1508,30300
aes-gcm,128,1509,31200
aes-gcm,128,1510,34100
aes-gcm,128,1511,30200
aes-gcm,128,1512,77300
aes-gcm,128,1513,79900
aes-gcm,128,1514,38400
aes-gcm,128,1515,34000
aes-gcm,128,1516,30800
aes-gcm,128,1517,29600
aes-gcm,128,1518,47000
aes-gcm,128,1519,95300
aes-gcm,128,1520,62400
aes-gcm,128,1521,32700
aes-gcm,128,1522,30400
aes-gcm,128,1523,29600
aes-gcm,128,1524,29900
aes-gcm,128,1525,28700
aes-gcm,128,1526,30600
aes-gcm,128,1527,28400
aes-gcm,128,1528,29800
aes-gcm,128,1529,28600
aes-gcm,128,1530,35300
aes-gcm,128,1531,83000
aes-gcm,128,1532,82200
aes-gcm,128,1533,43400
aes-gcm,128,1534,31300
aes-gcm,128,1535,30600
aes-gcm,128,1536,29900
aes-gcm,128,1537,50700
aes-gcm,128,1538,85700
aes-gcm,128,1539,38800
aes-gcm,128,1540,31100
aes-gcm,128,1541,31800
aes-gcm,128,1542,30200
aes-gcm,128,1543,29600
aes-gcm,128,1544,29500
aes-gcm,128,1545,29100
aes-gcm,128,1546,29300
aes-gcm,128,1547,29000
aes-gcm,128,1548,29200
aes-gcm,128,1549,29200
aes-gcm,128,1550,29000
aes-gcm,128,1551,29200
aes-gcm,128,1552,29400
aes-gcm,128,1553,29400
aes-gcm,128,1554,29100
aes-gcm,128,1555,29300
aes-gcm,128,1556,29300
aes-gcm,128,1557,29400
aes-gcm,128,1558,29400
aes-gcm,128,1559,29500
aes-gcm,128,1560,29200
aes-gcm,128,1561,29000
aes-gcm,128,1562,29300
aes-gcm,128,1563,28900
aes-gcm,128,1564,29200
aes-gcm,128,1565,29200
aes-gcm,128,1566,29100
aes-gcm,128,1567,29200
aes-gcm,128,1568,31600
aes-gcm,128,1569,29400
aes-gcm,128,1570,29200
aes-gcm,128,1571,29300
aes-gcm,128,1572,29000
aes-gcm,128,1573,29200
aes-gcm,128,1574,29400
aes-gcm,128,1575,29000
aes-gcm,128,1576,29100
aes-gcm,128,1577,29000
aes-gcm,128,1578,29200
aes-gcm,128,1579,30000
aes-gcm,128,1580,29500
aes-gcm,128,1581,29000
aes-gcm,128,1582,29100
aes-gcm,128,1583,29200
aes-gcm,128,1584,29000
aes-gcm,128,1585,29500
aes-gcm,128,1586,29200
aes-gcm,128,1587,29300
aes-gcm,128,1588,29100
aes-gcm,128,1589,29400
aes-gcm,128,1590,28900
aes-gcm,128,1591,29500
aes-gcm,128,1592,29200
aes-gcm,128,1593,28700
aes-gcm,128,1594,29100
aes-gcm,128,1595,29000
aes-gcm,128,1596,29400
aes-gcm,128,1597,29300
aes-gcm,128,1598,29500
aes-gcm,128,1599,29200
aes-gcm,128,1600,29200
aes-gcm,128,1601,29000
aes-gcm,128,1602,28900
aes-gcm,128,1603,29200
aes-gcm,128,1604,29100
aes-gcm,128,1605,29900
aes-gcm,128,1606,29100
aes-gcm,128,1607,29400
aes-gcm,128,1608,28900
aes-gcm,128,1609,29200
aes-gcm,128,1610,29100
aes-gcm,128,1611,29000
aes-gcm,128,1612,29600
aes-gcm,128,1613,29200
aes-gcm,128,1614,29300
aes-gcm,128,1615,29000
aes-gcm,128,1616,29400
aes-gcm,128,1617,29000
aes-gcm,128,1618,29200
aes-gcm,128,1619,29300
aes-gcm,128,1620,29200
aes-gcm,128,1621,29100
aes-gcm,128,1622,29200
aes-gcm,128,1623,29200
aes-gcm,128,1624,29100
aes-gcm,128,1625,29700
aes-gcm,128,1626,29000
aes-gcm,128,1627,29200
aes-gcm,128,1628,29200
aes-gcm,128,1629,29100
aes-gcm,128,1630,29200
aes-gcm,128,1631,29100
aes-gcm,128,1632,29100
aes-gcm,128,1633,29200
aes-gcm,128,1634,29500
aes-gcm,128,1635,28900
aes-gcm,128,1636,29200
aes-gcm,128,1637,29200
aes-gcm,128,1638,29100
aes-gcm,128,1639,29200
aes-gcm,128,1640,29000
aes-gcm,128,1641,29100
aes-gcm,128,1642,29100
aes-gcm,128,1643,30400
aes-gcm,128,1644,29300
aes-gcm,128,1645,29200
aes-gcm,128,1646,29100
aes-gcm,128,1647,29000
aes-gcm,128,1648,29200
aes-gcm,128,1649,29200
aes-gcm,128,1650,29100
aes-gcm,128,1651,29000
aes-gcm,128,1652,29200
aes-gcm,128,1653,29000
aes-gcm,128,1654,29200
aes-gcm,128,1655,29300
aes-gcm,128,1656,29000
aes-gcm,128,1657,29300
aes-gcm,128,1658,29200
aes-gcm,128,1659,29300
aes-gcm,128,1660,29200
aes-gcm,128,1661,29400
aes-gcm,128,1662,28900
aes-gcm,128,1663,29100
aes-gcm,128,1664,29100
aes-gcm,128,1665,28300
aes-gcm,128,1666,29500
aes-gcm,128,1667,29000
aes-gcm,128,1668,114300
aes-gcm,128,1669,39900
aes-gcm,128,1670,39500
aes-gcm,128,1671,47900
aes-gcm,128,1672,54700
aes-gcm,128,1673,67600
aes-gcm,128,1674,65200
aes-gcm,128,1675,90800
aes-gcm,128,1676,100700
aes-gcm,128,1677,87600
aes-gcm,128,1678,39300
aes-gcm,128,1679,30900
aes-gcm,128,1680,29500
aes-gcm,128,1681,29800
aes-gcm,128,1682,29600
aes-gcm,128,1683,29200
aes-gcm,128,1684,29800
aes-gcm,128,1685,29600
aes-gcm,128,1686,29200
aes-gcm,128,1687,29000
aes-gcm,128,1688,30700
aes-gcm,128,1689,31600
aes-gcm,128,1690,30700
aes-gcm,128,1691,29800
aes-gcm,128,1692,28800
aes-gcm,128,1693,29700
aes-gcm,128,1694,29400
aes-gcm,128,1695,29800
aes-gcm,128,1696,29500
aes-gcm,128,1697,30000
aes-gcm,128,1698,29800
aes-gcm,128,1699,29600
aes-gcm,128,1700,29500
aes-gcm,128,1701,29300
aes-gcm,128,1702,29200
aes-gcm,128,1703,29600
aes-gcm,128,1704,71200
aes-gcm,128,1705,27800
aes-gcm,128,1706,34000
aes-gcm,128,1707,30900
aes-gcm,128,1708,29600
aes-gcm,128,1709,67900
aes-gcm,128,1710,39800
aes-gcm,128,1711,31700
aes-gcm,128,1712,29600
aes-gcm,128,1713,29800
aes-gcm,128,1714,29200
aes-gcm,128,1715,29400
aes-gcm,128,1716,29100
aes-gcm,128,1717,29100
aes-gcm,128,1718,29200
aes-gcm,128,1719,30800
aes-gcm,128,1720,29300
aes-gcm,128,1721,29100
aes-gcm,128,1722,29400
aes-gcm,128,1723,28900
aes-gcm,128,1724,29500
aes-gcm,128,1725,29000
aes-gcm,128,1726,29100
aes-gcm,128,1727,29300
aes-gcm,128,1728,29000
aes-gcm,128,1729,29300
aes-gcm,128,1730,29100
aes-gcm,128,1731,29200
aes-gcm,128,1732,29200
aes-gcm,128,1733,30600
aes-gcm,128,1734,29200
aes-gcm,128,1735,29300
aes-gcm,128,1736,29000
aes-gcm,128,1737,28900
aes-gcm,128,1738,29200
aes-gcm,128,1739,29100
aes-gcm,128,1740,29300
aes-gcm,128,1741,29100
aes-gcm,128,1742,29400
aes-gcm,128,1743,29200
aes-gcm,128,1744,29200
aes-gcm,128,1745,29100
aes-gcm,128,1746,29000
aes-gcm,128,1747,29000
aes-gcm,128,1748,29300
aes-gcm,128,1749,29300
aes-gcm,128,1750,29000
aes-gcm,128,1751,29300
aes-gcm,128,1752,30800
aes-gcm,128,1753,30500
aes-gcm,128,1754,29200
aes-gcm,128,1755,29100
aes-gcm,128,1756,29100
aes-gcm,128,1757,29000
aes-gcm,128,1758,29200
aes-gcm,128,1759,29200
aes-gcm,128,1760,29400
aes-gcm,128,1761,29200
aes-gcm,128,1762,29300
aes-gcm,128,1763,29100
aes-gcm,128,1764,29100
aes-gcm,128,1765,29300
aes-gcm,128,1766,28900
aes-gcm,128,1767,29200
aes-gcm,128,1768,29100
aes-gcm,128,1769,29300
aes-gcm,128,1770,29800
aes-gcm,128,1771,29200
aes-gcm,128,1772,29200
aes-gcm,128,1773,29100
aes-gcm,128,1774,29400
aes-gcm,128,1775,29100
aes-gcm,128,1776,29300
aes-gcm,128,1777,29100
aes-gcm,128,1778,29300
aes-gcm,128,1779,28800
aes-gcm,128,1780,29300
aes-gcm,128,1781,29100
aes-gcm,128,1782,29000
aes-gcm,128,1783,29100
aes-gcm,128,1784,29100
aes-gcm,128,1785,32800
aes-gcm,128,1786,34100
aes-gcm,128,1787,29200
aes-gcm,128,1788,29000
aes-gcm,128,1789,29300
aes-gcm,128,1790,29000
aes-gcm,128,1791,29200
aes-gcm,128,1792,29300
aes-gcm,128,1793,29200
aes-gcm,128,1794,29300
aes-gcm,128,1795,29000
aes-gcm,128,1796,30300
aes-gcm,128,1797,29200
aes-gcm,128,1798,29300
aes-gcm,128,1799,29200
aes-gcm,128,1800,29100
aes-gcm,128,1801,29300
aes-gcm,128,1802,29300
aes-gcm,128,1803,29200
aes-gcm,128,1804,29000
aes-gcm,128,1805,29500
aes-gcm,128,1806,28900
aes-gcm,128,1807,29300
aes-gcm,128,1808,29200
aes-gcm,128,1809,29000
aes-gcm,128,1810,29100
aes-gcm,128,1811,29200
aes-gcm,128,1812,29400
aes-gcm,128,1813,29100
aes-gcm,128,1814,29300
aes-gcm,128,1815,29000
aes-gcm,128,1816,29200
aes-gcm,128,1817,29200
aes-gcm,128,1818,29100
aes-gcm,128,1819,29100
aes-gcm,128,1820,29300
aes-gcm,128,1821,29100
aes-gcm,128,1822,29200
aes-gcm,128,1823,29400
aes-gcm,128,1824,29500
aes-gcm,128,1825,29100
aes-gcm,128,1826,64800
aes-gcm,128,1827,82700
aes-gcm,128,1828,38100
aes-gcm,128,1829,30900
aes-gcm,128,1830,30000
aes-gcm,128,1831,29400
aes-gcm,128,1832,29600
aes-gcm,128,1833,29000
aes-gcm,128,1834,32000
aes-gcm,128,1835,29800
aes-gcm,128,1836,29000
aes-gcm,128,1837,29400
aes-gcm,128,1838,29300
aes-gcm,128,1839,29300
aes-gcm,128,1840,28800
aes-gcm,128,1841,29300
aes-gcm,128,1842,29000
aes-gcm,128,1843,29300
aes-gcm,128,1844,29000
aes-gcm,128,1845,29200
aes-gcm,128,1846,29300
aes-gcm,128,1847,29200
aes-gcm,128,1848,29200
aes-gcm,128,1849,29200
aes-gcm,128,1850,31100
aes-gcm,128,1851,85600
aes-gcm,128,1852,67400
aes-gcm,128,1853,84200
aes-gcm,128,1854,96500
aes-gcm,128,1855,88300
aes-gcm,128,1856,64000
aes-gcm,128,1857,82600
aes-gcm,128,1858,40500
aes-gcm,128,1859,32700
aes-gcm,128,1860,35200
aes-gcm,128,1861,49500
aes-gcm,128,1862,94800
aes-gcm,128,1863,55500
aes-gcm,128,1864,33600
aes-gcm,128,1865,30300
aes-gcm,128,1866,29900
aes-gcm,128,1867,31500
aes-gcm,128,1868,31000
aes-gcm,128,1869,65400
aes-gcm,128,1870,30100
aes-gcm,128,1871,32500
aes-gcm,128,1872,30400
aes-gcm,128,1873,32100
aes-gcm,128,1874,29300
aes-gcm,128,1875,29600
aes-gcm,128,1876,29200
aes-gcm,128,1877,30200
aes-gcm,128,1878,30600
aes-gcm,128,1879,29400
aes-gcm,128,1880,29200
aes-gcm,128,1881,29000
aes-gcm,128,1882,29300
aes-gcm,128,1883,29000
aes-gcm,128,1884,29300
aes-gcm,128,1885,28900
aes-gcm,128,1886,47400
aes-gcm,128,1887,67000
aes-gcm,128,1888,47200
aes-gcm,128,1889,30900
aes-gcm,128,1890,30300
aes-gcm,128,1891,29600
aes-gcm,128,1892,29400
aes-gcm,128,1893,29400
aes-gcm,128,1894,29200
aes-gcm,128,1895,29300
aes-gcm,128,1896,34600
aes-gcm,128,1897,29500
aes-gcm,128,1898,31300
aes-gcm,128,1899,29100
aes-gcm,128,1900,29200
aes-gcm,128,1901,29400
aes-gcm,128,1902,29300
aes-gcm,128,1903,29100
aes-gcm,128,1904,29400
aes-gcm,128,1905,29000
aes-gcm,128,1906,29500
aes-gcm,128,1907,29200
aes-gcm,128,1908,29100
aes-gcm,128,1909,29500
aes-gcm,128,1910,29100
aes-gcm,128,1911,29600
aes-gcm,128,1912,29100
aes-gcm,128,1913,29300
aes-gcm,128,1914,29000
aes-gcm,128,1915,29000
aes-gcm,128,1916,29200
aes-gcm,128,1917,29200
aes-gcm,128,1918,29300
aes-gcm,128,1919,29200
aes-gcm,128,1920,29500
aes-gcm,128,1921,29100
aes-gcm,128,1922,29600
aes-gcm,128,1923,29000
aes-gcm,128,1924,29900
aes-gcm,128,1925,29400
aes-gcm,128,1926,29200
aes-gcm,128,1927,29400
aes-gcm,128,1928,29500
aes-gcm,128,1929,29200
aes-gcm,128,1930,30600
aes-gcm,128,1931,29600
aes-gcm,128,1932,28900
aes-gcm,128,1933,29200
aes-gcm,128,1934,29100
aes-gcm,128,1935,29200
aes-gcm,128,1936,29500
aes-gcm,128,1937,29300
aes-gcm,128,1938,29200
aes-gcm,128,1939,29100
aes-gcm,128,1940,29400
aes-gcm,128,1941,30100
aes-gcm,128,1942,29500
aes-gcm,128,1943,29300
aes-gcm,128,1944,29200
aes-gcm,128,1945,29200
aes-gcm,128,1946,29300
aes-gcm,128,1947,29300
aes-gcm,128,1948,29200
aes-gcm,128,1949,29500
aes-gcm,128,1950,29300
aes-gcm,128,1951,29100
aes-gcm,128,1952,29500
aes-gcm,128,1953,29000
aes-gcm,128,1954,29600
aes-gcm,128,1955,29200
aes-gcm,128,1956,29400
aes-gcm,128,1957,29200
aes-gcm,128,1958,29500
aes-gcm,128,1959,29000
aes-gcm,128,1960,29400
aes-gcm,128,1961,29300
aes-gcm,128,1962,29900
aes-gcm,128,1963,31600
aes-gcm,128,1964,29700
aes-gcm,128,1965,29400
aes-gcm,128,1966,29200
aes-gcm,128,1967,29700
aes-gcm,128,1968,29000
aes-gcm,128,1969,29200
aes-gcm,128,1970,29100
aes-gcm,128,1971,28900
aes-gcm,128,1972,29200
aes-gcm,128,1973,29300
aes-gcm,128,1974,29200
aes-gcm,128,1975,29000
aes-gcm,128,1976,29500
aes-gcm,128,1977,29100
aes-gcm,128,1978,29100
aes-gcm,128,1979,29200
aes-gcm,128,1980,29000
aes-gcm,128,1981,29200
aes-gcm,128,1982,29000
aes-gcm,128,1983,29400
aes-gcm,128,1984,29200
aes-gcm,128,1985,29600
aes-gcm,128,1986,29400
aes-gcm,128,1987,29400
aes-gcm,128,1988,30200
aes-gcm,128,1989,29100
aes-gcm,128,1990,29100
aes-gcm,128,1991,29200
aes-gcm,128,1992,29500
aes-gcm,128,1993,29000
aes-gcm,128,1994,29300
aes-gcm,128,1995,29100
aes-gcm,128,1996,29100
aes-gcm,128,1997,34100
aes-gcm,128,1998,29300
aes-gcm,128,1999,29200
aes-gcm,512,0,30200
aes-gcm,512,1,30000
aes-gcm,512,2,30200
aes-gcm,512,3,29500
aes-gcm,512,4,29800
aes-gcm,512,5,29700
aes-gcm,512,6,29400
aes-gcm,512,7,29700
aes-gcm,512,8,29900
aes-gcm,512,9,29900
aes-gcm,512,10,29900
aes-gcm,512,11,30100
aes-gcm,512,12,29600
aes-gcm,512,13,29700
aes-gcm,512,14,30100
aes-gcm,512,15,29400
aes-gcm,512,16,33100
aes-gcm,512,17,29900
aes-gcm,512,18,29800
aes-gcm,512,19,29800
aes-gcm,512,20,30300
aes-gcm,512,21,29500
aes-gcm,512,22,29900
aes-gcm,512,23,30000
aes-gcm,512,24,29600
aes-gcm,512,25,31600
aes-gcm,512,26,30000
aes-gcm,512,27,29700
aes-gcm,512,28,29500
aes-gcm,512,29,30200
aes-gcm,512,30,30000
aes-gcm,512,31,29800
aes-gcm,512,32,29900
aes-gcm,512,33,29400
aes-gcm,512,34,29900
aes-gcm,512,35,29800
aes-gcm,512,36,29700
aes-gcm,512,37,29600
aes-gcm,512,38,29800
aes-gcm,512,39,29700
aes-gcm,512,40,30400
aes-gcm,512,41,29900
aes-gcm,512,42,29900
aes-gcm,512,43,29800
aes-gcm,512,44,29700
aes-gcm,512,45,29600
aes-gcm,512,46,29700
aes-gcm,512,47,30000
aes-gcm,512,48,29900
aes-gcm,512,49,34000
aes-gcm,512,50,26700
aes-gcm,512,51,30000
aes-gcm,512,52,30000
aes-gcm,512,53,29700
aes-gcm,512,54,30000
aes-gcm,512,55,29600
aes-gcm,512,56,30000
aes-gcm,512,57,29300
aes-gcm,512,58,29800
aes-gcm,512,59,29800
aes-gcm,512,60,29500
aes-gcm,512,61,29800
aes-gcm,512,62,30000
aes-gcm,512,63,29600
aes-gcm,512,64,29500
aes-gcm,512,65,30000
aes-gcm,512,66,29600
aes-gcm,512,67,30100
aes-gcm,512,68,29900
aes-gcm,512,69,29500
aes-gcm,512,70,30300
aes-gcm,512,71,29800
aes-gcm,512,72,29800
aes-gcm,512,73,29900
aes-gcm,512,74,30000
aes-gcm,512,75,29500
aes-gcm,512,76,29700
aes-gcm,512,77,29700
aes-gcm,512,78,29500
aes-gcm,512,79,29900
aes-gcm,512,80,29800
aes-gcm,512,81,30000
aes-gcm,512,82,30700
aes-gcm,512,83,30200
aes-gcm,512,84,29800
aes-gcm,512,85,29800
aes-gcm,512,86,29700
aes-gcm,512,87,29700
aes-gcm,512,88,29800
aes-gcm,512,89,30400
aes-gcm,512,90,30000
aes-gcm,512,91,29800
aes-gcm,512,92,30000
aes-gcm,512,93,29400
aes-gcm,512,94,30200
aes-gcm,512,95,29600
aes-gcm,512,96,29700
aes-gcm,512,97,29600
aes-gcm,512,98,30200
aes-gcm,512,99,29900
aes-gcm,512,100,30000
aes-gcm,512,101,30000
aes-gcm,512,102,29500
aes-gcm,512,103,30500
aes-gcm,512,104,30000
aes-gcm,512,105,29700
aes-gcm,512,106,29800
aes-gcm,512,107,30000
aes-gcm,512,108,29800
aes-gcm,512,109,29700
aes-gcm,512,110,125100
aes-gcm,512,111,85000
aes-gcm,512,112,108700
aes-gcm,512,113,76900
aes-gcm,512,114,91000
aes-gcm,512,115,69600
aes-gcm,512,116,94900
aes-gcm,512,117,124200
aes-gcm,512,118,64600
aes-gcm,512,119,86300
aes-gcm,512,120,57900
aes-gcm,512,121,56200
aes-gcm,512,122,34000
aes-gcm,512,123,31200
aes-gcm,512,124,31000
aes-gcm,512,125,53800
aes-gcm,512,126,47700
aes-gcm,512,127,35700
aes-gcm,512,128,32100
aes-gcm,512,129,30600
aes-gcm,512,130,30600
aes-gcm,512,131,30300
aes-gcm,512,132,30600
aes-gcm,512,133,30300
aes-gcm,512,134,30500
aes-gcm,512,135,29300
aes-gcm,512,136,30100
aes-gcm,512,137,29700
aes-gcm,512,138,30100
aes-gcm,512,139,29600
aes-gcm,512,140,30100
aes-gcm,512,141,29900
aes-gcm,512,142,88300
aes-gcm,512,143,59100
aes-gcm,512,144,34000
aes-gcm,512,145,31500
aes-gcm,512,146,31400
aes-gcm,512,147,29900
aes-gcm,512,148,30100
aes-gcm,512,149,95800
aes-gcm,512,150,86400
aes-gcm,512,151,68100
aes-gcm,512,152,59700
aes-gcm,512,153,87700
aes-gcm,512,154,58200
aes-gcm,512,155,58200
aes-gcm,512,156,33400
aes-gcm,512,157,31000
aes-gcm,512,158,30500
aes-gcm,512,159,29900
aes-gcm,512,160,30900
aes-gcm,512,161,30300
aes-gcm,512,162,63400
aes-gcm,512,163,40500
aes-gcm,512,164,40000
aes-gcm,512,165,30100
aes-gcm,512,166,30600
aes-gcm,512,167,30300
aes-gcm,512,168,70500
aes-gcm,512,169,31200
aes-gcm,512,170,33800
aes-gcm,512,171,30400
aes-gcm,512,172,29700
aes-gcm,512,173,30500
aes-gcm,512,174,29800
aes-gcm,512,175,29900
aes-gcm,512,176,29900
aes-gcm,512,177,30500
aes-gcm,512,178,30100
aes-gcm,512,179,29800
aes-gcm,512,180,29900
aes-gcm,512,181,29700
aes-gcm,512,182,30400
aes-gcm,512,183,29900
aes-gcm,512,184,30000
aes-gcm,512,185,29900
aes-gcm,512,186,29900
aes-gcm,512,187,30000
aes-gcm,512,188,29700
aes-gcm,512,189,29500
aes-gcm,512,190,29600
aes-gcm,512,191,29800
aes-gcm,512,192,29400
aes-gcm,512,193,29800
aes-gcm,512,194,30000
aes-gcm,512,195,29400
aes-gcm,512,196,29800
aes-gcm,512,197,30000
aes-gcm,512,198,29900
aes-gcm,512,199,29800
aes-gcm,512,200,30200
aes-gcm,512,201,29600
aes-gcm,512,202,29900
aes-gcm,512,203,29500
aes-gcm,512,204,29500
aes-gcm,512,205,29900
aes-gcm,512,206,31900
aes-gcm,512,207,54700
aes-gcm,512,208,90400
aes-gcm,512,209,40800
aes-gcm,512,210,32500
aes-gcm,512,211,31200
aes-gcm,512,212,30300
aes-gcm,512,213,30400
aes-gcm,512,214,30100
aes-gcm,512,215,29800
aes-gcm,512,216,30100
aes-gcm,512,217,32200
aes-gcm,512,218,30800
aes-gcm,512,219,29700
aes-gcm,512,220,30000
aes-gcm,512,221,29700
aes-gcm,512,222,29500
aes-gcm,512,223,29800
aes-gcm,512,224,29900
aes-gcm,512,225,29800
aes-gcm,512,226,29700
aes-gcm,512,227,30300
aes-gcm,512,228,29500
aes-gcm,512,229,29900
aes-gcm,512,230,29900
aes-gcm,512,231,30400
aes-gcm,512,232,30000
aes-gcm,512,233,29900
aes-gcm,512,234,29700
aes-gcm,512,235,29900
aes-gcm,512,236,35200
aes-gcm,512,237,29700
aes-gcm,512,238,30300
aes-gcm,512,239,29900
aes-gcm,512,240,29600
aes-gcm,512,241,29700
aes-gcm,512,242,29700
aes-gcm,512,243,29700
aes-gcm,512,244,29600
aes-gcm,512,245,30100
aes-gcm,512,246,29500
aes-gcm,512,247,29700
aes-gcm,512,248,30000
aes-gcm,512,249,29400
aes-gcm,512,250,30200
aes-gcm,512,251,29800
aes-gcm,512,252,29900
aes-gcm,512,253,29700
aes-gcm,512,254,29900
aes-gcm,512,255,29400
aes-gcm,512,256,29900
aes-gcm,512,257,29800
aes-gcm,512,258,29700
aes-gcm,512,259,30100
aes-gcm,512,260,30000
aes-gcm,512,261,29800
aes-gcm,512,262,29400
aes-gcm,512,263,29800
aes-gcm,512,264,29700
aes-gcm,512,265,29700
aes-gcm,512,266,30000
aes-gcm,512,267,29700
aes-gcm,512,268,29900
aes-gcm,512,269,31200
aes-gcm,512,270,30000
aes-gcm,512,271,29800
aes-gcm,512,272,30100
aes-gcm,512,273,29700
aes-gcm,512,274,30100
aes-gcm,512,275,29900
aes-gcm,512,276,29500
aes-gcm,512,277,30100
aes-gcm,512,278,29800
aes-gcm,512,279,29700
aes-gcm,512,280,31000
aes-gcm,512,281,30000
aes-gcm,512,282,30000
aes-gcm,512,283,29700
aes-gcm,512,284,29800
aes-gcm,512,285,29600
aes-gcm,512,286,29900
aes-gcm,512,287,29800
aes-gcm,512,288,30200
aes-gcm,512,289,29900
aes-gcm,512,290,30300
aes-gcm,512,291,29700
aes-gcm,512,292,29900
aes-gcm,512,293,30000
aes-gcm,512,294,30000
aes-gcm,512,295,29800
aes-gcm,512,296,29900
aes-gcm,512,297,29800
aes-gcm,512,298,29900
aes-gcm,512,299,30200
aes-gcm,512,300,29600
aes-gcm,512,301,29700
aes-gcm,512,302,32000
aes-gcm,512,303,29800
aes-gcm,512,304,61200
aes-gcm,512,305,81400
aes-gcm,512,306,86200
aes-gcm,512,307,39400
aes-gcm,512,308,33000
aes-gcm,512,309,30100
aes-gcm,512,310,30500
aes-gcm,512,311,30300
aes-gcm,512,312,29700
aes-gcm,512,313,30000
aes-gcm,512,314,29900
aes-gcm,512,315,29800
aes-gcm,512,316,30200
aes-gcm,512,317,33400
aes-gcm,512,318,66000
aes-gcm,512,319,34500
aes-gcm,512,320,30700
aes-gcm,512,321,31000
aes-gcm,512,322,30800
aes-gcm,512,323,29900
aes-gcm,512,324,30000
aes-gcm,512,325,29600
aes-gcm,512,326,30100
aes-gcm,512,327,29700
aes-gcm,512,328,32600
aes-gcm,512,329,29900
aes-gcm,512,330,29800
aes-gcm,512,331,30200
aes-gcm,512,332,30000
aes-gcm,512,333,30000
aes-gcm,512,334,29800
aes-gcm,512,335,30000
aes-gcm,512,336,29800
aes-gcm,512,337,30000
aes-gcm,512,338,29900
aes-gcm,512,339,29600
aes-gcm,512,340,30200
aes-gcm,512,341,29700
aes-gcm,512,342,29800
aes-gcm,512,343,29600
aes-gcm,512,344,32200
aes-gcm,512,345,30000
aes-gcm,512,346,29900
aes-gcm,512,347,29800
aes-gcm,512,348,29900
aes-gcm,512,349,29800
aes-gcm,512,350,30000
aes-gcm,512,351,29900
aes-gcm,512,352,29700
aes-gcm,512,353,30400
aes-gcm,512,354,29800
aes-gcm,512,355,29900
aes-gcm,512,356,29800
aes-gcm,512,357,29600
aes-gcm,512,358,30000
aes-gcm,512,359,30000
aes-gcm,512,360,29700
aes-gcm,512,361,30700
aes-gcm,512,362,30000
aes-gcm,512,363,29500
aes-gcm,512,364,30000
aes-gcm,512,365,29900
aes-gcm,512,366,29600
aes-gcm,512,367,29800
aes-gcm,512,368,29700
aes-gcm,512,369,29900
aes-gcm,512,370,29700
aes-gcm,512,371,30400
aes-gcm,512,372,29700
aes-gcm,512,373,29900
aes-gcm,512,374,30200
aes-gcm,512,375,29800
aes-gcm,512,376,29800
aes-gcm,512,377,29800
aes-gcm,512,378,30400
aes-gcm,512,379,29700
aes-gcm,512,380,30300
aes-gcm,512,381,29900
aes-gcm,512,382,29800
aes-gcm,512,383,29800
aes-gcm,512,384,29700
aes-gcm,512,385,30000
aes-gcm,512,386,29800
aes-gcm,512,387,29600
aes-gcm,512,388,29700
aes-gcm,512,389,29900
aes-gcm,512,390,29500
aes-gcm,512,391,30100
aes-gcm,512,392,29800
aes-gcm,512,393,29700
aes-gcm,512,394,30900
aes-gcm,512,395,29700
aes-gcm,512,396,29700
aes-gcm,512,397,29700
aes-gcm,512,398,30100
aes-gcm,512,399,29500
aes-gcm,512,400,29700
aes-gcm,512,401,30000
aes-gcm,512,402,29500
aes-gcm,512,403,29800
aes-gcm,512,404,29800
aes-gcm,512,405,29600
aes-gcm,512,406,30200
aes-gcm,512,407,30300
aes-gcm,512,408,30500
aes-gcm,512,409,30000
aes-gcm,512,410,29900
aes-gcm,512,411,29800
aes-gcm,512,412,30000
aes-gcm,512,413,29700
aes-gcm,512,414,29700
aes-gcm,512,415,29800
aes-gcm,512,416,29900
aes-gcm,512,417,29700
aes-gcm,512,418,30000
aes-gcm,512,419,29700
aes-gcm,512,420,29600
aes-gcm,512,421,30000
aes-gcm,512,422,29900
aes-gcm,512,423,29900
aes-gcm,512,424,29600
aes-gcm,512,425,30000
aes-gcm,512,426,29700
aes-gcm,512,427,32400
aes-gcm,512,428,29900
aes-gcm,512,429,29500
aes-gcm,512,430,29900
aes-gcm,512,431,29800
aes-gcm,512,432,29800
aes-gcm,512,433,29800
aes-gcm,512,434,30300
aes-gcm,512,435,29600
aes-gcm,512,436,30000
aes-gcm,512,437,29800
aes-gcm,512,438,29800
aes-gcm,512,439,29700
aes-gcm,512,440,29900
aes-gcm,512,441,29900
aes-gcm,512,442,29700
aes-gcm,512,443,29800
aes-gcm,512,444,29900
aes-gcm,512,445,30000
aes-gcm,512,446,29800
aes-gcm,512,447,29500
aes-gcm,512,448,30000
aes-gcm,512,449,30000
aes-gcm,512,450,29700
aes-gcm,512,451,29700
aes-gcm,512,452,29900
aes-gcm,512,453,29400
aes-gcm,512,454,29800
aes-gcm,512,455,29800
aes-gcm,512,456,29600
aes-gcm,512,457,29900
aes-gcm,512,458,29700
aes-gcm,512,459,67900
aes-gcm,512,460,123900
aes-gcm,512,461,59900
aes-gcm,512,462,34300
aes-gcm,512,463,31400
aes-gcm,512,464,30600
aes-gcm,512,465,29900
aes-gcm,512,466,30200
aes-gcm,512,467,30500
aes-gcm,512,468,30000
aes-gcm,512,469,29800
aes-gcm,512,470,29900
aes-gcm,512,471,29900
aes-gcm,512,472,31800
aes-gcm,512,473,30300
aes-gcm,512,474,29900
aes-gcm,512,475,29700
aes-gcm,512,476,29900
aes-gcm,512,477,29900
aes-gcm,512,478,29900
aes-gcm,512,479,30200
aes-gcm,512,480,29600
aes-gcm,512,481,30000
aes-gcm,512,482,29900
aes-gcm,512,483,30100
aes-gcm,512,484,29900
aes-gcm,512,485,29700
aes-gcm,512,486,30000
aes-gcm,512,487,35100
aes-gcm,512,488,29200
aes-gcm,512,489,30100
aes-gcm,512,490,30500
aes-gcm,512,491,30200
aes-gcm,512,492,29700
aes-gcm,512,493,29900
aes-gcm,512,494,30200
aes-gcm,512,495,29800
aes-gcm,512,496,29800
aes-gcm,512,497,30000
aes-gcm,512,498,29700
aes-gcm,512,499,30200
aes-gcm,512,500,29900
aes-gcm,512,501,29500
aes-gcm,512,502,29900
aes-gcm,512,503,29700
aes-gcm,512,504,29900
aes-gcm,512,505,30200
aes-gcm,512,506,30000
aes-gcm,512,507,29500
aes-gcm,512,508,29700
aes-gcm,512,509,29800
aes-gcm,512,510,29700
aes-gcm,512,511,30000
aes-gcm,512,512,29800
aes-gcm,512,513,29900
aes-gcm,512,514,48400
aes-gcm,512,515,86500
aes-gcm,512,516,112900
aes-gcm,512,517,83200
aes-gcm,512,518,108700
aes-gcm,512,519,39500
aes-gcm,512,520,31600
aes-gcm,512,521,30400
aes-gcm,512,522,30300
aes-gcm,512,523,135700
aes-gcm,512,524,122200
aes-gcm,512,525,75200
aes-gcm,512,526,92000
aes-gcm,512,527,84300
aes-gcm,512,528,42900
aes-gcm,512,529,32300
aes-gcm,512,530,33000
aes-gcm,512,531,56400
aes-gcm,512,532,85600
aes-gcm,512,533,40100
aes-gcm,512,534,31700
aes-gcm,512,535,33300
aes-gcm,512,536,30400
aes-gcm,512,537,29800
aes-gcm,512,538,46100
aes-gcm,512,539,69400
aes-gcm,512,540,46900
aes-gcm,512,541,35000
aes-gcm,512,542,31900
aes-gcm,512,543,29900
aes-gcm,512,544,29900
aes-gcm,512,545,30000
aes-gcm,512,546,30200
aes-gcm,512,547,29900
aes-gcm,512,548,30100
aes-gcm,512,549,29900
aes-gcm,512,550,29600
aes-gcm,512,551,30200
aes-gcm,512,552,29800
aes-gcm,512,553,30100
aes-gcm,512,554,29800
aes-gcm,512,555,29400
aes-gcm,512,556,29800
aes-gcm,512,557,30100
aes-gcm,512,558,30000
aes-gcm,512,559,29700
aes-gcm,512,560,30000
aes-gcm,512,561,29800
aes-gcm,512,562,29800
aes-gcm,512,563,29900
aes-gcm,512,564,29600
aes-gcm,512,565,29900
aes-gcm,512,566,29900
aes-gcm,512,567,30200
aes-gcm,512,568,30000
aes-gcm,512,569,30200
aes-gcm,512,570,29400
aes-gcm,512,571,29900
aes-gcm,512,572,29900
aes-gcm,512,573,29700
aes-gcm,512,574,30300
aes-gcm,512,575,30000
aes-gcm,512,576,29700
aes-gcm,512,577,29400
aes-gcm,512,578,30000
aes-gcm,512,579,29700
aes-gcm,512,580,29700
aes-gcm,512,581,29900
aes-gcm,512,582,29700
aes-gcm,512,583,29800
aes-gcm,512,584,29700
aes-gcm,512,585,29800
aes-gcm,512,586,29700
aes-gcm,512,587,29800
aes-gcm,512,588,29300
aes-gcm,512,589,30000
aes-gcm,512,590,36100
aes-gcm,512,591,33300
aes-gcm,512,592,87400
aes-gcm,512,593,59100
aes-gcm,512,594,35100
aes-gcm,512,595,30800
aes-gcm,512,596,30700
aes-gcm,512,597,29800
aes-gcm,512,598,30500
aes-gcm,512,599,30500
aes-gcm,512,600,29700
aes-gcm,512,601,30100
aes-gcm,512,602,30100
aes-gcm,512,603,29800
aes-gcm,512,604,30200
aes-gcm,512,605,30200
aes-gcm,512,606,29600
aes-gcm,512,607,29700
aes-gcm,512,608,29800
aes-gcm,512,609,29600
aes-gcm,512,610,30300
aes-gcm,512,611,30000
aes-gcm,512,612,29700
aes-gcm,512,613,29800
aes-gcm,512,614,30100
aes-gcm,512,615,29700
aes-gcm,512,616,30100
aes-gcm,512,617,29700
aes-gcm,512,618,29700
aes-gcm,512,619,29700
aes-gcm,512,620,32800
aes-gcm,512,621,29900
aes-gcm,512,622,29900
aes-gcm,512,623,30000
aes-gcm,512,624,29600
aes-gcm,512,625,29800
aes-gcm,512,626,30200
aes-gcm,512,627,29700
aes-gcm,512,628,30000
aes-gcm,512,629,29900
aes-gcm,512,630,30300
aes-gcm,512,631,29800
aes-gcm,512,632,30000
aes-gcm,512,633,29600
aes-gcm,512,634,29900
aes-gcm,512,635,29900
aes-gcm,512,636,29600
aes-gcm,512,637,29800
aes-gcm,512,638,29800
aes-gcm,512,639,29700
aes-gcm,512,640,29700
aes-gcm,512,641,30100
aes-gcm,512,642,29700
aes-gcm,512,643,30100
aes-gcm,512,644,30200
aes-gcm,512,645,29700
aes-gcm,512,646,29800
aes-gcm,512,647,29800
aes-gcm,512,648,29800
aes-gcm,512,649,29700
aes-gcm,512,650,30000
aes-gcm,512,651,29500
aes-gcm,512,652,30200
aes-gcm,512,653,30000
aes-gcm,512,654,29700
aes-gcm,512,655,29700
aes-gcm,512,656,29500
aes-gcm,512,657,29800
aes-gcm,512,658,30300
aes-gcm,512,659,29900
aes-gcm,512,660,29600
aes-gcm,512,661,29700
aes-gcm,512,662,30000
aes-gcm,512,663,30200
aes-gcm,512,664,30200
aes-gcm,512,665,29600
aes-gcm,512,666,29700
aes-gcm,512,667,29600
aes-gcm,512,668,30000
aes-gcm,512,669,29500
aes-gcm,512,670,30000
aes-gcm,512,671,29800
aes-gcm,512,672,29600
aes-gcm,512,673,29800
aes-gcm,512,674,29900
aes-gcm,512,675,29700
aes-gcm,512,676,29700
aes-gcm,512,677,29800
aes-gcm,512,678,29400
aes-gcm,512,679,30000
aes-gcm,512,680,29800
aes-gcm,512,681,29600
aes-gcm,512,682,29900
aes-gcm,512,683,29900
aes-gcm,512,684,30000
aes-gcm,512,685,29600
aes-gcm,512,686,32300
aes-gcm,512,687,181800
aes-gcm,512,688,130300
aes-gcm,512,689,89100
aes-gcm,512,690,74600
aes-gcm,512,691,60900
aes-gcm,512,692,49600
aes-gcm,512,693,32000
aes-gcm,512,694,30400
aes-gcm,512,695,30400
aes-gcm,512,696,29500
aes-gcm,512,697,29900
aes-gcm,512,698,30500
aes-gcm,512,699,29700
aes-gcm,512,700,29800
aes-gcm,512,701,30100
aes-gcm,512,702,29900
aes-gcm,512,703,29800
aes-gcm,512,704,30200
aes-gcm,512,705,31700
aes-gcm,512,706,31000
aes-gcm,512,707,29900
aes-gcm,512,708,29700
aes-gcm,512,709,30200
aes-gcm,512,710,29700
aes-gcm,512,711,30100
aes-gcm,512,712,30000
aes-gcm,512,713,29800
aes-gcm,512,714,29900
aes-gcm,512,715,29800
aes-gcm,512,716,29800
aes-gcm,512,717,29300
aes-gcm,512,718,29900
aes-gcm,512,719,29800
aes-gcm,512,720,30000
aes-gcm,512,721,29900
aes-gcm,512,722,30000
aes-gcm,512,723,29700
aes-gcm,512,724,29700
aes-gcm,512,725,29700
aes-gcm,512,726,29700
aes-gcm,512,727,33500
aes-gcm,512,728,30200
aes-gcm,512,729,29900
aes-gcm,512,730,29800
aes-gcm,512,731,29800
aes-gcm,512,732,29700
aes-gcm,512,733,29900
aes-gcm,512,734,29700
aes-gcm,512,735,29600
aes-gcm,512,736,29800
aes-gcm,512,737,29900
aes-gcm,512,738,31100
aes-gcm,512,739,29900
aes-gcm,512,740,89500
aes-gcm,512,741,85400
aes-gcm,512,742,41200
aes-gcm,512,743,31500
aes-gcm,512,744,30400
aes-gcm,512,745,30100
aes-gcm,512,746,30900
aes-gcm,512,747,30200
aes-gcm,512,748,30700
aes-gcm,512,749,30200
aes-gcm,512,750,29600
aes-gcm,512,751,30000
aes-gcm,512,752,29900
aes-gcm,512,753,29600
aes-gcm,512,754,29900
aes-gcm,512,755,29700
aes-gcm,512,756,30000
aes-gcm,512,757,29600
aes-gcm,512,758,30200
aes-gcm,512,759,29700
aes-gcm,512,760,29900
aes-gcm,512,761,29800
aes-gcm,512,762,29800
aes-gcm,512,763,29900
aes-gcm,512,764,30100
aes-gcm,512,765,29900
aes-gcm,512,766,29800
aes-gcm,512,767,32500
aes-gcm,512,768,29900
aes-gcm,512,769,29900
aes-gcm,512,770,30400
aes-gcm,512,771,29700
aes-gcm,512,772,30200
aes-gcm,512,773,29800
aes-gcm,512,774,30000
aes-gcm,512,775,29800
aes-gcm,512,776,30200
aes-gcm,512,777,29700
aes-gcm,512,778,30200
aes-gcm,512,779,29800
aes-gcm,512,780,29900
aes-gcm,512,781,30000
aes-gcm,512,782,30100
aes-gcm,512,783,30000
aes-gcm,512,784,29800
aes-gcm,512,785,29900
aes-gcm,512,786,29600
aes-gcm,512,787,30000
aes-gcm,512,788,30000
aes-gcm,512,789,29500
aes-gcm,512,790,30800
aes-gcm,512,791,30100
aes-gcm,512,792,29900
aes-gcm,512,793,29500
aes-gcm,512,794,29900
aes-gcm,512,795,29400
aes-gcm,512,796,30000
aes-gcm,512,797,29900
aes-gcm,512,798,30100
aes-gcm,512,799,30100
aes-gcm,512,800,35100
aes-gcm,512,801,29900
aes-gcm,512,802,30000
aes-gcm,512,803,30100
aes-gcm,512,804,29900
aes-gcm,512,805,29900
aes-gcm,512,806,29800
aes-gcm,512,807,29400
aes-gcm,512,808,29800
aes-gcm,512,809,29700
aes-gcm,512,810,29800
aes-gcm,512,811,29900
aes-gcm,512,812,30300
aes-gcm,512,813,29400
aes-gcm,512,814,30100
aes-gcm,512,815,29600
aes-gcm,512,816,29700
aes-gcm,512,817,29600
aes-gcm,512,818,29800
aes-gcm,512,819,29500
aes-gcm,512,820,29900
aes-gcm,512,821,29900
aes-gcm,512,822,29600
aes-gcm,512,823,30200
aes-gcm,512,824,29800
aes-gcm,512,825,29600
aes-gcm,512,826,30100
aes-gcm,512,827,29700
aes-gcm,512,828,30000
aes-gcm,512,829,29500
aes-gcm,512,830,30000
aes-gcm,512,831,29900
aes-gcm,512,832,29900
aes-gcm,512,833,34200
aes-gcm,512,834,29900
aes-gcm,512,835,29700
aes-gcm,512,836,29700
aes-gcm,512,837,29900
aes-gcm,512,838,29900
aes-gcm,512,839,29900
aes-gcm,512,840,29500
aes-gcm,512,841,29800
aes-gcm,512,842,29900
aes-gcm,512,843,29300
aes-gcm,512,844,30100
aes-gcm,512,845,29700
aes-gcm,512,846,29700
aes-gcm,512,847,29600
aes-gcm,512,848,30100
aes-gcm,512,849,29500
aes-gcm,512,850,29900
aes-gcm,512,851,29700
aes-gcm,512,852,29800
aes-gcm,512,853,29900
aes-gcm,512,854,30700
aes-gcm,512,855,30000
aes-gcm,512,856,29600
aes-gcm,512,857,29900
aes-gcm,512,858,29600
aes-gcm,512,859,29700
aes-gcm,512,860,29700
aes-gcm,512,861,29500
aes-gcm,512,862,29900
aes-gcm,512,863,29800
aes-gcm,512,864,30100
aes-gcm,512,865,29600
aes-gcm,512,866,30800
aes-gcm,512,867,29400
aes-gcm,512,868,29900
aes-gcm,512,869,29800
aes-gcm,512,870,29800
aes-gcm,512,871,29800
aes-gcm,512,872,29800
aes-gcm,512,873,29700
aes-gcm,512,874,29700
aes-gcm,512,875,29900
aes-gcm,512,876,30100
aes-gcm,512,877,29800
aes-gcm,512,878,29800
aes-gcm,512,879,29500
aes-gcm,512,880,29700
aes-gcm,512,881,29900
aes-gcm,512,882,30300
aes-gcm,512,883,29700
aes-gcm,512,884,30200
aes-gcm,512,885,29800
aes-gcm,512,886,30100
aes-gcm,512,887,29900
aes-gcm,512,888,29600
aes-gcm,512,889,29700
aes-gcm,512,890,29700
aes-gcm,512,891,29800
aes-gcm,512,892,30000
aes-gcm,512,893,30100
aes-gcm,512,894,29800
aes-gcm,512,895,29800
aes-gcm,512,896,30000
aes-gcm,512,897,29400
aes-gcm,512,898,30200
aes-gcm,512,899,31200
aes-gcm,512,900,30000
aes-gcm,512,901,29600
aes-gcm,512,902,30000
aes-gcm,512,903,29400
aes-gcm,512,904,29800
aes-gcm,512,905,29500
aes-gcm,512,906,29700
aes-gcm,512,907,29700
aes-gcm,512,908,30200
aes-gcm,512,909,29600
aes-gcm,512,910,30000
aes-gcm,512,911,29900
aes-gcm,512,912,29700
aes-gcm,512,913,29800
aes-gcm,512,914,29800
aes-gcm,512,915,29500
aes-gcm,512,916,30000
aes-gcm,512,917,29800
aes-gcm,512,918,30500
aes-gcm,512,919,29900
aes-gcm,512,920,30100
aes-gcm,512,921,29300
aes-gcm,512,922,29700
aes-gcm,512,923,29700
aes-gcm,512,924,29700
aes-gcm,512,925,29800
aes-gcm,512,926,29800
aes-gcm,512,927,29900
aes-gcm,512,928,29700
aes-gcm,512,929,29900
aes-gcm,512,930,29800
aes-gcm,512,931,29700
aes-gcm,512,932,35700
aes-gcm,512,933,44800
aes-gcm,512,934,30600
aes-gcm,512,935,29700
aes-gcm,512,936,29800
aes-gcm,512,937,29700
aes-gcm,512,938,30500
aes-gcm,512,939,29600
aes-gcm,512,940,30200
aes-gcm,512,941,29700
aes-gcm,512,942,29700
aes-gcm,512,943,29800
aes-gcm,512,944,29600
aes-gcm,512,945,29700
aes-gcm,512,946,29800
aes-gcm,512,947,29900
aes-gcm,512,948,29800
aes-gcm,512,949,29700
aes-gcm,512,950,29700
aes-gcm,512,951,29900
aes-gcm,512,952,29900
aes-gcm,512,953,29900
aes-gcm,512,954,29800
aes-gcm,512,955,29800
aes-gcm,512,956,30100
aes-gcm,512,957,29400
aes-gcm,512,958,29700
aes-gcm,512,959,29900
aes-gcm,512,960,29600
aes-gcm,512,961,29800
aes-gcm,512,962,30000
aes-gcm,512,963,29800
aes-gcm,512,964,30200
aes-gcm,512,965,30100
aes-gcm,512,966,30000
aes-gcm,512,967,29700
aes-gcm,512,968,29900
aes-gcm,512,969,29500
aes-gcm,512,970,30000
aes-gcm,512,971,29700
aes-gcm,512,972,30200
aes-gcm,512,973,29700
aes-gcm,512,974,30300
aes-gcm,512,975,29600
aes-gcm,512,976,30100
aes-gcm,512,977,29700
aes-gcm,512,978,29700
aes-gcm,512,979,29900
aes-gcm,512,980,29900
aes-gcm,512,981,29700
aes-gcm,512,982,32100
aes-gcm,512,983,30400
aes-gcm,512,984,29700
aes-gcm,512,985,29800
aes-gcm,512,986,29600
aes-gcm,512,987,29500
aes-gcm,512,988,30000
aes-gcm,512,989,29700
aes-gcm,512,990,29900
aes-gcm,512,991,29900
aes-gcm,512,992,30000
aes-gcm,512,993,29500
aes-gcm,512,994,30400
aes-gcm,512,995,29900
aes-gcm,512,996,29700
aes-gcm,512,997,30100
aes-gcm,512,998,30000
aes-gcm,512,999,29700
aes-gcm,512,1000,29700
aes-gcm,512,1001,29900
aes-gcm,512,1002,29800
aes-gcm,512,1003,29800
aes-gcm,512,1004,30000
aes-gcm,512,1005,29400
aes-gcm,512,1006,29700
aes-gcm,512,1007,29600
aes-gcm,512,1008,30000
aes-gcm,512,1009,29700
aes-gcm,512,1010,30000
aes-gcm,512,1011,29600
aes-gcm,512,1012,30200
aes-gcm,512,1013,29700
aes-gcm,512,1014,29900
aes-gcm,512,1015,29900
aes-gcm,512,1016,29600
aes-gcm,512,1017,29700
aes-gcm,512,1018,29500
aes-gcm,512,1019,29700
aes-gcm,512,1020,29500
aes-gcm,512,1021,29700
aes-gcm,512,1022,30100
aes-gcm,512,1023,29700
aes-gcm,512,1024,29800
aes-gcm,512,1025,29600
aes-gcm,512,1026,30000
aes-gcm,512,1027,29400
aes-gcm,512,1028,30100
aes-gcm,512,1029,30500
aes-gcm,512,1030,31800
aes-gcm,512,1031,29700
aes-gcm,512,1032,29900
aes-gcm,512,1033,29800
aes-gcm,512,1034,30000
aes-gcm,512,1035,29800
aes-gcm,512,1036,29800
aes-gcm,512,1037,29900
aes-gcm,512,1038,30000
aes-gcm,512,1039,30000
aes-gcm,512,1040,29600
aes-gcm,512,1041,29400
aes-gcm,512,1042,30000
aes-gcm,512,1043,29800
aes-gcm,512,1044,30000
aes-gcm,512,1045,30300
aes-gcm,512,1046,30000
aes-gcm,512,1047,29800
aes-gcm,512,1048,29900
aes-gcm,512,1049,29800
aes-gcm,512,1050,30000
aes-gcm,512,1051,29900
aes-gcm,512,1052,29700
aes-gcm,512,1053,29900
aes-gcm,512,1054,29700
aes-gcm,512,1055,30100
aes-gcm,512,1056,29600
aes-gcm,512,1057,29700
aes-gcm,512,1058,33700
aes-gcm,512,1059,29800
aes-gcm,512,1060,29800
aes-gcm,512,1061,29700
aes-gcm,512,1062,29900
aes-gcm,512,1063,29800
aes-gcm,512,1064,29800
aes-gcm,512,1065,85700
aes-gcm,512,1066,80400
aes-gcm,512,1067,94500
aes-gcm,512,1068,58500
aes-gcm,512,1069,34800
aes-gcm,512,1070,31000
aes-gcm,512,1071,31400
aes-gcm,512,1072,30200
aes-gcm,512,1073,30600
aes-gcm,512,1074,29900
aes-gcm,512,1075,29900
aes-gcm,512,1076,30100
aes-gcm,512,1077,29600
aes-gcm,512,1078,30300
aes-gcm,512,1079,30000
aes-gcm,512,1080,29800
aes-gcm,512,1081,29500
aes-gcm,512,1082,30000
aes-gcm,512,1083,29600
aes-gcm,512,1084,30900
aes-gcm,512,1085,29900
aes-gcm,512,1086,29700
aes-gcm,512,1087,29800
aes-gcm,512,1088,29900
aes-gcm,512,1089,32100
aes-gcm,512,1090,31200
aes-gcm,512,1091,30100
aes-gcm,512,1092,29800
aes-gcm,512,1093,29900
aes-gcm,512,1094,30900
aes-gcm,512,1095,30900
aes-gcm,512,1096,29900
aes-gcm,512,1097,29800
aes-gcm,512,1098,29900
aes-gcm,512,1099,29800
aes-gcm,512,1100,30300
aes-gcm,512,1101,29500
aes-gcm,512,1102,30000
aes-gcm,512,1103,29800
aes-gcm,512,1104,29400
aes-gcm,512,1105,29700
aes-gcm,512,1106,30100
aes-gcm,512,1107,29700
aes-gcm,512,1108,29700
aes-gcm,512,1109,33900
aes-gcm,512,1110,29600
aes-gcm,512,1111,29900
aes-gcm,512,1112,29700
aes-gcm,512,1113,29800
aes-gcm,512,1114,30100
aes-gcm,512,1115,29600
aes-gcm,512,1116,29800
aes-gcm,512,1117,29600
aes-gcm,512,1118,29900
aes-gcm,512,1119,29600
aes-gcm,512,1120,29800
aes-gcm,512,1121,29800
aes-gcm,512,1122,30700
aes-gcm,512,1123,29800
aes-gcm,512,1124,29800
aes-gcm,512,1125,29700
aes-gcm,512,1126,29700
aes-gcm,512,1127,30000
aes-gcm,512,1128,29700
aes-gcm,512,1129,29900
aes-gcm,512,1130,30100
aes-gcm,512,1131,29700
aes-gcm,512,1132,30100
aes-gcm,512,1133,29900
aes-gcm,512,1134,30400
aes-gcm,512,1135,29700
aes-gcm,512,1136,30400
aes-gcm,512,1137,29900
aes-gcm,512,1138,29900
aes-gcm,512,1139,29900
aes-gcm,512,1140,29700
aes-gcm,512,1141,29900
aes-gcm,512,1142,29700
aes-gcm,512,1143,30100
aes-gcm,512,1144,29800
aes-gcm,512,1145,30000
aes-gcm,512,1146,30000
aes-gcm,512,1147,30000
aes-gcm,512,1148,33100
aes-gcm,512,1149,29800
aes-gcm,512,1150,29900
aes-gcm,512,1151,29800
aes-gcm,512,1152,30000
aes-gcm,512,1153,30300
aes-gcm,512,1154,30300
aes-gcm,512,1155,32100
aes-gcm,512,1156,30000
aes-gcm,512,1157,29800
aes-gcm,512,1158,29700
aes-gcm,512,1159,29900
aes-gcm,512,1160,29900
aes-gcm,512,1161,29600
aes-gcm,512,1162,30000
aes-gcm,512,1163,29900
aes-gcm,512,1164,29700
aes-gcm,512,1165,29700
aes-gcm,512,1166,29800
aes-gcm,512,1167,29900
aes-gcm,512,1168,30100
aes-gcm,512,1169,30000
aes-gcm,512,1170,30000
aes-gcm,512,1171,29700
aes-gcm,512,1172,30000
aes-gcm,512,1173,32300
aes-gcm,512,1174,30000
aes-gcm,512,1175,30000
aes-gcm,512,1176,29700
aes-gcm,512,1177,29700
aes-gcm,512,1178,29900
aes-gcm,512,1179,29900
aes-gcm,512,1180,29600
aes-gcm,512,1181,29900
aes-gcm,512,1182,29700
aes-gcm,512,1183,30100
aes-gcm,512,1184,30000
aes-gcm,512,1185,29700
aes-gcm,512,1186,30000
aes-gcm,512,1187,30100
aes-gcm,512,1188,31800
aes-gcm,512,1189,175100
aes-gcm,512,1190,162500
aes-gcm,512,1191,45700
aes-gcm,512,1192,60600
aes-gcm,512,1193,171900
aes-gcm,512,1194,152600
aes-gcm,512,1195,78000
aes-gcm,512,1196,51000
aes-gcm,512,1197,32100
aes-gcm,512,1198,30500
aes-gcm,512,1199,30600
aes-gcm,512,1200,30100
aes-gcm,512,1201,30200
aes-gcm,512,1202,30500
aes-gcm,512,1203,29700
aes-gcm,512,1204,30900
aes-gcm,512,1205,30000
aes-gcm,512,1206,29800
aes-gcm,512,1207,29900
aes-gcm,512,1208,30300
aes-gcm,512,1209,29800
aes-gcm,512,1210,29800
aes-gcm,512,1211,29900
aes-gcm,512,1212,29700
aes-gcm,512,1213,29900
aes-gcm,512,1214,30100
aes-gcm,512,1215,30400
aes-gcm,512,1216,29800
aes-gcm,512,1217,30100
aes-gcm,512,1218,30100
aes-gcm,512,1219,29900
aes-gcm,512,1220,30000
aes-gcm,512,1221,29700
aes-gcm,512,1222,29900
aes-gcm,512,1223,30100
aes-gcm,512,1224,30100
aes-gcm,512,1225,30300
aes-gcm,512,1226,30200
aes-gcm,512,1227,31200
aes-gcm,512,1228,30000
aes-gcm,512,1229,29800
aes-gcm,512,1230,29900
aes-gcm,512,1231,29900
aes-gcm,512,1232,29400
aes-gcm,512,1233,29800
aes-gcm,512,1234,30200
aes-gcm,512,1235,30000
aes-gcm,512,1236,30000
aes-gcm,512,1237,34700
aes-gcm,512,1238,30200
aes-gcm,512,1239,29700
aes-gcm,512,1240,30000
aes-gcm,512,1241,29800
aes-gcm,512,1242,30100
aes-gcm,512,1243,29700
aes-gcm,512,1244,30100
aes-gcm,512,1245,29700
aes-gcm,512,1246,30200
aes-gcm,512,1247,30000
aes-gcm,512,1248,29700
aes-gcm,512,1249,30100
aes-gcm,512,1250,29700
aes-gcm,512,1251,29900
aes-gcm,512,1252,29700
aes-gcm,512,1253,29900
aes-gcm,512,1254,29500
aes-gcm,512,1255,30100
aes-gcm,512,1256,30200
aes-gcm,512,1257,29800
aes-gcm,512,1258,29900
aes-gcm,512,1259,29800
aes-gcm,512,1260,29800
aes-gcm,512,1261,29500
aes-gcm,512,1262,29800
aes-gcm,512,1263,29600
aes-gcm,512,1264,29900
aes-gcm,512,1265,31200
aes-gcm,512,1266,29900
aes-gcm,512,1267,30000
aes-gcm,512,1268,30100
aes-gcm,512,1269,29800
aes-gcm,512,1270,33300
aes-gcm,512,1271,30100
aes-gcm,512,1272,29600
aes-gcm,512,1273,29900
aes-gcm,512,1274,30300
aes-gcm,512,1275,29800
aes-gcm,512,1276,29900
aes-gcm,512,1277,29800
aes-gcm,512,1278,29700
aes-gcm,512,1279,29700
aes-gcm,512,1280,30100
aes-gcm,512,1281,29600
aes-gcm,512,1282,29900
aes-gcm,512,1283,29700
aes-gcm,512,1284,29800
aes-gcm,512,1285,29800
aes-gcm,512,1286,29800
aes-gcm,512,1287,30100
aes-gcm,512,1288,29600
aes-gcm,512,1289,30300
aes-gcm,512,1290,29700
aes-gcm,512,1291,29800
aes-gcm,512,1292,29800
aes-gcm,512,1293,29500
aes-gcm,512,1294,30100
aes-gcm,512,1295,29900
aes-gcm,512,1296,29900
aes-gcm,512,1297,34800
aes-gcm,512,1298,31600
aes-gcm,512,1299,29600
aes-gcm,512,1300,30600
aes-gcm,512,1301,29900
aes-gcm,512,1302,37800
aes-gcm,512,1303,30800
aes-gcm,512,1304,30000
aes-gcm,512,1305,30200
aes-gcm,512,1306,29900
aes-gcm,512,1307,43400
aes-gcm,512,1308,42900
aes-gcm,512,1309,43600
aes-gcm,512,1310,43200
aes-gcm,512,1311,43100
aes-gcm,512,1312,43300
aes-gcm,512,1313,43000
aes-gcm,512,1314,43300
aes-gcm,512,1315,44400
aes-gcm,512,1316,43500
aes-gcm,512,1317,43100
aes-gcm,512,1318,43500
aes-gcm,512,1319,43100
aes-gcm,512,1320,42900
aes-gcm,512,1321,43700
aes-gcm,512,1322,43100
aes-gcm,512,1323,43000
aes-gcm,512,1324,43100
aes-gcm,512,1325,43300
aes-gcm,512,1326,43000
aes-gcm,512,1327,43200
aes-gcm,512,1328,43700
aes-gcm,512,1329,43200
aes-gcm,512,1330,30500
aes-gcm,512,1331,29900
aes-gcm,512,1332,30500
aes-gcm,512,1333,29800
aes-gcm,512,1334,30100
aes-gcm,512,1335,29800
aes-gcm,512,1336,29900
aes-gcm,512,1337,30100
aes-gcm,512,1338,29900
aes-gcm,512,1339,29900
aes-gcm,512,1340,32200
aes-gcm,512,1341,43600
aes-gcm,512,1342,30200
aes-gcm,512,1343,30300
aes-gcm,512,1344,29700
aes-gcm,512,1345,30000
aes-gcm,512,1346,29900
aes-gcm,512,1347,29600
aes-gcm,512,1348,30000
aes-gcm,512,1349,29600
aes-gcm,512,1350,30000
aes-gcm,512,1351,29600
aes-gcm,512,1352,30000
aes-gcm,512,1353,29900
aes-gcm,512,1354,30100
aes-gcm,512,1355,30000
aes-gcm,512,1356,29700
aes-gcm,512,1357,29800
aes-gcm,512,1358,30300
aes-gcm,512,1359,29800
aes-gcm,512,1360,29700
aes-gcm,512,1361,30000
aes-gcm,512,1362,29700
aes-gcm,512,1363,29800
aes-gcm,512,1364,32400
aes-gcm,512,1365,29700
aes-gcm,512,1366,29800
aes-gcm,512,1367,29700
aes-gcm,512,1368,29800
aes-gcm,512,1369,29500
aes-gcm,512,1370,29900
aes-gcm,512,1371,29400
aes-gcm,512,1372,30000
aes-gcm,512,1373,29500
aes-gcm,512,1374,29700
aes-gcm,512,1375,30200
aes-gcm,512,1376,29800
aes-gcm,512,1377,29600
aes-gcm,512,1378,29600
aes-gcm,512,1379,29900
aes-gcm,512,1380,29700
aes-gcm,512,1381,29800
aes-gcm,512,1382,29900
aes-gcm,512,1383,29600
aes-gcm,512,1384,29800
aes-gcm,512,1385,30200
aes-gcm,512,1386,30000
aes-gcm,512,1387,29500
aes-gcm,512,1388,29900
aes-gcm,512,1389,29500
aes-gcm,512,1390,29900
aes-gcm,512,1391,29900
aes-gcm,512,1392,29600
aes-gcm,512,1393,30000
aes-gcm,512,1394,30000
aes-gcm,512,1395,29900
aes-gcm,512,1396,30200
aes-gcm,512,1397,29900
aes-gcm,512,1398,29700
aes-gcm,512,1399,29700
aes-gcm,512,1400,30000
aes-gcm,512,1401,29600
aes-gcm,512,1402,29700
aes-gcm,512,1403,29800
aes-gcm,512,1404,29800
aes-gcm,512,1405,29800
aes-gcm,512,1406,30000
aes-gcm,512,1407,29800
aes-gcm,512,1408,29900
aes-gcm,512,1409,29600
aes-gcm,512,1410,29500
aes-gcm,512,1411,29800
aes-gcm,512,1412,29700
aes-gcm,512,1413,29600
aes-gcm,512,1414,30100
aes-gcm,512,1415,30300
aes-gcm,512,1416,29600
aes-gcm,512,1417,30100
aes-gcm,512,1418,29700
aes-gcm,512,1419,29700
aes-gcm,512,1420,29900
aes-gcm,512,1421,29700
aes-gcm,512,1422,29900
aes-gcm,512,1423,29600
aes-gcm,512,1424,30100
aes-gcm,512,1425,29800
aes-gcm,512,1426,30100
aes-gcm,512,1427,29500
aes-gcm,512,1428,30600
aes-gcm,512,1429,29900
aes-gcm,512,1430,29900
aes-gcm,512,1431,29600
aes-gcm,512,1432,29900
aes-gcm,512,1433,30100
aes-gcm,512,1434,29700
aes-gcm,512,1435,29900
aes-gcm,512,1436,29800
aes-gcm,512,1437,29700
aes-gcm,512,1438,29900
aes-gcm,512,1439,31500
aes-gcm,512,1440,29900
aes-gcm,512,1441,155900
aes-gcm,512,1442,149300
aes-gcm,512,1443,50300
aes-gcm,512,1444,70100
aes-gcm,512,1445,44600
aes-gcm,512,1446,31900
aes-gcm,512,1447,30700
aes-gcm,512,1448,30800
aes-gcm,512,1449,30000
aes-gcm,512,1450,30200
aes-gcm,512,1451,30000
aes-gcm,512,1452,29500
aes-gcm,512,1453,29900
aes-gcm,512,1454,29700
aes-gcm,512,1455,29700
aes-gcm,512,1456,30100
aes-gcm,512,1457,29700
aes-gcm,512,1458,29800
aes-gcm,512,1459,30000
aes-gcm,512,1460,29900
aes-gcm,512,1461,29900
aes-gcm,512,1462,30400
aes-gcm,512,1463,30400
aes-gcm,512,1464,29500
aes-gcm,512,1465,30300
aes-gcm,512,1466,30000
aes-gcm,512,1467,30000
aes-gcm,512,1468,29800
aes-gcm,512,1469,30100
aes-gcm,512,1470,30200
aes-gcm,512,1471,29900
aes-gcm,512,1472,29700
aes-gcm,512,1473,29600
aes-gcm,512,1474,29900
aes-gcm,512,1475,29900
aes-gcm,512,1476,29800
aes-gcm,512,1477,29900
aes-gcm,512,1478,30000
aes-gcm,512,1479,29400
aes-gcm,512,1480,30000
aes-gcm,512,1481,29700
aes-gcm,512,1482,29700
aes-gcm,512,1483,29900
aes-gcm,512,1484,29600
aes-gcm,512,1485,29700
aes-gcm,512,1486,29600
aes-gcm,512,1487,30000
aes-gcm,512,1488,29700
aes-gcm,512,1489,29600
aes-gcm,512,1490,29800
aes-gcm,512,1491,29800
aes-gcm,512,1492,30600
aes-gcm,512,1493,31300
aes-gcm,512,1494,30000
aes-gcm,512,1495,29600
aes-gcm,512,1496,29900
aes-gcm,512,1497,29700
aes-gcm,512,1498,30300
aes-gcm,512,1499,29900
aes-gcm,512,1500,29400
aes-gcm,512,1501,29800
aes-gcm,512,1502,29900
aes-gcm,512,1503,29500
aes-gcm,512,1504,29600
aes-gcm,512,1505,29900
aes-gcm,512,1506,29600
aes-gcm,512,1507,29900
aes-gcm,512,1508,29800
aes-gcm,512,1509,29800
aes-gcm,512,1510,30000
aes-gcm,512,1511,29700
aes-gcm,512,1512,29700
aes-gcm,512,1513,29600
aes-gcm,512,1514,30100
aes-gcm,512,1515,29800
aes-gcm,512,1516,29800
aes-gcm,512,1517,29800
aes-gcm,512,1518,29700
aes-gcm,512,1519,29700
aes-gcm,512,1520,29900
aes-gcm,512,1521,29700
aes-gcm,512,1522,29700
aes-gcm,512,1523,30200
aes-gcm,512,1524,29500
aes-gcm,512,1525,29700
aes-gcm,512,1526,30200
aes-gcm,512,1527,29600
aes-gcm,512,1528,29800
aes-gcm,512,1529,29700
aes-gcm,512,1530,29800
aes-gcm,512,1531,29800
aes-gcm,512,1532,29900
aes-gcm,512,1533,29400
aes-gcm,512,1534,30000
aes-gcm,512,1535,29800
aes-gcm,512,1536,29700
aes-gcm,512,1537,29800
aes-gcm,512,1538,29800
aes-gcm,512,1539,29700
aes-gcm,512,1540,29600
aes-gcm,512,1541,30100
aes-gcm,512,1542,29600
aes-gcm,512,1543,29900
aes-gcm,512,1544,30000
aes-gcm,512,1545,29600
aes-gcm,512,1546,29900
aes-gcm,512,1547,30000
aes-gcm,512,1548,29700
aes-gcm,512,1549,29700
aes-gcm,512,1550,30100
aes-gcm,512,1551,29600
aes-gcm,512,1552,29800
aes-gcm,512,1553,29600
aes-gcm,512,1554,29800
aes-gcm,512,1555,30800
aes-gcm,512,1556,29900
aes-gcm,512,1557,29600
aes-gcm,512,1558,29800
aes-gcm,512,1559,29800
aes-gcm,512,1560,29600
aes-gcm,512,1561,30900
aes-gcm,512,1562,30100
aes-gcm,512,1563,29600
aes-gcm,512,1564,29800
aes-gcm,512,1565,29700
aes-gcm,512,1566,30300
aes-gcm,512,1567,29700
aes-gcm,512,1568,29900
aes-gcm,512,1569,29400
aes-gcm,512,1570,29800
aes-gcm,512,1571,29800
aes-gcm,512,1572,29500
aes-gcm,512,1573,29800
aes-gcm,512,1574,29700
aes-gcm,512,1575,29800
aes-gcm,512,1576,29900
aes-gcm,512,1577,30000
aes-gcm,512,1578,29900
aes-gcm,512,1579,29800
aes-gcm,512,1580,30000
aes-gcm,512,1581,29600
aes-gcm,512,1582,30100
aes-gcm,512,1583,29900
aes-gcm,512,1584,29900
aes-gcm,512,1585,29700
aes-gcm,512,1586,30100
aes-gcm,512,1587,29800
aes-gcm,512,1588,29800
aes-gcm,512,1589,29700
aes-gcm,512,1590,29800
aes-gcm,512,1591,29700
aes-gcm,512,1592,29800
aes-gcm,512,1593,29500
aes-gcm,512,1594,31200
aes-gcm,512,1595,30100
aes-gcm,512,1596,29500
aes-gcm,512,1597,29700
aes-gcm,512,1598,29900
aes-gcm,512,1599,29400
aes-gcm,512,1600,29900
aes-gcm,512,1601,29600
aes-gcm,512,1602,29700
aes-gcm,512,1603,29600
aes-gcm,512,1604,29900
aes-gcm,512,1605,29700
aes-gcm,512,1606,29600
aes-gcm,512,1607,29700
aes-gcm,512,1608,29700
aes-gcm,512,1609,29600
aes-gcm,512,1610,30200
aes-gcm,512,1611,29800
aes-gcm,512,1612,29700
aes-gcm,512,1613,29900
aes-gcm,512,1614,29600
aes-gcm,512,1615,29900
aes-gcm,512,1616,30000
aes-gcm,512,1617,29600
aes-gcm,512,1618,30000
aes-gcm,512,1619,32400
aes-gcm,512,1620,29900
aes-gcm,512,1621,29500
aes-gcm,512,1622,29900
aes-gcm,512,1623,29500
aes-gcm,512,1624,29800
aes-gcm,512,1625,29600
aes-gcm,512,1626,29600
aes-gcm,512,1627,75400
aes-gcm,512,1628,148500
aes-gcm,512,1629,140000
aes-gcm,512,1630,66800
aes-gcm,512,1631,34600
aes-gcm,512,1632,30700
aes-gcm,512,1633,30600
aes-gcm,512,1634,30300
aes-gcm,512,1635,30500
aes-gcm,512,1636,30700
aes-gcm,512,1637,30000
aes-gcm,512,1638,30400
aes-gcm,512,1639,30100
aes-gcm,512,1640,30100
aes-gcm,512,1641,29600
aes-gcm,512,1642,30100
aes-gcm,512,1643,29700
aes-gcm,512,1644,29700
aes-gcm,512,1645,30100
aes-gcm,512,1646,30300
aes-gcm,512,1647,30200
aes-gcm,512,1648,30000
aes-gcm,512,1649,31600
aes-gcm,512,1650,29900
aes-gcm,512,1651,30000
aes-gcm,512,1652,29900
aes-gcm,512,1653,29700
aes-gcm,512,1654,30000
aes-gcm,512,1655,29900
aes-gcm,512,1656,30200
aes-gcm,512,1657,30100
aes-gcm,512,1658,30300
aes-gcm,512,1659,29800
aes-gcm,512,1660,29900
aes-gcm,512,1661,30000
aes-gcm,512,1662,29700
aes-gcm,512,1663,29900
aes-gcm,512,1664,29800
aes-gcm,512,1665,29900
aes-gcm,512,1666,30100
aes-gcm,512,1667,30200
aes-gcm,512,1668,29700
aes-gcm,512,1669,30100
aes-gcm,512,1670,30000
aes-gcm,512,1671,29700
aes-gcm,512,1672,29900
aes-gcm,512,1673,29800
aes-gcm,512,1674,30100
aes-gcm,512,1675,29800
aes-gcm,512,1676,30000
aes-gcm,512,1677,29700
aes-gcm,512,1678,30100
aes-gcm,512,1679,30100
aes-gcm,512,1680,29800
aes-gcm,512,1681,29900
aes-gcm,512,1682,34500
aes-gcm,512,1683,30800
aes-gcm,512,1684,29700
aes-gcm,512,1685,30400
aes-gcm,512,1686,29700
aes-gcm,512,1687,29900
aes-gcm,512,1688,29900
aes-gcm,512,1689,30000
aes-gcm,512,1690,30500
aes-gcm,512,1691,29900
aes-gcm,512,1692,29900
aes-gcm,512,1693,29800
aes-gcm,512,1694,30400
aes-gcm,512,1695,29600
aes-gcm,512,1696,30000
aes-gcm,512,1697,30000
aes-gcm,512,1698,29700
aes-gcm,512,1699,30200
aes-gcm,512,1700,30100
aes-gcm,512,1701,29800
aes-gcm,512,1702,29800
aes-gcm,512,1703,29900
aes-gcm,512,1704,29600
aes-gcm,512,1705,30300
aes-gcm,512,1706,30000
aes-gcm,512,1707,29500
aes-gcm,512,1708,30000
aes-gcm,512,1709,29900
aes-gcm,512,1710,30200
aes-gcm,512,1711,30300
aes-gcm,512,1712,30200
aes-gcm,512,1713,29700
aes-gcm,512,1714,29900
aes-gcm,512,1715,29800
aes-gcm,512,1716,29800
aes-gcm,512,1717,29700
aes-gcm,512,1718,29800
aes-gcm,512,1719,29800
aes-gcm,512,1720,30200
aes-gcm,512,1721,30100
aes-gcm,512,1722,30100
aes-gcm,512,1723,30200
aes-gcm,512,1724,29800
aes-gcm,512,1725,29700
aes-gcm,512,1726,29800
aes-gcm,512,1727,29700
aes-gcm,512,1728,29900
aes-gcm,512,1729,29800
aes-gcm,512,1730,30100
aes-gcm,512,1731,29800
aes-gcm,512,1732,30100
aes-gcm,512,1733,29700
aes-gcm,512,1734,29700
aes-gcm,512,1735,30000
aes-gcm,512,1736,30100
aes-gcm,512,1737,29700
aes-gcm,512,1738,29700
aes-gcm,512,1739,30200
aes-gcm,512,1740,29700
aes-gcm,512,1741,30000
aes-gcm,512,1742,30200
aes-gcm,512,1743,29700
aes-gcm,512,1744,30000
aes-gcm,512,1745,29800
aes-gcm,512,1746,29800
aes-gcm,512,1747,30600
aes-gcm,512,1748,30300
aes-gcm,512,1749,30200
aes-gcm,512,1750,30500
aes-gcm,512,1751,30000
aes-gcm,512,1752,29900
aes-gcm,512,1753,30000
aes-gcm,512,1754,29900
aes-gcm,512,1755,30100
aes-gcm,512,1756,29700
aes-gcm,512,1757,30000
aes-gcm,512,1758,29700
aes-gcm,512,1759,30100
aes-gcm,512,1760,29900
aes-gcm,512,1761,29600
aes-gcm,512,1762,30000
aes-gcm,512,1763,30000
aes-gcm,512,1764,30000
aes-gcm,512,1765,29900
aes-gcm,512,1766,30000
aes-gcm,512,1767,29700
aes-gcm,512,1768,29900
aes-gcm,512,1769,29800
aes-gcm,512,1770,29700
aes-gcm,512,1771,30200
aes-gcm,512,1772,29800
aes-gcm,512,1773,29900
aes-gcm,512,1774,30100
aes-gcm,512,1775,30500
aes-gcm,512,1776,29900
aes-gcm,512,1777,29800
aes-gcm,512,1778,29900
aes-gcm,512,1779,29700
aes-gcm,512,1780,29900
aes-gcm,512,1781,29400
aes-gcm,512,1782,29800
aes-gcm,512,1783,29600
aes-gcm,512,1784,30100
aes-gcm,512,1785,29900
aes-gcm,512,1786,30400
aes-gcm,512,1787,29700
aes-gcm,512,1788,29600
aes-gcm,512,1789,30000
aes-gcm,512,1790,30000
aes-gcm,512,1791,30000
aes-gcm,512,1792,30000
aes-gcm,512,1793,30000
aes-gcm,512,1794,29800
aes-gcm,512,1795,30200
aes-gcm,512,1796,30200
aes-gcm,512,1797,29600
aes-gcm,512,1798,30000
aes-gcm,512,1799,30000
aes-gcm,512,1800,29800
aes-gcm,512,1801,29700
aes-gcm,512,1802,30200
aes-gcm,512,1803,29700
aes-gcm,512,1804,29900
aes-gcm,512,1805,29800
aes-gcm,512,1806,30100
aes-gcm,512,1807,30200
aes-gcm,512,1808,29900
aes-gcm,512,1809,29900
aes-gcm,512,1810,32500
aes-gcm,512,1811,30200
aes-gcm,512,1812,29800
aes-gcm,512,1813,30000
aes-gcm,512,1814,31400
aes-gcm,512,1815,31700
aes-gcm,512,1816,30300
aes-gcm,512,1817,30100
aes-gcm,512,1818,30300
aes-gcm,512,1819,30000
aes-gcm,512,1820,30000
aes-gcm,512,1821,29500
aes-gcm,512,1822,29900
aes-gcm,512,1823,30000
aes-gcm,512,1824,29600
aes-gcm,512,1825,30100
aes-gcm,512,1826,29700
aes-gcm,512,1827,29900
aes-gcm,512,1828,29800
aes-gcm,512,1829,30000
aes-gcm,512,1830,29700
aes-gcm,512,1831,29800
aes-gcm,512,1832,29900
aes-gcm,512,1833,29700
aes-gcm,512,1834,30400
aes-gcm,512,1835,30100
aes-gcm,512,1836,30000
aes-gcm,512,1837,29700
aes-gcm,512,1838,30200
aes-gcm,512,1839,29900
aes-gcm,512,1840,29800
aes-gcm,512,1841,29700
aes-gcm,512,1842,29700
aes-gcm,512,1843,29900
aes-gcm,512,1844,29800
aes-gcm,512,1845,29800
aes-gcm,512,1846,29800
aes-gcm,512,1847,29700
aes-gcm,512,1848,29800
aes-gcm,512,1849,30200
aes-gcm,512,1850,30100
aes-gcm,512,1851,29700
aes-gcm,512,1852,29900
aes-gcm,512,1853,29900
aes-gcm,512,1854,29900
aes-gcm,512,1855,29900
aes-gcm,512,1856,30200
aes-gcm,512,1857,29600
aes-gcm,512,1858,30000
aes-gcm,512,1859,30100
aes-gcm,512,1860,29700
aes-gcm,512,1861,29700
aes-gcm,512,1862,30300
aes-gcm,512,1863,29800
aes-gcm,512,1864,29800
aes-gcm,512,1865,30000
aes-gcm,512,1866,29700
aes-gcm,512,1867,29800
aes-gcm,512,1868,29900
aes-gcm,512,1869,29800
aes-gcm,512,1870,30300
aes-gcm,512,1871,30100
aes-gcm,512,1872,29800
aes-gcm,512,1873,29800
aes-gcm,512,1874,31000
aes-gcm,512,1875,29800
aes-gcm,512,1876,30100
aes-gcm,512,1877,29700
aes-gcm,512,1878,29900
aes-gcm,512,1879,29800
aes-gcm,512,1880,29600
aes-gcm,512,1881,30000
aes-gcm,512,1882,29900
aes-gcm,512,1883,30200
aes-gcm,512,1884,29700
aes-gcm,512,1885,30000
aes-gcm,512,1886,30000
aes-gcm,512,1887,29600
aes-gcm,512,1888,30000
aes-gcm,512,1889,30500
aes-gcm,512,1890,30300
aes-gcm,512,1891,29800
aes-gcm,512,1892,30100
aes-gcm,512,1893,29700
aes-gcm,512,1894,30000
aes-gcm,512,1895,29900
aes-gcm,512,1896,30200
aes-gcm,512,1897,30000
aes-gcm,512,1898,30000
aes-gcm,512,1899,30200
aes-gcm,512,1900,29700
aes-gcm,512,1901,30300
aes-gcm,512,1902,29900
aes-gcm,512,1903,30200
aes-gcm,512,1904,30000
aes-gcm,512,1905,29900
aes-gcm,512,1906,30000
aes-gcm,512,1907,29800
aes-gcm,512,1908,30000
aes-gcm,512,1909,29800
aes-gcm,512,1910,30000
aes-gcm,512,1911,29700
aes-gcm,512,1912,30100
aes-gcm,512,1913,29800
aes-gcm,512,1914,30000
aes-gcm,512,1915,30000
aes-gcm,512,1916,29900
aes-gcm,512,1917,29800
aes-gcm,512,1918,30100
aes-gcm,512,1919,30100
aes-gcm,512,1920,29600
aes-gcm,512,1921,30100
aes-gcm,512,1922,30000
aes-gcm,512,1923,29800
aes-gcm,512,1924,30100
aes-gcm,512,1925,29900
aes-gcm,512,1926,30000
aes-gcm,512,1927,29700
aes-gcm,512,1928,30300
aes-gcm,512,1929,29900
aes-gcm,512,1930,30100
aes-gcm,512,1931,29900
aes-gcm,512,1932,29800
aes-gcm,512,1933,30000
aes-gcm,512,1934,30100
aes-gcm,512,1935,30100
aes-gcm,512,1936,29800
aes-gcm,512,1937,30000
aes-gcm,512,1938,30400
aes-gcm,512,1939,29900
aes-gcm,512,1940,29900
aes-gcm,512,1941,29700
aes-gcm,512,1942,30000
aes-gcm,512,1943,29900
aes-gcm,512,1944,30100
aes-gcm,512,1945,30100
aes-gcm,512,1946,31700
aes-gcm,512,1947,29800
aes-gcm,512,1948,30100
aes-gcm,512,1949,29900
aes-gcm,512,1950,29800
aes-gcm,512,1951,29800
aes-gcm,512,1952,29800
aes-gcm,512,1953,29900
aes-gcm,512,1954,30000
aes-gcm,512,1955,30300
aes-gcm,512,1956,30000
aes-gcm,512,1957,30000
aes-gcm,512,1958,29800
aes-gcm,512,1959,29800
aes-gcm,512,1960,30000
aes-gcm,512,1961,29700
aes-gcm,512,1962,30100
aes-gcm,512,1963,29900
aes-gcm,512,1964,30200
aes-gcm,512,1965,29800
aes-gcm,512,1966,30100
aes-gcm,512,1967,30000
aes-gcm,512,1968,29700
aes-gcm,512,1969,30000
aes-gcm,512,1970,29900
aes-gcm,512,1971,29900
aes-gcm,512,1972,29800
aes-gcm,512,1973,30000
aes-gcm,512,1974,29900
aes-gcm,512,1975,30000
aes-gcm,512,1976,30300
aes-gcm,512,1977,29900
aes-gcm,512,1978,30300
aes-gcm,512,1979,32400
aes-gcm,512,1980,29800
aes-gcm,512,1981,29800
aes-gcm,512,1982,30200
aes-gcm,512,1983,29600
aes-gcm,512,1984,30000
aes-gcm,512,1985,29900
aes-gcm,512,1986,29600
aes-gcm,512,1987,30000
aes-gcm,512,1988,30200
aes-gcm,512,1989,29900
aes-gcm,512,1990,29900
aes-gcm,512,1991,30000
aes-gcm,512,1992,29600
aes-gcm,512,1993,29900
aes-gcm,512,1994,30100
aes-gcm,512,1995,29900
aes-gcm,512,1996,30000
aes-gcm,512,1997,29900
aes-gcm,512,1998,30300
aes-gcm,512,1999,30000
aes-gcm,2048,0,29800
aes-gcm,2048,1,30400
aes-gcm,2048,2,30900
aes-gcm,2048,3,29900
aes-gcm,2048,4,30500
aes-gcm,2048,5,30200
aes-gcm,2048,6,30300
aes-gcm,2048,7,30000
aes-gcm,2048,8,30300
aes-gcm,2048,9,30000
aes-gcm,2048,10,30400
aes-gcm,2048,11,30100
aes-gcm,2048,12,32000
aes-gcm,2048,13,30200
aes-gcm,2048,14,30300
aes-gcm,2048,15,30400
aes-gcm,2048,16,30200
aes-gcm,2048,17,30300
aes-gcm,2048,18,29900
aes-gcm,2048,19,30400
aes-gcm,2048,20,30200
aes-gcm,2048,21,29900
aes-gcm,2048,22,30300
aes-gcm,2048,23,30100
aes-gcm,2048,24,30300
aes-gcm,2048,25,30000
aes-gcm,2048,26,30600
aes-gcm,2048,27,30000
aes-gcm,2048,28,30200
aes-gcm,2048,29,30200
aes-gcm,2048,30,30000
aes-gcm,2048,31,30200
aes-gcm,2048,32,30300
aes-gcm,2048,33,30100
aes-gcm,2048,34,30000
aes-gcm,2048,35,30300
aes-gcm,2048,36,29800
aes-gcm,2048,37,30300
aes-gcm,2048,38,30300
aes-gcm,2048,39,30100
aes-gcm,2048,40,30000
aes-gcm,2048,41,29900
aes-gcm,2048,42,30000
aes-gcm,2048,43,30000
aes-gcm,2048,44,32700
aes-gcm,2048,45,92700
aes-gcm,2048,46,147600
aes-gcm,2048,47,89300
aes-gcm,2048,48,62000
aes-gcm,2048,49,85100
aes-gcm,2048,50,95500
aes-gcm,2048,51,59400
aes-gcm,2048,52,34400
aes-gcm,2048,53,31900
aes-gcm,2048,54,30100
aes-gcm,2048,55,30900
aes-gcm,2048,56,30400
aes-gcm,2048,57,30000
aes-gcm,2048,58,32900
aes-gcm,2048,59,30400
aes-gcm,2048,60,30400
aes-gcm,2048,61,30100
aes-gcm,2048,62,30400
aes-gcm,2048,63,30900
aes-gcm,2048,64,33000
aes-gcm,2048,65,30900
aes-gcm,2048,66,29900
aes-gcm,2048,67,30300
aes-gcm,2048,68,30100
aes-gcm,2048,69,30500
aes-gcm,2048,70,30400
aes-gcm,2048,71,30500
aes-gcm,2048,72,30100
aes-gcm,2048,73,30400
aes-gcm,2048,74,30500
aes-gcm,2048,75,30100
aes-gcm,2048,76,30200
aes-gcm,2048,77,30200
aes-gcm,2048,78,30100
aes-gcm,2048,79,30200
aes-gcm,2048,80,30500
aes-gcm,2048,81,29800
aes-gcm,2048,82,30200
aes-gcm,2048,83,30100
aes-gcm,2048,84,30000
aes-gcm,2048,85,30400
aes-gcm,2048,86,30200
aes-gcm,2048,87,30000
aes-gcm,2048,88,30100
aes-gcm,2048,89,30500
aes-gcm,2048,90,30200
aes-gcm,2048,91,30100
aes-gcm,2048,92,30200
aes-gcm,2048,93,29900
aes-gcm,2048,94,30300
aes-gcm,2048,95,32500
aes-gcm,2048,96,32800
aes-gcm,2048,97,30100
aes-gcm,2048,98,30400
aes-gcm,2048,99,30200
aes-gcm,2048,100,30300
aes-gcm,2048,101,30300
aes-gcm,2048,102,30000
aes-gcm,2048,103,30200
aes-gcm,2048,104,30100
aes-gcm,2048,105,30200
aes-gcm,2048,106,30100
aes-gcm,2048,107,30400
aes-gcm,2048,108,30000
aes-gcm,2048,109,30400
aes-gcm,2048,110,30300
aes-gcm,2048,111,30000
aes-gcm,2048,112,30200
aes-gcm,2048,113,30200
aes-gcm,2048,114,30300
aes-gcm,2048,115,30000
aes-gcm,2048,116,30500
aes-gcm,2048,117,30100
aes-gcm,2048,118,30100
aes-gcm,2048,119,30300
aes-gcm,2048,120,29800
aes-gcm,2048,121,30200
aes-gcm,2048,122,30200
aes-gcm,2048,123,30100
aes-gcm,2048,124,29900
aes-gcm,2048,125,30700
aes-gcm,2048,126,30000
aes-gcm,2048,127,30300
aes-gcm,2048,128,30100
aes-gcm,2048,129,30900
aes-gcm,2048,130,30400
aes-gcm,2048,131,30200
aes-gcm,2048,132,30400
aes-gcm,2048,133,30200
aes-gcm,2048,134,30200
aes-gcm,2048,135,29900
aes-gcm,2048,136,30300
aes-gcm,2048,137,30500
aes-gcm,2048,138,30200
aes-gcm,2048,139,30400
aes-gcm,2048,140,30300
aes-gcm,2048,141,30100
aes-gcm,2048,142,30200
aes-gcm,2048,143,30400
aes-gcm,2048,144,30100
aes-gcm,2048,145,30200
aes-gcm,2048,146,30400
aes-gcm,2048,147,30000
aes-gcm,2048,148,30400
aes-gcm,2048,149,30600
aes-gcm,2048,150,30200
aes-gcm,2048,151,30000
aes-gcm,2048,152,30300
aes-gcm,2048,153,30100
aes-gcm,2048,154,30500
aes-gcm,2048,155,30200
aes-gcm,2048,156,29800
aes-gcm,2048,157,30300
aes-gcm,2048,158,30100
aes-gcm,2048,159,30400
aes-gcm,2048,160,30200
aes-gcm,2048,161,31800
aes-gcm,2048,162,30000
aes-gcm,2048,163,30200
aes-gcm,2048,164,30100
aes-gcm,2048,165,29900
aes-gcm,2048,166,30100
aes-gcm,2048,167,29900
aes-gcm,2048,168,30000
aes-gcm,2048,169,29800
aes-gcm,2048,170,30700
aes-gcm,2048,171,30100
aes-gcm,2048,172,30400
aes-gcm,2048,173,30300
aes-gcm,2048,174,30000
aes-gcm,2048,175,30100
aes-gcm,2048,176,30100
aes-gcm,2048,177,30200
aes-gcm,2048,178,30100
aes-gcm,2048,179,30500
aes-gcm,2048,180,30200
aes-gcm,2048,181,30500
aes-gcm,2048,182,30400
aes-gcm,2048,183,30000
aes-gcm,2048,184,30300
aes-gcm,2048,185,30100
aes-gcm,2048,186,31300
aes-gcm,2048,187,30300
aes-gcm,2048,188,30500
aes-gcm,2048,189,30100
aes-gcm,2048,190,30400
aes-gcm,2048,191,30400
aes-gcm,2048,192,33000
aes-gcm,2048,193,45100
aes-gcm,2048,194,31200
aes-gcm,2048,195,30100
aes-gcm,2048,196,29900
aes-gcm,2048,197,30600
aes-gcm,2048,198,29900
aes-gcm,2048,199,30500
aes-gcm,2048,200,30400
aes-gcm,2048,201,29900
aes-gcm,2048,202,30700
aes-gcm,2048,203,30200
aes-gcm,2048,204,30000
aes-gcm,2048,205,30200
aes-gcm,2048,206,30200
aes-gcm,2048,207,29800
aes-gcm,2048,208,30200
aes-gcm,2048,209,30100
aes-gcm,2048,210,29900
aes-gcm,2048,211,30400
aes-gcm,2048,212,30300
aes-gcm,2048,213,30400
aes-gcm,2048,214,30100
aes-gcm,2048,215,30300
aes-gcm,2048,216,29900
aes-gcm,2048,217,30200
aes-gcm,2048,218,30300
aes-gcm,2048,219,30200
aes-gcm,2048,220,30400
aes-gcm,2048,221,30300
aes-gcm,2048,222,30200
aes-gcm,2048,223,30400
aes-gcm,2048,224,30300
aes-gcm,2048,225,29900
aes-gcm,2048,226,32300
aes-gcm,2048,227,30000
aes-gcm,2048,228,29800
aes-gcm,2048,229,30400
aes-gcm,2048,230,30200
aes-gcm,2048,231,30400
aes-gcm,2048,232,30100
aes-gcm,2048,233,30400
aes-gcm,2048,234,30100
aes-gcm,2048,235,30400
aes-gcm,2048,236,30000
aes-gcm,2048,237,29900
aes-gcm,2048,238,30300
aes-gcm,2048,239,30200
aes-gcm,2048,240,30300
aes-gcm,2048,241,30000
aes-gcm,2048,242,30500
aes-gcm,2048,243,30100
aes-gcm,2048,244,30600
aes-gcm,2048,245,30400
aes-gcm,2048,246,29900
aes-gcm,2048,247,30200
aes-gcm,2048,248,30100
aes-gcm,2048,249,30300
aes-gcm,2048,250,30300
aes-gcm,2048,251,30500
aes-gcm,2048,252,30000
aes-gcm,2048,253,30300
aes-gcm,2048,254,30200
aes-gcm,2048,255,30100
aes-gcm,2048,256,30600
aes-gcm,2048,257,31000
aes-gcm,2048,258,31000
aes-gcm,2048,259,30400
aes-gcm,2048,260,30700
aes-gcm,2048,261,30100
aes-gcm,2048,262,30300
aes-gcm,2048,263,30200
aes-gcm,2048,264,29900
aes-gcm,2048,265,30200
aes-gcm,2048,266,30200
aes-gcm,2048,267,30300
aes-gcm,2048,268,29900
aes-gcm,2048,269,30300
aes-gcm,2048,270,30100
aes-gcm,2048,271,30400
aes-gcm,2048,272,29900
aes-gcm,2048,273,30200
aes-gcm,2048,274,30300
aes-gcm,2048,275,30100
aes-gcm,2048,276,30300
aes-gcm,2048,277,30100
aes-gcm,2048,278,30400
aes-gcm,2048,279,29900
aes-gcm,2048,280,30300
aes-gcm,2048,281,30000
aes-gcm,2048,282,29900
aes-gcm,2048,283,30400
aes-gcm,2048,284,30100
aes-gcm,2048,285,31100
aes-gcm,2048,286,30000
aes-gcm,2048,287,30600
aes-gcm,2048,288,30000
aes-gcm,2048,289,30400
aes-gcm,2048,290,30100
aes-gcm,2048,291,29800
aes-gcm,2048,292,30300
aes-gcm,2048,293,30300
aes-gcm,2048,294,30300
aes-gcm,2048,295,30100
aes-gcm,2048,296,30300
aes-gcm,2048,297,29900
aes-gcm,2048,298,30400
aes-gcm,2048,299,30400
aes-gcm,2048,300,30100
aes-gcm,2048,301,30300
aes-gcm,2048,302,30100
aes-gcm,2048,303,30200
aes-gcm,2048,304,30000
aes-gcm,2048,305,30300
aes-gcm,2048,306,30100
aes-gcm,2048,307,30400
aes-gcm,2048,308,30300
aes-gcm,2048,309,30300
aes-gcm,2048,310,30300
aes-gcm,2048,311,30200
aes-gcm,2048,312,30200
aes-gcm,2048,313,30100
aes-gcm,2048,314,30500
aes-gcm,2048,315,30200
aes-gcm,2048,316,30100
aes-gcm,2048,317,30100
aes-gcm,2048,318,30000
aes-gcm,2048,319,30600
aes-gcm,2048,320,30900
aes-gcm,2048,321,30100
aes-gcm,2048,322,29900
aes-gcm,2048,323,30200
aes-gcm,2048,324,31300
aes-gcm,2048,325,30700
aes-gcm,2048,326,30200
aes-gcm,2048,327,30300
aes-gcm,2048,328,30200
aes-gcm,2048,329,30200
aes-gcm,2048,330,30400
aes-gcm,2048,331,30100
aes-gcm,2048,332,30200
aes-gcm,2048,333,30000
aes-gcm,2048,334,30100
aes-gcm,2048,335,30000
aes-gcm,2048,336,29800
aes-gcm,2048,337,30200
aes-gcm,2048,338,30300
aes-gcm,2048,339,30400
aes-gcm,2048,340,31200
aes-gcm,2048,341,30700
aes-gcm,2048,342,30100
aes-gcm,2048,343,30200
aes-gcm,2048,344,30300
aes-gcm,2048,345,30000
aes-gcm,2048,346,30400
aes-gcm,2048,347,29900
aes-gcm,2048,348,31000
aes-gcm,2048,349,30200
aes-gcm,2048,350,30400
aes-gcm,2048,351,30200
aes-gcm,2048,352,30400
aes-gcm,2048,353,30200
aes-gcm,2048,354,30000
aes-gcm,2048,355,30200
aes-gcm,2048,356,30100
aes-gcm,2048,357,30200
aes-gcm,2048,358,30200
aes-gcm,2048,359,30500
aes-gcm,2048,360,30000
aes-gcm,2048,361,30100
aes-gcm,2048,362,30300
aes-gcm,2048,363,29900
aes-gcm,2048,364,30300
aes-gcm,2048,365,30200
aes-gcm,2048,366,30100
aes-gcm,2048,367,30100
aes-gcm,2048,368,30300
aes-gcm,2048,369,30400
aes-gcm,2048,370,30200
aes-gcm,2048,371,30400
aes-gcm,2048,372,30300
aes-gcm,2048,373,30700
aes-gcm,2048,374,30200
aes-gcm,2048,375,30200
aes-gcm,2048,376,30000
aes-gcm,2048,377,30400
aes-gcm,2048,378,30100
aes-gcm,2048,379,30400
aes-gcm,2048,380,30100
aes-gcm,2048,381,30400
aes-gcm,2048,382,30100
aes-gcm,2048,383,30600
aes-gcm,2048,384,31200
aes-gcm,2048,385,30000
aes-gcm,2048,386,30600
aes-gcm,2048,387,29900
aes-gcm,2048,388,30200
aes-gcm,2048,389,30300
aes-gcm,2048,390,29900
aes-gcm,2048,391,30200
aes-gcm,2048,392,30200
aes-gcm,2048,393,30200
aes-gcm,2048,394,30100
aes-gcm,2048,395,30500
aes-gcm,2048,396,29900
aes-gcm,2048,397,30200
aes-gcm,2048,398,30200
aes-gcm,2048,399,30000
aes-gcm,2048,400,30400
aes-gcm,2048,401,30000
aes-gcm,2048,402,30100
aes-gcm,2048,403,29900
aes-gcm,2048,404,30400
aes-gcm,2048,405,30000
aes-gcm,2048,406,30700
aes-gcm,2048,407,30100
aes-gcm,2048,408,29900
aes-gcm,2048,409,30200
aes-gcm,2048,410,30200
aes-gcm,2048,411,30200
aes-gcm,2048,412,30700
aes-gcm,2048,413,30600
aes-gcm,2048,414,29900
aes-gcm,2048,415,30400
aes-gcm,2048,416,30100
aes-gcm,2048,417,30000
aes-gcm,2048,418,30100
aes-gcm,2048,419,30100
aes-gcm,2048,420,30200
aes-gcm,2048,421,30000
aes-gcm,2048,422,30200
aes-gcm,2048,423,29800
aes-gcm,2048,424,30100
aes-gcm,2048,425,30000
aes-gcm,2048,426,30100
aes-gcm,2048,427,30200
aes-gcm,2048,428,30200
aes-gcm,2048,429,30700
aes-gcm,2048,430,30000
aes-gcm,2048,431,30600
aes-gcm,2048,432,30000
aes-gcm,2048,433,30400
aes-gcm,2048,434,30000
aes-gcm,2048,435,30000
aes-gcm,2048,436,30500
aes-gcm,2048,437,30200
aes-gcm,2048,438,30600
aes-gcm,2048,439,32200
aes-gcm,2048,440,30500
aes-gcm,2048,441,30000
aes-gcm,2048,442,30300
aes-gcm,2048,443,30100
aes-gcm,2048,444,30100
aes-gcm,2048,445,30200
aes-gcm,2048,446,30200
aes-gcm,2048,447,30500
aes-gcm,2048,448,30800
aes-gcm,2048,449,30400
aes-gcm,2048,450,30100
aes-gcm,2048,451,30200
aes-gcm,2048,452,30100
aes-gcm,2048,453,30100
aes-gcm,2048,454,30300
aes-gcm,2048,455,30200
aes-gcm,2048,456,30000
aes-gcm,2048,457,30100
aes-gcm,2048,458,30500
aes-gcm,2048,459,30200
aes-gcm,2048,460,30400
aes-gcm,2048,461,30100
aes-gcm,2048,462,29900
aes-gcm,2048,463,30200
aes-gcm,2048,464,30100
aes-gcm,2048,465,30100
aes-gcm,2048,466,29900
aes-gcm,2048,467,30300
aes-gcm,2048,468,30100
aes-gcm,2048,469,30500
aes-gcm,2048,470,30000
aes-gcm,2048,471,31000
aes-gcm,2048,472,30300
aes-gcm,2048,473,30100
aes-gcm,2048,474,30300
aes-gcm,2048,475,30000
aes-gcm,2048,476,31200
aes-gcm,2048,477,30300
aes-gcm,2048,478,30200
aes-gcm,2048,479,30200
aes-gcm,2048,480,30300
aes-gcm,2048,481,30200
aes-gcm,2048,482,58100
aes-gcm,2048,483,92900
aes-gcm,2048,484,48100
aes-gcm,2048,485,46000
aes-gcm,2048,486,43600
aes-gcm,2048,487,46000
aes-gcm,2048,488,45100
aes-gcm,2048,489,43700
aes-gcm,2048,490,44600
aes-gcm,2048,491,44300
aes-gcm,2048,492,43700
aes-gcm,2048,493,44300
aes-gcm,2048,494,44900
aes-gcm,2048,495,43700
aes-gcm,2048,496,43700
aes-gcm,2048,497,45200
aes-gcm,2048,498,43800
aes-gcm,2048,499,44600
aes-gcm,2048,500,44300
aes-gcm,2048,501,37500
aes-gcm,2048,502,30000
aes-gcm,2048,503,29900
aes-gcm,2048,504,29900
aes-gcm,2048,505,29600
aes-gcm,2048,506,30200
aes-gcm,2048,507,29900
aes-gcm,2048,508,29900
aes-gcm,2048,509,30400
aes-gcm,2048,510,30100
aes-gcm,2048,511,30600
aes-gcm,2048,512,31300
aes-gcm,2048,513,30000
aes-gcm,2048,514,30200
aes-gcm,2048,515,30000
aes-gcm,2048,516,34200
aes-gcm,2048,517,33800
aes-gcm,2048,518,30400
aes-gcm,2048,519,30400
aes-gcm,2048,520,30000
aes-gcm,2048,521,30200
aes-gcm,2048,522,91400
aes-gcm,2048,523,108900
aes-gcm,2048,524,117200
aes-gcm,2048,525,88900
aes-gcm,2048,526,148000
aes-gcm,2048,527,88400
aes-gcm,2048,528,41200
aes-gcm,2048,529,41600
aes-gcm,2048,530,32900
aes-gcm,2048,531,30700
aes-gcm,2048,532,31000
aes-gcm,2048,533,30200
aes-gcm,2048,534,87400
aes-gcm,2048,535,77200
aes-gcm,2048,536,68000
aes-gcm,2048,537,34800
aes-gcm,2048,538,69400
aes-gcm,2048,539,41600
aes-gcm,2048,540,33900
aes-gcm,2048,541,31200
aes-gcm,2048,542,30500
aes-gcm,2048,543,30200
aes-gcm,2048,544,30500
aes-gcm,2048,545,46600
aes-gcm,2048,546,54200
aes-gcm,2048,547,34600
aes-gcm,2048,548,31400
aes-gcm,2048,549,51400
aes-gcm,2048,550,55900
aes-gcm,2048,551,38400
aes-gcm,2048,552,33400
aes-gcm,2048,553,30800
aes-gcm,2048,554,30400
aes-gcm,2048,555,30100
aes-gcm,2048,556,30400
aes-gcm,2048,557,30300
aes-gcm,2048,558,30600
aes-gcm,2048,559,86000
aes-gcm,2048,560,59800
aes-gcm,2048,561,35200
aes-gcm,2048,562,83500
aes-gcm,2048,563,85100
aes-gcm,2048,564,40200
aes-gcm,2048,565,32100
aes-gcm,2048,566,31000
aes-gcm,2048,567,30900
aes-gcm,2048,568,30500
aes-gcm,2048,569,30300
aes-gcm,2048,570,29900
aes-gcm,2048,571,30200
aes-gcm,2048,572,30600
aes-gcm,2048,573,30100
aes-gcm,2048,574,30100
aes-gcm,2048,575,30800
aes-gcm,2048,576,29900
aes-gcm,2048,577,30500
aes-gcm,2048,578,30200
aes-gcm,2048,579,29800
aes-gcm,2048,580,30100
aes-gcm,2048,581,30000
aes-gcm,2048,582,30100
aes-gcm,2048,583,30100
aes-gcm,2048,584,30600
aes-gcm,2048,585,30000
aes-gcm,2048,586,30200
aes-gcm,2048,587,30100
aes-gcm,2048,588,30000
aes-gcm,2048,589,30100
aes-gcm,2048,590,53300
aes-gcm,2048,591,55300
aes-gcm,2048,592,34300
aes-gcm,2048,593,31500
aes-gcm,2048,594,30400
aes-gcm,2048,595,30400
aes-gcm,2048,596,30000
aes-gcm,2048,597,30100
aes-gcm,2048,598,30000
aes-gcm,2048,599,30700
aes-gcm,2048,600,30200
aes-gcm,2048,601,30100
aes-gcm,2048,602,30500
aes-gcm,2048,603,30600
aes-gcm,2048,604,49400
aes-gcm,2048,605,109100
aes-gcm,2048,606,61300
aes-gcm,2048,607,33500
aes-gcm,2048,608,31000
aes-gcm,2048,609,30600
aes-gcm,2048,610,30800
aes-gcm,2048,611,30400
aes-gcm,2048,612,30100
aes-gcm,2048,613,30200
aes-gcm,2048,614,30200
aes-gcm,2048,615,30000
aes-gcm,2048,616,31000
aes-gcm,2048,617,30300
aes-gcm,2048,618,30300
aes-gcm,2048,619,30000
aes-gcm,2048,620,30200
aes-gcm,2048,621,30200
aes-gcm,2048,622,30400
aes-gcm,2048,623,30200
aes-gcm,2048,624,30000
aes-gcm,2048,625,30000
aes-gcm,2048,626,30100
aes-gcm,2048,627,30400
aes-gcm,2048,628,30000
aes-gcm,2048,629,30300
aes-gcm,2048,630,30000
aes-gcm,2048,631,30200
aes-gcm,2048,632,30400
aes-gcm,2048,633,29900
aes-gcm,2048,634,30100
aes-gcm,2048,635,30100
aes-gcm,2048,636,30000
aes-gcm,2048,637,30000
aes-gcm,2048,638,30200
aes-gcm,2048,639,30800
aes-gcm,2048,640,30200
aes-gcm,2048,641,30100
aes-gcm,2048,642,29800
aes-gcm,2048,643,30400
aes-gcm,2048,644,30100
aes-gcm,2048,645,30500
aes-gcm,2048,646,30100
aes-gcm,2048,647,30100
aes-gcm,2048,648,30200
aes-gcm,2048,649,34400
aes-gcm,2048,650,25900
aes-gcm,2048,651,30300
aes-gcm,2048,652,30200
aes-gcm,2048,653,30300
aes-gcm,2048,654,30400
aes-gcm,2048,655,30000
aes-gcm,2048,656,30200
aes-gcm,2048,657,29900
aes-gcm,2048,658,30100
aes-gcm,2048,659,30200
aes-gcm,2048,660,29900
aes-gcm,2048,661,30300
aes-gcm,2048,662,30000
aes-gcm,2048,663,30400
aes-gcm,2048,664,30200
aes-gcm,2048,665,30300
aes-gcm,2048,666,29900
aes-gcm,2048,667,31000
aes-gcm,2048,668,30200
aes-gcm,2048,669,30300
aes-gcm,2048,670,30300
aes-gcm,2048,671,30100
aes-gcm,2048,672,30200
aes-gcm,2048,673,30100
aes-gcm,2048,674,30600
aes-gcm,2048,675,29900
aes-gcm,2048,676,30400
aes-gcm,2048,677,30200
aes-gcm,2048,678,30100
aes-gcm,2048,679,30200
aes-gcm,2048,680,30400
aes-gcm,2048,681,30100
aes-gcm,2048,682,32200
aes-gcm,2048,683,33600
aes-gcm,2048,684,30000
aes-gcm,2048,685,30400
aes-gcm,2048,686,30000
aes-gcm,2048,687,30000
aes-gcm,2048,688,30300
aes-gcm,2048,689,30100
aes-gcm,2048,690,30100
aes-gcm,2048,691,30500
aes-gcm,2048,692,30200
aes-gcm,2048,693,29800
aes-gcm,2048,694,30200
aes-gcm,2048,695,30000
aes-gcm,2048,696,30100
aes-gcm,2048,697,30200
aes-gcm,2048,698,30300
aes-gcm,2048,699,30100
aes-gcm,2048,700,29900
aes-gcm,2048,701,30400
aes-gcm,2048,702,29900
aes-gcm,2048,703,30900
aes-gcm,2048,704,30200
aes-gcm,2048,705,30100
aes-gcm,2048,706,30600
aes-gcm,2048,707,30200
aes-gcm,2048,708,30200
aes-gcm,2048,709,29900
aes-gcm,2048,710,30200
aes-gcm,2048,711,29900
aes-gcm,2048,712,30200
aes-gcm,2048,713,30200
aes-gcm,2048,714,30200
aes-gcm,2048,715,29700
aes-gcm,2048,716,30200
aes-gcm,2048,717,30300
aes-gcm,2048,718,30100
aes-gcm,2048,719,30400
aes-gcm,2048,720,30200
aes-gcm,2048,721,30100
aes-gcm,2048,722,29800
aes-gcm,2048,723,30100
aes-gcm,2048,724,30100
aes-gcm,2048,725,30100
aes-gcm,2048,726,30300
aes-gcm,2048,727,29900
aes-gcm,2048,728,30600
aes-gcm,2048,729,30000
aes-gcm,2048,730,30200
aes-gcm,2048,731,30800
aes-gcm,2048,732,29700
aes-gcm,2048,733,30400
aes-gcm,2048,734,29900
aes-gcm,2048,735,30100
aes-gcm,2048,736,29800
aes-gcm,2048,737,30300
aes-gcm,2048,738,29900
aes-gcm,2048,739,30200
aes-gcm,2048,740,30100
aes-gcm,2048,741,30100
aes-gcm,2048,742,30300
aes-gcm,2048,743,30300
aes-gcm,2048,744,30100
aes-gcm,2048,745,29900
aes-gcm,2048,746,30200
aes-gcm,2048,747,30700
aes-gcm,2048,748,30600
aes-gcm,2048,749,30500
aes-gcm,2048,750,29900
aes-gcm,2048,751,30600
aes-gcm,2048,752,30100
aes-gcm,2048,753,30300
aes-gcm,2048,754,30000
aes-gcm,2048,755,30400
aes-gcm,2048,756,30100
aes-gcm,2048,757,30300
aes-gcm,2048,758,30200
aes-gcm,2048,759,29800
aes-gcm,2048,760,30400
aes-gcm,2048,761,30100
aes-gcm,2048,762,30100
aes-gcm,2048,763,134900
aes-gcm,2048,764,58500
aes-gcm,2048,765,33700
aes-gcm,2048,766,31300
aes-gcm,2048,767,33000
aes-gcm,2048,768,30400
aes-gcm,2048,769,30600
aes-gcm,2048,770,30800
aes-gcm,2048,771,30200
aes-gcm,2048,772,30200
aes-gcm,2048,773,30500
aes-gcm,2048,774,29900
aes-gcm,2048,775,30600
aes-gcm,2048,776,33900
aes-gcm,2048,777,30200
aes-gcm,2048,778,30500
aes-gcm,2048,779,30200
aes-gcm,2048,780,30200
aes-gcm,2048,781,30300
aes-gcm,2048,782,30500
aes-gcm,2048,783,29900
aes-gcm,2048,784,30300
aes-gcm,2048,785,30100
aes-gcm,2048,786,29800
aes-gcm,2048,787,30000
aes-gcm,2048,788,30400
aes-gcm,2048,789,30300
aes-gcm,2048,790,29900
aes-gcm,2048,791,30400
aes-gcm,2048,792,30400
aes-gcm,2048,793,30400
aes-gcm,2048,794,30000
aes-gcm,2048,795,30800
aes-gcm,2048,796,30100
aes-gcm,2048,797,30000
aes-gcm,2048,798,30100
aes-gcm,2048,799,29900
aes-gcm,2048,800,30300
aes-gcm,2048,801,29900
aes-gcm,2048,802,30300
aes-gcm,2048,803,30100
aes-gcm,2048,804,29900
aes-gcm,2048,805,30300
aes-gcm,2048,806,30000
aes-gcm,2048,807,30000
aes-gcm,2048,808,32800
aes-gcm,2048,809,30500
aes-gcm,2048,810,30000
aes-gcm,2048,811,30200
aes-gcm,2048,812,30000
aes-gcm,2048,813,29800
aes-gcm,2048,814,30200
aes-gcm,2048,815,30300
aes-gcm,2048,816,30300
aes-gcm,2048,817,30000
aes-gcm,2048,818,30300
aes-gcm,2048,819,29900
aes-gcm,2048,820,30200
aes-gcm,2048,821,30000
aes-gcm,2048,822,29800
aes-gcm,2048,823,30200
aes-gcm,2048,824,30400
aes-gcm,2048,825,30200
aes-gcm,2048,826,29900
aes-gcm,2048,827,30400
aes-gcm,2048,828,30100
aes-gcm,2048,829,30200
aes-gcm,2048,830,30900
aes-gcm,2048,831,30000
aes-gcm,2048,832,30200
aes-gcm,2048,833,30100
aes-gcm,2048,834,30400
aes-gcm,2048,835,30000
aes-gcm,2048,836,30400
aes-gcm,2048,837,29900
aes-gcm,2048,838,30600
aes-gcm,2048,839,29900
aes-gcm,2048,840,29900
aes-gcm,2048,841,36100
aes-gcm,2048,842,30300
aes-gcm,2048,843,30200
aes-gcm,2048,844,30100
aes-gcm,2048,845,30500
aes-gcm,2048,846,29900
aes-gcm,2048,847,30300
aes-gcm,2048,848,30300
aes-gcm,2048,849,29800
aes-gcm,2048,850,30000
aes-gcm,2048,851,30000
aes-gcm,2048,852,30400
aes-gcm,2048,853,30100
aes-gcm,2048,854,30400
aes-gcm,2048,855,29900
aes-gcm,2048,856,30300
aes-gcm,2048,857,30100
aes-gcm,2048,858,30800
aes-gcm,2048,859,30200
aes-gcm,2048,860,30100
aes-gcm,2048,861,30000
aes-gcm,2048,862,30100
aes-gcm,2048,863,30500
aes-gcm,2048,864,30000
aes-gcm,2048,865,30100
aes-gcm,2048,866,30300
aes-gcm,2048,867,30000
aes-gcm,2048,868,30500
aes-gcm,2048,869,30300
aes-gcm,2048,870,30100
aes-gcm,2048,871,29900
aes-gcm,2048,872,30400
aes-gcm,2048,873,30400
aes-gcm,2048,874,35600
aes-gcm,2048,875,81200
aes-gcm,2048,876,75000
aes-gcm,2048,877,96000
aes-gcm,2048,878,60300
aes-gcm,2048,879,34200
aes-gcm,2048,880,31000
aes-gcm,2048,881,31000
aes-gcm,2048,882,31000
aes-gcm,2048,883,30600
aes-gcm,2048,884,31200
aes-gcm,2048,885,30900
aes-gcm,2048,886,30800
aes-gcm,2048,887,30300
aes-gcm,2048,888,30200
aes-gcm,2048,889,30200
aes-gcm,2048,890,30400
aes-gcm,2048,891,30100
aes-gcm,2048,892,30300
aes-gcm,2048,893,30300
aes-gcm,2048,894,30600
aes-gcm,2048,895,30700
aes-gcm,2048,896,30600
aes-gcm,2048,897,30300
aes-gcm,2048,898,30200
aes-gcm,2048,899,36000
aes-gcm,2048,900,30000
aes-gcm,2048,901,30500
aes-gcm,2048,902,30300
aes-gcm,2048,903,30100
aes-gcm,2048,904,30300
aes-gcm,2048,905,30200
aes-gcm,2048,906,30300
aes-gcm,2048,907,30300
aes-gcm,2048,908,30300
aes-gcm,2048,909,50800
aes-gcm,2048,910,85800
aes-gcm,2048,911,90300
aes-gcm,2048,912,58800
aes-gcm,2048,913,39300
aes-gcm,2048,914,30200
aes-gcm,2048,915,32400
aes-gcm,2048,916,33900
aes-gcm,2048,917,49500
aes-gcm,2048,918,57000
aes-gcm,2048,919,33900
aes-gcm,2048,920,31100
aes-gcm,2048,921,30700
aes-gcm,2048,922,32800
aes-gcm,2048,923,30600
aes-gcm,2048,924,63500
aes-gcm,2048,925,40800
aes-gcm,2048,926,32700
aes-gcm,2048,927,31100
aes-gcm,2048,928,31300
aes-gcm,2048,929,30600
aes-gcm,2048,930,72100
aes-gcm,2048,931,31700
aes-gcm,2048,932,32000
aes-gcm,2048,933,30800
aes-gcm,2048,934,69200
aes-gcm,2048,935,31400
aes-gcm,2048,936,34100
aes-gcm,2048,937,31100
aes-gcm,2048,938,30400
aes-gcm,2048,939,30200
aes-gcm,2048,940,30300
aes-gcm,2048,941,30300
aes-gcm,2048,942,30200
aes-gcm,2048,943,30300
aes-gcm,2048,944,30300
aes-gcm,2048,945,30000
aes-gcm,2048,946,30300
aes-gcm,2048,947,30300
aes-gcm,2048,948,30300
aes-gcm,2048,949,30600
aes-gcm,2048,950,30300
aes-gcm,2048,951,30100
aes-gcm,2048,952,29900
aes-gcm,2048,953,31000
aes-gcm,2048,954,30000
aes-gcm,2048,955,30300
aes-gcm,2048,956,30100
aes-gcm,2048,957,30200
aes-gcm,2048,958,31300
aes-gcm,2048,959,30200
aes-gcm,2048,960,30100
aes-gcm,2048,961,30000
aes-gcm,2048,962,30400
aes-gcm,2048,963,30200
aes-gcm,2048,964,30300
aes-gcm,2048,965,30100
aes-gcm,2048,966,29800
aes-gcm,2048,967,30300
aes-gcm,2048,968,30300
aes-gcm,2048,969,30000
aes-gcm,2048,970,30000
aes-gcm,2048,971,30400
aes-gcm,2048,972,30000
aes-gcm,2048,973,30400
aes-gcm,2048,974,30200
aes-gcm,2048,975,30100
aes-gcm,2048,976,30200
aes-gcm,2048,977,30200
aes-gcm,2048,978,30400
aes-gcm,2048,979,30200
aes-gcm,2048,980,30300
aes-gcm,2048,981,30300
aes-gcm,2048,982,30300
aes-gcm,2048,983,30100
aes-gcm,2048,984,29900
aes-gcm,2048,985,54300
aes-gcm,2048,986,90300
aes-gcm,2048,987,36100
aes-gcm,2048,988,35400
aes-gcm,2048,989,31700
aes-gcm,2048,990,30200
aes-gcm,2048,991,30600
aes-gcm,2048,992,30200
aes-gcm,2048,993,30000
aes-gcm,2048,994,30400
aes-gcm,2048,995,30200
aes-gcm,2048,996,30300
aes-gcm,2048,997,30400
aes-gcm,2048,998,30400
aes-gcm,2048,999,30000
aes-gcm,2048,1000,30700
aes-gcm,2048,1001,30500
aes-gcm,2048,1002,30100
aes-gcm,2048,1003,30400
aes-gcm,2048,1004,30100
aes-gcm,2048,1005,30200
aes-gcm,2048,1006,30200
aes-gcm,2048,1007,30300
aes-gcm,2048,1008,30200
aes-gcm,2048,1009,30300
aes-gcm,2048,1010,30100
aes-gcm,2048,1011,30200
aes-gcm,2048,1012,30300
aes-gcm,2048,1013,30000
aes-gcm,2048,1014,31900
aes-gcm,2048,1015,30200
aes-gcm,2048,1016,30300
aes-gcm,2048,1017,30000
aes-gcm,2048,1018,30700
aes-gcm,2048,1019,30200
aes-gcm,2048,1020,29800
aes-gcm,2048,1021,30300
aes-gcm,2048,1022,30900
aes-gcm,2048,1023,30300
aes-gcm,2048,1024,30200
aes-gcm,2048,1025,30400
aes-gcm,2048,1026,30000
aes-gcm,2048,1027,30200
aes-gcm,2048,1028,30200
aes-gcm,2048,1029,30000
aes-gcm,2048,1030,30200
aes-gcm,2048,1031,30000
aes-gcm,2048,1032,30300
aes-gcm,2048,1033,30100
aes-gcm,2048,1034,30400
aes-gcm,2048,1035,30100
aes-gcm,2048,1036,30300
aes-gcm,2048,1037,30100
aes-gcm,2048,1038,30200
aes-gcm,2048,1039,30400
aes-gcm,2048,1040,30200
aes-gcm,2048,1041,30200
aes-gcm,2048,1042,30000
aes-gcm,2048,1043,30600
aes-gcm,2048,1044,29900
aes-gcm,2048,1045,30500
aes-gcm,2048,1046,30100
aes-gcm,2048,1047,29700
aes-gcm,2048,1048,30300
aes-gcm,2048,1049,30000
aes-gcm,2048,1050,36600
aes-gcm,2048,1051,30100
aes-gcm,2048,1052,30400
aes-gcm,2048,1053,30100
aes-gcm,2048,1054,30800
aes-gcm,2048,1055,30100
aes-gcm,2048,1056,29800
aes-gcm,2048,1057,30300
aes-gcm,2048,1058,30000
aes-gcm,2048,1059,30600
aes-gcm,2048,1060,30100
aes-gcm,2048,1061,30500
aes-gcm,2048,1062,30000
aes-gcm,2048,1063,133800
aes-gcm,2048,1064,86900
aes-gcm,2048,1065,40400
aes-gcm,2048,1066,32300
aes-gcm,2048,1067,30600
aes-gcm,2048,1068,30400
aes-gcm,2048,1069,30300
aes-gcm,2048,1070,31000
aes-gcm,2048,1071,29900
aes-gcm,2048,1072,30400
aes-gcm,2048,1073,30100
aes-gcm,2048,1074,33900
aes-gcm,2048,1075,30400
aes-gcm,2048,1076,30500
aes-gcm,2048,1077,30300
aes-gcm,2048,1078,30400
aes-gcm,2048,1079,30700
aes-gcm,2048,1080,30200
aes-gcm,2048,1081,30200
aes-gcm,2048,1082,30100
aes-gcm,2048,1083,29600
aes-gcm,2048,1084,30100
aes-gcm,2048,1085,30900
aes-gcm,2048,1086,30300
aes-gcm,2048,1087,29900
aes-gcm,2048,1088,30200
aes-gcm,2048,1089,29900
aes-gcm,2048,1090,30200
aes-gcm,2048,1091,30300
aes-gcm,2048,1092,30000
aes-gcm,2048,1093,30300
aes-gcm,2048,1094,30100
aes-gcm,2048,1095,30300
aes-gcm,2048,1096,30100
aes-gcm,2048,1097,30500
aes-gcm,2048,1098,30200
aes-gcm,2048,1099,30400
aes-gcm,2048,1100,30000
aes-gcm,2048,1101,29800
aes-gcm,2048,1102,30500
aes-gcm,2048,1103,30300
aes-gcm,2048,1104,30300
aes-gcm,2048,1105,30100
aes-gcm,2048,1106,30300
aes-gcm,2048,1107,36100
aes-gcm,2048,1108,30800
aes-gcm,2048,1109,30300
aes-gcm,2048,1110,30000
aes-gcm,2048,1111,30300
aes-gcm,2048,1112,30300
aes-gcm,2048,1113,31200
aes-gcm,2048,1114,30200
aes-gcm,2048,1115,30400
aes-gcm,2048,1116,29800
aes-gcm,2048,1117,30100
aes-gcm,2048,1118,30300
aes-gcm,2048,1119,30100
aes-gcm,2048,1120,30400
aes-gcm,2048,1121,30400
aes-gcm,2048,1122,30100
aes-gcm,2048,1123,30200
aes-gcm,2048,1124,30100
aes-gcm,2048,1125,30000
aes-gcm,2048,1126,30300
aes-gcm,2048,1127,30100
aes-gcm,2048,1128,30200
aes-gcm,2048,1129,30600
aes-gcm,2048,1130,30100
aes-gcm,2048,1131,30100
aes-gcm,2048,1132,30000
aes-gcm,2048,1133,30400
aes-gcm,2048,1134,30100
aes-gcm,2048,1135,30200
aes-gcm,2048,1136,30100
aes-gcm,2048,1137,30000
aes-gcm,2048,1138,30100
aes-gcm,2048,1139,33300
aes-gcm,2048,1140,30300
aes-gcm,2048,1141,30100
aes-gcm,2048,1142,30300
aes-gcm,2048,1143,29900
aes-gcm,2048,1144,30400
aes-gcm,2048,1145,29800
aes-gcm,2048,1146,29800
aes-gcm,2048,1147,30100
aes-gcm,2048,1148,29900
aes-gcm,2048,1149,30800
aes-gcm,2048,1150,30100
aes-gcm,2048,1151,30100
aes-gcm,2048,1152,29900
aes-gcm,2048,1153,30300
aes-gcm,2048,1154,30000
aes-gcm,2048,1155,30200
aes-gcm,2048,1156,30200
aes-gcm,2048,1157,30000
aes-gcm,2048,1158,30200
aes-gcm,2048,1159,30200
aes-gcm,2048,1160,30400
aes-gcm,2048,1161,30300
aes-gcm,2048,1162,30200
aes-gcm,2048,1163,30100
aes-gcm,2048,1164,29900
aes-gcm,2048,1165,30100
aes-gcm,2048,1166,30200
aes-gcm,2048,1167,30300
aes-gcm,2048,1168,30000
aes-gcm,2048,1169,30600
aes-gcm,2048,1170,30200
aes-gcm,2048,1171,30100
aes-gcm,2048,1172,35400
aes-gcm,2048,1173,29800
aes-gcm,2048,1174,30400
aes-gcm,2048,1175,30100
aes-gcm,2048,1176,30300
aes-gcm,2048,1177,30800
aes-gcm,2048,1178,30500
aes-gcm,2048,1179,30200
aes-gcm,2048,1180,30200
aes-gcm,2048,1181,30100
aes-gcm,2048,1182,30100
aes-gcm,2048,1183,30300
aes-gcm,2048,1184,30100
aes-gcm,2048,1185,30200
aes-gcm,2048,1186,30100
aes-gcm,2048,1187,30600
aes-gcm,2048,1188,29900
aes-gcm,2048,1189,30400
aes-gcm,2048,1190,30100
aes-gcm,2048,1191,29900
aes-gcm,2048,1192,30300
aes-gcm,2048,1193,30200
aes-gcm,2048,1194,30200
aes-gcm,2048,1195,30000
aes-gcm,2048,1196,30200
aes-gcm,2048,1197,30000
aes-gcm,2048,1198,30300
aes-gcm,2048,1199,30600
aes-gcm,2048,1200,30000
aes-gcm,2048,1201,30300
aes-gcm,2048,1202,30100
aes-gcm,2048,1203,30100
aes-gcm,2048,1204,30700
aes-gcm,2048,1205,35700
aes-gcm,2048,1206,30100
aes-gcm,2048,1207,30100
aes-gcm,2048,1208,30200
aes-gcm,2048,1209,30000
aes-gcm,2048,1210,30400
aes-gcm,2048,1211,30000
aes-gcm,2048,1212,30100
aes-gcm,2048,1213,30900
aes-gcm,2048,1214,30500
aes-gcm,2048,1215,30000
aes-gcm,2048,1216,30100
aes-gcm,2048,1217,30100
aes-gcm,2048,1218,30000
aes-gcm,2048,1219,30600
aes-gcm,2048,1220,30200
aes-gcm,2048,1221,30100
aes-gcm,2048,1222,30200
aes-gcm,2048,1223,30300
aes-gcm,2048,1224,29800
aes-gcm,2048,1225,75800
aes-gcm,2048,1226,125800
aes-gcm,2048,1227,59200
aes-gcm,2048,1228,33900
aes-gcm,2048,1229,31300
aes-gcm,2048,1230,31200
aes-gcm,2048,1231,31800
aes-gcm,2048,1232,30700
aes-gcm,2048,1233,30200
aes-gcm,2048,1234,30400
aes-gcm,2048,1235,30900
aes-gcm,2048,1236,29900
aes-gcm,2048,1237,30200
aes-gcm,2048,1238,30300
aes-gcm,2048,1239,30200
aes-gcm,2048,1240,30200
aes-gcm,2048,1241,31500
aes-gcm,2048,1242,30000
aes-gcm,2048,1243,30300
aes-gcm,2048,1244,30200
aes-gcm,2048,1245,30200
aes-gcm,2048,1246,30200
aes-gcm,2048,1247,30500
aes-gcm,2048,1248,30500
aes-gcm,2048,1249,30400
aes-gcm,2048,1250,30600
aes-gcm,2048,1251,30000
aes-gcm,2048,1252,30100
aes-gcm,2048,1253,30100
aes-gcm,2048,1254,29900
aes-gcm,2048,1255,30400
aes-gcm,2048,1256,30200
aes-gcm,2048,1257,30000
aes-gcm,2048,1258,30000
aes-gcm,2048,1259,30600
aes-gcm,2048,1260,30100
aes-gcm,2048,1261,30300
aes-gcm,2048,1262,30200
aes-gcm,2048,1263,31000
aes-gcm,2048,1264,32200
aes-gcm,2048,1265,30200
aes-gcm,2048,1266,30000
aes-gcm,2048,1267,30400
aes-gcm,2048,1268,30100
aes-gcm,2048,1269,30100
aes-gcm,2048,1270,30500
aes-gcm,2048,1271,30400
aes-gcm,2048,1272,29900
aes-gcm,2048,1273,30100
aes-gcm,2048,1274,30000
aes-gcm,2048,1275,30200
aes-gcm,2048,1276,30100
aes-gcm,2048,1277,31400
aes-gcm,2048,1278,30200
aes-gcm,2048,1279,30500
aes-gcm,2048,1280,30500
aes-gcm,2048,1281,30200
aes-gcm,2048,1282,30100
aes-gcm,2048,1283,30100
aes-gcm,2048,1284,30000
aes-gcm,2048,1285,29900
aes-gcm,2048,1286,30300
aes-gcm,2048,1287,29900
aes-gcm,2048,1288,30400
aes-gcm,2048,1289,30100
aes-gcm,2048,1290,29900
aes-gcm,2048,1291,30300
aes-gcm,2048,1292,30100
aes-gcm,2048,1293,30100
aes-gcm,2048,1294,30000
aes-gcm,2048,1295,30300
aes-gcm,2048,1296,30900
aes-gcm,2048,1297,30100
aes-gcm,2048,1298,30100
aes-gcm,2048,1299,30100
aes-gcm,2048,1300,30400
aes-gcm,2048,1301,30100
aes-gcm,2048,1302,30200
aes-gcm,2048,1303,30200
aes-gcm,2048,1304,30300
aes-gcm,2048,1305,31000
aes-gcm,2048,1306,30100
aes-gcm,2048,1307,30000
aes-gcm,2048,1308,29800
aes-gcm,2048,1309,30500
aes-gcm,2048,1310,30300
aes-gcm,2048,1311,30200
aes-gcm,2048,1312,30100
aes-gcm,2048,1313,30300
aes-gcm,2048,1314,29700
aes-gcm,2048,1315,30100
aes-gcm,2048,1316,30200
aes-gcm,2048,1317,29900
aes-gcm,2048,1318,30200
aes-gcm,2048,1319,30200
aes-gcm,2048,1320,30400
aes-gcm,2048,1321,30000
aes-gcm,2048,1322,30700
aes-gcm,2048,1323,30200
aes-gcm,2048,1324,30100
aes-gcm,2048,1325,30000
aes-gcm,2048,1326,30000
aes-gcm,2048,1327,30200
aes-gcm,2048,1328,30000
aes-gcm,2048,1329,29800
aes-gcm,2048,1330,30200
aes-gcm,2048,1331,30500
aes-gcm,2048,1332,29900
aes-gcm,2048,1333,30100
aes-gcm,2048,1334,30200
aes-gcm,2048,1335,30000
aes-gcm,2048,1336,30200
aes-gcm,2048,1337,30100
aes-gcm,2048,1338,30200
aes-gcm,2048,1339,30100
aes-gcm,2048,1340,31100
aes-gcm,2048,1341,30000
aes-gcm,2048,1342,30100
aes-gcm,2048,1343,30200
aes-gcm,2048,1344,30000
aes-gcm,2048,1345,30200
aes-gcm,2048,1346,30100
aes-gcm,2048,1347,30200
aes-gcm,2048,1348,29800
aes-gcm,2048,1349,30200
aes-gcm,2048,1350,29800
aes-gcm,2048,1351,30100
aes-gcm,2048,1352,30100
aes-gcm,2048,1353,30000
aes-gcm,2048,1354,30300
aes-gcm,2048,1355,30200
aes-gcm,2048,1356,30100
aes-gcm,2048,1357,30100
aes-gcm,2048,1358,30100
aes-gcm,2048,1359,30100
aes-gcm,2048,1360,30200
aes-gcm,2048,1361,30100
aes-gcm,2048,1362,30400
aes-gcm,2048,1363,30500
aes-gcm,2048,1364,30000
aes-gcm,2048,1365,30100
aes-gcm,2048,1366,30000
aes-gcm,2048,1367,30300
aes-gcm,2048,1368,30600
aes-gcm,2048,1369,30100
aes-gcm,2048,1370,30200
aes-gcm,2048,1371,30000
aes-gcm,2048,1372,30100
aes-gcm,2048,1373,33400
aes-gcm,2048,1374,30100
aes-gcm,2048,1375,29900
aes-gcm,2048,1376,30500
aes-gcm,2048,1377,30000
aes-gcm,2048,1378,30500
aes-gcm,2048,1379,30200
aes-gcm,2048,1380,30000
aes-gcm,2048,1381,30200
aes-gcm,2048,1382,30100
aes-gcm,2048,1383,30200
aes-gcm,2048,1384,30200
aes-gcm,2048,1385,30300
aes-gcm,2048,1386,29800
aes-gcm,2048,1387,30400
aes-gcm,2048,1388,30000
aes-gcm,2048,1389,30000
aes-gcm,2048,1390,30200
aes-gcm,2048,1391,30200
aes-gcm,2048,1392,30000
aes-gcm,2048,1393,30000
aes-gcm,2048,1394,31800
aes-gcm,2048,1395,31600
aes-gcm,2048,1396,30300
aes-gcm,2048,1397,30100
aes-gcm,2048,1398,30200
aes-gcm,2048,1399,30600
aes-gcm,2048,1400,30100
aes-gcm,2048,1401,30000
aes-gcm,2048,1402,29800
aes-gcm,2048,1403,30500
aes-gcm,2048,1404,30700
aes-gcm,2048,1405,30300
aes-gcm,2048,1406,29900
aes-gcm,2048,1407,29800
aes-gcm,2048,1408,30600
aes-gcm,2048,1409,30100
aes-gcm,2048,1410,30200
aes-gcm,2048,1411,30100
aes-gcm,2048,1412,30300
aes-gcm,2048,1413,29900
aes-gcm,2048,1414,30000
aes-gcm,2048,1415,30400
aes-gcm,2048,1416,30100
aes-gcm,2048,1417,30300
aes-gcm,2048,1418,30000
aes-gcm,2048,1419,30500
aes-gcm,2048,1420,30100
aes-gcm,2048,1421,30300
aes-gcm,2048,1422,30000
aes-gcm,2048,1423,30400
aes-gcm,2048,1424,30100
aes-gcm,2048,1425,30000
aes-gcm,2048,1426,30100
aes-gcm,2048,1427,35700
aes-gcm,2048,1428,30300
aes-gcm,2048,1429,30100
aes-gcm,2048,1430,30400
aes-gcm,2048,1431,29900
aes-gcm,2048,1432,31000
aes-gcm,2048,1433,30100
aes-gcm,2048,1434,30000
aes-gcm,2048,1435,30300
aes-gcm,2048,1436,30000
aes-gcm,2048,1437,30300
aes-gcm,2048,1438,30200
aes-gcm,2048,1439,30600
aes-gcm,2048,1440,30300
aes-gcm,2048,1441,30200
aes-gcm,2048,1442,30100
aes-gcm,2048,1443,29900
aes-gcm,2048,1444,30300
aes-gcm,2048,1445,29900
aes-gcm,2048,1446,29900
aes-gcm,2048,1447,30100
aes-gcm,2048,1448,30500
aes-gcm,2048,1449,30000
aes-gcm,2048,1450,30100
aes-gcm,2048,1451,30300
aes-gcm,2048,1452,29800
aes-gcm,2048,1453,30200
aes-gcm,2048,1454,30000
aes-gcm,2048,1455,30100
aes-gcm,2048,1456,30100
aes-gcm,2048,1457,30400
aes-gcm,2048,1458,29800
aes-gcm,2048,1459,30300
aes-gcm,2048,1460,30500
aes-gcm,2048,1461,30000
aes-gcm,2048,1462,30400
aes-gcm,2048,1463,30200
aes-gcm,2048,1464,30200
aes-gcm,2048,1465,30000
aes-gcm,2048,1466,30100
aes-gcm,2048,1467,30000
aes-gcm,2048,1468,30800
aes-gcm,2048,1469,30300
aes-gcm,2048,1470,29900
aes-gcm,2048,1471,30200
aes-gcm,2048,1472,30100
aes-gcm,2048,1473,30100
aes-gcm,2048,1474,30100
aes-gcm,2048,1475,30200
aes-gcm,2048,1476,30100
aes-gcm,2048,1477,30200
aes-gcm,2048,1478,30100
aes-gcm,2048,1479,30200
aes-gcm,2048,1480,30300
aes-gcm,2048,1481,30100
aes-gcm,2048,1482,30100
aes-gcm,2048,1483,30500
aes-gcm,2048,1484,30200
aes-gcm,2048,1485,30000
aes-gcm,2048,1486,30000
aes-gcm,2048,1487,29900
aes-gcm,2048,1488,29700
aes-gcm,2048,1489,30200
aes-gcm,2048,1490,30100
aes-gcm,2048,1491,30200
aes-gcm,2048,1492,30100
aes-gcm,2048,1493,54000
aes-gcm,2048,1494,139300
aes-gcm,2048,1495,73200
aes-gcm,2048,1496,154100
aes-gcm,2048,1497,84700
aes-gcm,2048,1498,64400
aes-gcm,2048,1499,48200
aes-gcm,2048,1500,39800
aes-gcm,2048,1501,37300
aes-gcm,2048,1502,31000
aes-gcm,2048,1503,30400
aes-gcm,2048,1504,30900
aes-gcm,2048,1505,30400
aes-gcm,2048,1506,30100
aes-gcm,2048,1507,30500
aes-gcm,2048,1508,30300
aes-gcm,2048,1509,30800
aes-gcm,2048,1510,30700
aes-gcm,2048,1511,30700
aes-gcm,2048,1512,30300
aes-gcm,2048,1513,30500
aes-gcm,2048,1514,30300
aes-gcm,2048,1515,30000
aes-gcm,2048,1516,30500
aes-gcm,2048,1517,30100
aes-gcm,2048,1518,30000
aes-gcm,2048,1519,30300
aes-gcm,2048,1520,30900
aes-gcm,2048,1521,29900
aes-gcm,2048,1522,30300
aes-gcm,2048,1523,30200
aes-gcm,2048,1524,29900
aes-gcm,2048,1525,30200
aes-gcm,2048,1526,30100
aes-gcm,2048,1527,30300
aes-gcm,2048,1528,30000
aes-gcm,2048,1529,30400
aes-gcm,2048,1530,30200
aes-gcm,2048,1531,30200
aes-gcm,2048,1532,31100
aes-gcm,2048,1533,30100
aes-gcm,2048,1534,30400
aes-gcm,2048,1535,30000
aes-gcm,2048,1536,30100
aes-gcm,2048,1537,31900
aes-gcm,2048,1538,30100
aes-gcm,2048,1539,29900
aes-gcm,2048,1540,30300
aes-gcm,2048,1541,30100
aes-gcm,2048,1542,30000
aes-gcm,2048,1543,30300
aes-gcm,2048,1544,33200
aes-gcm,2048,1545,30200
aes-gcm,2048,1546,30000
aes-gcm,2048,1547,30600
aes-gcm,2048,1548,30200
aes-gcm,2048,1549,30300
aes-gcm,2048,1550,30300
aes-gcm,2048,1551,30200
aes-gcm,2048,1552,30200
aes-gcm,2048,1553,30200
aes-gcm,2048,1554,29900
aes-gcm,2048,1555,29900
aes-gcm,2048,1556,30400
aes-gcm,2048,1557,29900
aes-gcm,2048,1558,30200
aes-gcm,2048,1559,30100
aes-gcm,2048,1560,30800
aes-gcm,2048,1561,30300
aes-gcm,2048,1562,30400
aes-gcm,2048,1563,30200
aes-gcm,2048,1564,30300
aes-gcm,2048,1565,30200
aes-gcm,2048,1566,29900
aes-gcm,2048,1567,30300
aes-gcm,2048,1568,30100
aes-gcm,2048,1569,29800
aes-gcm,2048,1570,30300
aes-gcm,2048,1571,30100
aes-gcm,2048,1572,30100
aes-gcm,2048,1573,30000
aes-gcm,2048,1574,30600
aes-gcm,2048,1575,29900
aes-gcm,2048,1576,30200
aes-gcm,2048,1577,37800
aes-gcm,2048,1578,30500
aes-gcm,2048,1579,30300
aes-gcm,2048,1580,30300
aes-gcm,2048,1581,30000
aes-gcm,2048,1582,30100
aes-gcm,2048,1583,30600
aes-gcm,2048,1584,30300
aes-gcm,2048,1585,30300
aes-gcm,2048,1586,30000
aes-gcm,2048,1587,29800
aes-gcm,2048,1588,30300
aes-gcm,2048,1589,30200
aes-gcm,2048,1590,30100
aes-gcm,2048,1591,30600
aes-gcm,2048,1592,30300
aes-gcm,2048,1593,29900
aes-gcm,2048,1594,30400
aes-gcm,2048,1595,30900
aes-gcm,2048,1596,30100
aes-gcm,2048,1597,30200
aes-gcm,2048,1598,30500
aes-gcm,2048,1599,30200
aes-gcm,2048,1600,29900
aes-gcm,2048,1601,30200
aes-gcm,2048,1602,29800
aes-gcm,2048,1603,30200
aes-gcm,2048,1604,30300
aes-gcm,2048,1605,30000
aes-gcm,2048,1606,30300
aes-gcm,2048,1607,30100
aes-gcm,2048,1608,30000
aes-gcm,2048,1609,31600
aes-gcm,2048,1610,34200
aes-gcm,2048,1611,29900
aes-gcm,2048,1612,30100
aes-gcm,2048,1613,30000
aes-gcm,2048,1614,30200
aes-gcm,2048,1615,30600
aes-gcm,2048,1616,30200
aes-gcm,2048,1617,30300
aes-gcm,2048,1618,30000
aes-gcm,2048,1619,30500
aes-gcm,2048,1620,30200
aes-gcm,2048,1621,30400
aes-gcm,2048,1622,30200
aes-gcm,2048,1623,30800
aes-gcm,2048,1624,30600
aes-gcm,2048,1625,30100
aes-gcm,2048,1626,30200
aes-gcm,2048,1627,30000
aes-gcm,2048,1628,30400
aes-gcm,2048,1629,30100
aes-gcm,2048,1630,30400
aes-gcm,2048,1631,30200
aes-gcm,2048,1632,30000
aes-gcm,2048,1633,30300
aes-gcm,2048,1634,30200
aes-gcm,2048,1635,30100
aes-gcm,2048,1636,30100
aes-gcm,2048,1637,30600
aes-gcm,2048,1638,30100
aes-gcm,2048,1639,30200
aes-gcm,2048,1640,30400
aes-gcm,2048,1641,30100
aes-gcm,2048,1642,32100
aes-gcm,2048,1643,32800
aes-gcm,2048,1644,30400
aes-gcm,2048,1645,30200
aes-gcm,2048,1646,30300
aes-gcm,2048,1647,30000
aes-gcm,2048,1648,30300
aes-gcm,2048,1649,30300
aes-gcm,2048,1650,29900
aes-gcm,2048,1651,30400
aes-gcm,2048,1652,30600
aes-gcm,2048,1653,30100
aes-gcm,2048,1654,30100
aes-gcm,2048,1655,30200
aes-gcm,2048,1656,29800
aes-gcm,2048,1657,30400
aes-gcm,2048,1658,30500
aes-gcm,2048,1659,30800
aes-gcm,2048,1660,30300
aes-gcm,2048,1661,30300
aes-gcm,2048,1662,30100
aes-gcm,2048,1663,30200
aes-gcm,2048,1664,30400
aes-gcm,2048,1665,29900
aes-gcm,2048,1666,30400
aes-gcm,2048,1667,30300
aes-gcm,2048,1668,30000
aes-gcm,2048,1669,30300
aes-gcm,2048,1670,30400
aes-gcm,2048,1671,30100
aes-gcm,2048,1672,29900
aes-gcm,2048,1673,30200
aes-gcm,2048,1674,30000
aes-gcm,2048,1675,30300
aes-gcm,2048,1676,30200
aes-gcm,2048,1677,29900
aes-gcm,2048,1678,30300
aes-gcm,2048,1679,30500
aes-gcm,2048,1680,30200
aes-gcm,2048,1681,30300
aes-gcm,2048,1682,30400
aes-gcm,2048,1683,29900
aes-gcm,2048,1684,30700
aes-gcm,2048,1685,30500
aes-gcm,2048,1686,29800
aes-gcm,2048,1687,31000
aes-gcm,2048,1688,30300
aes-gcm,2048,1689,30400
aes-gcm,2048,1690,30500
aes-gcm,2048,1691,30500
aes-gcm,2048,1692,30900
aes-gcm,2048,1693,30100
aes-gcm,2048,1694,30200
aes-gcm,2048,1695,30000
aes-gcm,2048,1696,30500
aes-gcm,2048,1697,30000
aes-gcm,2048,1698,30200
aes-gcm,2048,1699,30000
aes-gcm,2048,1700,30600
aes-gcm,2048,1701,30200
aes-gcm,2048,1702,30400
aes-gcm,2048,1703,30300
aes-gcm,2048,1704,30100
aes-gcm,2048,1705,30400
aes-gcm,2048,1706,30200
aes-gcm,2048,1707,33200
aes-gcm,2048,1708,30100
aes-gcm,2048,1709,30400
aes-gcm,2048,1710,30100
aes-gcm,2048,1711,30400
aes-gcm,2048,1712,30100
aes-gcm,2048,1713,30100
aes-gcm,2048,1714,30300
aes-gcm,2048,1715,30100
aes-gcm,2048,1716,30100
aes-gcm,2048,1717,30000
aes-gcm,2048,1718,30500
aes-gcm,2048,1719,29900
aes-gcm,2048,1720,30300
aes-gcm,2048,1721,30400
aes-gcm,2048,1722,30200
aes-gcm,2048,1723,31100
aes-gcm,2048,1724,30400
aes-gcm,2048,1725,30300
aes-gcm,2048,1726,30300
aes-gcm,2048,1727,30300
aes-gcm,2048,1728,30100
aes-gcm,2048,1729,30200
aes-gcm,2048,1730,30300
aes-gcm,2048,1731,29900
aes-gcm,2048,1732,30400
aes-gcm,2048,1733,30400
aes-gcm,2048,1734,30300
aes-gcm,2048,1735,30200
aes-gcm,2048,1736,30400
aes-gcm,2048,1737,29600
aes-gcm,2048,1738,30200
aes-gcm,2048,1739,30200
aes-gcm,2048,1740,35200
aes-gcm,2048,1741,30300
aes-gcm,2048,1742,30100
aes-gcm,2048,1743,30100
aes-gcm,2048,1744,30200
aes-gcm,2048,1745,30400
aes-gcm,2048,1746,30000
aes-gcm,2048,1747,30200
aes-gcm,2048,1748,30400
aes-gcm,2048,1749,29900
aes-gcm,2048,1750,30300
aes-gcm,2048,1751,30600
aes-gcm,2048,1752,30100
aes-gcm,2048,1753,30000
aes-gcm,2048,1754,30500
aes-gcm,2048,1755,29900
aes-gcm,2048,1756,30500
aes-gcm,2048,1757,30000
aes-gcm,2048,1758,29800
aes-gcm,2048,1759,30300
aes-gcm,2048,1760,30200
aes-gcm,2048,1761,30100
aes-gcm,2048,1762,30000
aes-gcm,2048,1763,30300
aes-gcm,2048,1764,30200
aes-gcm,2048,1765,30400
aes-gcm,2048,1766,30400
aes-gcm,2048,1767,29800
aes-gcm,2048,1768,30400
aes-gcm,2048,1769,30200
aes-gcm,2048,1770,30200
aes-gcm,2048,1771,30200
aes-gcm,2048,1772,30600
aes-gcm,2048,1773,29900
aes-gcm,2048,1774,30300
aes-gcm,2048,1775,30300
aes-gcm,2048,1776,30000
aes-gcm,2048,1777,30700
aes-gcm,2048,1778,30200
aes-gcm,2048,1779,30200
aes-gcm,2048,1780,30500
aes-gcm,2048,1781,30500
aes-gcm,2048,1782,30200
aes-gcm,2048,1783,30400
aes-gcm,2048,1784,30200
aes-gcm,2048,1785,30000
aes-gcm,2048,1786,30400
aes-gcm,2048,1787,31000
aes-gcm,2048,1788,30400
aes-gcm,2048,1789,30200
aes-gcm,2048,1790,30300
aes-gcm,2048,1791,29900
aes-gcm,2048,1792,30400
aes-gcm,2048,1793,30100
aes-gcm,2048,1794,30100
aes-gcm,2048,1795,30500
aes-gcm,2048,1796,30200
aes-gcm,2048,1797,30400
aes-gcm,2048,1798,30300
aes-gcm,2048,1799,30400
aes-gcm,2048,1800,30000
aes-gcm,2048,1801,30500
aes-gcm,2048,1802,30300
aes-gcm,2048,1803,30100
aes-gcm,2048,1804,30400
aes-gcm,2048,1805,33000
aes-gcm,2048,1806,30200
aes-gcm,2048,1807,30300
aes-gcm,2048,1808,30900
aes-gcm,2048,1809,30000
aes-gcm,2048,1810,30400
aes-gcm,2048,1811,30200
aes-gcm,2048,1812,30100
aes-gcm,2048,1813,30200
aes-gcm,2048,1814,30200
aes-gcm,2048,1815,31000
aes-gcm,2048,1816,154000
aes-gcm,2048,1817,117000
aes-gcm,2048,1818,112600
aes-gcm,2048,1819,81100
aes-gcm,2048,1820,89100
aes-gcm,2048,1821,179300
aes-gcm,2048,1822,152100
aes-gcm,2048,1823,85600
aes-gcm,2048,1824,62700
aes-gcm,2048,1825,101700
aes-gcm,2048,1826,59600
aes-gcm,2048,1827,33900
aes-gcm,2048,1828,32900
aes-gcm,2048,1829,30700
aes-gcm,2048,1830,33400
aes-gcm,2048,1831,31000
aes-gcm,2048,1832,30400
aes-gcm,2048,1833,30300
aes-gcm,2048,1834,30100
aes-gcm,2048,1835,30400
aes-gcm,2048,1836,30700
aes-gcm,2048,1837,30400
aes-gcm,2048,1838,30300
aes-gcm,2048,1839,30600
aes-gcm,2048,1840,30500
aes-gcm,2048,1841,32200
aes-gcm,2048,1842,31700
aes-gcm,2048,1843,30200
aes-gcm,2048,1844,30500
aes-gcm,2048,1845,30000
aes-gcm,2048,1846,30500
aes-gcm,2048,1847,30400
aes-gcm,2048,1848,29800
aes-gcm,2048,1849,30200
aes-gcm,2048,1850,31100
aes-gcm,2048,1851,30300
aes-gcm,2048,1852,30300
aes-gcm,2048,1853,30400
aes-gcm,2048,1854,30100
aes-gcm,2048,1855,30200
aes-gcm,2048,1856,30100
aes-gcm,2048,1857,29900
aes-gcm,2048,1858,30200
aes-gcm,2048,1859,30100
aes-gcm,2048,1860,30400
aes-gcm,2048,1861,30000
aes-gcm,2048,1862,30500
aes-gcm,2048,1863,29900
aes-gcm,2048,1864,30600
aes-gcm,2048,1865,30300
aes-gcm,2048,1866,29800
aes-gcm,2048,1867,30400
aes-gcm,2048,1868,30200
aes-gcm,2048,1869,30200
aes-gcm,2048,1870,30000
aes-gcm,2048,1871,30600
aes-gcm,2048,1872,29800
aes-gcm,2048,1873,30200
aes-gcm,2048,1874,29800
aes-gcm,2048,1875,30200
aes-gcm,2048,1876,30300
aes-gcm,2048,1877,30200
aes-gcm,2048,1878,31000
aes-gcm,2048,1879,30200
aes-gcm,2048,1880,30500
aes-gcm,2048,1881,30200
aes-gcm,2048,1882,30500
aes-gcm,2048,1883,30200
aes-gcm,2048,1884,30200
aes-gcm,2048,1885,30400
aes-gcm,2048,1886,30100
aes-gcm,2048,1887,30400
aes-gcm,2048,1888,30200
aes-gcm,2048,1889,30600
aes-gcm,2048,1890,29900
aes-gcm,2048,1891,30200
aes-gcm,2048,1892,30400
aes-gcm,2048,1893,30100
aes-gcm,2048,1894,30300
aes-gcm,2048,1895,30300
aes-gcm,2048,1896,30200
aes-gcm,2048,1897,30200
aes-gcm,2048,1898,30400
aes-gcm,2048,1899,30000
aes-gcm,2048,1900,30400
aes-gcm,2048,1901,30200
aes-gcm,2048,1902,30100
aes-gcm,2048,1903,30400
aes-gcm,2048,1904,30300
aes-gcm,2048,1905,30300
aes-gcm,2048,1906,30400
aes-gcm,2048,1907,32300
aes-gcm,2048,1908,30100
aes-gcm,2048,1909,30300
aes-gcm,2048,1910,30200
aes-gcm,2048,1911,29800
aes-gcm,2048,1912,30100
aes-gcm,2048,1913,30000
aes-gcm,2048,1914,31000
aes-gcm,2048,1915,30200
aes-gcm,2048,1916,30100
aes-gcm,2048,1917,30100
aes-gcm,2048,1918,30500
aes-gcm,2048,1919,30100
aes-gcm,2048,1920,30100
aes-gcm,2048,1921,30200
aes-gcm,2048,1922,30200
aes-gcm,2048,1923,30200
aes-gcm,2048,1924,30300
aes-gcm,2048,1925,30400
aes-gcm,2048,1926,30100
aes-gcm,2048,1927,30600
aes-gcm,2048,1928,30200
aes-gcm,2048,1929,30200
aes-gcm,2048,1930,30300
aes-gcm,2048,1931,30100
aes-gcm,2048,1932,30200
aes-gcm,2048,1933,30200
aes-gcm,2048,1934,30400
aes-gcm,2048,1935,30100
aes-gcm,2048,1936,30300
aes-gcm,2048,1937,30300
aes-gcm,2048,1938,30100
aes-gcm,2048,1939,32300
aes-gcm,2048,1940,30600
aes-gcm,2048,1941,30200
aes-gcm,2048,1942,30900
aes-gcm,2048,1943,30500
aes-gcm,2048,1944,30100
aes-gcm,2048,1945,30400
aes-gcm,2048,1946,30300
aes-gcm,2048,1947,30200
aes-gcm,2048,1948,30400
aes-gcm,2048,1949,30300
aes-gcm,2048,1950,30100
aes-gcm,2048,1951,30100
aes-gcm,2048,1952,30500
aes-gcm,2048,1953,29800
aes-gcm,2048,1954,30200
aes-gcm,2048,1955,30100
aes-gcm,2048,1956,30000
aes-gcm,2048,1957,30300
aes-gcm,2048,1958,30000
aes-gcm,2048,1959,30200
aes-gcm,2048,1960,30100
aes-gcm,2048,1961,30300
aes-gcm,2048,1962,29800
aes-gcm,2048,1963,30200
aes-gcm,2048,1964,30300
aes-gcm,2048,1965,29800
aes-gcm,2048,1966,30300
aes-gcm,2048,1967,30400
aes-gcm,2048,1968,30300
aes-gcm,2048,1969,30100
aes-gcm,2048,1970,30600
aes-gcm,2048,1971,29900
aes-gcm,2048,1972,97200
aes-gcm,2048,1973,203700
aes-gcm,2048,1974,129300
aes-gcm,2048,1975,129000
aes-gcm,2048,1976,98700
aes-gcm,2048,1977,46600
aes-gcm,2048,1978,33700
aes-gcm,2048,1979,31600
aes-gcm,2048,1980,30300
aes-gcm,2048,1981,31200
aes-gcm,2048,1982,30200
aes-gcm,2048,1983,30800
aes-gcm,2048,1984,30800
aes-gcm,2048,1985,30400
aes-gcm,2048,1986,30300
aes-gcm,2048,1987,30600
aes-gcm,2048,1988,32500
aes-gcm,2048,1989,30200
aes-gcm,2048,1990,30600
aes-gcm,2048,1991,30200
aes-gcm,2048,1992,30000
aes-gcm,2048,1993,30500
aes-gcm,2048,1994,30100
aes-gcm,2048,1995,30000
aes-gcm,2048,1996,30100
aes-gcm,2048,1997,30200
aes-gcm,2048,1998,29900
aes-gcm,2048,1999,30200
