algorithm,message_size_bytes,iteration,latency_ns
chacha20-poly1305,128,0,33100
chacha20-poly1305,128,1,33000
chacha20-poly1305,128,2,28600
chacha20-poly1305,128,3,33100
chacha20-poly1305,128,4,32100
chacha20-poly1305,128,5,33000
chacha20-poly1305,128,6,32400
chacha20-poly1305,128,7,32000
chacha20-poly1305,128,8,32500
chacha20-poly1305,128,9,32200
chacha20-poly1305,128,10,31500
chacha20-poly1305,128,11,32300
chacha20-poly1305,128,12,32800
chacha20-poly1305,128,13,32400
chacha20-poly1305,128,14,31600
chacha20-poly1305,128,15,32500
chacha20-poly1305,128,16,33000
chacha20-poly1305,128,17,33700
chacha20-poly1305,128,18,32300
chacha20-poly1305,128,19,32400
chacha20-poly1305,128,20,31500
chacha20-poly1305,128,21,32400
chacha20-poly1305,128,22,33200
chacha20-poly1305,128,23,32200
chacha20-poly1305,128,24,32300
chacha20-poly1305,128,25,32500
chacha20-poly1305,128,26,32200
chacha20-poly1305,128,27,32500
chacha20-poly1305,128,28,32500
chacha20-poly1305,128,29,31500
chacha20-poly1305,128,30,32500
chacha20-poly1305,128,31,32200
chacha20-poly1305,128,32,31600
chacha20-poly1305,128,33,100800
chacha20-poly1305,128,34,159900
chacha20-poly1305,128,35,163200
chacha20-poly1305,128,36,72000
chacha20-poly1305,128,37,135600
chacha20-poly1305,128,38,46200
chacha20-poly1305,128,39,114300
chacha20-poly1305,128,40,170400
chacha20-poly1305,128,41,210600
chacha20-poly1305,128,42,65900
chacha20-poly1305,128,43,82500
chacha20-poly1305,128,44,107700
chacha20-poly1305,128,45,111500
chacha20-poly1305,128,46,62800
chacha20-poly1305,128,47,36700
chacha20-poly1305,128,48,33500
chacha20-poly1305,128,49,33000
chacha20-poly1305,128,50,33100
chacha20-poly1305,128,51,32100
chacha20-poly1305,128,52,33700
chacha20-poly1305,128,53,32600
chacha20-poly1305,128,54,32700
chacha20-poly1305,128,55,32100
chacha20-poly1305,128,56,32300
chacha20-poly1305,128,57,32600
chacha20-poly1305,128,58,32000
chacha20-poly1305,128,59,32600
chacha20-poly1305,128,60,32500
chacha20-poly1305,128,61,31800
chacha20-poly1305,128,62,32400
chacha20-poly1305,128,63,31900
chacha20-poly1305,128,64,31800
chacha20-poly1305,128,65,32200
chacha20-poly1305,128,66,32600
chacha20-poly1305,128,67,31300
chacha20-poly1305,128,68,32600
chacha20-poly1305,128,69,31900
chacha20-poly1305,128,70,31800
chacha20-poly1305,128,71,32200
chacha20-poly1305,128,72,32300
chacha20-poly1305,128,73,32100
chacha20-poly1305,128,74,32500
chacha20-poly1305,128,75,32400
chacha20-poly1305,128,76,32200
chacha20-poly1305,128,77,32600
chacha20-poly1305,128,78,32300
chacha20-poly1305,128,79,31600
chacha20-poly1305,128,80,32400
chacha20-poly1305,128,81,32100
chacha20-poly1305,128,82,32200
chacha20-poly1305,128,83,32100
chacha20-poly1305,128,84,32400
chacha20-poly1305,128,85,31400
chacha20-poly1305,128,86,32400
chacha20-poly1305,128,87,32300
chacha20-poly1305,128,88,32200
chacha20-poly1305,128,89,32600
chacha20-poly1305,128,90,32500
chacha20-poly1305,128,91,32400
chacha20-poly1305,128,92,32500
chacha20-poly1305,128,93,32700
chacha20-poly1305,128,94,32500
chacha20-poly1305,128,95,31500
chacha20-poly1305,128,96,32300
chacha20-poly1305,128,97,32500
chacha20-poly1305,128,98,31900
chacha20-poly1305,128,99,32200
chacha20-poly1305,128,100,32600
chacha20-poly1305,128,101,31300
chacha20-poly1305,128,102,32600
chacha20-poly1305,128,103,32200
chacha20-poly1305,128,104,31300
chacha20-poly1305,128,105,32000
chacha20-poly1305,128,106,32400
chacha20-poly1305,128,107,31500
chacha20-poly1305,128,108,32100
chacha20-poly1305,128,109,32400
chacha20-poly1305,128,110,31200
chacha20-poly1305,128,111,32500
chacha20-poly1305,128,112,32200
chacha20-poly1305,128,113,31800
chacha20-poly1305,128,114,32100
chacha20-poly1305,128,115,32500
chacha20-poly1305,128,116,32300
chacha20-poly1305,128,117,32200
chacha20-poly1305,128,118,32400
chacha20-poly1305,128,119,31300
chacha20-poly1305,128,120,32500
chacha20-poly1305,128,121,32100
chacha20-poly1305,128,122,32500
chacha20-poly1305,128,123,32200
chacha20-poly1305,128,124,32100
chacha20-poly1305,128,125,32100
chacha20-poly1305,128,126,31900
chacha20-poly1305,128,127,31600
chacha20-poly1305,128,128,32200
chacha20-poly1305,128,129,32300
chacha20-poly1305,128,130,31000
chacha20-poly1305,128,131,32400
chacha20-poly1305,128,132,32300
chacha20-poly1305,128,133,32300
chacha20-poly1305,128,134,32600
chacha20-poly1305,128,135,32200
chacha20-poly1305,128,136,31500
chacha20-poly1305,128,137,32500
chacha20-poly1305,128,138,32400
chacha20-poly1305,128,139,31800
chacha20-poly1305,128,140,32500
chacha20-poly1305,128,141,31900
chacha20-poly1305,128,142,31700
chacha20-poly1305,128,143,32300
chacha20-poly1305,128,144,32100
chacha20-poly1305,128,145,31700
chacha20-poly1305,128,146,32200
chacha20-poly1305,128,147,32600
chacha20-poly1305,128,148,31800
chacha20-poly1305,128,149,32400
chacha20-poly1305,128,150,33500
chacha20-poly1305,128,151,33200
chacha20-poly1305,128,152,32400
chacha20-poly1305,128,153,31700
chacha20-poly1305,128,154,32900
chacha20-poly1305,128,155,32500
chacha20-poly1305,128,156,33700
chacha20-poly1305,128,157,31800
chacha20-poly1305,128,158,32400
chacha20-poly1305,128,159,32100
chacha20-poly1305,128,160,32500
chacha20-poly1305,128,161,31800
chacha20-poly1305,128,162,32000
chacha20-poly1305,128,163,32300
chacha20-poly1305,128,164,32400
chacha20-poly1305,128,165,31200
chacha20-poly1305,128,166,32500
chacha20-poly1305,128,167,32500
chacha20-poly1305,128,168,31200
chacha20-poly1305,128,169,32500
chacha20-poly1305,128,170,31900
chacha20-poly1305,128,171,32000
chacha20-poly1305,128,172,32500
chacha20-poly1305,128,173,31700
chacha20-poly1305,128,174,32400
chacha20-poly1305,128,175,32400
chacha20-poly1305,128,176,31400
chacha20-poly1305,128,177,32300
chacha20-poly1305,128,178,32300
chacha20-poly1305,128,179,31300
chacha20-poly1305,128,180,33000
chacha20-poly1305,128,181,32500
chacha20-poly1305,128,182,31800
chacha20-poly1305,128,183,32300
chacha20-poly1305,128,184,32300
chacha20-poly1305,128,185,31400
chacha20-poly1305,128,186,32300
chacha20-poly1305,128,187,32200
chacha20-poly1305,128,188,31500
chacha20-poly1305,128,189,32100
chacha20-poly1305,128,190,32600
chacha20-poly1305,128,191,32100
chacha20-poly1305,128,192,32300
chacha20-poly1305,128,193,31000
chacha20-poly1305,128,194,32600
chacha20-poly1305,128,195,32500
chacha20-poly1305,128,196,32300
chacha20-poly1305,128,197,32200
chacha20-poly1305,128,198,32200
chacha20-poly1305,128,199,31100
chacha20-poly1305,128,200,32400
chacha20-poly1305,128,201,32500
chacha20-poly1305,128,202,31700
chacha20-poly1305,128,203,32300
chacha20-poly1305,128,204,32000
chacha20-poly1305,128,205,31500
chacha20-poly1305,128,206,32400
chacha20-poly1305,128,207,32300
chacha20-poly1305,128,208,31200
chacha20-poly1305,128,209,32400
chacha20-poly1305,128,210,32400
chacha20-poly1305,128,211,33100
chacha20-poly1305,128,212,35800
chacha20-poly1305,128,213,32000
chacha20-poly1305,128,214,32700
chacha20-poly1305,128,215,32500
chacha20-poly1305,128,216,31200
chacha20-poly1305,128,217,32500
chacha20-poly1305,128,218,32500
chacha20-poly1305,128,219,32000
chacha20-poly1305,128,220,32600
chacha20-poly1305,128,221,32200
chacha20-poly1305,128,222,32200
chacha20-poly1305,128,223,32300
chacha20-poly1305,128,224,31300
chacha20-poly1305,128,225,32200
chacha20-poly1305,128,226,32500
chacha20-poly1305,128,227,31400
chacha20-poly1305,128,228,32500
chacha20-poly1305,128,229,32100
chacha20-poly1305,128,230,31800
chacha20-poly1305,128,231,32100
chacha20-poly1305,128,232,32500
chacha20-poly1305,128,233,31900
chacha20-poly1305,128,234,32200
chacha20-poly1305,128,235,32600
chacha20-poly1305,128,236,31900
chacha20-poly1305,128,237,45500
chacha20-poly1305,128,238,31700
chacha20-poly1305,128,239,31000
chacha20-poly1305,128,240,31000
chacha20-poly1305,128,241,31200
chacha20-poly1305,128,242,30400
chacha20-poly1305,128,243,31400
chacha20-poly1305,128,244,30800
chacha20-poly1305,128,245,30600
chacha20-poly1305,128,246,30500
chacha20-poly1305,128,247,30800
chacha20-poly1305,128,248,30500
chacha20-poly1305,128,249,30600
chacha20-poly1305,128,250,31000
chacha20-poly1305,128,251,30400
chacha20-poly1305,128,252,30800
chacha20-poly1305,128,253,30900
chacha20-poly1305,128,254,30200
chacha20-poly1305,128,255,31100
chacha20-poly1305,128,256,30600
chacha20-poly1305,128,257,30800
chacha20-poly1305,128,258,30300
chacha20-poly1305,128,259,31000
chacha20-poly1305,128,260,30200
chacha20-poly1305,128,261,30500
chacha20-poly1305,128,262,30800
chacha20-poly1305,128,263,30300
chacha20-poly1305,128,264,30400
chacha20-poly1305,128,265,30800
chacha20-poly1305,128,266,31100
chacha20-poly1305,128,267,30700
chacha20-poly1305,128,268,30700
chacha20-poly1305,128,269,30400
chacha20-poly1305,128,270,30600
chacha20-poly1305,128,271,31100
chacha20-poly1305,128,272,30200
chacha20-poly1305,128,273,31000
chacha20-poly1305,128,274,30600
chacha20-poly1305,128,275,30800
chacha20-poly1305,128,276,30400
chacha20-poly1305,128,277,30800
chacha20-poly1305,128,278,30200
chacha20-poly1305,128,279,30600
chacha20-poly1305,128,280,30600
chacha20-poly1305,128,281,30300
chacha20-poly1305,128,282,30600
chacha20-poly1305,128,283,30700
chacha20-poly1305,128,284,30300
chacha20-poly1305,128,285,30600
chacha20-poly1305,128,286,30600
chacha20-poly1305,128,287,30400
chacha20-poly1305,128,288,30300
chacha20-poly1305,128,289,30900
chacha20-poly1305,128,290,30400
chacha20-poly1305,128,291,30800
chacha20-poly1305,128,292,30700
chacha20-poly1305,128,293,30600
chacha20-poly1305,128,294,30400
chacha20-poly1305,128,295,31000
chacha20-poly1305,128,296,30200
chacha20-poly1305,128,297,30500
chacha20-poly1305,128,298,30600
chacha20-poly1305,128,299,30200
chacha20-poly1305,128,300,30300
chacha20-poly1305,128,301,30600
chacha20-poly1305,128,302,30200
chacha20-poly1305,128,303,30700
chacha20-poly1305,128,304,30600
chacha20-poly1305,128,305,30600
chacha20-poly1305,128,306,30300
chacha20-poly1305,128,307,32000
chacha20-poly1305,128,308,30400
chacha20-poly1305,128,309,30900
chacha20-poly1305,128,310,30500
chacha20-poly1305,128,311,30900
chacha20-poly1305,128,312,30300
chacha20-poly1305,128,313,31200
chacha20-poly1305,128,314,30600
chacha20-poly1305,128,315,30700
chacha20-poly1305,128,316,30900
chacha20-poly1305,128,317,30600
chacha20-poly1305,128,318,30500
chacha20-poly1305,128,319,30700
chacha20-poly1305,128,320,30400
chacha20-poly1305,128,321,30600
chacha20-poly1305,128,322,30900
chacha20-poly1305,128,323,30200
chacha20-poly1305,128,324,30800
chacha20-poly1305,128,325,30800
chacha20-poly1305,128,326,30400
chacha20-poly1305,128,327,30600
chacha20-poly1305,128,328,30700
chacha20-poly1305,128,329,30400
chacha20-poly1305,128,330,31300
chacha20-poly1305,128,331,30500
chacha20-poly1305,128,332,30500
chacha20-poly1305,128,333,30100
chacha20-poly1305,128,334,31000
chacha20-poly1305,128,335,30300
chacha20-poly1305,128,336,30900
chacha20-poly1305,128,337,30600
chacha20-poly1305,128,338,30600
chacha20-poly1305,128,339,30200
chacha20-poly1305,128,340,30800
chacha20-poly1305,128,341,30000
chacha20-poly1305,128,342,30600
chacha20-poly1305,128,343,30800
chacha20-poly1305,128,344,30400
chacha20-poly1305,128,345,30700
chacha20-poly1305,128,346,30900
chacha20-poly1305,128,347,30300
chacha20-poly1305,128,348,30800
chacha20-poly1305,128,349,30400
chacha20-poly1305,128,350,30500
chacha20-poly1305,128,351,30300
chacha20-poly1305,128,352,30800
chacha20-poly1305,128,353,33000
chacha20-poly1305,128,354,30300
chacha20-poly1305,128,355,30900
chacha20-poly1305,128,356,30700
chacha20-poly1305,128,357,30700
chacha20-poly1305,128,358,30700
chacha20-poly1305,128,359,30500
chacha20-poly1305,128,360,29800
chacha20-poly1305,128,361,30800
chacha20-poly1305,128,362,30400
chacha20-poly1305,128,363,30800
chacha20-poly1305,128,364,30400
chacha20-poly1305,128,365,30600
chacha20-poly1305,128,366,30300
chacha20-poly1305,128,367,31000
chacha20-poly1305,128,368,30100
chacha20-poly1305,128,369,30800
chacha20-poly1305,128,370,30700
chacha20-poly1305,128,371,31000
chacha20-poly1305,128,372,30800
chacha20-poly1305,128,373,30400
chacha20-poly1305,128,374,30400
chacha20-poly1305,128,375,30300
chacha20-poly1305,128,376,30800
chacha20-poly1305,128,377,30400
chacha20-poly1305,128,378,30700
chacha20-poly1305,128,379,30800
chacha20-poly1305,128,380,30700
chacha20-poly1305,128,381,30500
chacha20-poly1305,128,382,30700
chacha20-poly1305,128,383,30200
chacha20-poly1305,128,384,30600
chacha20-poly1305,128,385,30700
chacha20-poly1305,128,386,30500
chacha20-poly1305,128,387,30700
chacha20-poly1305,128,388,30800
chacha20-poly1305,128,389,30400
chacha20-poly1305,128,390,30700
chacha20-poly1305,128,391,30800
chacha20-poly1305,128,392,30300
chacha20-poly1305,128,393,30500
chacha20-poly1305,128,394,31500
chacha20-poly1305,128,395,30600
chacha20-poly1305,128,396,30400
chacha20-poly1305,128,397,30900
chacha20-poly1305,128,398,30100
chacha20-poly1305,128,399,30800
chacha20-poly1305,128,400,30500
chacha20-poly1305,128,401,30800
chacha20-poly1305,128,402,30300
chacha20-poly1305,128,403,30700
chacha20-poly1305,128,404,30500
chacha20-poly1305,128,405,30000
chacha20-poly1305,128,406,31100
chacha20-poly1305,128,407,30500
chacha20-poly1305,128,408,30700
chacha20-poly1305,128,409,30300
chacha20-poly1305,128,410,30900
chacha20-poly1305,128,411,30200
chacha20-poly1305,128,412,31400
chacha20-poly1305,128,413,30000
chacha20-poly1305,128,414,30500
chacha20-poly1305,128,415,30500
chacha20-poly1305,128,416,30400
chacha20-poly1305,128,417,30500
chacha20-poly1305,128,418,30700
chacha20-poly1305,128,419,30300
chacha20-poly1305,128,420,30700
chacha20-poly1305,128,421,30600
chacha20-poly1305,128,422,30600
chacha20-poly1305,128,423,30100
chacha20-poly1305,128,424,30900
chacha20-poly1305,128,425,30300
chacha20-poly1305,128,426,31100
chacha20-poly1305,128,427,30500
chacha20-poly1305,128,428,30700
chacha20-poly1305,128,429,30300
chacha20-poly1305,128,430,31000
chacha20-poly1305,128,431,30100
chacha20-poly1305,128,432,30700
chacha20-poly1305,128,433,30700
chacha20-poly1305,128,434,30600
chacha20-poly1305,128,435,31400
chacha20-poly1305,128,436,45600
chacha20-poly1305,128,437,30700
chacha20-poly1305,128,438,30100
chacha20-poly1305,128,439,30300
chacha20-poly1305,128,440,30100
chacha20-poly1305,128,441,30100
chacha20-poly1305,128,442,30800
chacha20-poly1305,128,443,30000
chacha20-poly1305,128,444,30600
chacha20-poly1305,128,445,30400
chacha20-poly1305,128,446,30300
chacha20-poly1305,128,447,30300
chacha20-poly1305,128,448,30500
chacha20-poly1305,128,449,29900
chacha20-poly1305,128,450,30300
chacha20-poly1305,128,451,30700
chacha20-poly1305,128,452,30300
chacha20-poly1305,128,453,30500
chacha20-poly1305,128,454,30500
chacha20-poly1305,128,455,30400
chacha20-poly1305,128,456,30300
chacha20-poly1305,128,457,30600
chacha20-poly1305,128,458,31000
chacha20-poly1305,128,459,30100
chacha20-poly1305,128,460,30700
chacha20-poly1305,128,461,29900
chacha20-poly1305,128,462,30400
chacha20-poly1305,128,463,30400
chacha20-poly1305,128,464,30300
chacha20-poly1305,128,465,30400
chacha20-poly1305,128,466,30600
chacha20-poly1305,128,467,30100
chacha20-poly1305,128,468,30300
chacha20-poly1305,128,469,30600
chacha20-poly1305,128,470,30200
chacha20-poly1305,128,471,30600
chacha20-poly1305,128,472,30600
chacha20-poly1305,128,473,30100
chacha20-poly1305,128,474,30300
chacha20-poly1305,128,475,30700
chacha20-poly1305,128,476,30200
chacha20-poly1305,128,477,30300
chacha20-poly1305,128,478,30300
chacha20-poly1305,128,479,30000
chacha20-poly1305,128,480,30500
chacha20-poly1305,128,481,30400
chacha20-poly1305,128,482,30300
chacha20-poly1305,128,483,30000
chacha20-poly1305,128,484,30800
chacha20-poly1305,128,485,30000
chacha20-poly1305,128,486,30300
chacha20-poly1305,128,487,30700
chacha20-poly1305,128,488,30000
chacha20-poly1305,128,489,30200
chacha20-poly1305,128,490,30500
chacha20-poly1305,128,491,30300
chacha20-poly1305,128,492,30600
chacha20-poly1305,128,493,30200
chacha20-poly1305,128,494,30100
chacha20-poly1305,128,495,30500
chacha20-poly1305,128,496,30700
chacha20-poly1305,128,497,30300
chacha20-poly1305,128,498,31000
chacha20-poly1305,128,499,30200
chacha20-poly1305,128,500,30300
chacha20-poly1305,128,501,170700
chacha20-poly1305,128,502,148600
chacha20-poly1305,128,503,51200
chacha20-poly1305,128,504,54800
chacha20-poly1305,128,505,48400
chacha20-poly1305,128,506,45900
chacha20-poly1305,128,507,45200
chacha20-poly1305,128,508,44100
chacha20-poly1305,128,509,44000
chacha20-poly1305,128,510,44800
chacha20-poly1305,128,511,44800
chacha20-poly1305,128,512,43400
chacha20-poly1305,128,513,44000
chacha20-poly1305,128,514,44500
chacha20-poly1305,128,515,43900
chacha20-poly1305,128,516,44200
chacha20-poly1305,128,517,44200
chacha20-poly1305,128,518,43000
chacha20-poly1305,128,519,43600
chacha20-poly1305,128,520,45200
chacha20-poly1305,128,521,44400
chacha20-poly1305,128,522,44300
chacha20-poly1305,128,523,32900
chacha20-poly1305,128,524,29900
chacha20-poly1305,128,525,30300
chacha20-poly1305,128,526,30300
chacha20-poly1305,128,527,30300
chacha20-poly1305,128,528,30500
chacha20-poly1305,128,529,30200
chacha20-poly1305,128,530,30200
chacha20-poly1305,128,531,29900
chacha20-poly1305,128,532,30800
chacha20-poly1305,128,533,29800
chacha20-poly1305,128,534,30600
chacha20-poly1305,128,535,30500
chacha20-poly1305,128,536,30100
chacha20-poly1305,128,537,30100
chacha20-poly1305,128,538,30400
chacha20-poly1305,128,539,29700
chacha20-poly1305,128,540,30400
chacha20-poly1305,128,541,30200
chacha20-poly1305,128,542,30300
chacha20-poly1305,128,543,30100
chacha20-poly1305,128,544,30400
chacha20-poly1305,128,545,30100
chacha20-poly1305,128,546,30300
chacha20-poly1305,128,547,30400
chacha20-poly1305,128,548,30200
chacha20-poly1305,128,549,30100
chacha20-poly1305,128,550,30700
chacha20-poly1305,128,551,29600
chacha20-poly1305,128,552,30600
chacha20-poly1305,128,553,30300
chacha20-poly1305,128,554,30300
chacha20-poly1305,128,555,30200
chacha20-poly1305,128,556,30700
chacha20-poly1305,128,557,30100
chacha20-poly1305,128,558,30400
chacha20-poly1305,128,559,29500
chacha20-poly1305,128,560,30300
chacha20-poly1305,128,561,30200
chacha20-poly1305,128,562,31100
chacha20-poly1305,128,563,70800
chacha20-poly1305,128,564,42300
chacha20-poly1305,128,565,33300
chacha20-poly1305,128,566,30600
chacha20-poly1305,128,567,30400
chacha20-poly1305,128,568,30700
chacha20-poly1305,128,569,30900
chacha20-poly1305,128,570,30800
chacha20-poly1305,128,571,30300
chacha20-poly1305,128,572,30600
chacha20-poly1305,128,573,30200
chacha20-poly1305,128,574,30400
chacha20-poly1305,128,575,30200
chacha20-poly1305,128,576,30300
chacha20-poly1305,128,577,30600
chacha20-poly1305,128,578,29900
chacha20-poly1305,128,579,30400
chacha20-poly1305,128,580,31100
chacha20-poly1305,128,581,30400
chacha20-poly1305,128,582,30500
chacha20-poly1305,128,583,30400
chacha20-poly1305,128,584,30000
chacha20-poly1305,128,585,31400
chacha20-poly1305,128,586,30500
chacha20-poly1305,128,587,30100
chacha20-poly1305,128,588,30400
chacha20-poly1305,128,589,30300
chacha20-poly1305,128,590,30500
chacha20-poly1305,128,591,30700
chacha20-poly1305,128,592,30800
chacha20-poly1305,128,593,30000
chacha20-poly1305,128,594,30200
chacha20-poly1305,128,595,30800
chacha20-poly1305,128,596,30500
chacha20-poly1305,128,597,30800
chacha20-poly1305,128,598,30500
chacha20-poly1305,128,599,30600
chacha20-poly1305,128,600,30500
chacha20-poly1305,128,601,30600
chacha20-poly1305,128,602,30200
chacha20-poly1305,128,603,30300
chacha20-poly1305,128,604,30500
chacha20-poly1305,128,605,30100
chacha20-poly1305,128,606,30400
chacha20-poly1305,128,607,30400
chacha20-poly1305,128,608,30400
chacha20-poly1305,128,609,30100
chacha20-poly1305,128,610,30800
chacha20-poly1305,128,611,29900
chacha20-poly1305,128,612,30700
chacha20-poly1305,128,613,30500
chacha20-poly1305,128,614,30000
chacha20-poly1305,128,615,30500
chacha20-poly1305,128,616,30300
chacha20-poly1305,128,617,30300
chacha20-poly1305,128,618,30200
chacha20-poly1305,128,619,30700
chacha20-poly1305,128,620,30100
chacha20-poly1305,128,621,30200
chacha20-poly1305,128,622,30700
chacha20-poly1305,128,623,30300
chacha20-poly1305,128,624,30400
chacha20-poly1305,128,625,30600
chacha20-poly1305,128,626,30800
chacha20-poly1305,128,627,30200
chacha20-poly1305,128,628,30700
chacha20-poly1305,128,629,30000
chacha20-poly1305,128,630,30400
chacha20-poly1305,128,631,30700
chacha20-poly1305,128,632,30100
chacha20-poly1305,128,633,30700
chacha20-poly1305,128,634,30300
chacha20-poly1305,128,635,30400
chacha20-poly1305,128,636,30200
chacha20-poly1305,128,637,30600
chacha20-poly1305,128,638,30100
chacha20-poly1305,128,639,30200
chacha20-poly1305,128,640,30600
chacha20-poly1305,128,641,30000
chacha20-poly1305,128,642,30600
chacha20-poly1305,128,643,30400
chacha20-poly1305,128,644,30700
chacha20-poly1305,128,645,30400
chacha20-poly1305,128,646,30500
chacha20-poly1305,128,647,30300
chacha20-poly1305,128,648,30200
chacha20-poly1305,128,649,31300
chacha20-poly1305,128,650,30400
chacha20-poly1305,128,651,30400
chacha20-poly1305,128,652,30500
chacha20-poly1305,128,653,30300
chacha20-poly1305,128,654,30100
chacha20-poly1305,128,655,30900
chacha20-poly1305,128,656,30100
chacha20-poly1305,128,657,30300
chacha20-poly1305,128,658,30500
chacha20-poly1305,128,659,30100
chacha20-poly1305,128,660,30700
chacha20-poly1305,128,661,30300
chacha20-poly1305,128,662,30300
chacha20-poly1305,128,663,30100
chacha20-poly1305,128,664,30400
chacha20-poly1305,128,665,30400
chacha20-poly1305,128,666,30200
chacha20-poly1305,128,667,30700
chacha20-poly1305,128,668,30000
chacha20-poly1305,128,669,30400
chacha20-poly1305,128,670,30500
chacha20-poly1305,128,671,30300
chacha20-poly1305,128,672,30300
chacha20-poly1305,128,673,30700
chacha20-poly1305,128,674,29900
chacha20-poly1305,128,675,30200
chacha20-poly1305,128,676,30800
chacha20-poly1305,128,677,30100
chacha20-poly1305,128,678,30500
chacha20-poly1305,128,679,30300
chacha20-poly1305,128,680,30600
chacha20-poly1305,128,681,30100
chacha20-poly1305,128,682,30600
chacha20-poly1305,128,683,30000
chacha20-poly1305,128,684,30300
chacha20-poly1305,128,685,30500
chacha20-poly1305,128,686,30200
chacha20-poly1305,128,687,30900
chacha20-poly1305,128,688,30300
chacha20-poly1305,128,689,30100
chacha20-poly1305,128,690,31200
chacha20-poly1305,128,691,30400
chacha20-poly1305,128,692,30300
chacha20-poly1305,128,693,30100
chacha20-poly1305,128,694,30400
chacha20-poly1305,128,695,30100
chacha20-poly1305,128,696,30500
chacha20-poly1305,128,697,30700
chacha20-poly1305,128,698,30200
chacha20-poly1305,128,699,30200
chacha20-poly1305,128,700,30600
chacha20-poly1305,128,701,30000
chacha20-poly1305,128,702,30400
chacha20-poly1305,128,703,30500
chacha20-poly1305,128,704,30100
chacha20-poly1305,128,705,30400
chacha20-poly1305,128,706,30400
chacha20-poly1305,128,707,30500
chacha20-poly1305,128,708,30700
chacha20-poly1305,128,709,30400
chacha20-poly1305,128,710,30100
chacha20-poly1305,128,711,30200
chacha20-poly1305,128,712,30600
chacha20-poly1305,128,713,30900
chacha20-poly1305,128,714,30500
chacha20-poly1305,128,715,30600
chacha20-poly1305,128,716,30500
chacha20-poly1305,128,717,30400
chacha20-poly1305,128,718,30500
chacha20-poly1305,128,719,30300
chacha20-poly1305,128,720,30200
chacha20-poly1305,128,721,30500
chacha20-poly1305,128,722,30300
chacha20-poly1305,128,723,30600
chacha20-poly1305,128,724,30500
chacha20-poly1305,128,725,30400
chacha20-poly1305,128,726,30200
chacha20-poly1305,128,727,30600
chacha20-poly1305,128,728,30100
chacha20-poly1305,128,729,30300
chacha20-poly1305,128,730,30700
chacha20-poly1305,128,731,30000
chacha20-poly1305,128,732,30500
chacha20-poly1305,128,733,30300
chacha20-poly1305,128,734,30000
chacha20-poly1305,128,735,30200
chacha20-poly1305,128,736,30500
chacha20-poly1305,128,737,30200
chacha20-poly1305,128,738,30200
chacha20-poly1305,128,739,30500
chacha20-poly1305,128,740,30500
chacha20-poly1305,128,741,30500
chacha20-poly1305,128,742,30700
chacha20-poly1305,128,743,30200
chacha20-poly1305,128,744,30200
chacha20-poly1305,128,745,30500
chacha20-poly1305,128,746,30100
chacha20-poly1305,128,747,30400
chacha20-poly1305,128,748,30700
chacha20-poly1305,128,749,29900
chacha20-poly1305,128,750,30700
chacha20-poly1305,128,751,30700
chacha20-poly1305,128,752,30500
chacha20-poly1305,128,753,30900
chacha20-poly1305,128,754,30500
chacha20-poly1305,128,755,30300
chacha20-poly1305,128,756,30300
chacha20-poly1305,128,757,30600
chacha20-poly1305,128,758,30100
chacha20-poly1305,128,759,30400
chacha20-poly1305,128,760,30400
chacha20-poly1305,128,761,30500
chacha20-poly1305,128,762,30300
chacha20-poly1305,128,763,30400
chacha20-poly1305,128,764,30000
chacha20-poly1305,128,765,30300
chacha20-poly1305,128,766,30400
chacha20-poly1305,128,767,30100
chacha20-poly1305,128,768,30400
chacha20-poly1305,128,769,30200
chacha20-poly1305,128,770,30400
chacha20-poly1305,128,771,30100
chacha20-poly1305,128,772,31200
chacha20-poly1305,128,773,29900
chacha20-poly1305,128,774,30100
chacha20-poly1305,128,775,30800
chacha20-poly1305,128,776,30900
chacha20-poly1305,128,777,30500
chacha20-poly1305,128,778,30300
chacha20-poly1305,128,779,30200
chacha20-poly1305,128,780,30300
chacha20-poly1305,128,781,30500
chacha20-poly1305,128,782,30100
chacha20-poly1305,128,783,30300
chacha20-poly1305,128,784,30600
chacha20-poly1305,128,785,30100
chacha20-poly1305,128,786,30400
chacha20-poly1305,128,787,30500
chacha20-poly1305,128,788,30400
chacha20-poly1305,128,789,30200
chacha20-poly1305,128,790,30500
chacha20-poly1305,128,791,29900
chacha20-poly1305,128,792,30200
chacha20-poly1305,128,793,30800
chacha20-poly1305,128,794,30000
chacha20-poly1305,128,795,30500
chacha20-poly1305,128,796,30400
chacha20-poly1305,128,797,30200
chacha20-poly1305,128,798,30200
chacha20-poly1305,128,799,30500
chacha20-poly1305,128,800,30400
chacha20-poly1305,128,801,30200
chacha20-poly1305,128,802,30700
chacha20-poly1305,128,803,30000
chacha20-poly1305,128,804,30600
chacha20-poly1305,128,805,30400
chacha20-poly1305,128,806,30300
chacha20-poly1305,128,807,30200
chacha20-poly1305,128,808,30500
chacha20-poly1305,128,809,30000
chacha20-poly1305,128,810,30300
chacha20-poly1305,128,811,30600
chacha20-poly1305,128,812,30200
chacha20-poly1305,128,813,30400
chacha20-poly1305,128,814,30300
chacha20-poly1305,128,815,30900
chacha20-poly1305,128,816,30300
chacha20-poly1305,128,817,31300
chacha20-poly1305,128,818,30100
chacha20-poly1305,128,819,30200
chacha20-poly1305,128,820,30500
chacha20-poly1305,128,821,30000
chacha20-poly1305,128,822,30400
chacha20-poly1305,128,823,30000
chacha20-poly1305,128,824,30200
chacha20-poly1305,128,825,30600
chacha20-poly1305,128,826,30500
chacha20-poly1305,128,827,30300
chacha20-poly1305,128,828,30300
chacha20-poly1305,128,829,30400
chacha20-poly1305,128,830,30200
chacha20-poly1305,128,831,30400
chacha20-poly1305,128,832,30400
chacha20-poly1305,128,833,30200
chacha20-poly1305,128,834,30200
chacha20-poly1305,128,835,30600
chacha20-poly1305,128,836,30500
chacha20-poly1305,128,837,30300
chacha20-poly1305,128,838,30500
chacha20-poly1305,128,839,29800
chacha20-poly1305,128,840,31400
chacha20-poly1305,128,841,30400
chacha20-poly1305,128,842,30400
chacha20-poly1305,128,843,30200
chacha20-poly1305,128,844,30500
chacha20-poly1305,128,845,30100
chacha20-poly1305,128,846,30100
chacha20-poly1305,128,847,31000
chacha20-poly1305,128,848,30100
chacha20-poly1305,128,849,30300
chacha20-poly1305,128,850,30600
chacha20-poly1305,128,851,30200
chacha20-poly1305,128,852,30600
chacha20-poly1305,128,853,30500
chacha20-poly1305,128,854,30000
chacha20-poly1305,128,855,30200
chacha20-poly1305,128,856,30500
chacha20-poly1305,128,857,30400
chacha20-poly1305,128,858,30700
chacha20-poly1305,128,859,30300
chacha20-poly1305,128,860,30400
chacha20-poly1305,128,861,30200
chacha20-poly1305,128,862,30600
chacha20-poly1305,128,863,30000
chacha20-poly1305,128,864,30200
chacha20-poly1305,128,865,30700
chacha20-poly1305,128,866,30000
chacha20-poly1305,128,867,30500
chacha20-poly1305,128,868,30500
chacha20-poly1305,128,869,30100
chacha20-poly1305,128,870,30300
chacha20-poly1305,128,871,30600
chacha20-poly1305,128,872,30000
chacha20-poly1305,128,873,30300
chacha20-poly1305,128,874,30500
chacha20-poly1305,128,875,30200
chacha20-poly1305,128,876,30600
chacha20-poly1305,128,877,30400
chacha20-poly1305,128,878,30200
chacha20-poly1305,128,879,30500
chacha20-poly1305,128,880,30500
chacha20-poly1305,128,881,30800
chacha20-poly1305,128,882,30200
chacha20-poly1305,128,883,30400
chacha20-poly1305,128,884,29900
chacha20-poly1305,128,885,30500
chacha20-poly1305,128,886,30200
chacha20-poly1305,128,887,30300
chacha20-poly1305,128,888,30100
chacha20-poly1305,128,889,30800
chacha20-poly1305,128,890,30100
chacha20-poly1305,128,891,30200
chacha20-poly1305,128,892,30600
chacha20-poly1305,128,893,30000
chacha20-poly1305,128,894,30300
chacha20-poly1305,128,895,30500
chacha20-poly1305,128,896,30300
chacha20-poly1305,128,897,30400
chacha20-poly1305,128,898,30600
chacha20-poly1305,128,899,29900
chacha20-poly1305,128,900,30800
chacha20-poly1305,128,901,30500
chacha20-poly1305,128,902,30200
chacha20-poly1305,128,903,30300
chacha20-poly1305,128,904,35100
chacha20-poly1305,128,905,49500
chacha20-poly1305,128,906,30800
chacha20-poly1305,128,907,30700
chacha20-poly1305,128,908,30000
chacha20-poly1305,128,909,30200
chacha20-poly1305,128,910,30700
chacha20-poly1305,128,911,30200
chacha20-poly1305,128,912,30400
chacha20-poly1305,128,913,30500
chacha20-poly1305,128,914,30200
chacha20-poly1305,128,915,30300
chacha20-poly1305,128,916,30700
chacha20-poly1305,128,917,30300
chacha20-poly1305,128,918,30600
chacha20-poly1305,128,919,30400
chacha20-poly1305,128,920,30100
chacha20-poly1305,128,921,30600
chacha20-poly1305,128,922,30400
chacha20-poly1305,128,923,30200
chacha20-poly1305,128,924,30000
chacha20-poly1305,128,925,30600
chacha20-poly1305,128,926,29900
chacha20-poly1305,128,927,30300
chacha20-poly1305,128,928,30400
chacha20-poly1305,128,929,29800
chacha20-poly1305,128,930,30600
chacha20-poly1305,128,931,30200
chacha20-poly1305,128,932,30700
chacha20-poly1305,128,933,30100
chacha20-poly1305,128,934,30400
chacha20-poly1305,128,935,30300
chacha20-poly1305,128,936,30200
chacha20-poly1305,128,937,30500
chacha20-poly1305,128,938,30100
chacha20-poly1305,128,939,30300
chacha20-poly1305,128,940,30500
chacha20-poly1305,128,941,30200
chacha20-poly1305,128,942,30200
chacha20-poly1305,128,943,30700
chacha20-poly1305,128,944,30000
chacha20-poly1305,128,945,35000
chacha20-poly1305,128,946,30600
chacha20-poly1305,128,947,30200
chacha20-poly1305,128,948,30300
chacha20-poly1305,128,949,30200
chacha20-poly1305,128,950,30300
chacha20-poly1305,128,951,30000
chacha20-poly1305,128,952,30600
chacha20-poly1305,128,953,30400
chacha20-poly1305,128,954,30100
chacha20-poly1305,128,955,30700
chacha20-poly1305,128,956,30000
chacha20-poly1305,128,957,30500
chacha20-poly1305,128,958,30400
chacha20-poly1305,128,959,30100
chacha20-poly1305,128,960,30200
chacha20-poly1305,128,961,30500
chacha20-poly1305,128,962,30100
chacha20-poly1305,128,963,30200
chacha20-poly1305,128,964,30900
chacha20-poly1305,128,965,30300
chacha20-poly1305,128,966,30300
chacha20-poly1305,128,967,30400
chacha20-poly1305,128,968,31300
chacha20-poly1305,128,969,97300
chacha20-poly1305,128,970,103900
chacha20-poly1305,128,971,39500
chacha20-poly1305,128,972,162400
chacha20-poly1305,128,973,184500
chacha20-poly1305,128,974,132600
chacha20-poly1305,128,975,55100
chacha20-poly1305,128,976,48900
chacha20-poly1305,128,977,47600
chacha20-poly1305,128,978,47000
chacha20-poly1305,128,979,46700
chacha20-poly1305,128,980,44400
chacha20-poly1305,128,981,48200
chacha20-poly1305,128,982,47500
chacha20-poly1305,128,983,46300
chacha20-poly1305,128,984,46700
chacha20-poly1305,128,985,47100
chacha20-poly1305,128,986,46500
chacha20-poly1305,128,987,43500
chacha20-poly1305,128,988,31100
chacha20-poly1305,128,989,30200
chacha20-poly1305,128,990,30800
chacha20-poly1305,128,991,30900
chacha20-poly1305,128,992,30500
chacha20-poly1305,128,993,30800
chacha20-poly1305,128,994,30500
chacha20-poly1305,128,995,31000
chacha20-poly1305,128,996,30600
chacha20-poly1305,128,997,31000
chacha20-poly1305,128,998,30700
chacha20-poly1305,128,999,30900
chacha20-poly1305,128,1000,31000
chacha20-poly1305,128,1001,30400
chacha20-poly1305,128,1002,30800
chacha20-poly1305,128,1003,30900
chacha20-poly1305,128,1004,30400
chacha20-poly1305,128,1005,30900
chacha20-poly1305,128,1006,30800
chacha20-poly1305,128,1007,30600
chacha20-poly1305,128,1008,32400
chacha20-poly1305,128,1009,31300
chacha20-poly1305,128,1010,30600
chacha20-poly1305,128,1011,31100
chacha20-poly1305,128,1012,30700
chacha20-poly1305,128,1013,30900
chacha20-poly1305,128,1014,30400
chacha20-poly1305,128,1015,31200
chacha20-poly1305,128,1016,30200
chacha20-poly1305,128,1017,30700
chacha20-poly1305,128,1018,30900
chacha20-poly1305,128,1019,30800
chacha20-poly1305,128,1020,30800
chacha20-poly1305,128,1021,30700
chacha20-poly1305,128,1022,30500
chacha20-poly1305,128,1023,30700
chacha20-poly1305,128,1024,31000
chacha20-poly1305,128,1025,30600
chacha20-poly1305,128,1026,30500
chacha20-poly1305,128,1027,31100
chacha20-poly1305,128,1028,30500
chacha20-poly1305,128,1029,30500
chacha20-poly1305,128,1030,31100
chacha20-poly1305,128,1031,31600
chacha20-poly1305,128,1032,30700
chacha20-poly1305,128,1033,30700
chacha20-poly1305,128,1034,30600
chacha20-poly1305,128,1035,30700
chacha20-poly1305,128,1036,31000
chacha20-poly1305,128,1037,30000
chacha20-poly1305,128,1038,31000
chacha20-poly1305,128,1039,30600
chacha20-poly1305,128,1040,30900
chacha20-poly1305,128,1041,30600
chacha20-poly1305,128,1042,31000
chacha20-poly1305,128,1043,30400
chacha20-poly1305,128,1044,30400
chacha20-poly1305,128,1045,31300
chacha20-poly1305,128,1046,30100
chacha20-poly1305,128,1047,30800
chacha20-poly1305,128,1048,30700
chacha20-poly1305,128,1049,30800
chacha20-poly1305,128,1050,30600
chacha20-poly1305,128,1051,31300
chacha20-poly1305,128,1052,30300
chacha20-poly1305,128,1053,30700
chacha20-poly1305,128,1054,30600
chacha20-poly1305,128,1055,30700
chacha20-poly1305,128,1056,30800
chacha20-poly1305,128,1057,30800
chacha20-poly1305,128,1058,30400
chacha20-poly1305,128,1059,30800
chacha20-poly1305,128,1060,31000
chacha20-poly1305,128,1061,30500
chacha20-poly1305,128,1062,30600
chacha20-poly1305,128,1063,31100
chacha20-poly1305,128,1064,30100
chacha20-poly1305,128,1065,93800
chacha20-poly1305,128,1066,133700
chacha20-poly1305,128,1067,96500
chacha20-poly1305,128,1068,52700
chacha20-poly1305,128,1069,106100
chacha20-poly1305,128,1070,56000
chacha20-poly1305,128,1071,87700
chacha20-poly1305,128,1072,90900
chacha20-poly1305,128,1073,40000
chacha20-poly1305,128,1074,34900
chacha20-poly1305,128,1075,31900
chacha20-poly1305,128,1076,30900
chacha20-poly1305,128,1077,31100
chacha20-poly1305,128,1078,31000
chacha20-poly1305,128,1079,30400
chacha20-poly1305,128,1080,30700
chacha20-poly1305,128,1081,30600
chacha20-poly1305,128,1082,30300
chacha20-poly1305,128,1083,30700
chacha20-poly1305,128,1084,30400
chacha20-poly1305,128,1085,30700
chacha20-poly1305,128,1086,30300
chacha20-poly1305,128,1087,30800
chacha20-poly1305,128,1088,30100
chacha20-poly1305,128,1089,51700
chacha20-poly1305,128,1090,56200
chacha20-poly1305,128,1091,38600
chacha20-poly1305,128,1092,31800
chacha20-poly1305,128,1093,31100
chacha20-poly1305,128,1094,31100
chacha20-poly1305,128,1095,33300
chacha20-poly1305,128,1096,31300
chacha20-poly1305,128,1097,30600
chacha20-poly1305,128,1098,30500
chacha20-poly1305,128,1099,31600
chacha20-poly1305,128,1100,30600
chacha20-poly1305,128,1101,30600
chacha20-poly1305,128,1102,31100
chacha20-poly1305,128,1103,30500
chacha20-poly1305,128,1104,30400
chacha20-poly1305,128,1105,31100
chacha20-poly1305,128,1106,30700
chacha20-poly1305,128,1107,30600
chacha20-poly1305,128,1108,30900
chacha20-poly1305,128,1109,30200
chacha20-poly1305,128,1110,31400
chacha20-poly1305,128,1111,31000
chacha20-poly1305,128,1112,31000
chacha20-poly1305,128,1113,30500
chacha20-poly1305,128,1114,31200
chacha20-poly1305,128,1115,30300
chacha20-poly1305,128,1116,31000
chacha20-poly1305,128,1117,54800
chacha20-poly1305,128,1118,45900
chacha20-poly1305,128,1119,35900
chacha20-poly1305,128,1120,31700
chacha20-poly1305,128,1121,30600
chacha20-poly1305,128,1122,30700
chacha20-poly1305,128,1123,30600
chacha20-poly1305,128,1124,30300
chacha20-poly1305,128,1125,30400
chacha20-poly1305,128,1126,31300
chacha20-poly1305,128,1127,30300
chacha20-poly1305,128,1128,31000
chacha20-poly1305,128,1129,30500
chacha20-poly1305,128,1130,30600
chacha20-poly1305,128,1131,30400
chacha20-poly1305,128,1132,31400
chacha20-poly1305,128,1133,30600
chacha20-poly1305,128,1134,30700
chacha20-poly1305,128,1135,30800
chacha20-poly1305,128,1136,56200
chacha20-poly1305,128,1137,47200
chacha20-poly1305,128,1138,34700
chacha20-poly1305,128,1139,31500
chacha20-poly1305,128,1140,30700
chacha20-poly1305,128,1141,31400
chacha20-poly1305,128,1142,30300
chacha20-poly1305,128,1143,30100
chacha20-poly1305,128,1144,30500
chacha20-poly1305,128,1145,30300
chacha20-poly1305,128,1146,30500
chacha20-poly1305,128,1147,30400
chacha20-poly1305,128,1148,30300
chacha20-poly1305,128,1149,30200
chacha20-poly1305,128,1150,30700
chacha20-poly1305,128,1151,30300
chacha20-poly1305,128,1152,30400
chacha20-poly1305,128,1153,30600
chacha20-poly1305,128,1154,30000
chacha20-poly1305,128,1155,30500
chacha20-poly1305,128,1156,30200
chacha20-poly1305,128,1157,30300
chacha20-poly1305,128,1158,30300
chacha20-poly1305,128,1159,31200
chacha20-poly1305,128,1160,30400
chacha20-poly1305,128,1161,30300
chacha20-poly1305,128,1162,30800
chacha20-poly1305,128,1163,30000
chacha20-poly1305,128,1164,30600
chacha20-poly1305,128,1165,30700
chacha20-poly1305,128,1166,30200
chacha20-poly1305,128,1167,30300
chacha20-poly1305,128,1168,30600
chacha20-poly1305,128,1169,30000
chacha20-poly1305,128,1170,30300
chacha20-poly1305,128,1171,30800
chacha20-poly1305,128,1172,30100
chacha20-poly1305,128,1173,30600
chacha20-poly1305,128,1174,30300
chacha20-poly1305,128,1175,30300
chacha20-poly1305,128,1176,30100
chacha20-poly1305,128,1177,30700
chacha20-poly1305,128,1178,30200
chacha20-poly1305,128,1179,30100
chacha20-poly1305,128,1180,30800
chacha20-poly1305,128,1181,30200
chacha20-poly1305,128,1182,30600
chacha20-poly1305,128,1183,30500
chacha20-poly1305,128,1184,30300
chacha20-poly1305,128,1185,30500
chacha20-poly1305,128,1186,30600
chacha20-poly1305,128,1187,30400
chacha20-poly1305,128,1188,30400
chacha20-poly1305,128,1189,30400
chacha20-poly1305,128,1190,30300
chacha20-poly1305,128,1191,30300
chacha20-poly1305,128,1192,30600
chacha20-poly1305,128,1193,30300
chacha20-poly1305,128,1194,30500
chacha20-poly1305,128,1195,30900
chacha20-poly1305,128,1196,30000
chacha20-poly1305,128,1197,30200
chacha20-poly1305,128,1198,30400
chacha20-poly1305,128,1199,30100
chacha20-poly1305,128,1200,31700
chacha20-poly1305,128,1201,30500
chacha20-poly1305,128,1202,30500
chacha20-poly1305,128,1203,30500
chacha20-poly1305,128,1204,30500
chacha20-poly1305,128,1205,30300
chacha20-poly1305,128,1206,30300
chacha20-poly1305,128,1207,30600
chacha20-poly1305,128,1208,30000
chacha20-poly1305,128,1209,30300
chacha20-poly1305,128,1210,30500
chacha20-poly1305,128,1211,30300
chacha20-poly1305,128,1212,30300
chacha20-poly1305,128,1213,30400
chacha20-poly1305,128,1214,32700
chacha20-poly1305,128,1215,30500
chacha20-poly1305,128,1216,30600
chacha20-poly1305,128,1217,30200
chacha20-poly1305,128,1218,30400
chacha20-poly1305,128,1219,30200
chacha20-poly1305,128,1220,30500
chacha20-poly1305,128,1221,30200
chacha20-poly1305,128,1222,30700
chacha20-poly1305,128,1223,31000
chacha20-poly1305,128,1224,30400
chacha20-poly1305,128,1225,30600
chacha20-poly1305,128,1226,30300
chacha20-poly1305,128,1227,30500
chacha20-poly1305,128,1228,30300
chacha20-poly1305,128,1229,30200
chacha20-poly1305,128,1230,30400
chacha20-poly1305,128,1231,30500
chacha20-poly1305,128,1232,30100
chacha20-poly1305,128,1233,30100
chacha20-poly1305,128,1234,30300
chacha20-poly1305,128,1235,30100
chacha20-poly1305,128,1236,30500
chacha20-poly1305,128,1237,30500
chacha20-poly1305,128,1238,30200
chacha20-poly1305,128,1239,30200
chacha20-poly1305,128,1240,30600
chacha20-poly1305,128,1241,29900
chacha20-poly1305,128,1242,30300
chacha20-poly1305,128,1243,30400
chacha20-poly1305,128,1244,30000
chacha20-poly1305,128,1245,30700
chacha20-poly1305,128,1246,30500
chacha20-poly1305,128,1247,30400
chacha20-poly1305,128,1248,30200
chacha20-poly1305,128,1249,30500
chacha20-poly1305,128,1250,30300
chacha20-poly1305,128,1251,30200
chacha20-poly1305,128,1252,30600
chacha20-poly1305,128,1253,30000
chacha20-poly1305,128,1254,30600
chacha20-poly1305,128,1255,30400
chacha20-poly1305,128,1256,30300
chacha20-poly1305,128,1257,30200
chacha20-poly1305,128,1258,30600
chacha20-poly1305,128,1259,30400
chacha20-poly1305,128,1260,30300
chacha20-poly1305,128,1261,30400
chacha20-poly1305,128,1262,30100
chacha20-poly1305,128,1263,31100
chacha20-poly1305,128,1264,30300
chacha20-poly1305,128,1265,30500
chacha20-poly1305,128,1266,30200
chacha20-poly1305,128,1267,30900
chacha20-poly1305,128,1268,30100
chacha20-poly1305,128,1269,30300
chacha20-poly1305,128,1270,30800
chacha20-poly1305,128,1271,30100
chacha20-poly1305,128,1272,30600
chacha20-poly1305,128,1273,30200
chacha20-poly1305,128,1274,30100
chacha20-poly1305,128,1275,30300
chacha20-poly1305,128,1276,30500
chacha20-poly1305,128,1277,30100
chacha20-poly1305,128,1278,30100
chacha20-poly1305,128,1279,30500
chacha20-poly1305,128,1280,30200
chacha20-poly1305,128,1281,30400
chacha20-poly1305,128,1282,30300
chacha20-poly1305,128,1283,30300
chacha20-poly1305,128,1284,30100
chacha20-poly1305,128,1285,30600
chacha20-poly1305,128,1286,31000
chacha20-poly1305,128,1287,30300
chacha20-poly1305,128,1288,30600
chacha20-poly1305,128,1289,29800
chacha20-poly1305,128,1290,30700
chacha20-poly1305,128,1291,30400
chacha20-poly1305,128,1292,30400
chacha20-poly1305,128,1293,30300
chacha20-poly1305,128,1294,39300
chacha20-poly1305,128,1295,91200
chacha20-poly1305,128,1296,58400
chacha20-poly1305,128,1297,35600
chacha20-poly1305,128,1298,31100
chacha20-poly1305,128,1299,31100
chacha20-poly1305,128,1300,31200
chacha20-poly1305,128,1301,33600
chacha20-poly1305,128,1302,30900
chacha20-poly1305,128,1303,30800
chacha20-poly1305,128,1304,30100
chacha20-poly1305,128,1305,30500
chacha20-poly1305,128,1306,30600
chacha20-poly1305,128,1307,30400
chacha20-poly1305,128,1308,30600
chacha20-poly1305,128,1309,30400
chacha20-poly1305,128,1310,30700
chacha20-poly1305,128,1311,30400
chacha20-poly1305,128,1312,30800
chacha20-poly1305,128,1313,30100
chacha20-poly1305,128,1314,30500
chacha20-poly1305,128,1315,30800
chacha20-poly1305,128,1316,30200
chacha20-poly1305,128,1317,30700
chacha20-poly1305,128,1318,30600
chacha20-poly1305,128,1319,30300
chacha20-poly1305,128,1320,30300
chacha20-poly1305,128,1321,30800
chacha20-poly1305,128,1322,30300
chacha20-poly1305,128,1323,30500
chacha20-poly1305,128,1324,30700
chacha20-poly1305,128,1325,30200
chacha20-poly1305,128,1326,30500
chacha20-poly1305,128,1327,31400
chacha20-poly1305,128,1328,30300
chacha20-poly1305,128,1329,30400
chacha20-poly1305,128,1330,30700
chacha20-poly1305,128,1331,30000
chacha20-poly1305,128,1332,30900
chacha20-poly1305,128,1333,30500
chacha20-poly1305,128,1334,30200
chacha20-poly1305,128,1335,30600
chacha20-poly1305,128,1336,30400
chacha20-poly1305,128,1337,30200
chacha20-poly1305,128,1338,34400
chacha20-poly1305,128,1339,31300
chacha20-poly1305,128,1340,30300
chacha20-poly1305,128,1341,30300
chacha20-poly1305,128,1342,30800
chacha20-poly1305,128,1343,30100
chacha20-poly1305,128,1344,30500
chacha20-poly1305,128,1345,30500
chacha20-poly1305,128,1346,30300
chacha20-poly1305,128,1347,30300
chacha20-poly1305,128,1348,30900
chacha20-poly1305,128,1349,30100
chacha20-poly1305,128,1350,31400
chacha20-poly1305,128,1351,30600
chacha20-poly1305,128,1352,30400
chacha20-poly1305,128,1353,30600
chacha20-poly1305,128,1354,30400
chacha20-poly1305,128,1355,30600
chacha20-poly1305,128,1356,30200
chacha20-poly1305,128,1357,30500
chacha20-poly1305,128,1358,30100
chacha20-poly1305,128,1359,30300
chacha20-poly1305,128,1360,30700
chacha20-poly1305,128,1361,30200
chacha20-poly1305,128,1362,30700
chacha20-poly1305,128,1363,30200
chacha20-poly1305,128,1364,30600
chacha20-poly1305,128,1365,30300
chacha20-poly1305,128,1366,30600
chacha20-poly1305,128,1367,30200
chacha20-poly1305,128,1368,30300
chacha20-poly1305,128,1369,30500
chacha20-poly1305,128,1370,30200
chacha20-poly1305,128,1371,30700
chacha20-poly1305,128,1372,30500
chacha20-poly1305,128,1373,30200
chacha20-poly1305,128,1374,30500
chacha20-poly1305,128,1375,30700
chacha20-poly1305,128,1376,30300
chacha20-poly1305,128,1377,30400
chacha20-poly1305,128,1378,30800
chacha20-poly1305,128,1379,30100
chacha20-poly1305,128,1380,30800
chacha20-poly1305,128,1381,30400
chacha20-poly1305,128,1382,30700
chacha20-poly1305,128,1383,30100
chacha20-poly1305,128,1384,30600
chacha20-poly1305,128,1385,30400
chacha20-poly1305,128,1386,30300
chacha20-poly1305,128,1387,30800
chacha20-poly1305,128,1388,30200
chacha20-poly1305,128,1389,30400
chacha20-poly1305,128,1390,30600
chacha20-poly1305,128,1391,31300
chacha20-poly1305,128,1392,30600
chacha20-poly1305,128,1393,30800
chacha20-poly1305,128,1394,30100
chacha20-poly1305,128,1395,30500
chacha20-poly1305,128,1396,31000
chacha20-poly1305,128,1397,30100
chacha20-poly1305,128,1398,30600
chacha20-poly1305,128,1399,30400
chacha20-poly1305,128,1400,30600
chacha20-poly1305,128,1401,30300
chacha20-poly1305,128,1402,30600
chacha20-poly1305,128,1403,30400
chacha20-poly1305,128,1404,30200
chacha20-poly1305,128,1405,30800
chacha20-poly1305,128,1406,30400
chacha20-poly1305,128,1407,30400
chacha20-poly1305,128,1408,30400
chacha20-poly1305,128,1409,30400
chacha20-poly1305,128,1410,30400
chacha20-poly1305,128,1411,30500
chacha20-poly1305,128,1412,30600
chacha20-poly1305,128,1413,30200
chacha20-poly1305,128,1414,31500
chacha20-poly1305,128,1415,30200
chacha20-poly1305,128,1416,30300
chacha20-poly1305,128,1417,30500
chacha20-poly1305,128,1418,30200
chacha20-poly1305,128,1419,30200
chacha20-poly1305,128,1420,30700
chacha20-poly1305,128,1421,30000
chacha20-poly1305,128,1422,30400
chacha20-poly1305,128,1423,30600
chacha20-poly1305,128,1424,30100
chacha20-poly1305,128,1425,30700
chacha20-poly1305,128,1426,30400
chacha20-poly1305,128,1427,30600
chacha20-poly1305,128,1428,30600
chacha20-poly1305,128,1429,30500
chacha20-poly1305,128,1430,30200
chacha20-poly1305,128,1431,30200
chacha20-poly1305,128,1432,30600
chacha20-poly1305,128,1433,30100
chacha20-poly1305,128,1434,30700
chacha20-poly1305,128,1435,70500
chacha20-poly1305,128,1436,165700
chacha20-poly1305,128,1437,72500
chacha20-poly1305,128,1438,70700
chacha20-poly1305,128,1439,33400
chacha20-poly1305,128,1440,31800
chacha20-poly1305,128,1441,31000
chacha20-poly1305,128,1442,30600
chacha20-poly1305,128,1443,30600
chacha20-poly1305,128,1444,30500
chacha20-poly1305,128,1445,30300
chacha20-poly1305,128,1446,30400
chacha20-poly1305,128,1447,31200
chacha20-poly1305,128,1448,30300
chacha20-poly1305,128,1449,30300
chacha20-poly1305,128,1450,30700
chacha20-poly1305,128,1451,30200
chacha20-poly1305,128,1452,30800
chacha20-poly1305,128,1453,30700
chacha20-poly1305,128,1454,30400
chacha20-poly1305,128,1455,32800
chacha20-poly1305,128,1456,30900
chacha20-poly1305,128,1457,30500
chacha20-poly1305,128,1458,30800
chacha20-poly1305,128,1459,30400
chacha20-poly1305,128,1460,30200
chacha20-poly1305,128,1461,30700
chacha20-poly1305,128,1462,30700
chacha20-poly1305,128,1463,30300
chacha20-poly1305,128,1464,30200
chacha20-poly1305,128,1465,30600
chacha20-poly1305,128,1466,29800
chacha20-poly1305,128,1467,30200
chacha20-poly1305,128,1468,30700
chacha20-poly1305,128,1469,29900
chacha20-poly1305,128,1470,30500
chacha20-poly1305,128,1471,30400
chacha20-poly1305,128,1472,30900
chacha20-poly1305,128,1473,30100
chacha20-poly1305,128,1474,30400
chacha20-poly1305,128,1475,30300
chacha20-poly1305,128,1476,30300
chacha20-poly1305,128,1477,30500
chacha20-poly1305,128,1478,31100
chacha20-poly1305,128,1479,30600
chacha20-poly1305,128,1480,30500
chacha20-poly1305,128,1481,30100
chacha20-poly1305,128,1482,30400
chacha20-poly1305,128,1483,30600
chacha20-poly1305,128,1484,29900
chacha20-poly1305,128,1485,30300
chacha20-poly1305,128,1486,30600
chacha20-poly1305,128,1487,30100
chacha20-poly1305,128,1488,30400
chacha20-poly1305,128,1489,30200
chacha20-poly1305,128,1490,30700
chacha20-poly1305,128,1491,30100
chacha20-poly1305,128,1492,30800
chacha20-poly1305,128,1493,30100
chacha20-poly1305,128,1494,30200
chacha20-poly1305,128,1495,30600
chacha20-poly1305,128,1496,30000
chacha20-poly1305,128,1497,30700
chacha20-poly1305,128,1498,30500
chacha20-poly1305,128,1499,30100
chacha20-poly1305,128,1500,30400
chacha20-poly1305,128,1501,30500
chacha20-poly1305,128,1502,30100
chacha20-poly1305,128,1503,30100
chacha20-poly1305,128,1504,30700
chacha20-poly1305,128,1505,30100
chacha20-poly1305,128,1506,30300
chacha20-poly1305,128,1507,30400
chacha20-poly1305,128,1508,30300
chacha20-poly1305,128,1509,30200
chacha20-poly1305,128,1510,30700
chacha20-poly1305,128,1511,30100
chacha20-poly1305,128,1512,30200
chacha20-poly1305,128,1513,30600
chacha20-poly1305,128,1514,30200
chacha20-poly1305,128,1515,30600
chacha20-poly1305,128,1516,30300
chacha20-poly1305,128,1517,30700
chacha20-poly1305,128,1518,31000
chacha20-poly1305,128,1519,30500
chacha20-poly1305,128,1520,30100
chacha20-poly1305,128,1521,30200
chacha20-poly1305,128,1522,30800
chacha20-poly1305,128,1523,30000
chacha20-poly1305,128,1524,30200
chacha20-poly1305,128,1525,30500
chacha20-poly1305,128,1526,30400
chacha20-poly1305,128,1527,30300
chacha20-poly1305,128,1528,30600
chacha20-poly1305,128,1529,30000
chacha20-poly1305,128,1530,30400
chacha20-poly1305,128,1531,30500
chacha20-poly1305,128,1532,30500
chacha20-poly1305,128,1533,30400
chacha20-poly1305,128,1534,30300
chacha20-poly1305,128,1535,30200
chacha20-poly1305,128,1536,30400
chacha20-poly1305,128,1537,30500
chacha20-poly1305,128,1538,30000
chacha20-poly1305,128,1539,30100
chacha20-poly1305,128,1540,30700
chacha20-poly1305,128,1541,30800
chacha20-poly1305,128,1542,30600
chacha20-poly1305,128,1543,30400
chacha20-poly1305,128,1544,30200
chacha20-poly1305,128,1545,30200
chacha20-poly1305,128,1546,30400
chacha20-poly1305,128,1547,30400
chacha20-poly1305,128,1548,30200
chacha20-poly1305,128,1549,30600
chacha20-poly1305,128,1550,30200
chacha20-poly1305,128,1551,30400
chacha20-poly1305,128,1552,30500
chacha20-poly1305,128,1553,30200
chacha20-poly1305,128,1554,30500
chacha20-poly1305,128,1555,30600
chacha20-poly1305,128,1556,30100
chacha20-poly1305,128,1557,67200
chacha20-poly1305,128,1558,133300
chacha20-poly1305,128,1559,48500
chacha20-poly1305,128,1560,67900
chacha20-poly1305,128,1561,42100
chacha20-poly1305,128,1562,32700
chacha20-poly1305,128,1563,30900
chacha20-poly1305,128,1564,31900
chacha20-poly1305,128,1565,30200
chacha20-poly1305,128,1566,30300
chacha20-poly1305,128,1567,30700
chacha20-poly1305,128,1568,30300
chacha20-poly1305,128,1569,30500
chacha20-poly1305,128,1570,30500
chacha20-poly1305,128,1571,30300
chacha20-poly1305,128,1572,30400
chacha20-poly1305,128,1573,30700
chacha20-poly1305,128,1574,30700
chacha20-poly1305,128,1575,30400
chacha20-poly1305,128,1576,30600
chacha20-poly1305,128,1577,30200
chacha20-poly1305,128,1578,30600
chacha20-poly1305,128,1579,30300
chacha20-poly1305,128,1580,30500
chacha20-poly1305,128,1581,30400
chacha20-poly1305,128,1582,32900
chacha20-poly1305,128,1583,30200
chacha20-poly1305,128,1584,30500
chacha20-poly1305,128,1585,31100
chacha20-poly1305,128,1586,30200
chacha20-poly1305,128,1587,30700
chacha20-poly1305,128,1588,30500
chacha20-poly1305,128,1589,30900
chacha20-poly1305,128,1590,30300
chacha20-poly1305,128,1591,30600
chacha20-poly1305,128,1592,30200
chacha20-poly1305,128,1593,30300
chacha20-poly1305,128,1594,30700
chacha20-poly1305,128,1595,30100
chacha20-poly1305,128,1596,30800
chacha20-poly1305,128,1597,30600
chacha20-poly1305,128,1598,30600
chacha20-poly1305,128,1599,35300
chacha20-poly1305,128,1600,32000
chacha20-poly1305,128,1601,30600
chacha20-poly1305,128,1602,31000
chacha20-poly1305,128,1603,31400
chacha20-poly1305,128,1604,32800
chacha20-poly1305,128,1605,32400
chacha20-poly1305,128,1606,30500
chacha20-poly1305,128,1607,30300
chacha20-poly1305,128,1608,30300
chacha20-poly1305,128,1609,30700
chacha20-poly1305,128,1610,30500
chacha20-poly1305,128,1611,30600
chacha20-poly1305,128,1612,30700
chacha20-poly1305,128,1613,30100
chacha20-poly1305,128,1614,30500
chacha20-poly1305,128,1615,30300
chacha20-poly1305,128,1616,30200
chacha20-poly1305,128,1617,30400
chacha20-poly1305,128,1618,30700
chacha20-poly1305,128,1619,30100
chacha20-poly1305,128,1620,30200
chacha20-poly1305,128,1621,30300
chacha20-poly1305,128,1622,30300
chacha20-poly1305,128,1623,30400
chacha20-poly1305,128,1624,30600
chacha20-poly1305,128,1625,30300
chacha20-poly1305,128,1626,30100
chacha20-poly1305,128,1627,30700
chacha20-poly1305,128,1628,30200
chacha20-poly1305,128,1629,30300
chacha20-poly1305,128,1630,30700
chacha20-poly1305,128,1631,29900
chacha20-poly1305,128,1632,30600
chacha20-poly1305,128,1633,30600
chacha20-poly1305,128,1634,30400
chacha20-poly1305,128,1635,30300
chacha20-poly1305,128,1636,30600
chacha20-poly1305,128,1637,30100
chacha20-poly1305,128,1638,30600
chacha20-poly1305,128,1639,30800
chacha20-poly1305,128,1640,30300
chacha20-poly1305,128,1641,30300
chacha20-poly1305,128,1642,30400
chacha20-poly1305,128,1643,30200
chacha20-poly1305,128,1644,30100
chacha20-poly1305,128,1645,30600
chacha20-poly1305,128,1646,30900
chacha20-poly1305,128,1647,30300
chacha20-poly1305,128,1648,30600
chacha20-poly1305,128,1649,30300
chacha20-poly1305,128,1650,30600
chacha20-poly1305,128,1651,30600
chacha20-poly1305,128,1652,30400
chacha20-poly1305,128,1653,30200
chacha20-poly1305,128,1654,30700
chacha20-poly1305,128,1655,30200
chacha20-poly1305,128,1656,30300
chacha20-poly1305,128,1657,30800
chacha20-poly1305,128,1658,30200
chacha20-poly1305,128,1659,30700
chacha20-poly1305,128,1660,30700
chacha20-poly1305,128,1661,30400
chacha20-poly1305,128,1662,30300
chacha20-poly1305,128,1663,30600
chacha20-poly1305,128,1664,30100
chacha20-poly1305,128,1665,30500
chacha20-poly1305,128,1666,30500
chacha20-poly1305,128,1667,30300
chacha20-poly1305,128,1668,30500
chacha20-poly1305,128,1669,31200
chacha20-poly1305,128,1670,30600
chacha20-poly1305,128,1671,30300
chacha20-poly1305,128,1672,30700
chacha20-poly1305,128,1673,30200
chacha20-poly1305,128,1674,30200
chacha20-poly1305,128,1675,30800
chacha20-poly1305,128,1676,30100
chacha20-poly1305,128,1677,30600
chacha20-poly1305,128,1678,30800
chacha20-poly1305,128,1679,30400
chacha20-poly1305,128,1680,30200
chacha20-poly1305,128,1681,30500
chacha20-poly1305,128,1682,30100
chacha20-poly1305,128,1683,30100
chacha20-poly1305,128,1684,30400
chacha20-poly1305,128,1685,30200
chacha20-poly1305,128,1686,30600
chacha20-poly1305,128,1687,30500
chacha20-poly1305,128,1688,30300
chacha20-poly1305,128,1689,30200
chacha20-poly1305,128,1690,30600
chacha20-poly1305,128,1691,30100
chacha20-poly1305,128,1692,30500
chacha20-poly1305,128,1693,30500
chacha20-poly1305,128,1694,29900
chacha20-poly1305,128,1695,30900
chacha20-poly1305,128,1696,30400
chacha20-poly1305,128,1697,30500
chacha20-poly1305,128,1698,30300
chacha20-poly1305,128,1699,30600
chacha20-poly1305,128,1700,30100
chacha20-poly1305,128,1701,30200
chacha20-poly1305,128,1702,30800
chacha20-poly1305,128,1703,29900
chacha20-poly1305,128,1704,30400
chacha20-poly1305,128,1705,30500
chacha20-poly1305,128,1706,30100
chacha20-poly1305,128,1707,30500
chacha20-poly1305,128,1708,30600
chacha20-poly1305,128,1709,30200
chacha20-poly1305,128,1710,31300
chacha20-poly1305,128,1711,30600
chacha20-poly1305,128,1712,30400
chacha20-poly1305,128,1713,30700
chacha20-poly1305,128,1714,30400
chacha20-poly1305,128,1715,30400
chacha20-poly1305,128,1716,30300
chacha20-poly1305,128,1717,30600
chacha20-poly1305,128,1718,30400
chacha20-poly1305,128,1719,30300
chacha20-poly1305,128,1720,30700
chacha20-poly1305,128,1721,30100
chacha20-poly1305,128,1722,30700
chacha20-poly1305,128,1723,30400
chacha20-poly1305,128,1724,30700
chacha20-poly1305,128,1725,30300
chacha20-poly1305,128,1726,30600
chacha20-poly1305,128,1727,30300
chacha20-poly1305,128,1728,30300
chacha20-poly1305,128,1729,30700
chacha20-poly1305,128,1730,30300
chacha20-poly1305,128,1731,30500
chacha20-poly1305,128,1732,30500
chacha20-poly1305,128,1733,31100
chacha20-poly1305,128,1734,30300
chacha20-poly1305,128,1735,30700
chacha20-poly1305,128,1736,30700
chacha20-poly1305,128,1737,31900
chacha20-poly1305,128,1738,30700
chacha20-poly1305,128,1739,30300
chacha20-poly1305,128,1740,30600
chacha20-poly1305,128,1741,30300
chacha20-poly1305,128,1742,30500
chacha20-poly1305,128,1743,30200
chacha20-poly1305,128,1744,30500
chacha20-poly1305,128,1745,30300
chacha20-poly1305,128,1746,30200
chacha20-poly1305,128,1747,30500
chacha20-poly1305,128,1748,30100
chacha20-poly1305,128,1749,30600
chacha20-poly1305,128,1750,30700
chacha20-poly1305,128,1751,30300
chacha20-poly1305,128,1752,30300
chacha20-poly1305,128,1753,30600
chacha20-poly1305,128,1754,30100
chacha20-poly1305,128,1755,30300
chacha20-poly1305,128,1756,30900
chacha20-poly1305,128,1757,30200
chacha20-poly1305,128,1758,30400
chacha20-poly1305,128,1759,30500
chacha20-poly1305,128,1760,30600
chacha20-poly1305,128,1761,30400
chacha20-poly1305,128,1762,30600
chacha20-poly1305,128,1763,30000
chacha20-poly1305,128,1764,30300
chacha20-poly1305,128,1765,30700
chacha20-poly1305,128,1766,30200
chacha20-poly1305,128,1767,30300
chacha20-poly1305,128,1768,30500
chacha20-poly1305,128,1769,30300
chacha20-poly1305,128,1770,30400
chacha20-poly1305,128,1771,30600
chacha20-poly1305,128,1772,30200
chacha20-poly1305,128,1773,30900
chacha20-poly1305,128,1774,30700
chacha20-poly1305,128,1775,30300
chacha20-poly1305,128,1776,30500
chacha20-poly1305,128,1777,30500
chacha20-poly1305,128,1778,30300
chacha20-poly1305,128,1779,30200
chacha20-poly1305,128,1780,30600
chacha20-poly1305,128,1781,30100
chacha20-poly1305,128,1782,30500
chacha20-poly1305,128,1783,30500
chacha20-poly1305,128,1784,29900
chacha20-poly1305,128,1785,30400
chacha20-poly1305,128,1786,30300
chacha20-poly1305,128,1787,30200
chacha20-poly1305,128,1788,30500
chacha20-poly1305,128,1789,30500
chacha20-poly1305,128,1790,30200
chacha20-poly1305,128,1791,30300
chacha20-poly1305,128,1792,30600
chacha20-poly1305,128,1793,30200
chacha20-poly1305,128,1794,27500
chacha20-poly1305,128,1795,30700
chacha20-poly1305,128,1796,31600
chacha20-poly1305,128,1797,30500
chacha20-poly1305,128,1798,30700
chacha20-poly1305,128,1799,30100
chacha20-poly1305,128,1800,30500
chacha20-poly1305,128,1801,30500
chacha20-poly1305,128,1802,30200
chacha20-poly1305,128,1803,30600
chacha20-poly1305,128,1804,30300
chacha20-poly1305,128,1805,30300
chacha20-poly1305,128,1806,30400
chacha20-poly1305,128,1807,30600
chacha20-poly1305,128,1808,30100
chacha20-poly1305,128,1809,30500
chacha20-poly1305,128,1810,30800
chacha20-poly1305,128,1811,30000
chacha20-poly1305,128,1812,30400
chacha20-poly1305,128,1813,30300
chacha20-poly1305,128,1814,30400
chacha20-poly1305,128,1815,30400
chacha20-poly1305,128,1816,30500
chacha20-poly1305,128,1817,30600
chacha20-poly1305,128,1818,30400
chacha20-poly1305,128,1819,30500
chacha20-poly1305,128,1820,30300
chacha20-poly1305,128,1821,30300
chacha20-poly1305,128,1822,30500
chacha20-poly1305,128,1823,30200
chacha20-poly1305,128,1824,30200
chacha20-poly1305,128,1825,30800
chacha20-poly1305,128,1826,30000
chacha20-poly1305,128,1827,30200
chacha20-poly1305,128,1828,30600
chacha20-poly1305,128,1829,30100
chacha20-poly1305,128,1830,30700
chacha20-poly1305,128,1831,30400
chacha20-poly1305,128,1832,30400
chacha20-poly1305,128,1833,30100
chacha20-poly1305,128,1834,30500
chacha20-poly1305,128,1835,30300
chacha20-poly1305,128,1836,30100
chacha20-poly1305,128,1837,31400
chacha20-poly1305,128,1838,30400
chacha20-poly1305,128,1839,30500
chacha20-poly1305,128,1840,30500
chacha20-poly1305,128,1841,30500
chacha20-poly1305,128,1842,30400
chacha20-poly1305,128,1843,30500
chacha20-poly1305,128,1844,30100
chacha20-poly1305,128,1845,30200
chacha20-poly1305,128,1846,30600
chacha20-poly1305,128,1847,30100
chacha20-poly1305,128,1848,30500
chacha20-poly1305,128,1849,30300
chacha20-poly1305,128,1850,30400
chacha20-poly1305,128,1851,30200
chacha20-poly1305,128,1852,30700
chacha20-poly1305,128,1853,30200
chacha20-poly1305,128,1854,30200
chacha20-poly1305,128,1855,30600
chacha20-poly1305,128,1856,30000
chacha20-poly1305,128,1857,30600
chacha20-poly1305,128,1858,30400
chacha20-poly1305,128,1859,30400
chacha20-poly1305,128,1860,31100
chacha20-poly1305,128,1861,30400
chacha20-poly1305,128,1862,30400
chacha20-poly1305,128,1863,30200
chacha20-poly1305,128,1864,30400
chacha20-poly1305,128,1865,30100
chacha20-poly1305,128,1866,30400
chacha20-poly1305,128,1867,30400
chacha20-poly1305,128,1868,30300
chacha20-poly1305,128,1869,30400
chacha20-poly1305,128,1870,30800
chacha20-poly1305,128,1871,30000
chacha20-poly1305,128,1872,30200
chacha20-poly1305,128,1873,30700
chacha20-poly1305,128,1874,30000
chacha20-poly1305,128,1875,32500
chacha20-poly1305,128,1876,30400
chacha20-poly1305,128,1877,30500
chacha20-poly1305,128,1878,30400
chacha20-poly1305,128,1879,30700
chacha20-poly1305,128,1880,30200
chacha20-poly1305,128,1881,30000
chacha20-poly1305,128,1882,30600
chacha20-poly1305,128,1883,30000
chacha20-poly1305,128,1884,30400
chacha20-poly1305,128,1885,30600
chacha20-poly1305,128,1886,30200
chacha20-poly1305,128,1887,30300
chacha20-poly1305,128,1888,30600
chacha20-poly1305,128,1889,30100
chacha20-poly1305,128,1890,30300
chacha20-poly1305,128,1891,30800
chacha20-poly1305,128,1892,30200
chacha20-poly1305,128,1893,30400
chacha20-poly1305,128,1894,30600
chacha20-poly1305,128,1895,30300
chacha20-poly1305,128,1896,30200
chacha20-poly1305,128,1897,30600
chacha20-poly1305,128,1898,30100
chacha20-poly1305,128,1899,30400
chacha20-poly1305,128,1900,30700
chacha20-poly1305,128,1901,30800
chacha20-poly1305,128,1902,30700
chacha20-poly1305,128,1903,30300
chacha20-poly1305,128,1904,30400
chacha20-poly1305,128,1905,30500
chacha20-poly1305,128,1906,30600
chacha20-poly1305,128,1907,30000
chacha20-poly1305,128,1908,30200
chacha20-poly1305,128,1909,30600
chacha20-poly1305,128,1910,30400
chacha20-poly1305,128,1911,30500
chacha20-poly1305,128,1912,30500
chacha20-poly1305,128,1913,30200
chacha20-poly1305,128,1914,30100
chacha20-poly1305,128,1915,30700
chacha20-poly1305,128,1916,30100
chacha20-poly1305,128,1917,30400
chacha20-poly1305,128,1918,30700
chacha20-poly1305,128,1919,30000
chacha20-poly1305,128,1920,30600
chacha20-poly1305,128,1921,30400
chacha20-poly1305,128,1922,30300
chacha20-poly1305,128,1923,30100
chacha20-poly1305,128,1924,41600
chacha20-poly1305,128,1925,162000
chacha20-poly1305,128,1926,113700
chacha20-poly1305,128,1927,91300
chacha20-poly1305,128,1928,42200
chacha20-poly1305,128,1929,76700
chacha20-poly1305,128,1930,150400
chacha20-poly1305,128,1931,106600
chacha20-poly1305,128,1932,56300
chacha20-poly1305,128,1933,34100
chacha20-poly1305,128,1934,30800
chacha20-poly1305,128,1935,31300
chacha20-poly1305,128,1936,30900
chacha20-poly1305,128,1937,30100
chacha20-poly1305,128,1938,30400
chacha20-poly1305,128,1939,30700
chacha20-poly1305,128,1940,30900
chacha20-poly1305,128,1941,31100
chacha20-poly1305,128,1942,30900
chacha20-poly1305,128,1943,30200
chacha20-poly1305,128,1944,30200
chacha20-poly1305,128,1945,30600
chacha20-poly1305,128,1946,30200
chacha20-poly1305,128,1947,30400
chacha20-poly1305,128,1948,30400
chacha20-poly1305,128,1949,30300
chacha20-poly1305,128,1950,30800
chacha20-poly1305,128,1951,30600
chacha20-poly1305,128,1952,30500
chacha20-poly1305,128,1953,30300
chacha20-poly1305,128,1954,30800
chacha20-poly1305,128,1955,30100
chacha20-poly1305,128,1956,30300
chacha20-poly1305,128,1957,30700
chacha20-poly1305,128,1958,30500
chacha20-poly1305,128,1959,30200
chacha20-poly1305,128,1960,30800
chacha20-poly1305,128,1961,30200
chacha20-poly1305,128,1962,30400
chacha20-poly1305,128,1963,30600
chacha20-poly1305,128,1964,30100
chacha20-poly1305,128,1965,31600
chacha20-poly1305,128,1966,30500
chacha20-poly1305,128,1967,30600
chacha20-poly1305,128,1968,30300
chacha20-poly1305,128,1969,30600
chacha20-poly1305,128,1970,31400
chacha20-poly1305,128,1971,30400
chacha20-poly1305,128,1972,30700
chacha20-poly1305,128,1973,29900
chacha20-poly1305,128,1974,30500
chacha20-poly1305,128,1975,30400
chacha20-poly1305,128,1976,30300
chacha20-poly1305,128,1977,30000
chacha20-poly1305,128,1978,30800
chacha20-poly1305,128,1979,30100
chacha20-poly1305,128,1980,30500
chacha20-poly1305,128,1981,30400
chacha20-poly1305,128,1982,30400
chacha20-poly1305,128,1983,30400
chacha20-poly1305,128,1984,30500
chacha20-poly1305,128,1985,30400
chacha20-poly1305,128,1986,30300
chacha20-poly1305,128,1987,30600
chacha20-poly1305,128,1988,31300
chacha20-poly1305,128,1989,30300
chacha20-poly1305,128,1990,30700
chacha20-poly1305,128,1991,29900
chacha20-poly1305,128,1992,30700
chacha20-poly1305,128,1993,30500
chacha20-poly1305,128,1994,30200
chacha20-poly1305,128,1995,30200
chacha20-poly1305,128,1996,30700
chacha20-poly1305,128,1997,30200
chacha20-poly1305,128,1998,30300
chacha20-poly1305,128,1999,30700
chacha20-poly1305,512,0,31700
chacha20-poly1305,512,1,31400
chacha20-poly1305,512,2,31200
chacha20-poly1305,512,3,30800
chacha20-poly1305,512,4,31300
chacha20-poly1305,512,5,31000
chacha20-poly1305,512,6,31100
chacha20-poly1305,512,7,31200
chacha20-poly1305,512,8,30900
chacha20-poly1305,512,9,30900
chacha20-poly1305,512,10,31500
chacha20-poly1305,512,11,30900
chacha20-poly1305,512,12,31400
chacha20-poly1305,512,13,31300
chacha20-poly1305,512,14,34300
chacha20-poly1305,512,15,30800
chacha20-poly1305,512,16,31300
chacha20-poly1305,512,17,31100
chacha20-poly1305,512,18,31300
chacha20-poly1305,512,19,31000
chacha20-poly1305,512,20,31400
chacha20-poly1305,512,21,31100
chacha20-poly1305,512,22,31500
chacha20-poly1305,512,23,30700
chacha20-poly1305,512,24,31000
chacha20-poly1305,512,25,31300
chacha20-poly1305,512,26,30800
chacha20-poly1305,512,27,31200
chacha20-poly1305,512,28,32200
chacha20-poly1305,512,29,30900
chacha20-poly1305,512,30,31000
chacha20-poly1305,512,31,31400
chacha20-poly1305,512,32,31100
chacha20-poly1305,512,33,30800
chacha20-poly1305,512,34,31300
chacha20-poly1305,512,35,30800
chacha20-poly1305,512,36,31000
chacha20-poly1305,512,37,31000
chacha20-poly1305,512,38,31200
chacha20-poly1305,512,39,30700
chacha20-poly1305,512,40,31700
chacha20-poly1305,512,41,30800
chacha20-poly1305,512,42,31700
chacha20-poly1305,512,43,31100
chacha20-poly1305,512,44,31100
chacha20-poly1305,512,45,31400
chacha20-poly1305,512,46,31200
chacha20-poly1305,512,47,31000
chacha20-poly1305,512,48,31000
chacha20-poly1305,512,49,31400
chacha20-poly1305,512,50,31200
chacha20-poly1305,512,51,31000
chacha20-poly1305,512,52,31500
chacha20-poly1305,512,53,31000
chacha20-poly1305,512,54,31000
chacha20-poly1305,512,55,31200
chacha20-poly1305,512,56,31100
chacha20-poly1305,512,57,30900
chacha20-poly1305,512,58,31300
chacha20-poly1305,512,59,31000
chacha20-poly1305,512,60,31400
chacha20-poly1305,512,61,31200
chacha20-poly1305,512,62,31100
chacha20-poly1305,512,63,31200
chacha20-poly1305,512,64,31200
chacha20-poly1305,512,65,31100
chacha20-poly1305,512,66,30900
chacha20-poly1305,512,67,31100
chacha20-poly1305,512,68,30700
chacha20-poly1305,512,69,30700
chacha20-poly1305,512,70,32000
chacha20-poly1305,512,71,30700
chacha20-poly1305,512,72,31300
chacha20-poly1305,512,73,31100
chacha20-poly1305,512,74,31300
chacha20-poly1305,512,75,31200
chacha20-poly1305,512,76,31600
chacha20-poly1305,512,77,30700
chacha20-poly1305,512,78,31000
chacha20-poly1305,512,79,31100
chacha20-poly1305,512,80,31100
chacha20-poly1305,512,81,31200
chacha20-poly1305,512,82,31300
chacha20-poly1305,512,83,31000
chacha20-poly1305,512,84,30900
chacha20-poly1305,512,85,31400
chacha20-poly1305,512,86,31000
chacha20-poly1305,512,87,31000
chacha20-poly1305,512,88,31100
chacha20-poly1305,512,89,30600
chacha20-poly1305,512,90,31400
chacha20-poly1305,512,91,31000
chacha20-poly1305,512,92,32100
chacha20-poly1305,512,93,30900
chacha20-poly1305,512,94,31400
chacha20-poly1305,512,95,31100
chacha20-poly1305,512,96,30800
chacha20-poly1305,512,97,31300
chacha20-poly1305,512,98,31200
chacha20-poly1305,512,99,31100
chacha20-poly1305,512,100,31700
chacha20-poly1305,512,101,31100
chacha20-poly1305,512,102,31100
chacha20-poly1305,512,103,32000
chacha20-poly1305,512,104,30900
chacha20-poly1305,512,105,31000
chacha20-poly1305,512,106,31600
chacha20-poly1305,512,107,30900
chacha20-poly1305,512,108,31000
chacha20-poly1305,512,109,31100
chacha20-poly1305,512,110,31200
chacha20-poly1305,512,111,30800
chacha20-poly1305,512,112,31600
chacha20-poly1305,512,113,31000
chacha20-poly1305,512,114,31100
chacha20-poly1305,512,115,31300
chacha20-poly1305,512,116,30800
chacha20-poly1305,512,117,31300
chacha20-poly1305,512,118,31100
chacha20-poly1305,512,119,30800
chacha20-poly1305,512,120,31100
chacha20-poly1305,512,121,31100
chacha20-poly1305,512,122,31000
chacha20-poly1305,512,123,31100
chacha20-poly1305,512,124,31600
chacha20-poly1305,512,125,30900
chacha20-poly1305,512,126,31400
chacha20-poly1305,512,127,31500
chacha20-poly1305,512,128,31000
chacha20-poly1305,512,129,30800
chacha20-poly1305,512,130,31500
chacha20-poly1305,512,131,30600
chacha20-poly1305,512,132,31400
chacha20-poly1305,512,133,31300
chacha20-poly1305,512,134,31000
chacha20-poly1305,512,135,31100
chacha20-poly1305,512,136,31200
chacha20-poly1305,512,137,31100
chacha20-poly1305,512,138,31300
chacha20-poly1305,512,139,31300
chacha20-poly1305,512,140,31300
chacha20-poly1305,512,141,30900
chacha20-poly1305,512,142,31600
chacha20-poly1305,512,143,30900
chacha20-poly1305,512,144,31100
chacha20-poly1305,512,145,31300
chacha20-poly1305,512,146,31100
chacha20-poly1305,512,147,30900
chacha20-poly1305,512,148,31400
chacha20-poly1305,512,149,31000
chacha20-poly1305,512,150,31000
chacha20-poly1305,512,151,31400
chacha20-poly1305,512,152,31100
chacha20-poly1305,512,153,31000
chacha20-poly1305,512,154,31400
chacha20-poly1305,512,155,31300
chacha20-poly1305,512,156,31700
chacha20-poly1305,512,157,44500
chacha20-poly1305,512,158,31400
chacha20-poly1305,512,159,31100
chacha20-poly1305,512,160,31600
chacha20-poly1305,512,161,30900
chacha20-poly1305,512,162,31400
chacha20-poly1305,512,163,31200
chacha20-poly1305,512,164,30900
chacha20-poly1305,512,165,30800
chacha20-poly1305,512,166,31500
chacha20-poly1305,512,167,30800
chacha20-poly1305,512,168,31200
chacha20-poly1305,512,169,31300
chacha20-poly1305,512,170,31300
chacha20-poly1305,512,171,31200
chacha20-poly1305,512,172,31200
chacha20-poly1305,512,173,31000
chacha20-poly1305,512,174,31000
chacha20-poly1305,512,175,31300
chacha20-poly1305,512,176,30800
chacha20-poly1305,512,177,30900
chacha20-poly1305,512,178,31500
chacha20-poly1305,512,179,30700
chacha20-poly1305,512,180,31400
chacha20-poly1305,512,181,31100
chacha20-poly1305,512,182,31600
chacha20-poly1305,512,183,30800
chacha20-poly1305,512,184,31400
chacha20-poly1305,512,185,30900
chacha20-poly1305,512,186,31000
chacha20-poly1305,512,187,31400
chacha20-poly1305,512,188,30900
chacha20-poly1305,512,189,30800
chacha20-poly1305,512,190,31200
chacha20-poly1305,512,191,31100
chacha20-poly1305,512,192,31100
chacha20-poly1305,512,193,31200
chacha20-poly1305,512,194,30800
chacha20-poly1305,512,195,31000
chacha20-poly1305,512,196,31300
chacha20-poly1305,512,197,30800
chacha20-poly1305,512,198,31400
chacha20-poly1305,512,199,31100
chacha20-poly1305,512,200,31600
chacha20-poly1305,512,201,30900
chacha20-poly1305,512,202,31700
chacha20-poly1305,512,203,30800
chacha20-poly1305,512,204,31200
chacha20-poly1305,512,205,31200
chacha20-poly1305,512,206,30700
chacha20-poly1305,512,207,30900
chacha20-poly1305,512,208,31100
chacha20-poly1305,512,209,31100
chacha20-poly1305,512,210,31500
chacha20-poly1305,512,211,31100
chacha20-poly1305,512,212,30900
chacha20-poly1305,512,213,31100
chacha20-poly1305,512,214,31500
chacha20-poly1305,512,215,31000
chacha20-poly1305,512,216,31200
chacha20-poly1305,512,217,31200
chacha20-poly1305,512,218,31000
chacha20-poly1305,512,219,31000
chacha20-poly1305,512,220,32400
chacha20-poly1305,512,221,30700
chacha20-poly1305,512,222,31200
chacha20-poly1305,512,223,31500
chacha20-poly1305,512,224,30900
chacha20-poly1305,512,225,31100
chacha20-poly1305,512,226,31100
chacha20-poly1305,512,227,30900
chacha20-poly1305,512,228,31000
chacha20-poly1305,512,229,31000
chacha20-poly1305,512,230,31300
chacha20-poly1305,512,231,31600
chacha20-poly1305,512,232,31500
chacha20-poly1305,512,233,30600
chacha20-poly1305,512,234,31200
chacha20-poly1305,512,235,31300
chacha20-poly1305,512,236,31100
chacha20-poly1305,512,237,30900
chacha20-poly1305,512,238,31800
chacha20-poly1305,512,239,30700
chacha20-poly1305,512,240,31200
chacha20-poly1305,512,241,31300
chacha20-poly1305,512,242,31000
chacha20-poly1305,512,243,31100
chacha20-poly1305,512,244,31200
chacha20-poly1305,512,245,31100
chacha20-poly1305,512,246,30800
chacha20-poly1305,512,247,31200
chacha20-poly1305,512,248,30800
chacha20-poly1305,512,249,30800
chacha20-poly1305,512,250,31600
chacha20-poly1305,512,251,30900
chacha20-poly1305,512,252,31600
chacha20-poly1305,512,253,31100
chacha20-poly1305,512,254,31000
chacha20-poly1305,512,255,31100
chacha20-poly1305,512,256,31400
chacha20-poly1305,512,257,30800
chacha20-poly1305,512,258,31000
chacha20-poly1305,512,259,31200
chacha20-poly1305,512,260,31200
chacha20-poly1305,512,261,31000
chacha20-poly1305,512,262,31500
chacha20-poly1305,512,263,31000
chacha20-poly1305,512,264,30900
chacha20-poly1305,512,265,31500
chacha20-poly1305,512,266,31400
chacha20-poly1305,512,267,30900
chacha20-poly1305,512,268,31400
chacha20-poly1305,512,269,30800
chacha20-poly1305,512,270,31300
chacha20-poly1305,512,271,30900
chacha20-poly1305,512,272,31200
chacha20-poly1305,512,273,30900
chacha20-poly1305,512,274,31400
chacha20-poly1305,512,275,30800
chacha20-poly1305,512,276,31000
chacha20-poly1305,512,277,31400
chacha20-poly1305,512,278,30700
chacha20-poly1305,512,279,30900
chacha20-poly1305,512,280,31300
chacha20-poly1305,512,281,30900
chacha20-poly1305,512,282,31100
chacha20-poly1305,512,283,32000
chacha20-poly1305,512,284,161900
chacha20-poly1305,512,285,105800
chacha20-poly1305,512,286,74000
chacha20-poly1305,512,287,33900
chacha20-poly1305,512,288,32300
chacha20-poly1305,512,289,31700
chacha20-poly1305,512,290,31400
chacha20-poly1305,512,291,31100
chacha20-poly1305,512,292,31800
chacha20-poly1305,512,293,31000
chacha20-poly1305,512,294,35200
chacha20-poly1305,512,295,32000
chacha20-poly1305,512,296,31100
chacha20-poly1305,512,297,31300
chacha20-poly1305,512,298,31000
chacha20-poly1305,512,299,30900
chacha20-poly1305,512,300,31200
chacha20-poly1305,512,301,31500
chacha20-poly1305,512,302,31200
chacha20-poly1305,512,303,30900
chacha20-poly1305,512,304,31400
chacha20-poly1305,512,305,30700
chacha20-poly1305,512,306,31200
chacha20-poly1305,512,307,32300
chacha20-poly1305,512,308,31100
chacha20-poly1305,512,309,30700
chacha20-poly1305,512,310,31400
chacha20-poly1305,512,311,31000
chacha20-poly1305,512,312,31000
chacha20-poly1305,512,313,31600
chacha20-poly1305,512,314,31200
chacha20-poly1305,512,315,31200
chacha20-poly1305,512,316,31400
chacha20-poly1305,512,317,31000
chacha20-poly1305,512,318,31200
chacha20-poly1305,512,319,31300
chacha20-poly1305,512,320,31100
chacha20-poly1305,512,321,31200
chacha20-poly1305,512,322,31800
chacha20-poly1305,512,323,30900
chacha20-poly1305,512,324,31000
chacha20-poly1305,512,325,31200
chacha20-poly1305,512,326,31200
chacha20-poly1305,512,327,31300
chacha20-poly1305,512,328,31400
chacha20-poly1305,512,329,30800
chacha20-poly1305,512,330,31100
chacha20-poly1305,512,331,31300
chacha20-poly1305,512,332,31400
chacha20-poly1305,512,333,31600
chacha20-poly1305,512,334,31100
chacha20-poly1305,512,335,31100
chacha20-poly1305,512,336,31000
chacha20-poly1305,512,337,31400
chacha20-poly1305,512,338,31000
chacha20-poly1305,512,339,30800
chacha20-poly1305,512,340,31500
chacha20-poly1305,512,341,30900
chacha20-poly1305,512,342,31300
chacha20-poly1305,512,343,31300
chacha20-poly1305,512,344,30900
chacha20-poly1305,512,345,30900
chacha20-poly1305,512,346,31400
chacha20-poly1305,512,347,31700
chacha20-poly1305,512,348,31300
chacha20-poly1305,512,349,31500
chacha20-poly1305,512,350,31500
chacha20-poly1305,512,351,31200
chacha20-poly1305,512,352,31300
chacha20-poly1305,512,353,31200
chacha20-poly1305,512,354,30900
chacha20-poly1305,512,355,31400
chacha20-poly1305,512,356,31100
chacha20-poly1305,512,357,31100
chacha20-poly1305,512,358,31400
chacha20-poly1305,512,359,31100
chacha20-poly1305,512,360,31400
chacha20-poly1305,512,361,31400
chacha20-poly1305,512,362,31300
chacha20-poly1305,512,363,31000
chacha20-poly1305,512,364,31500
chacha20-poly1305,512,365,31000
chacha20-poly1305,512,366,31000
chacha20-poly1305,512,367,31300
chacha20-poly1305,512,368,31000
chacha20-poly1305,512,369,31000
chacha20-poly1305,512,370,31600
chacha20-poly1305,512,371,31200
chacha20-poly1305,512,372,31300
chacha20-poly1305,512,373,31500
chacha20-poly1305,512,374,31000
chacha20-poly1305,512,375,31100
chacha20-poly1305,512,376,31300
chacha20-poly1305,512,377,31100
chacha20-poly1305,512,378,31500
chacha20-poly1305,512,379,31200
chacha20-poly1305,512,380,31400
chacha20-poly1305,512,381,31000
chacha20-poly1305,512,382,31800
chacha20-poly1305,512,383,31000
chacha20-poly1305,512,384,31000
chacha20-poly1305,512,385,31600
chacha20-poly1305,512,386,30800
chacha20-poly1305,512,387,31100
chacha20-poly1305,512,388,31300
chacha20-poly1305,512,389,31000
chacha20-poly1305,512,390,31200
chacha20-poly1305,512,391,31400
chacha20-poly1305,512,392,31100
chacha20-poly1305,512,393,31000
chacha20-poly1305,512,394,31300
chacha20-poly1305,512,395,30800
chacha20-poly1305,512,396,31400
chacha20-poly1305,512,397,31400
chacha20-poly1305,512,398,31300
chacha20-poly1305,512,399,30900
chacha20-poly1305,512,400,31500
chacha20-poly1305,512,401,31000
chacha20-poly1305,512,402,31400
chacha20-poly1305,512,403,31400
chacha20-poly1305,512,404,31000
chacha20-poly1305,512,405,31400
chacha20-poly1305,512,406,31500
chacha20-poly1305,512,407,31400
chacha20-poly1305,512,408,30800
chacha20-poly1305,512,409,31200
chacha20-poly1305,512,410,30900
chacha20-poly1305,512,411,31600
chacha20-poly1305,512,412,31700
chacha20-poly1305,512,413,30900
chacha20-poly1305,512,414,31400
chacha20-poly1305,512,415,31400
chacha20-poly1305,512,416,31000
chacha20-poly1305,512,417,31000
chacha20-poly1305,512,418,31400
chacha20-poly1305,512,419,30900
chacha20-poly1305,512,420,31100
chacha20-poly1305,512,421,31300
chacha20-poly1305,512,422,30900
chacha20-poly1305,512,423,31200
chacha20-poly1305,512,424,31400
chacha20-poly1305,512,425,31100
chacha20-poly1305,512,426,31100
chacha20-poly1305,512,427,31300
chacha20-poly1305,512,428,31100
chacha20-poly1305,512,429,31100
chacha20-poly1305,512,430,31600
chacha20-poly1305,512,431,30900
chacha20-poly1305,512,432,31400
chacha20-poly1305,512,433,31200
chacha20-poly1305,512,434,31600
chacha20-poly1305,512,435,30900
chacha20-poly1305,512,436,31400
chacha20-poly1305,512,437,30900
chacha20-poly1305,512,438,31000
chacha20-poly1305,512,439,31300
chacha20-poly1305,512,440,31100
chacha20-poly1305,512,441,31200
chacha20-poly1305,512,442,31300
chacha20-poly1305,512,443,31100
chacha20-poly1305,512,444,31100
chacha20-poly1305,512,445,31400
chacha20-poly1305,512,446,30900
chacha20-poly1305,512,447,31100
chacha20-poly1305,512,448,31300
chacha20-poly1305,512,449,30900
chacha20-poly1305,512,450,31300
chacha20-poly1305,512,451,31100
chacha20-poly1305,512,452,31400
chacha20-poly1305,512,453,31000
chacha20-poly1305,512,454,31300
chacha20-poly1305,512,455,31100
chacha20-poly1305,512,456,31100
chacha20-poly1305,512,457,31300
chacha20-poly1305,512,458,31000
chacha20-poly1305,512,459,31000
chacha20-poly1305,512,460,31400
chacha20-poly1305,512,461,31300
chacha20-poly1305,512,462,31600
chacha20-poly1305,512,463,31400
chacha20-poly1305,512,464,31000
chacha20-poly1305,512,465,30900
chacha20-poly1305,512,466,31600
chacha20-poly1305,512,467,30900
chacha20-poly1305,512,468,31100
chacha20-poly1305,512,469,31100
chacha20-poly1305,512,470,31300
chacha20-poly1305,512,471,31200
chacha20-poly1305,512,472,31700
chacha20-poly1305,512,473,30900
chacha20-poly1305,512,474,31000
chacha20-poly1305,512,475,32100
chacha20-poly1305,512,476,31200
chacha20-poly1305,512,477,31300
chacha20-poly1305,512,478,31300
chacha20-poly1305,512,479,31000
chacha20-poly1305,512,480,31000
chacha20-poly1305,512,481,31400
chacha20-poly1305,512,482,31000
chacha20-poly1305,512,483,31100
chacha20-poly1305,512,484,31200
chacha20-poly1305,512,485,30900
chacha20-poly1305,512,486,31100
chacha20-poly1305,512,487,31300
chacha20-poly1305,512,488,31000
chacha20-poly1305,512,489,31000
chacha20-poly1305,512,490,31600
chacha20-poly1305,512,491,30800
chacha20-poly1305,512,492,31200
chacha20-poly1305,512,493,31300
chacha20-poly1305,512,494,31000
chacha20-poly1305,512,495,31100
chacha20-poly1305,512,496,31200
chacha20-poly1305,512,497,31100
chacha20-poly1305,512,498,31100
chacha20-poly1305,512,499,31200
chacha20-poly1305,512,500,31000
chacha20-poly1305,512,501,30700
chacha20-poly1305,512,502,31500
chacha20-poly1305,512,503,31000
chacha20-poly1305,512,504,31100
chacha20-poly1305,512,505,31200
chacha20-poly1305,512,506,31000
chacha20-poly1305,512,507,31000
chacha20-poly1305,512,508,31400
chacha20-poly1305,512,509,30800
chacha20-poly1305,512,510,31200
chacha20-poly1305,512,511,31100
chacha20-poly1305,512,512,31300
chacha20-poly1305,512,513,31300
chacha20-poly1305,512,514,31100
chacha20-poly1305,512,515,31100
chacha20-poly1305,512,516,31000
chacha20-poly1305,512,517,31300
chacha20-poly1305,512,518,31100
chacha20-poly1305,512,519,30800
chacha20-poly1305,512,520,31500
chacha20-poly1305,512,521,30700
chacha20-poly1305,512,522,31300
chacha20-poly1305,512,523,31000
chacha20-poly1305,512,524,31500
chacha20-poly1305,512,525,31200
chacha20-poly1305,512,526,31300
chacha20-poly1305,512,527,31100
chacha20-poly1305,512,528,31000
chacha20-poly1305,512,529,31300
chacha20-poly1305,512,530,30900
chacha20-poly1305,512,531,31000
chacha20-poly1305,512,532,31200
chacha20-poly1305,512,533,31000
chacha20-poly1305,512,534,30900
chacha20-poly1305,512,535,31600
chacha20-poly1305,512,536,30900
chacha20-poly1305,512,537,31000
chacha20-poly1305,512,538,32000
chacha20-poly1305,512,539,30800
chacha20-poly1305,512,540,31300
chacha20-poly1305,512,541,31000
chacha20-poly1305,512,542,31300
chacha20-poly1305,512,543,31000
chacha20-poly1305,512,544,31200
chacha20-poly1305,512,545,31000
chacha20-poly1305,512,546,31200
chacha20-poly1305,512,547,31300
chacha20-poly1305,512,548,30800
chacha20-poly1305,512,549,31000
chacha20-poly1305,512,550,31100
chacha20-poly1305,512,551,31000
chacha20-poly1305,512,552,31100
chacha20-poly1305,512,553,31500
chacha20-poly1305,512,554,30800
chacha20-poly1305,512,555,31000
chacha20-poly1305,512,556,31600
chacha20-poly1305,512,557,30900
chacha20-poly1305,512,558,31200
chacha20-poly1305,512,559,31100
chacha20-poly1305,512,560,31000
chacha20-poly1305,512,561,31000
chacha20-poly1305,512,562,31800
chacha20-poly1305,512,563,30800
chacha20-poly1305,512,564,30900
chacha20-poly1305,512,565,33500
chacha20-poly1305,512,566,30900
chacha20-poly1305,512,567,31300
chacha20-poly1305,512,568,31200
chacha20-poly1305,512,569,30800
chacha20-poly1305,512,570,31100
chacha20-poly1305,512,571,31200
chacha20-poly1305,512,572,31200
chacha20-poly1305,512,573,30800
chacha20-poly1305,512,574,31700
chacha20-poly1305,512,575,30900
chacha20-poly1305,512,576,31300
chacha20-poly1305,512,577,31300
chacha20-poly1305,512,578,31000
chacha20-poly1305,512,579,30800
chacha20-poly1305,512,580,31500
chacha20-poly1305,512,581,30900
chacha20-poly1305,512,582,31300
chacha20-poly1305,512,583,31600
chacha20-poly1305,512,584,30900
chacha20-poly1305,512,585,31200
chacha20-poly1305,512,586,31100
chacha20-poly1305,512,587,31200
chacha20-poly1305,512,588,31300
chacha20-poly1305,512,589,31600
chacha20-poly1305,512,590,30900
chacha20-poly1305,512,591,30900
chacha20-poly1305,512,592,31500
chacha20-poly1305,512,593,30900
chacha20-poly1305,512,594,31300
chacha20-poly1305,512,595,31200
chacha20-poly1305,512,596,31100
chacha20-poly1305,512,597,30900
chacha20-poly1305,512,598,31300
chacha20-poly1305,512,599,30900
chacha20-poly1305,512,600,31000
chacha20-poly1305,512,601,31400
chacha20-poly1305,512,602,32000
chacha20-poly1305,512,603,31300
chacha20-poly1305,512,604,31300
chacha20-poly1305,512,605,31100
chacha20-poly1305,512,606,31000
chacha20-poly1305,512,607,31300
chacha20-poly1305,512,608,30800
chacha20-poly1305,512,609,31000
chacha20-poly1305,512,610,31400
chacha20-poly1305,512,611,30800
chacha20-poly1305,512,612,31400
chacha20-poly1305,512,613,31100
chacha20-poly1305,512,614,31200
chacha20-poly1305,512,615,31200
chacha20-poly1305,512,616,31400
chacha20-poly1305,512,617,30800
chacha20-poly1305,512,618,30800
chacha20-poly1305,512,619,31400
chacha20-poly1305,512,620,31100
chacha20-poly1305,512,621,31200
chacha20-poly1305,512,622,31300
chacha20-poly1305,512,623,31300
chacha20-poly1305,512,624,31000
chacha20-poly1305,512,625,31800
chacha20-poly1305,512,626,31700
chacha20-poly1305,512,627,31000
chacha20-poly1305,512,628,31400
chacha20-poly1305,512,629,30800
chacha20-poly1305,512,630,31600
chacha20-poly1305,512,631,31300
chacha20-poly1305,512,632,31100
chacha20-poly1305,512,633,31000
chacha20-poly1305,512,634,31400
chacha20-poly1305,512,635,31000
chacha20-poly1305,512,636,31100
chacha20-poly1305,512,637,31500
chacha20-poly1305,512,638,31100
chacha20-poly1305,512,639,31000
chacha20-poly1305,512,640,31400
chacha20-poly1305,512,641,31100
chacha20-poly1305,512,642,31200
chacha20-poly1305,512,643,31400
chacha20-poly1305,512,644,30900
chacha20-poly1305,512,645,31100
chacha20-poly1305,512,646,31400
chacha20-poly1305,512,647,31100
chacha20-poly1305,512,648,31300
chacha20-poly1305,512,649,31000
chacha20-poly1305,512,650,31100
chacha20-poly1305,512,651,30600
chacha20-poly1305,512,652,31600
chacha20-poly1305,512,653,31100
chacha20-poly1305,512,654,30900
chacha20-poly1305,512,655,31400
chacha20-poly1305,512,656,30900
chacha20-poly1305,512,657,31200
chacha20-poly1305,512,658,31700
chacha20-poly1305,512,659,31000
chacha20-poly1305,512,660,30900
chacha20-poly1305,512,661,31400
chacha20-poly1305,512,662,31100
chacha20-poly1305,512,663,31100
chacha20-poly1305,512,664,31500
chacha20-poly1305,512,665,31100
chacha20-poly1305,512,666,31800
chacha20-poly1305,512,667,31300
chacha20-poly1305,512,668,31300
chacha20-poly1305,512,669,30800
chacha20-poly1305,512,670,31500
chacha20-poly1305,512,671,30700
chacha20-poly1305,512,672,31000
chacha20-poly1305,512,673,31500
chacha20-poly1305,512,674,30800
chacha20-poly1305,512,675,31100
chacha20-poly1305,512,676,31200
chacha20-poly1305,512,677,31200
chacha20-poly1305,512,678,30900
chacha20-poly1305,512,679,31300
chacha20-poly1305,512,680,31000
chacha20-poly1305,512,681,31000
chacha20-poly1305,512,682,31700
chacha20-poly1305,512,683,30900
chacha20-poly1305,512,684,31300
chacha20-poly1305,512,685,31100
chacha20-poly1305,512,686,31400
chacha20-poly1305,512,687,31400
chacha20-poly1305,512,688,31200
chacha20-poly1305,512,689,30800
chacha20-poly1305,512,690,31100
chacha20-poly1305,512,691,31300
chacha20-poly1305,512,692,31100
chacha20-poly1305,512,693,31100
chacha20-poly1305,512,694,31000
chacha20-poly1305,512,695,31400
chacha20-poly1305,512,696,31000
chacha20-poly1305,512,697,31300
chacha20-poly1305,512,698,31000
chacha20-poly1305,512,699,31100
chacha20-poly1305,512,700,31400
chacha20-poly1305,512,701,30900
chacha20-poly1305,512,702,31700
chacha20-poly1305,512,703,31200
chacha20-poly1305,512,704,31000
chacha20-poly1305,512,705,31000
chacha20-poly1305,512,706,31200
chacha20-poly1305,512,707,30800
chacha20-poly1305,512,708,31000
chacha20-poly1305,512,709,31100
chacha20-poly1305,512,710,31000
chacha20-poly1305,512,711,31300
chacha20-poly1305,512,712,31300
chacha20-poly1305,512,713,31100
chacha20-poly1305,512,714,31400
chacha20-poly1305,512,715,31300
chacha20-poly1305,512,716,30900
chacha20-poly1305,512,717,31200
chacha20-poly1305,512,718,31900
chacha20-poly1305,512,719,30800
chacha20-poly1305,512,720,31300
chacha20-poly1305,512,721,31100
chacha20-poly1305,512,722,31300
chacha20-poly1305,512,723,31100
chacha20-poly1305,512,724,31400
chacha20-poly1305,512,725,30800
chacha20-poly1305,512,726,31000
chacha20-poly1305,512,727,31500
chacha20-poly1305,512,728,30900
chacha20-poly1305,512,729,31000
chacha20-poly1305,512,730,32100
chacha20-poly1305,512,731,31100
chacha20-poly1305,512,732,31300
chacha20-poly1305,512,733,31600
chacha20-poly1305,512,734,31000
chacha20-poly1305,512,735,31000
chacha20-poly1305,512,736,31300
chacha20-poly1305,512,737,31000
chacha20-poly1305,512,738,31100
chacha20-poly1305,512,739,31100
chacha20-poly1305,512,740,31100
chacha20-poly1305,512,741,30800
chacha20-poly1305,512,742,31700
chacha20-poly1305,512,743,31200
chacha20-poly1305,512,744,31000
chacha20-poly1305,512,745,31500
chacha20-poly1305,512,746,30900
chacha20-poly1305,512,747,31100
chacha20-poly1305,512,748,31200
chacha20-poly1305,512,749,31100
chacha20-poly1305,512,750,31000
chacha20-poly1305,512,751,31300
chacha20-poly1305,512,752,31100
chacha20-poly1305,512,753,31000
chacha20-poly1305,512,754,31500
chacha20-poly1305,512,755,30900
chacha20-poly1305,512,756,31200
chacha20-poly1305,512,757,31200
chacha20-poly1305,512,758,31200
chacha20-poly1305,512,759,31200
chacha20-poly1305,512,760,31800
chacha20-poly1305,512,761,30900
chacha20-poly1305,512,762,31200
chacha20-poly1305,512,763,31400
chacha20-poly1305,512,764,31100
chacha20-poly1305,512,765,31400
chacha20-poly1305,512,766,31300
chacha20-poly1305,512,767,31100
chacha20-poly1305,512,768,30800
chacha20-poly1305,512,769,31500
chacha20-poly1305,512,770,31200
chacha20-poly1305,512,771,30900
chacha20-poly1305,512,772,31600
chacha20-poly1305,512,773,30900
chacha20-poly1305,512,774,31100
chacha20-poly1305,512,775,31300
chacha20-poly1305,512,776,31000
chacha20-poly1305,512,777,31000
chacha20-poly1305,512,778,31300
chacha20-poly1305,512,779,30700
chacha20-poly1305,512,780,31100
chacha20-poly1305,512,781,31400
chacha20-poly1305,512,782,31300
chacha20-poly1305,512,783,31400
chacha20-poly1305,512,784,150900
chacha20-poly1305,512,785,191000
chacha20-poly1305,512,786,193100
chacha20-poly1305,512,787,82900
chacha20-poly1305,512,788,49500
chacha20-poly1305,512,789,47700
chacha20-poly1305,512,790,47200
chacha20-poly1305,512,791,44200
chacha20-poly1305,512,792,45900
chacha20-poly1305,512,793,46700
chacha20-poly1305,512,794,46600
chacha20-poly1305,512,795,45800
chacha20-poly1305,512,796,45600
chacha20-poly1305,512,797,44700
chacha20-poly1305,512,798,45000
chacha20-poly1305,512,799,45400
chacha20-poly1305,512,800,44800
chacha20-poly1305,512,801,45200
chacha20-poly1305,512,802,45100
chacha20-poly1305,512,803,45100
chacha20-poly1305,512,804,44700
chacha20-poly1305,512,805,45300
chacha20-poly1305,512,806,45000
chacha20-poly1305,512,807,44800
chacha20-poly1305,512,808,49300
chacha20-poly1305,512,809,44300
chacha20-poly1305,512,810,45100
chacha20-poly1305,512,811,44900
chacha20-poly1305,512,812,30900
chacha20-poly1305,512,813,30700
chacha20-poly1305,512,814,31700
chacha20-poly1305,512,815,30600
chacha20-poly1305,512,816,31300
chacha20-poly1305,512,817,31100
chacha20-poly1305,512,818,31000
chacha20-poly1305,512,819,31100
chacha20-poly1305,512,820,33600
chacha20-poly1305,512,821,30800
chacha20-poly1305,512,822,31000
chacha20-poly1305,512,823,30900
chacha20-poly1305,512,824,31000
chacha20-poly1305,512,825,31200
chacha20-poly1305,512,826,32000
chacha20-poly1305,512,827,30800
chacha20-poly1305,512,828,31300
chacha20-poly1305,512,829,31000
chacha20-poly1305,512,830,31100
chacha20-poly1305,512,831,30600
chacha20-poly1305,512,832,31300
chacha20-poly1305,512,833,30800
chacha20-poly1305,512,834,31200
chacha20-poly1305,512,835,31400
chacha20-poly1305,512,836,31100
chacha20-poly1305,512,837,31300
chacha20-poly1305,512,838,31200
chacha20-poly1305,512,839,30500
chacha20-poly1305,512,840,31100
chacha20-poly1305,512,841,31100
chacha20-poly1305,512,842,31000
chacha20-poly1305,512,843,31000
chacha20-poly1305,512,844,31400
chacha20-poly1305,512,845,30600
chacha20-poly1305,512,846,31600
chacha20-poly1305,512,847,31000
chacha20-poly1305,512,848,31300
chacha20-poly1305,512,849,30600
chacha20-poly1305,512,850,31500
chacha20-poly1305,512,851,30500
chacha20-poly1305,512,852,31000
chacha20-poly1305,512,853,31100
chacha20-poly1305,512,854,31300
chacha20-poly1305,512,855,53700
chacha20-poly1305,512,856,50700
chacha20-poly1305,512,857,36200
chacha20-poly1305,512,858,32000
chacha20-poly1305,512,859,31700
chacha20-poly1305,512,860,31400
chacha20-poly1305,512,861,31000
chacha20-poly1305,512,862,31700
chacha20-poly1305,512,863,30900
chacha20-poly1305,512,864,31600
chacha20-poly1305,512,865,31300
chacha20-poly1305,512,866,31300
chacha20-poly1305,512,867,31500
chacha20-poly1305,512,868,31500
chacha20-poly1305,512,869,31100
chacha20-poly1305,512,870,31400
chacha20-poly1305,512,871,31300
chacha20-poly1305,512,872,31100
chacha20-poly1305,512,873,31100
chacha20-poly1305,512,874,31400
chacha20-poly1305,512,875,31000
chacha20-poly1305,512,876,31100
chacha20-poly1305,512,877,31500
chacha20-poly1305,512,878,31400
chacha20-poly1305,512,879,30900
chacha20-poly1305,512,880,31600
chacha20-poly1305,512,881,30900
chacha20-poly1305,512,882,31900
chacha20-poly1305,512,883,31100
chacha20-poly1305,512,884,31500
chacha20-poly1305,512,885,31100
chacha20-poly1305,512,886,31500
chacha20-poly1305,512,887,30900
chacha20-poly1305,512,888,31000
chacha20-poly1305,512,889,31600
chacha20-poly1305,512,890,31000
chacha20-poly1305,512,891,31000
chacha20-poly1305,512,892,31500
chacha20-poly1305,512,893,30800
chacha20-poly1305,512,894,31300
chacha20-poly1305,512,895,31400
chacha20-poly1305,512,896,30800
chacha20-poly1305,512,897,30900
chacha20-poly1305,512,898,31400
chacha20-poly1305,512,899,31100
chacha20-poly1305,512,900,31400
chacha20-poly1305,512,901,31000
chacha20-poly1305,512,902,31100
chacha20-poly1305,512,903,30900
chacha20-poly1305,512,904,31500
chacha20-poly1305,512,905,31000
chacha20-poly1305,512,906,31000
chacha20-poly1305,512,907,31400
chacha20-poly1305,512,908,31000
chacha20-poly1305,512,909,31000
chacha20-poly1305,512,910,32000
chacha20-poly1305,512,911,31100
chacha20-poly1305,512,912,31100
chacha20-poly1305,512,913,31200
chacha20-poly1305,512,914,31100
chacha20-poly1305,512,915,31200
chacha20-poly1305,512,916,31600
chacha20-poly1305,512,917,30900
chacha20-poly1305,512,918,31200
chacha20-poly1305,512,919,31000
chacha20-poly1305,512,920,31200
chacha20-poly1305,512,921,32200
chacha20-poly1305,512,922,31600
chacha20-poly1305,512,923,30900
chacha20-poly1305,512,924,31200
chacha20-poly1305,512,925,31400
chacha20-poly1305,512,926,30800
chacha20-poly1305,512,927,31100
chacha20-poly1305,512,928,31100
chacha20-poly1305,512,929,31000
chacha20-poly1305,512,930,31000
chacha20-poly1305,512,931,31500
chacha20-poly1305,512,932,31000
chacha20-poly1305,512,933,30900
chacha20-poly1305,512,934,31600
chacha20-poly1305,512,935,30900
chacha20-poly1305,512,936,31500
chacha20-poly1305,512,937,31400
chacha20-poly1305,512,938,31400
chacha20-poly1305,512,939,30800
chacha20-poly1305,512,940,31500
chacha20-poly1305,512,941,30600
chacha20-poly1305,512,942,31300
chacha20-poly1305,512,943,31200
chacha20-poly1305,512,944,31100
chacha20-poly1305,512,945,31200
chacha20-poly1305,512,946,31300
chacha20-poly1305,512,947,30900
chacha20-poly1305,512,948,30800
chacha20-poly1305,512,949,31100
chacha20-poly1305,512,950,30800
chacha20-poly1305,512,951,30900
chacha20-poly1305,512,952,31400
chacha20-poly1305,512,953,30900
chacha20-poly1305,512,954,31300
chacha20-poly1305,512,955,30900
chacha20-poly1305,512,956,31000
chacha20-poly1305,512,957,31000
chacha20-poly1305,512,958,31400
chacha20-poly1305,512,959,30700
chacha20-poly1305,512,960,31100
chacha20-poly1305,512,961,31400
chacha20-poly1305,512,962,31300
chacha20-poly1305,512,963,31300
chacha20-poly1305,512,964,31500
chacha20-poly1305,512,965,31200
chacha20-poly1305,512,966,31300
chacha20-poly1305,512,967,31200
chacha20-poly1305,512,968,30800
chacha20-poly1305,512,969,30800
chacha20-poly1305,512,970,31200
chacha20-poly1305,512,971,30700
chacha20-poly1305,512,972,31200
chacha20-poly1305,512,973,31000
chacha20-poly1305,512,974,31600
chacha20-poly1305,512,975,30800
chacha20-poly1305,512,976,31300
chacha20-poly1305,512,977,30800
chacha20-poly1305,512,978,31000
chacha20-poly1305,512,979,31200
chacha20-poly1305,512,980,31100
chacha20-poly1305,512,981,31100
chacha20-poly1305,512,982,31300
chacha20-poly1305,512,983,30800
chacha20-poly1305,512,984,31100
chacha20-poly1305,512,985,32500
chacha20-poly1305,512,986,30900
chacha20-poly1305,512,987,31100
chacha20-poly1305,512,988,31300
chacha20-poly1305,512,989,30700
chacha20-poly1305,512,990,31100
chacha20-poly1305,512,991,31000
chacha20-poly1305,512,992,31200
chacha20-poly1305,512,993,30800
chacha20-poly1305,512,994,31900
chacha20-poly1305,512,995,31100
chacha20-poly1305,512,996,30900
chacha20-poly1305,512,997,31200
chacha20-poly1305,512,998,30900
chacha20-poly1305,512,999,31000
chacha20-poly1305,512,1000,31100
chacha20-poly1305,512,1001,30900
chacha20-poly1305,512,1002,31000
chacha20-poly1305,512,1003,31400
chacha20-poly1305,512,1004,31000
chacha20-poly1305,512,1005,31100
chacha20-poly1305,512,1006,31500
chacha20-poly1305,512,1007,30800
chacha20-poly1305,512,1008,31100
chacha20-poly1305,512,1009,128000
chacha20-poly1305,512,1010,92800
chacha20-poly1305,512,1011,41900
chacha20-poly1305,512,1012,33900
chacha20-poly1305,512,1013,31400
chacha20-poly1305,512,1014,31700
chacha20-poly1305,512,1015,32400
chacha20-poly1305,512,1016,31100
chacha20-poly1305,512,1017,31300
chacha20-poly1305,512,1018,31300
chacha20-poly1305,512,1019,30900
chacha20-poly1305,512,1020,31200
chacha20-poly1305,512,1021,31400
chacha20-poly1305,512,1022,31400
chacha20-poly1305,512,1023,31000
chacha20-poly1305,512,1024,31700
chacha20-poly1305,512,1025,31200
chacha20-poly1305,512,1026,31700
chacha20-poly1305,512,1027,31000
chacha20-poly1305,512,1028,31100
chacha20-poly1305,512,1029,30900
chacha20-poly1305,512,1030,31700
chacha20-poly1305,512,1031,30800
chacha20-poly1305,512,1032,31200
chacha20-poly1305,512,1033,31300
chacha20-poly1305,512,1034,30900
chacha20-poly1305,512,1035,31300
chacha20-poly1305,512,1036,31300
chacha20-poly1305,512,1037,31400
chacha20-poly1305,512,1038,30900
chacha20-poly1305,512,1039,31200
chacha20-poly1305,512,1040,31000
chacha20-poly1305,512,1041,30700
chacha20-poly1305,512,1042,31900
chacha20-poly1305,512,1043,30700
chacha20-poly1305,512,1044,31400
chacha20-poly1305,512,1045,31300
chacha20-poly1305,512,1046,31100
chacha20-poly1305,512,1047,31100
chacha20-poly1305,512,1048,32300
chacha20-poly1305,512,1049,30900
chacha20-poly1305,512,1050,31600
chacha20-poly1305,512,1051,31200
chacha20-poly1305,512,1052,31000
chacha20-poly1305,512,1053,31200
chacha20-poly1305,512,1054,31100
chacha20-poly1305,512,1055,31200
chacha20-poly1305,512,1056,30900
chacha20-poly1305,512,1057,31200
chacha20-poly1305,512,1058,31100
chacha20-poly1305,512,1059,30800
chacha20-poly1305,512,1060,31700
chacha20-poly1305,512,1061,30700
chacha20-poly1305,512,1062,31200
chacha20-poly1305,512,1063,31100
chacha20-poly1305,512,1064,31500
chacha20-poly1305,512,1065,31000
chacha20-poly1305,512,1066,31400
chacha20-poly1305,512,1067,26900
chacha20-poly1305,512,1068,31100
chacha20-poly1305,512,1069,31400
chacha20-poly1305,512,1070,31000
chacha20-poly1305,512,1071,31000
chacha20-poly1305,512,1072,31300
chacha20-poly1305,512,1073,30900
chacha20-poly1305,512,1074,31400
chacha20-poly1305,512,1075,31600
chacha20-poly1305,512,1076,30900
chacha20-poly1305,512,1077,30900
chacha20-poly1305,512,1078,31700
chacha20-poly1305,512,1079,30900
chacha20-poly1305,512,1080,31300
chacha20-poly1305,512,1081,31200
chacha20-poly1305,512,1082,31300
chacha20-poly1305,512,1083,30800
chacha20-poly1305,512,1084,31300
chacha20-poly1305,512,1085,31200
chacha20-poly1305,512,1086,30900
chacha20-poly1305,512,1087,31300
chacha20-poly1305,512,1088,30800
chacha20-poly1305,512,1089,31000
chacha20-poly1305,512,1090,31500
chacha20-poly1305,512,1091,31000
chacha20-poly1305,512,1092,31100
chacha20-poly1305,512,1093,31300
chacha20-poly1305,512,1094,30900
chacha20-poly1305,512,1095,31000
chacha20-poly1305,512,1096,31400
chacha20-poly1305,512,1097,30900
chacha20-poly1305,512,1098,31100
chacha20-poly1305,512,1099,31200
chacha20-poly1305,512,1100,31200
chacha20-poly1305,512,1101,31100
chacha20-poly1305,512,1102,31500
chacha20-poly1305,512,1103,30800
chacha20-poly1305,512,1104,31000
chacha20-poly1305,512,1105,31500
chacha20-poly1305,512,1106,31300
chacha20-poly1305,512,1107,31200
chacha20-poly1305,512,1108,31200
chacha20-poly1305,512,1109,31400
chacha20-poly1305,512,1110,31000
chacha20-poly1305,512,1111,31400
chacha20-poly1305,512,1112,31600
chacha20-poly1305,512,1113,30700
chacha20-poly1305,512,1114,31300
chacha20-poly1305,512,1115,31100
chacha20-poly1305,512,1116,31300
chacha20-poly1305,512,1117,31200
chacha20-poly1305,512,1118,31000
chacha20-poly1305,512,1119,31000
chacha20-poly1305,512,1120,31500
chacha20-poly1305,512,1121,30700
chacha20-poly1305,512,1122,31200
chacha20-poly1305,512,1123,31200
chacha20-poly1305,512,1124,30900
chacha20-poly1305,512,1125,31400
chacha20-poly1305,512,1126,31300
chacha20-poly1305,512,1127,31200
chacha20-poly1305,512,1128,31100
chacha20-poly1305,512,1129,31000
chacha20-poly1305,512,1130,31000
chacha20-poly1305,512,1131,30700
chacha20-poly1305,512,1132,31300
chacha20-poly1305,512,1133,30900
chacha20-poly1305,512,1134,31500
chacha20-poly1305,512,1135,31200
chacha20-poly1305,512,1136,31400
chacha20-poly1305,512,1137,30900
chacha20-poly1305,512,1138,31800
chacha20-poly1305,512,1139,30800
chacha20-poly1305,512,1140,31100
chacha20-poly1305,512,1141,31200
chacha20-poly1305,512,1142,31000
chacha20-poly1305,512,1143,31200
chacha20-poly1305,512,1144,31300
chacha20-poly1305,512,1145,31100
chacha20-poly1305,512,1146,31100
chacha20-poly1305,512,1147,31300
chacha20-poly1305,512,1148,30900
chacha20-poly1305,512,1149,30900
chacha20-poly1305,512,1150,31400
chacha20-poly1305,512,1151,30800
chacha20-poly1305,512,1152,31200
chacha20-poly1305,512,1153,31000
chacha20-poly1305,512,1154,31700
chacha20-poly1305,512,1155,31400
chacha20-poly1305,512,1156,31500
chacha20-poly1305,512,1157,30900
chacha20-poly1305,512,1158,31200
chacha20-poly1305,512,1159,31400
chacha20-poly1305,512,1160,31200
chacha20-poly1305,512,1161,31100
chacha20-poly1305,512,1162,31600
chacha20-poly1305,512,1163,31000
chacha20-poly1305,512,1164,31100
chacha20-poly1305,512,1165,31500
chacha20-poly1305,512,1166,31000
chacha20-poly1305,512,1167,31300
chacha20-poly1305,512,1168,31500
chacha20-poly1305,512,1169,30800
chacha20-poly1305,512,1170,31400
chacha20-poly1305,512,1171,30900
chacha20-poly1305,512,1172,31100
chacha20-poly1305,512,1173,31000
chacha20-poly1305,512,1174,31500
chacha20-poly1305,512,1175,31200
chacha20-poly1305,512,1176,31700
chacha20-poly1305,512,1177,31300
chacha20-poly1305,512,1178,30800
chacha20-poly1305,512,1179,31100
chacha20-poly1305,512,1180,31300
chacha20-poly1305,512,1181,31200
chacha20-poly1305,512,1182,31100
chacha20-poly1305,512,1183,31200
chacha20-poly1305,512,1184,31000
chacha20-poly1305,512,1185,30900
chacha20-poly1305,512,1186,31600
chacha20-poly1305,512,1187,31000
chacha20-poly1305,512,1188,31300
chacha20-poly1305,512,1189,31600
chacha20-poly1305,512,1190,31500
chacha20-poly1305,512,1191,31000
chacha20-poly1305,512,1192,31600
chacha20-poly1305,512,1193,30900
chacha20-poly1305,512,1194,31000
chacha20-poly1305,512,1195,31500
chacha20-poly1305,512,1196,30900
chacha20-poly1305,512,1197,31400
chacha20-poly1305,512,1198,31200
chacha20-poly1305,512,1199,31000
chacha20-poly1305,512,1200,31000
chacha20-poly1305,512,1201,31300
chacha20-poly1305,512,1202,31200
chacha20-poly1305,512,1203,30900
chacha20-poly1305,512,1204,31400
chacha20-poly1305,512,1205,31200
chacha20-poly1305,512,1206,31300
chacha20-poly1305,512,1207,31300
chacha20-poly1305,512,1208,31100
chacha20-poly1305,512,1209,30800
chacha20-poly1305,512,1210,31400
chacha20-poly1305,512,1211,30800
chacha20-poly1305,512,1212,31200
chacha20-poly1305,512,1213,31500
chacha20-poly1305,512,1214,30900
chacha20-poly1305,512,1215,31300
chacha20-poly1305,512,1216,31100
chacha20-poly1305,512,1217,31100
chacha20-poly1305,512,1218,31500
chacha20-poly1305,512,1219,31300
chacha20-poly1305,512,1220,31000
chacha20-poly1305,512,1221,31400
chacha20-poly1305,512,1222,31600
chacha20-poly1305,512,1223,30800
chacha20-poly1305,512,1224,31300
chacha20-poly1305,512,1225,31800
chacha20-poly1305,512,1226,32600
chacha20-poly1305,512,1227,30900
chacha20-poly1305,512,1228,31300
chacha20-poly1305,512,1229,31000
chacha20-poly1305,512,1230,31200
chacha20-poly1305,512,1231,31200
chacha20-poly1305,512,1232,31100
chacha20-poly1305,512,1233,31000
chacha20-poly1305,512,1234,31400
chacha20-poly1305,512,1235,31200
chacha20-poly1305,512,1236,30900
chacha20-poly1305,512,1237,31400
chacha20-poly1305,512,1238,30700
chacha20-poly1305,512,1239,31000
chacha20-poly1305,512,1240,32400
chacha20-poly1305,512,1241,30700
chacha20-poly1305,512,1242,31300
chacha20-poly1305,512,1243,31000
chacha20-poly1305,512,1244,31200
chacha20-poly1305,512,1245,31300
chacha20-poly1305,512,1246,31700
chacha20-poly1305,512,1247,30800
chacha20-poly1305,512,1248,30900
chacha20-poly1305,512,1249,31400
chacha20-poly1305,512,1250,31400
chacha20-poly1305,512,1251,31100
chacha20-poly1305,512,1252,31300
chacha20-poly1305,512,1253,31100
chacha20-poly1305,512,1254,31100
chacha20-poly1305,512,1255,31500
chacha20-poly1305,512,1256,31000
chacha20-poly1305,512,1257,75100
chacha20-poly1305,512,1258,178600
chacha20-poly1305,512,1259,130900
chacha20-poly1305,512,1260,82600
chacha20-poly1305,512,1261,48500
chacha20-poly1305,512,1262,37800
chacha20-poly1305,512,1263,32400
chacha20-poly1305,512,1264,32300
chacha20-poly1305,512,1265,31400
chacha20-poly1305,512,1266,31300
chacha20-poly1305,512,1267,32400
chacha20-poly1305,512,1268,31600
chacha20-poly1305,512,1269,31400
chacha20-poly1305,512,1270,31100
chacha20-poly1305,512,1271,30900
chacha20-poly1305,512,1272,30900
chacha20-poly1305,512,1273,31200
chacha20-poly1305,512,1274,31300
chacha20-poly1305,512,1275,31100
chacha20-poly1305,512,1276,31200
chacha20-poly1305,512,1277,32400
chacha20-poly1305,512,1278,31300
chacha20-poly1305,512,1279,31000
chacha20-poly1305,512,1280,31100
chacha20-poly1305,512,1281,31000
chacha20-poly1305,512,1282,31300
chacha20-poly1305,512,1283,31200
chacha20-poly1305,512,1284,31100
chacha20-poly1305,512,1285,31400
chacha20-poly1305,512,1286,30900
chacha20-poly1305,512,1287,31200
chacha20-poly1305,512,1288,31200
chacha20-poly1305,512,1289,30900
chacha20-poly1305,512,1290,31000
chacha20-poly1305,512,1291,31300
chacha20-poly1305,512,1292,30900
chacha20-poly1305,512,1293,30800
chacha20-poly1305,512,1294,31200
chacha20-poly1305,512,1295,30700
chacha20-poly1305,512,1296,31000
chacha20-poly1305,512,1297,31400
chacha20-poly1305,512,1298,31000
chacha20-poly1305,512,1299,31100
chacha20-poly1305,512,1300,31800
chacha20-poly1305,512,1301,30800
chacha20-poly1305,512,1302,40700
chacha20-poly1305,512,1303,33400
chacha20-poly1305,512,1304,31000
chacha20-poly1305,512,1305,31400
chacha20-poly1305,512,1306,31600
chacha20-poly1305,512,1307,31300
chacha20-poly1305,512,1308,30900
chacha20-poly1305,512,1309,31500
chacha20-poly1305,512,1310,31400
chacha20-poly1305,512,1311,30800
chacha20-poly1305,512,1312,31300
chacha20-poly1305,512,1313,30800
chacha20-poly1305,512,1314,31000
chacha20-poly1305,512,1315,31100
chacha20-poly1305,512,1316,30900
chacha20-poly1305,512,1317,31100
chacha20-poly1305,512,1318,31300
chacha20-poly1305,512,1319,30700
chacha20-poly1305,512,1320,31200
chacha20-poly1305,512,1321,31300
chacha20-poly1305,512,1322,30800
chacha20-poly1305,512,1323,31000
chacha20-poly1305,512,1324,31300
chacha20-poly1305,512,1325,31200
chacha20-poly1305,512,1326,31100
chacha20-poly1305,512,1327,31400
chacha20-poly1305,512,1328,31000
chacha20-poly1305,512,1329,31000
chacha20-poly1305,512,1330,31900
chacha20-poly1305,512,1331,31100
chacha20-poly1305,512,1332,31600
chacha20-poly1305,512,1333,31100
chacha20-poly1305,512,1334,31000
chacha20-poly1305,512,1335,30900
chacha20-poly1305,512,1336,31300
chacha20-poly1305,512,1337,31000
chacha20-poly1305,512,1338,30900
chacha20-poly1305,512,1339,31100
chacha20-poly1305,512,1340,31000
chacha20-poly1305,512,1341,31300
chacha20-poly1305,512,1342,31400
chacha20-poly1305,512,1343,31100
chacha20-poly1305,512,1344,31000
chacha20-poly1305,512,1345,31400
chacha20-poly1305,512,1346,31100
chacha20-poly1305,512,1347,31200
chacha20-poly1305,512,1348,31500
chacha20-poly1305,512,1349,30900
chacha20-poly1305,512,1350,31200
chacha20-poly1305,512,1351,31100
chacha20-poly1305,512,1352,31400
chacha20-poly1305,512,1353,31100
chacha20-poly1305,512,1354,31500
chacha20-poly1305,512,1355,31000
chacha20-poly1305,512,1356,31100
chacha20-poly1305,512,1357,31500
chacha20-poly1305,512,1358,31000
chacha20-poly1305,512,1359,31000
chacha20-poly1305,512,1360,31300
chacha20-poly1305,512,1361,30900
chacha20-poly1305,512,1362,31200
chacha20-poly1305,512,1363,31500
chacha20-poly1305,512,1364,31000
chacha20-poly1305,512,1365,31000
chacha20-poly1305,512,1366,31400
chacha20-poly1305,512,1367,31800
chacha20-poly1305,512,1368,31400
chacha20-poly1305,512,1369,31200
chacha20-poly1305,512,1370,31200
chacha20-poly1305,512,1371,30800
chacha20-poly1305,512,1372,31400
chacha20-poly1305,512,1373,31000
chacha20-poly1305,512,1374,31000
chacha20-poly1305,512,1375,31400
chacha20-poly1305,512,1376,31100
chacha20-poly1305,512,1377,31100
chacha20-poly1305,512,1378,31100
chacha20-poly1305,512,1379,31000
chacha20-poly1305,512,1380,30900
chacha20-poly1305,512,1381,31200
chacha20-poly1305,512,1382,30900
chacha20-poly1305,512,1383,31000
chacha20-poly1305,512,1384,31400
chacha20-poly1305,512,1385,31000
chacha20-poly1305,512,1386,31600
chacha20-poly1305,512,1387,31400
chacha20-poly1305,512,1388,31100
chacha20-poly1305,512,1389,30800
chacha20-poly1305,512,1390,31500
chacha20-poly1305,512,1391,31100
chacha20-poly1305,512,1392,31000
chacha20-poly1305,512,1393,31300
chacha20-poly1305,512,1394,30800
chacha20-poly1305,512,1395,31300
chacha20-poly1305,512,1396,31500
chacha20-poly1305,512,1397,31300
chacha20-poly1305,512,1398,31000
chacha20-poly1305,512,1399,31200
chacha20-poly1305,512,1400,31100
chacha20-poly1305,512,1401,30700
chacha20-poly1305,512,1402,31300
chacha20-poly1305,512,1403,30700
chacha20-poly1305,512,1404,31200
chacha20-poly1305,512,1405,31400
chacha20-poly1305,512,1406,31100
chacha20-poly1305,512,1407,31100
chacha20-poly1305,512,1408,31200
chacha20-poly1305,512,1409,30700
chacha20-poly1305,512,1410,31100
chacha20-poly1305,512,1411,31200
chacha20-poly1305,512,1412,31400
chacha20-poly1305,512,1413,31000
chacha20-poly1305,512,1414,31200
chacha20-poly1305,512,1415,31100
chacha20-poly1305,512,1416,31200
chacha20-poly1305,512,1417,31500
chacha20-poly1305,512,1418,31000
chacha20-poly1305,512,1419,30700
chacha20-poly1305,512,1420,31400
chacha20-poly1305,512,1421,30600
chacha20-poly1305,512,1422,31300
chacha20-poly1305,512,1423,31100
chacha20-poly1305,512,1424,31000
chacha20-poly1305,512,1425,31000
chacha20-poly1305,512,1426,31300
chacha20-poly1305,512,1427,31400
chacha20-poly1305,512,1428,30900
chacha20-poly1305,512,1429,31000
chacha20-poly1305,512,1430,31000
chacha20-poly1305,512,1431,31800
chacha20-poly1305,512,1432,31200
chacha20-poly1305,512,1433,30900
chacha20-poly1305,512,1434,30900
chacha20-poly1305,512,1435,31300
chacha20-poly1305,512,1436,30900
chacha20-poly1305,512,1437,31200
chacha20-poly1305,512,1438,31700
chacha20-poly1305,512,1439,30900
chacha20-poly1305,512,1440,31200
chacha20-poly1305,512,1441,31100
chacha20-poly1305,512,1442,31400
chacha20-poly1305,512,1443,30900
chacha20-poly1305,512,1444,31500
chacha20-poly1305,512,1445,31000
chacha20-poly1305,512,1446,31100
chacha20-poly1305,512,1447,31400
chacha20-poly1305,512,1448,31100
chacha20-poly1305,512,1449,31100
chacha20-poly1305,512,1450,31200
chacha20-poly1305,512,1451,30900
chacha20-poly1305,512,1452,31100
chacha20-poly1305,512,1453,31100
chacha20-poly1305,512,1454,30700
chacha20-poly1305,512,1455,31000
chacha20-poly1305,512,1456,31400
chacha20-poly1305,512,1457,30900
chacha20-poly1305,512,1458,31200
chacha20-poly1305,512,1459,31300
chacha20-poly1305,512,1460,31500
chacha20-poly1305,512,1461,30800
chacha20-poly1305,512,1462,31400
chacha20-poly1305,512,1463,31000
chacha20-poly1305,512,1464,31100
chacha20-poly1305,512,1465,31500
chacha20-poly1305,512,1466,31100
chacha20-poly1305,512,1467,31400
chacha20-poly1305,512,1468,31300
chacha20-poly1305,512,1469,31200
chacha20-poly1305,512,1470,31600
chacha20-poly1305,512,1471,31300
chacha20-poly1305,512,1472,31000
chacha20-poly1305,512,1473,30900
chacha20-poly1305,512,1474,31300
chacha20-poly1305,512,1475,30900
chacha20-poly1305,512,1476,31600
chacha20-poly1305,512,1477,31300
chacha20-poly1305,512,1478,31000
chacha20-poly1305,512,1479,30800
chacha20-poly1305,512,1480,31700
chacha20-poly1305,512,1481,31000
chacha20-poly1305,512,1482,31000
chacha20-poly1305,512,1483,31200
chacha20-poly1305,512,1484,30900
chacha20-poly1305,512,1485,31200
chacha20-poly1305,512,1486,31200
chacha20-poly1305,512,1487,31100
chacha20-poly1305,512,1488,31100
chacha20-poly1305,512,1489,31200
chacha20-poly1305,512,1490,30900
chacha20-poly1305,512,1491,43600
chacha20-poly1305,512,1492,31900
chacha20-poly1305,512,1493,30600
chacha20-poly1305,512,1494,31100
chacha20-poly1305,512,1495,32100
chacha20-poly1305,512,1496,31400
chacha20-poly1305,512,1497,31100
chacha20-poly1305,512,1498,31700
chacha20-poly1305,512,1499,30700
chacha20-poly1305,512,1500,31000
chacha20-poly1305,512,1501,31500
chacha20-poly1305,512,1502,31200
chacha20-poly1305,512,1503,31000
chacha20-poly1305,512,1504,31300
chacha20-poly1305,512,1505,31200
chacha20-poly1305,512,1506,31000
chacha20-poly1305,512,1507,31400
chacha20-poly1305,512,1508,31000
chacha20-poly1305,512,1509,30900
chacha20-poly1305,512,1510,31800
chacha20-poly1305,512,1511,31100
chacha20-poly1305,512,1512,31400
chacha20-poly1305,512,1513,31200
chacha20-poly1305,512,1514,31100
chacha20-poly1305,512,1515,31000
chacha20-poly1305,512,1516,31300
chacha20-poly1305,512,1517,31000
chacha20-poly1305,512,1518,30900
chacha20-poly1305,512,1519,31100
chacha20-poly1305,512,1520,31000
chacha20-poly1305,512,1521,31200
chacha20-poly1305,512,1522,31100
chacha20-poly1305,512,1523,31200
chacha20-poly1305,512,1524,31000
chacha20-poly1305,512,1525,31600
chacha20-poly1305,512,1526,31400
chacha20-poly1305,512,1527,31400
chacha20-poly1305,512,1528,31400
chacha20-poly1305,512,1529,30800
chacha20-poly1305,512,1530,31500
chacha20-poly1305,512,1531,31200
chacha20-poly1305,512,1532,31000
chacha20-poly1305,512,1533,31000
chacha20-poly1305,512,1534,31300
chacha20-poly1305,512,1535,30900
chacha20-poly1305,512,1536,31100
chacha20-poly1305,512,1537,31500
chacha20-poly1305,512,1538,30800
chacha20-poly1305,512,1539,31100
chacha20-poly1305,512,1540,31500
chacha20-poly1305,512,1541,30900
chacha20-poly1305,512,1542,31100
chacha20-poly1305,512,1543,31200
chacha20-poly1305,512,1544,31000
chacha20-poly1305,512,1545,31200
chacha20-poly1305,512,1546,31500
chacha20-poly1305,512,1547,30900
chacha20-poly1305,512,1548,31000
chacha20-poly1305,512,1549,30900
chacha20-poly1305,512,1550,31200
chacha20-poly1305,512,1551,30800
chacha20-poly1305,512,1552,31200
chacha20-poly1305,512,1553,30900
chacha20-poly1305,512,1554,31300
chacha20-poly1305,512,1555,31500
chacha20-poly1305,512,1556,31000
chacha20-poly1305,512,1557,31200
chacha20-poly1305,512,1558,31800
chacha20-poly1305,512,1559,31000
chacha20-poly1305,512,1560,31200
chacha20-poly1305,512,1561,31300
chacha20-poly1305,512,1562,31000
chacha20-poly1305,512,1563,30900
chacha20-poly1305,512,1564,31500
chacha20-poly1305,512,1565,31000
chacha20-poly1305,512,1566,31500
chacha20-poly1305,512,1567,31300
chacha20-poly1305,512,1568,31100
chacha20-poly1305,512,1569,30800
chacha20-poly1305,512,1570,31400
chacha20-poly1305,512,1571,30700
chacha20-poly1305,512,1572,31200
chacha20-poly1305,512,1573,31200
chacha20-poly1305,512,1574,30900
chacha20-poly1305,512,1575,31000
chacha20-poly1305,512,1576,31400
chacha20-poly1305,512,1577,31200
chacha20-poly1305,512,1578,30900
chacha20-poly1305,512,1579,31400
chacha20-poly1305,512,1580,30900
chacha20-poly1305,512,1581,30900
chacha20-poly1305,512,1582,31700
chacha20-poly1305,512,1583,30700
chacha20-poly1305,512,1584,31100
chacha20-poly1305,512,1585,31100
chacha20-poly1305,512,1586,31100
chacha20-poly1305,512,1587,31300
chacha20-poly1305,512,1588,31500
chacha20-poly1305,512,1589,30700
chacha20-poly1305,512,1590,31100
chacha20-poly1305,512,1591,31300
chacha20-poly1305,512,1592,31200
chacha20-poly1305,512,1593,30900
chacha20-poly1305,512,1594,31100
chacha20-poly1305,512,1595,31000
chacha20-poly1305,512,1596,31000
chacha20-poly1305,512,1597,31600
chacha20-poly1305,512,1598,30900
chacha20-poly1305,512,1599,30800
chacha20-poly1305,512,1600,31500
chacha20-poly1305,512,1601,30900
chacha20-poly1305,512,1602,31300
chacha20-poly1305,512,1603,31300
chacha20-poly1305,512,1604,31200
chacha20-poly1305,512,1605,30800
chacha20-poly1305,512,1606,31300
chacha20-poly1305,512,1607,31200
chacha20-poly1305,512,1608,31100
chacha20-poly1305,512,1609,31300
chacha20-poly1305,512,1610,31400
chacha20-poly1305,512,1611,31000
chacha20-poly1305,512,1612,31200
chacha20-poly1305,512,1613,30800
chacha20-poly1305,512,1614,30900
chacha20-poly1305,512,1615,31200
chacha20-poly1305,512,1616,30800
chacha20-poly1305,512,1617,31100
chacha20-poly1305,512,1618,31400
chacha20-poly1305,512,1619,30900
chacha20-poly1305,512,1620,31200
chacha20-poly1305,512,1621,30900
chacha20-poly1305,512,1622,31900
chacha20-poly1305,512,1623,30800
chacha20-poly1305,512,1624,31500
chacha20-poly1305,512,1625,30900
chacha20-poly1305,512,1626,31000
chacha20-poly1305,512,1627,31400
chacha20-poly1305,512,1628,30800
chacha20-poly1305,512,1629,31100
chacha20-poly1305,512,1630,31300
chacha20-poly1305,512,1631,31000
chacha20-poly1305,512,1632,31000
chacha20-poly1305,512,1633,31300
chacha20-poly1305,512,1634,30800
chacha20-poly1305,512,1635,31300
chacha20-poly1305,512,1636,31200
chacha20-poly1305,512,1637,31100
chacha20-poly1305,512,1638,31300
chacha20-poly1305,512,1639,31100
chacha20-poly1305,512,1640,31500
chacha20-poly1305,512,1641,31100
chacha20-poly1305,512,1642,31200
chacha20-poly1305,512,1643,30700
chacha20-poly1305,512,1644,30800
chacha20-poly1305,512,1645,31400
chacha20-poly1305,512,1646,30900
chacha20-poly1305,512,1647,31300
chacha20-poly1305,512,1648,31100
chacha20-poly1305,512,1649,31100
chacha20-poly1305,512,1650,31200
chacha20-poly1305,512,1651,31400
chacha20-poly1305,512,1652,31100
chacha20-poly1305,512,1653,30800
chacha20-poly1305,512,1654,31200
chacha20-poly1305,512,1655,30900
chacha20-poly1305,512,1656,31100
chacha20-poly1305,512,1657,31200
chacha20-poly1305,512,1658,31100
chacha20-poly1305,512,1659,31100
chacha20-poly1305,512,1660,31500
chacha20-poly1305,512,1661,31100
chacha20-poly1305,512,1662,31200
chacha20-poly1305,512,1663,31300
chacha20-poly1305,512,1664,31000
chacha20-poly1305,512,1665,31100
chacha20-poly1305,512,1666,31600
chacha20-poly1305,512,1667,31400
chacha20-poly1305,512,1668,31100
chacha20-poly1305,512,1669,31200
chacha20-poly1305,512,1670,31100
chacha20-poly1305,512,1671,30800
chacha20-poly1305,512,1672,31800
chacha20-poly1305,512,1673,30900
chacha20-poly1305,512,1674,31100
chacha20-poly1305,512,1675,31000
chacha20-poly1305,512,1676,31100
chacha20-poly1305,512,1677,31000
chacha20-poly1305,512,1678,31400
chacha20-poly1305,512,1679,30900
chacha20-poly1305,512,1680,31100
chacha20-poly1305,512,1681,31000
chacha20-poly1305,512,1682,31000
chacha20-poly1305,512,1683,31200
chacha20-poly1305,512,1684,31400
chacha20-poly1305,512,1685,31000
chacha20-poly1305,512,1686,31700
chacha20-poly1305,512,1687,31500
chacha20-poly1305,512,1688,30800
chacha20-poly1305,512,1689,30700
chacha20-poly1305,512,1690,31400
chacha20-poly1305,512,1691,30800
chacha20-poly1305,512,1692,31200
chacha20-poly1305,512,1693,31100
chacha20-poly1305,512,1694,31500
chacha20-poly1305,512,1695,30900
chacha20-poly1305,512,1696,31500
chacha20-poly1305,512,1697,30900
chacha20-poly1305,512,1698,30900
chacha20-poly1305,512,1699,31300
chacha20-poly1305,512,1700,31000
chacha20-poly1305,512,1701,31100
chacha20-poly1305,512,1702,31300
chacha20-poly1305,512,1703,31000
chacha20-poly1305,512,1704,31100
chacha20-poly1305,512,1705,31500
chacha20-poly1305,512,1706,30900
chacha20-poly1305,512,1707,31000
chacha20-poly1305,512,1708,31500
chacha20-poly1305,512,1709,30800
chacha20-poly1305,512,1710,31100
chacha20-poly1305,512,1711,31100
chacha20-poly1305,512,1712,31100
chacha20-poly1305,512,1713,90300
chacha20-poly1305,512,1714,144600
chacha20-poly1305,512,1715,61800
chacha20-poly1305,512,1716,47500
chacha20-poly1305,512,1717,47500
chacha20-poly1305,512,1718,99400
chacha20-poly1305,512,1719,61800
chacha20-poly1305,512,1720,35600
chacha20-poly1305,512,1721,32500
chacha20-poly1305,512,1722,32200
chacha20-poly1305,512,1723,31700
chacha20-poly1305,512,1724,31300
chacha20-poly1305,512,1725,31100
chacha20-poly1305,512,1726,31400
chacha20-poly1305,512,1727,31000
chacha20-poly1305,512,1728,31700
chacha20-poly1305,512,1729,31300
chacha20-poly1305,512,1730,31300
chacha20-poly1305,512,1731,31100
chacha20-poly1305,512,1732,31600
chacha20-poly1305,512,1733,31000
chacha20-poly1305,512,1734,31100
chacha20-poly1305,512,1735,31500
chacha20-poly1305,512,1736,30800
chacha20-poly1305,512,1737,31100
chacha20-poly1305,512,1738,31400
chacha20-poly1305,512,1739,31000
chacha20-poly1305,512,1740,31200
chacha20-poly1305,512,1741,31200
chacha20-poly1305,512,1742,31300
chacha20-poly1305,512,1743,30800
chacha20-poly1305,512,1744,31300
chacha20-poly1305,512,1745,31000
chacha20-poly1305,512,1746,31200
chacha20-poly1305,512,1747,31000
chacha20-poly1305,512,1748,31200
chacha20-poly1305,512,1749,30900
chacha20-poly1305,512,1750,34700
chacha20-poly1305,512,1751,31200
chacha20-poly1305,512,1752,31300
chacha20-poly1305,512,1753,31700
chacha20-poly1305,512,1754,30900
chacha20-poly1305,512,1755,31400
chacha20-poly1305,512,1756,31000
chacha20-poly1305,512,1757,30900
chacha20-poly1305,512,1758,30900
chacha20-poly1305,512,1759,31200
chacha20-poly1305,512,1760,31000
chacha20-poly1305,512,1761,30800
chacha20-poly1305,512,1762,31400
chacha20-poly1305,512,1763,31000
chacha20-poly1305,512,1764,31200
chacha20-poly1305,512,1765,31100
chacha20-poly1305,512,1766,31100
chacha20-poly1305,512,1767,31100
chacha20-poly1305,512,1768,31300
chacha20-poly1305,512,1769,30700
chacha20-poly1305,512,1770,31200
chacha20-poly1305,512,1771,31300
chacha20-poly1305,512,1772,31300
chacha20-poly1305,512,1773,31000
chacha20-poly1305,512,1774,31400
chacha20-poly1305,512,1775,31100
chacha20-poly1305,512,1776,31000
chacha20-poly1305,512,1777,31300
chacha20-poly1305,512,1778,31300
chacha20-poly1305,512,1779,30800
chacha20-poly1305,512,1780,31600
chacha20-poly1305,512,1781,30900
chacha20-poly1305,512,1782,31400
chacha20-poly1305,512,1783,31300
chacha20-poly1305,512,1784,31100
chacha20-poly1305,512,1785,31200
chacha20-poly1305,512,1786,31400
chacha20-poly1305,512,1787,30800
chacha20-poly1305,512,1788,31000
chacha20-poly1305,512,1789,31200
chacha20-poly1305,512,1790,31100
chacha20-poly1305,512,1791,31000
chacha20-poly1305,512,1792,31300
chacha20-poly1305,512,1793,31300
chacha20-poly1305,512,1794,31100
chacha20-poly1305,512,1795,31400
chacha20-poly1305,512,1796,31000
chacha20-poly1305,512,1797,33400
chacha20-poly1305,512,1798,31400
chacha20-poly1305,512,1799,30900
chacha20-poly1305,512,1800,31300
chacha20-poly1305,512,1801,30900
chacha20-poly1305,512,1802,31300
chacha20-poly1305,512,1803,30900
chacha20-poly1305,512,1804,31400
chacha20-poly1305,512,1805,30800
chacha20-poly1305,512,1806,31300
chacha20-poly1305,512,1807,31100
chacha20-poly1305,512,1808,31000
chacha20-poly1305,512,1809,31100
chacha20-poly1305,512,1810,31400
chacha20-poly1305,512,1811,31000
chacha20-poly1305,512,1812,31000
chacha20-poly1305,512,1813,32000
chacha20-poly1305,512,1814,31000
chacha20-poly1305,512,1815,31200
chacha20-poly1305,512,1816,31400
chacha20-poly1305,512,1817,30800
chacha20-poly1305,512,1818,31200
chacha20-poly1305,512,1819,30900
chacha20-poly1305,512,1820,31200
chacha20-poly1305,512,1821,30800
chacha20-poly1305,512,1822,31500
chacha20-poly1305,512,1823,30700
chacha20-poly1305,512,1824,30900
chacha20-poly1305,512,1825,31800
chacha20-poly1305,512,1826,30900
chacha20-poly1305,512,1827,31400
chacha20-poly1305,512,1828,31400
chacha20-poly1305,512,1829,30900
chacha20-poly1305,512,1830,31200
chacha20-poly1305,512,1831,31400
chacha20-poly1305,512,1832,30900
chacha20-poly1305,512,1833,31000
chacha20-poly1305,512,1834,31700
chacha20-poly1305,512,1835,30800
chacha20-poly1305,512,1836,31200
chacha20-poly1305,512,1837,31000
chacha20-poly1305,512,1838,31300
chacha20-poly1305,512,1839,30800
chacha20-poly1305,512,1840,31400
chacha20-poly1305,512,1841,30800
chacha20-poly1305,512,1842,31100
chacha20-poly1305,512,1843,31300
chacha20-poly1305,512,1844,31000
chacha20-poly1305,512,1845,31300
chacha20-poly1305,512,1846,31100
chacha20-poly1305,512,1847,31500
chacha20-poly1305,512,1848,31100
chacha20-poly1305,512,1849,31400
chacha20-poly1305,512,1850,31200
chacha20-poly1305,512,1851,30800
chacha20-poly1305,512,1852,31400
chacha20-poly1305,512,1853,30800
chacha20-poly1305,512,1854,31200
chacha20-poly1305,512,1855,31000
chacha20-poly1305,512,1856,31000
chacha20-poly1305,512,1857,31200
chacha20-poly1305,512,1858,31500
chacha20-poly1305,512,1859,30900
chacha20-poly1305,512,1860,31100
chacha20-poly1305,512,1861,31200
chacha20-poly1305,512,1862,31200
chacha20-poly1305,512,1863,31200
chacha20-poly1305,512,1864,31400
chacha20-poly1305,512,1865,31000
chacha20-poly1305,512,1866,31000
chacha20-poly1305,512,1867,31300
chacha20-poly1305,512,1868,31300
chacha20-poly1305,512,1869,31000
chacha20-poly1305,512,1870,31700
chacha20-poly1305,512,1871,30800
chacha20-poly1305,512,1872,31400
chacha20-poly1305,512,1873,31000
chacha20-poly1305,512,1874,31300
chacha20-poly1305,512,1875,31000
chacha20-poly1305,512,1876,31300
chacha20-poly1305,512,1877,31700
chacha20-poly1305,512,1878,31100
chacha20-poly1305,512,1879,31500
chacha20-poly1305,512,1880,31000
chacha20-poly1305,512,1881,31200
chacha20-poly1305,512,1882,31100
chacha20-poly1305,512,1883,31200
chacha20-poly1305,512,1884,31200
chacha20-poly1305,512,1885,31300
chacha20-poly1305,512,1886,31000
chacha20-poly1305,512,1887,31000
chacha20-poly1305,512,1888,31400
chacha20-poly1305,512,1889,31600
chacha20-poly1305,512,1890,31900
chacha20-poly1305,512,1891,31200
chacha20-poly1305,512,1892,31100
chacha20-poly1305,512,1893,30800
chacha20-poly1305,512,1894,31300
chacha20-poly1305,512,1895,31100
chacha20-poly1305,512,1896,30900
chacha20-poly1305,512,1897,31100
chacha20-poly1305,512,1898,30900
chacha20-poly1305,512,1899,31100
chacha20-poly1305,512,1900,31500
chacha20-poly1305,512,1901,31100
chacha20-poly1305,512,1902,31200
chacha20-poly1305,512,1903,31400
chacha20-poly1305,512,1904,30900
chacha20-poly1305,512,1905,31100
chacha20-poly1305,512,1906,31500
chacha20-poly1305,512,1907,30800
chacha20-poly1305,512,1908,31400
chacha20-poly1305,512,1909,31300
chacha20-poly1305,512,1910,31200
chacha20-poly1305,512,1911,31200
chacha20-poly1305,512,1912,31400
chacha20-poly1305,512,1913,30900
chacha20-poly1305,512,1914,30900
chacha20-poly1305,512,1915,31500
chacha20-poly1305,512,1916,31000
chacha20-poly1305,512,1917,31100
chacha20-poly1305,512,1918,31400
chacha20-poly1305,512,1919,31000
chacha20-poly1305,512,1920,31200
chacha20-poly1305,512,1921,31400
chacha20-poly1305,512,1922,31000
chacha20-poly1305,512,1923,31200
chacha20-poly1305,512,1924,31300
chacha20-poly1305,512,1925,30900
chacha20-poly1305,512,1926,31300
chacha20-poly1305,512,1927,31400
chacha20-poly1305,512,1928,31000
chacha20-poly1305,512,1929,30800
chacha20-poly1305,512,1930,31500
chacha20-poly1305,512,1931,30900
chacha20-poly1305,512,1932,31200
chacha20-poly1305,512,1933,31100
chacha20-poly1305,512,1934,31000
chacha20-poly1305,512,1935,31300
chacha20-poly1305,512,1936,31200
chacha20-poly1305,512,1937,30900
chacha20-poly1305,512,1938,31300
chacha20-poly1305,512,1939,31100
chacha20-poly1305,512,1940,31000
chacha20-poly1305,512,1941,31600
chacha20-poly1305,512,1942,31400
chacha20-poly1305,512,1943,31000
chacha20-poly1305,512,1944,31000
chacha20-poly1305,512,1945,31200
chacha20-poly1305,512,1946,31300
chacha20-poly1305,512,1947,30800
chacha20-poly1305,512,1948,31200
chacha20-poly1305,512,1949,30800
chacha20-poly1305,512,1950,31200
chacha20-poly1305,512,1951,31400
chacha20-poly1305,512,1952,31000
chacha20-poly1305,512,1953,31300
chacha20-poly1305,512,1954,31300
chacha20-poly1305,512,1955,31200
chacha20-poly1305,512,1956,43700
chacha20-poly1305,512,1957,31500
chacha20-poly1305,512,1958,31000
chacha20-poly1305,512,1959,30900
chacha20-poly1305,512,1960,31400
chacha20-poly1305,512,1961,30800
chacha20-poly1305,512,1962,31400
chacha20-poly1305,512,1963,31000
chacha20-poly1305,512,1964,31300
chacha20-poly1305,512,1965,31300
chacha20-poly1305,512,1966,31500
chacha20-poly1305,512,1967,30700
chacha20-poly1305,512,1968,31100
chacha20-poly1305,512,1969,31200
chacha20-poly1305,512,1970,31100
chacha20-poly1305,512,1971,31000
chacha20-poly1305,512,1972,31200
chacha20-poly1305,512,1973,31100
chacha20-poly1305,512,1974,31300
chacha20-poly1305,512,1975,31700
chacha20-poly1305,512,1976,31000
chacha20-poly1305,512,1977,31100
chacha20-poly1305,512,1978,31300
chacha20-poly1305,512,1979,31000
chacha20-poly1305,512,1980,31200
chacha20-poly1305,512,1981,31200
chacha20-poly1305,512,1982,31500
chacha20-poly1305,512,1983,30900
chacha20-poly1305,512,1984,31400
chacha20-poly1305,512,1985,31100
chacha20-poly1305,512,1986,31100
chacha20-poly1305,512,1987,31200
chacha20-poly1305,512,1988,31000
chacha20-poly1305,512,1989,31000
chacha20-poly1305,512,1990,31400
chacha20-poly1305,512,1991,31600
chacha20-poly1305,512,1992,31000
chacha20-poly1305,512,1993,31100
chacha20-poly1305,512,1994,30900
chacha20-poly1305,512,1995,30900
chacha20-poly1305,512,1996,31200
chacha20-poly1305,512,1997,30900
chacha20-poly1305,512,1998,31300
chacha20-poly1305,512,1999,31000
chacha20-poly1305,2048,0,31800
chacha20-poly1305,2048,1,32000
chacha20-poly1305,2048,2,31500
chacha20-poly1305,2048,3,31700
chacha20-poly1305,2048,4,31800
chacha20-poly1305,2048,5,32600
chacha20-poly1305,2048,6,31900
chacha20-poly1305,2048,7,31700
chacha20-poly1305,2048,8,31600
chacha20-poly1305,2048,9,31700
chacha20-poly1305,2048,10,32000
chacha20-poly1305,2048,11,31200
chacha20-poly1305,2048,12,31600
chacha20-poly1305,2048,13,31900
chacha20-poly1305,2048,14,31500
chacha20-poly1305,2048,15,31900
chacha20-poly1305,2048,16,31700
chacha20-poly1305,2048,17,31500
chacha20-poly1305,2048,18,31700
chacha20-poly1305,2048,19,32000
chacha20-poly1305,2048,20,31500
chacha20-poly1305,2048,21,31600
chacha20-poly1305,2048,22,32100
chacha20-poly1305,2048,23,31400
chacha20-poly1305,2048,24,32100
chacha20-poly1305,2048,25,31800
chacha20-poly1305,2048,26,31500
chacha20-poly1305,2048,27,31800
chacha20-poly1305,2048,28,32000
chacha20-poly1305,2048,29,31200
chacha20-poly1305,2048,30,31900
chacha20-poly1305,2048,31,31900
chacha20-poly1305,2048,32,31300
chacha20-poly1305,2048,33,31700
chacha20-poly1305,2048,34,31600
chacha20-poly1305,2048,35,31900
chacha20-poly1305,2048,36,31400
chacha20-poly1305,2048,37,32100
chacha20-poly1305,2048,38,31400
chacha20-poly1305,2048,39,31600
chacha20-poly1305,2048,40,32100
chacha20-poly1305,2048,41,31300
chacha20-poly1305,2048,42,32000
chacha20-poly1305,2048,43,31700
chacha20-poly1305,2048,44,31600
chacha20-poly1305,2048,45,32100
chacha20-poly1305,2048,46,32000
chacha20-poly1305,2048,47,31600
chacha20-poly1305,2048,48,31900
chacha20-poly1305,2048,49,32100
chacha20-poly1305,2048,50,31600
chacha20-poly1305,2048,51,31800
chacha20-poly1305,2048,52,31800
chacha20-poly1305,2048,53,31400
chacha20-poly1305,2048,54,31500
chacha20-poly1305,2048,55,31900
chacha20-poly1305,2048,56,31500
chacha20-poly1305,2048,57,31600
chacha20-poly1305,2048,58,32900
chacha20-poly1305,2048,59,31500
chacha20-poly1305,2048,60,32100
chacha20-poly1305,2048,61,31600
chacha20-poly1305,2048,62,31600
chacha20-poly1305,2048,63,31600
chacha20-poly1305,2048,64,31900
chacha20-poly1305,2048,65,31300
chacha20-poly1305,2048,66,31600
chacha20-poly1305,2048,67,32100
chacha20-poly1305,2048,68,32200
chacha20-poly1305,2048,69,31900
chacha20-poly1305,2048,70,31900
chacha20-poly1305,2048,71,31500
chacha20-poly1305,2048,72,31600
chacha20-poly1305,2048,73,31900
chacha20-poly1305,2048,74,31300
chacha20-poly1305,2048,75,31500
chacha20-poly1305,2048,76,32000
chacha20-poly1305,2048,77,31600
chacha20-poly1305,2048,78,31800
chacha20-poly1305,2048,79,31600
chacha20-poly1305,2048,80,31700
chacha20-poly1305,2048,81,31600
chacha20-poly1305,2048,82,32000
chacha20-poly1305,2048,83,31500
chacha20-poly1305,2048,84,31700
chacha20-poly1305,2048,85,31900
chacha20-poly1305,2048,86,31300
chacha20-poly1305,2048,87,31900
chacha20-poly1305,2048,88,32000
chacha20-poly1305,2048,89,31600
chacha20-poly1305,2048,90,31900
chacha20-poly1305,2048,91,31800
chacha20-poly1305,2048,92,31700
chacha20-poly1305,2048,93,31700
chacha20-poly1305,2048,94,32100
chacha20-poly1305,2048,95,31300
chacha20-poly1305,2048,96,32100
chacha20-poly1305,2048,97,31600
chacha20-poly1305,2048,98,31500
chacha20-poly1305,2048,99,31800
chacha20-poly1305,2048,100,32200
chacha20-poly1305,2048,101,31500
chacha20-poly1305,2048,102,31600
chacha20-poly1305,2048,103,31900
chacha20-poly1305,2048,104,31400
chacha20-poly1305,2048,105,32000
chacha20-poly1305,2048,106,31800
chacha20-poly1305,2048,107,67800
chacha20-poly1305,2048,108,156500
chacha20-poly1305,2048,109,190600
chacha20-poly1305,2048,110,110600
chacha20-poly1305,2048,111,57000
chacha20-poly1305,2048,112,36200
chacha20-poly1305,2048,113,32100
chacha20-poly1305,2048,114,32900
chacha20-poly1305,2048,115,32000
chacha20-poly1305,2048,116,31700
chacha20-poly1305,2048,117,31800
chacha20-poly1305,2048,118,31900
chacha20-poly1305,2048,119,31600
chacha20-poly1305,2048,120,31700
chacha20-poly1305,2048,121,32400
chacha20-poly1305,2048,122,31600
chacha20-poly1305,2048,123,31700
chacha20-poly1305,2048,124,32400
chacha20-poly1305,2048,125,32400
chacha20-poly1305,2048,126,31700
chacha20-poly1305,2048,127,32200
chacha20-poly1305,2048,128,31500
chacha20-poly1305,2048,129,31600
chacha20-poly1305,2048,130,32100
chacha20-poly1305,2048,131,31500
chacha20-poly1305,2048,132,32800
chacha20-poly1305,2048,133,31800
chacha20-poly1305,2048,134,31600
chacha20-poly1305,2048,135,31700
chacha20-poly1305,2048,136,32000
chacha20-poly1305,2048,137,31700
chacha20-poly1305,2048,138,31500
chacha20-poly1305,2048,139,31800
chacha20-poly1305,2048,140,31600
chacha20-poly1305,2048,141,31800
chacha20-poly1305,2048,142,31900
chacha20-poly1305,2048,143,31600
chacha20-poly1305,2048,144,31600
chacha20-poly1305,2048,145,32100
chacha20-poly1305,2048,146,31500
chacha20-poly1305,2048,147,31600
chacha20-poly1305,2048,148,31800
chacha20-poly1305,2048,149,31300
chacha20-poly1305,2048,150,32200
chacha20-poly1305,2048,151,31800
chacha20-poly1305,2048,152,31600
chacha20-poly1305,2048,153,31500
chacha20-poly1305,2048,154,31700
chacha20-poly1305,2048,155,31500
chacha20-poly1305,2048,156,35500
chacha20-poly1305,2048,157,32000
chacha20-poly1305,2048,158,31500
chacha20-poly1305,2048,159,31800
chacha20-poly1305,2048,160,32000
chacha20-poly1305,2048,161,31800
chacha20-poly1305,2048,162,31700
chacha20-poly1305,2048,163,31800
chacha20-poly1305,2048,164,31800
chacha20-poly1305,2048,165,31700
chacha20-poly1305,2048,166,31800
chacha20-poly1305,2048,167,31600
chacha20-poly1305,2048,168,32000
chacha20-poly1305,2048,169,31500
chacha20-poly1305,2048,170,31800
chacha20-poly1305,2048,171,31500
chacha20-poly1305,2048,172,32000
chacha20-poly1305,2048,173,31500
chacha20-poly1305,2048,174,31800
chacha20-poly1305,2048,175,32100
chacha20-poly1305,2048,176,31400
chacha20-poly1305,2048,177,31800
chacha20-poly1305,2048,178,31800
chacha20-poly1305,2048,179,31500
chacha20-poly1305,2048,180,31700
chacha20-poly1305,2048,181,32100
chacha20-poly1305,2048,182,31300
chacha20-poly1305,2048,183,31600
chacha20-poly1305,2048,184,32000
chacha20-poly1305,2048,185,31600
chacha20-poly1305,2048,186,32800
chacha20-poly1305,2048,187,31800
chacha20-poly1305,2048,188,31500
chacha20-poly1305,2048,189,31700
chacha20-poly1305,2048,190,32100
chacha20-poly1305,2048,191,31300
chacha20-poly1305,2048,192,31800
chacha20-poly1305,2048,193,31800
chacha20-poly1305,2048,194,31300
chacha20-poly1305,2048,195,32000
chacha20-poly1305,2048,196,35600
chacha20-poly1305,2048,197,31700
chacha20-poly1305,2048,198,31600
chacha20-poly1305,2048,199,31900
chacha20-poly1305,2048,200,31500
chacha20-poly1305,2048,201,31600
chacha20-poly1305,2048,202,31800
chacha20-poly1305,2048,203,31200
chacha20-poly1305,2048,204,32000
chacha20-poly1305,2048,205,31800
chacha20-poly1305,2048,206,31600
chacha20-poly1305,2048,207,31700
chacha20-poly1305,2048,208,31800
chacha20-poly1305,2048,209,31400
chacha20-poly1305,2048,210,31800
chacha20-poly1305,2048,211,32000
chacha20-poly1305,2048,212,31500
chacha20-poly1305,2048,213,31700
chacha20-poly1305,2048,214,31600
chacha20-poly1305,2048,215,31800
chacha20-poly1305,2048,216,31600
chacha20-poly1305,2048,217,32100
chacha20-poly1305,2048,218,31300
chacha20-poly1305,2048,219,31500
chacha20-poly1305,2048,220,32200
chacha20-poly1305,2048,221,31400
chacha20-poly1305,2048,222,32000
chacha20-poly1305,2048,223,31500
chacha20-poly1305,2048,224,31600
chacha20-poly1305,2048,225,31700
chacha20-poly1305,2048,226,31800
chacha20-poly1305,2048,227,31300
chacha20-poly1305,2048,228,31700
chacha20-poly1305,2048,229,31800
chacha20-poly1305,2048,230,31500
chacha20-poly1305,2048,231,32000
chacha20-poly1305,2048,232,32000
chacha20-poly1305,2048,233,31300
chacha20-poly1305,2048,234,31400
chacha20-poly1305,2048,235,31900
chacha20-poly1305,2048,236,31300
chacha20-poly1305,2048,237,31600
chacha20-poly1305,2048,238,32000
chacha20-poly1305,2048,239,31400
chacha20-poly1305,2048,240,32200
chacha20-poly1305,2048,241,31900
chacha20-poly1305,2048,242,31900
chacha20-poly1305,2048,243,31500
chacha20-poly1305,2048,244,32100
chacha20-poly1305,2048,245,31600
chacha20-poly1305,2048,246,31500
chacha20-poly1305,2048,247,32000
chacha20-poly1305,2048,248,31300
chacha20-poly1305,2048,249,31800
chacha20-poly1305,2048,250,31900
chacha20-poly1305,2048,251,31500
chacha20-poly1305,2048,252,31700
chacha20-poly1305,2048,253,31900
chacha20-poly1305,2048,254,31800
chacha20-poly1305,2048,255,31500
chacha20-poly1305,2048,256,32000
chacha20-poly1305,2048,257,31400
chacha20-poly1305,2048,258,31600
chacha20-poly1305,2048,259,31700
chacha20-poly1305,2048,260,32600
chacha20-poly1305,2048,261,31700
chacha20-poly1305,2048,262,32000
chacha20-poly1305,2048,263,31300
chacha20-poly1305,2048,264,31800
chacha20-poly1305,2048,265,31900
chacha20-poly1305,2048,266,31300
chacha20-poly1305,2048,267,31800
chacha20-poly1305,2048,268,31800
chacha20-poly1305,2048,269,31500
chacha20-poly1305,2048,270,32000
chacha20-poly1305,2048,271,32000
chacha20-poly1305,2048,272,31400
chacha20-poly1305,2048,273,31800
chacha20-poly1305,2048,274,32200
chacha20-poly1305,2048,275,31400
chacha20-poly1305,2048,276,31700
chacha20-poly1305,2048,277,31800
chacha20-poly1305,2048,278,31400
chacha20-poly1305,2048,279,31600
chacha20-poly1305,2048,280,31900
chacha20-poly1305,2048,281,31500
chacha20-poly1305,2048,282,31600
chacha20-poly1305,2048,283,31900
chacha20-poly1305,2048,284,31200
chacha20-poly1305,2048,285,33200
chacha20-poly1305,2048,286,31900
chacha20-poly1305,2048,287,31500
chacha20-poly1305,2048,288,31700
chacha20-poly1305,2048,289,31800
chacha20-poly1305,2048,290,31600
chacha20-poly1305,2048,291,31600
chacha20-poly1305,2048,292,32200
chacha20-poly1305,2048,293,31200
chacha20-poly1305,2048,294,31800
chacha20-poly1305,2048,295,31900
chacha20-poly1305,2048,296,31600
chacha20-poly1305,2048,297,31500
chacha20-poly1305,2048,298,31800
chacha20-poly1305,2048,299,31200
chacha20-poly1305,2048,300,31700
chacha20-poly1305,2048,301,32000
chacha20-poly1305,2048,302,31600
chacha20-poly1305,2048,303,31800
chacha20-poly1305,2048,304,31800
chacha20-poly1305,2048,305,31600
chacha20-poly1305,2048,306,31700
chacha20-poly1305,2048,307,31900
chacha20-poly1305,2048,308,31300
chacha20-poly1305,2048,309,31500
chacha20-poly1305,2048,310,32000
chacha20-poly1305,2048,311,31500
chacha20-poly1305,2048,312,27600
chacha20-poly1305,2048,313,31900
chacha20-poly1305,2048,314,31600
chacha20-poly1305,2048,315,31700
chacha20-poly1305,2048,316,32000
chacha20-poly1305,2048,317,31500
chacha20-poly1305,2048,318,31600
chacha20-poly1305,2048,319,31900
chacha20-poly1305,2048,320,31600
chacha20-poly1305,2048,321,31900
chacha20-poly1305,2048,322,31700
chacha20-poly1305,2048,323,32200
chacha20-poly1305,2048,324,31700
chacha20-poly1305,2048,325,32100
chacha20-poly1305,2048,326,31300
chacha20-poly1305,2048,327,31400
chacha20-poly1305,2048,328,32200
chacha20-poly1305,2048,329,31200
chacha20-poly1305,2048,330,31800
chacha20-poly1305,2048,331,31800
chacha20-poly1305,2048,332,31600
chacha20-poly1305,2048,333,31500
chacha20-poly1305,2048,334,32000
chacha20-poly1305,2048,335,31500
chacha20-poly1305,2048,336,31600
chacha20-poly1305,2048,337,31900
chacha20-poly1305,2048,338,31400
chacha20-poly1305,2048,339,31800
chacha20-poly1305,2048,340,31700
chacha20-poly1305,2048,341,31400
chacha20-poly1305,2048,342,31600
chacha20-poly1305,2048,343,31900
chacha20-poly1305,2048,344,31400
chacha20-poly1305,2048,345,31600
chacha20-poly1305,2048,346,31900
chacha20-poly1305,2048,347,31400
chacha20-poly1305,2048,348,32700
chacha20-poly1305,2048,349,31800
chacha20-poly1305,2048,350,31600
chacha20-poly1305,2048,351,31400
chacha20-poly1305,2048,352,32200
chacha20-poly1305,2048,353,31200
chacha20-poly1305,2048,354,31400
chacha20-poly1305,2048,355,32000
chacha20-poly1305,2048,356,31500
chacha20-poly1305,2048,357,31900
chacha20-poly1305,2048,358,31700
chacha20-poly1305,2048,359,31300
chacha20-poly1305,2048,360,32100
chacha20-poly1305,2048,361,32000
chacha20-poly1305,2048,362,31200
chacha20-poly1305,2048,363,31500
chacha20-poly1305,2048,364,32000
chacha20-poly1305,2048,365,31400
chacha20-poly1305,2048,366,32000
chacha20-poly1305,2048,367,31900
chacha20-poly1305,2048,368,31600
chacha20-poly1305,2048,369,31600
chacha20-poly1305,2048,370,32400
chacha20-poly1305,2048,371,31800
chacha20-poly1305,2048,372,31700
chacha20-poly1305,2048,373,31900
chacha20-poly1305,2048,374,31400
chacha20-poly1305,2048,375,31800
chacha20-poly1305,2048,376,31900
chacha20-poly1305,2048,377,31700
chacha20-poly1305,2048,378,31700
chacha20-poly1305,2048,379,31800
chacha20-poly1305,2048,380,31400
chacha20-poly1305,2048,381,31700
chacha20-poly1305,2048,382,32400
chacha20-poly1305,2048,383,31200
chacha20-poly1305,2048,384,31800
chacha20-poly1305,2048,385,31700
chacha20-poly1305,2048,386,31600
chacha20-poly1305,2048,387,34500
chacha20-poly1305,2048,388,32200
chacha20-poly1305,2048,389,31300
chacha20-poly1305,2048,390,31700
chacha20-poly1305,2048,391,32000
chacha20-poly1305,2048,392,31700
chacha20-poly1305,2048,393,31900
chacha20-poly1305,2048,394,31700
chacha20-poly1305,2048,395,31500
chacha20-poly1305,2048,396,32400
chacha20-poly1305,2048,397,33800
chacha20-poly1305,2048,398,31600
chacha20-poly1305,2048,399,31400
chacha20-poly1305,2048,400,32100
chacha20-poly1305,2048,401,31200
chacha20-poly1305,2048,402,32000
chacha20-poly1305,2048,403,31500
chacha20-poly1305,2048,404,31600
chacha20-poly1305,2048,405,32000
chacha20-poly1305,2048,406,31900
chacha20-poly1305,2048,407,31200
chacha20-poly1305,2048,408,31600
chacha20-poly1305,2048,409,32100
chacha20-poly1305,2048,410,31600
chacha20-poly1305,2048,411,31900
chacha20-poly1305,2048,412,32600
chacha20-poly1305,2048,413,31800
chacha20-poly1305,2048,414,31400
chacha20-poly1305,2048,415,31900
chacha20-poly1305,2048,416,31500
chacha20-poly1305,2048,417,31800
chacha20-poly1305,2048,418,31800
chacha20-poly1305,2048,419,31300
chacha20-poly1305,2048,420,32300
chacha20-poly1305,2048,421,31600
chacha20-poly1305,2048,422,31600
chacha20-poly1305,2048,423,31700
chacha20-poly1305,2048,424,32200
chacha20-poly1305,2048,425,31400
chacha20-poly1305,2048,426,31500
chacha20-poly1305,2048,427,32000
chacha20-poly1305,2048,428,31200
chacha20-poly1305,2048,429,31600
chacha20-poly1305,2048,430,31900
chacha20-poly1305,2048,431,31500
chacha20-poly1305,2048,432,31400
chacha20-poly1305,2048,433,31800
chacha20-poly1305,2048,434,31400
chacha20-poly1305,2048,435,31500
chacha20-poly1305,2048,436,31800
chacha20-poly1305,2048,437,31400
chacha20-poly1305,2048,438,31800
chacha20-poly1305,2048,439,31500
chacha20-poly1305,2048,440,31800
chacha20-poly1305,2048,441,31800
chacha20-poly1305,2048,442,32100
chacha20-poly1305,2048,443,31200
chacha20-poly1305,2048,444,31600
chacha20-poly1305,2048,445,32500
chacha20-poly1305,2048,446,31300
chacha20-poly1305,2048,447,32000
chacha20-poly1305,2048,448,31600
chacha20-poly1305,2048,449,31400
chacha20-poly1305,2048,450,31700
chacha20-poly1305,2048,451,32700
chacha20-poly1305,2048,452,31700
chacha20-poly1305,2048,453,31400
chacha20-poly1305,2048,454,31900
chacha20-poly1305,2048,455,31400
chacha20-poly1305,2048,456,32000
chacha20-poly1305,2048,457,31400
chacha20-poly1305,2048,458,31500
chacha20-poly1305,2048,459,31500
chacha20-poly1305,2048,460,32000
chacha20-poly1305,2048,461,31400
chacha20-poly1305,2048,462,31900
chacha20-poly1305,2048,463,32000
chacha20-poly1305,2048,464,31400
chacha20-poly1305,2048,465,31700
chacha20-poly1305,2048,466,31800
chacha20-poly1305,2048,467,31600
chacha20-poly1305,2048,468,31500
chacha20-poly1305,2048,469,31700
chacha20-poly1305,2048,470,31500
chacha20-poly1305,2048,471,31400
chacha20-poly1305,2048,472,32000
chacha20-poly1305,2048,473,31400
chacha20-poly1305,2048,474,31600
chacha20-poly1305,2048,475,31700
chacha20-poly1305,2048,476,32200
chacha20-poly1305,2048,477,31600
chacha20-poly1305,2048,478,31900
chacha20-poly1305,2048,479,31100
chacha20-poly1305,2048,480,31600
chacha20-poly1305,2048,481,31900
chacha20-poly1305,2048,482,31500
chacha20-poly1305,2048,483,31700
chacha20-poly1305,2048,484,31800
chacha20-poly1305,2048,485,31600
chacha20-poly1305,2048,486,31400
chacha20-poly1305,2048,487,31900
chacha20-poly1305,2048,488,31500
chacha20-poly1305,2048,489,31400
chacha20-poly1305,2048,490,32000
chacha20-poly1305,2048,491,31300
chacha20-poly1305,2048,492,31900
chacha20-poly1305,2048,493,31600
chacha20-poly1305,2048,494,31600
chacha20-poly1305,2048,495,31600
chacha20-poly1305,2048,496,31900
chacha20-poly1305,2048,497,31300
chacha20-poly1305,2048,498,31700
chacha20-poly1305,2048,499,32000
chacha20-poly1305,2048,500,31600
chacha20-poly1305,2048,501,31800
chacha20-poly1305,2048,502,31800
chacha20-poly1305,2048,503,31600
chacha20-poly1305,2048,504,31800
chacha20-poly1305,2048,505,32100
chacha20-poly1305,2048,506,31300
chacha20-poly1305,2048,507,31600
chacha20-poly1305,2048,508,31900
chacha20-poly1305,2048,509,31600
chacha20-poly1305,2048,510,32000
chacha20-poly1305,2048,511,31900
chacha20-poly1305,2048,512,31600
chacha20-poly1305,2048,513,31400
chacha20-poly1305,2048,514,31800
chacha20-poly1305,2048,515,32300
chacha20-poly1305,2048,516,31800
chacha20-poly1305,2048,517,31900
chacha20-poly1305,2048,518,31200
chacha20-poly1305,2048,519,31600
chacha20-poly1305,2048,520,32100
chacha20-poly1305,2048,521,31600
chacha20-poly1305,2048,522,31500
chacha20-poly1305,2048,523,31700
chacha20-poly1305,2048,524,31300
chacha20-poly1305,2048,525,31600
chacha20-poly1305,2048,526,32300
chacha20-poly1305,2048,527,31300
chacha20-poly1305,2048,528,31800
chacha20-poly1305,2048,529,31700
chacha20-poly1305,2048,530,32000
chacha20-poly1305,2048,531,31700
chacha20-poly1305,2048,532,32100
chacha20-poly1305,2048,533,31300
chacha20-poly1305,2048,534,31500
chacha20-poly1305,2048,535,32100
chacha20-poly1305,2048,536,31400
chacha20-poly1305,2048,537,32100
chacha20-poly1305,2048,538,31800
chacha20-poly1305,2048,539,31500
chacha20-poly1305,2048,540,32500
chacha20-poly1305,2048,541,32100
chacha20-poly1305,2048,542,31500
chacha20-poly1305,2048,543,31600
chacha20-poly1305,2048,544,32000
chacha20-poly1305,2048,545,31400
chacha20-poly1305,2048,546,31900
chacha20-poly1305,2048,547,31600
chacha20-poly1305,2048,548,31700
chacha20-poly1305,2048,549,31600
chacha20-poly1305,2048,550,32000
chacha20-poly1305,2048,551,31500
chacha20-poly1305,2048,552,31900
chacha20-poly1305,2048,553,31900
chacha20-poly1305,2048,554,31300
chacha20-poly1305,2048,555,31700
chacha20-poly1305,2048,556,31700
chacha20-poly1305,2048,557,31500
chacha20-poly1305,2048,558,31800
chacha20-poly1305,2048,559,31800
chacha20-poly1305,2048,560,31400
chacha20-poly1305,2048,561,31600
chacha20-poly1305,2048,562,32300
chacha20-poly1305,2048,563,31200
chacha20-poly1305,2048,564,31700
chacha20-poly1305,2048,565,31500
chacha20-poly1305,2048,566,31500
chacha20-poly1305,2048,567,31700
chacha20-poly1305,2048,568,32100
chacha20-poly1305,2048,569,31300
chacha20-poly1305,2048,570,31800
chacha20-poly1305,2048,571,31900
chacha20-poly1305,2048,572,31400
chacha20-poly1305,2048,573,31700
chacha20-poly1305,2048,574,31500
chacha20-poly1305,2048,575,31400
chacha20-poly1305,2048,576,31500
chacha20-poly1305,2048,577,31600
chacha20-poly1305,2048,578,159900
chacha20-poly1305,2048,579,156100
chacha20-poly1305,2048,580,145000
chacha20-poly1305,2048,581,71200
chacha20-poly1305,2048,582,36500
chacha20-poly1305,2048,583,32500
chacha20-poly1305,2048,584,31600
chacha20-poly1305,2048,585,31900
chacha20-poly1305,2048,586,32600
chacha20-poly1305,2048,587,31300
chacha20-poly1305,2048,588,31700
chacha20-poly1305,2048,589,31600
chacha20-poly1305,2048,590,31400
chacha20-poly1305,2048,591,31700
chacha20-poly1305,2048,592,32400
chacha20-poly1305,2048,593,31500
chacha20-poly1305,2048,594,31500
chacha20-poly1305,2048,595,35400
chacha20-poly1305,2048,596,31500
chacha20-poly1305,2048,597,31700
chacha20-poly1305,2048,598,31900
chacha20-poly1305,2048,599,31500
chacha20-poly1305,2048,600,31800
chacha20-poly1305,2048,601,31600
chacha20-poly1305,2048,602,31700
chacha20-poly1305,2048,603,32600
chacha20-poly1305,2048,604,31900
chacha20-poly1305,2048,605,31300
chacha20-poly1305,2048,606,31400
chacha20-poly1305,2048,607,32000
chacha20-poly1305,2048,608,31300
chacha20-poly1305,2048,609,31700
chacha20-poly1305,2048,610,32000
chacha20-poly1305,2048,611,31500
chacha20-poly1305,2048,612,31800
chacha20-poly1305,2048,613,31800
chacha20-poly1305,2048,614,31300
chacha20-poly1305,2048,615,31500
chacha20-poly1305,2048,616,31700
chacha20-poly1305,2048,617,31300
chacha20-poly1305,2048,618,31800
chacha20-poly1305,2048,619,31600
chacha20-poly1305,2048,620,31500
chacha20-poly1305,2048,621,31400
chacha20-poly1305,2048,622,32100
chacha20-poly1305,2048,623,31500
chacha20-poly1305,2048,624,31800
chacha20-poly1305,2048,625,32000
chacha20-poly1305,2048,626,31400
chacha20-poly1305,2048,627,32100
chacha20-poly1305,2048,628,31900
chacha20-poly1305,2048,629,31500
chacha20-poly1305,2048,630,31700
chacha20-poly1305,2048,631,31700
chacha20-poly1305,2048,632,31500
chacha20-poly1305,2048,633,31700
chacha20-poly1305,2048,634,31900
chacha20-poly1305,2048,635,31500
chacha20-poly1305,2048,636,31500
chacha20-poly1305,2048,637,31600
chacha20-poly1305,2048,638,31300
chacha20-poly1305,2048,639,31500
chacha20-poly1305,2048,640,31700
chacha20-poly1305,2048,641,31200
chacha20-poly1305,2048,642,32500
chacha20-poly1305,2048,643,31900
chacha20-poly1305,2048,644,31300
chacha20-poly1305,2048,645,31800
chacha20-poly1305,2048,646,31900
chacha20-poly1305,2048,647,31700
chacha20-poly1305,2048,648,31400
chacha20-poly1305,2048,649,31800
chacha20-poly1305,2048,650,31500
chacha20-poly1305,2048,651,31600
chacha20-poly1305,2048,652,31900
chacha20-poly1305,2048,653,31100
chacha20-poly1305,2048,654,31700
chacha20-poly1305,2048,655,31700
chacha20-poly1305,2048,656,31600
chacha20-poly1305,2048,657,31400
chacha20-poly1305,2048,658,31900
chacha20-poly1305,2048,659,31100
chacha20-poly1305,2048,660,31800
chacha20-poly1305,2048,661,31500
chacha20-poly1305,2048,662,31300
chacha20-poly1305,2048,663,31700
chacha20-poly1305,2048,664,31600
chacha20-poly1305,2048,665,31600
chacha20-poly1305,2048,666,31400
chacha20-poly1305,2048,667,32800
chacha20-poly1305,2048,668,31200
chacha20-poly1305,2048,669,31500
chacha20-poly1305,2048,670,31800
chacha20-poly1305,2048,671,31200
chacha20-poly1305,2048,672,31900
chacha20-poly1305,2048,673,31700
chacha20-poly1305,2048,674,31600
chacha20-poly1305,2048,675,31600
chacha20-poly1305,2048,676,31800
chacha20-poly1305,2048,677,31300
chacha20-poly1305,2048,678,31700
chacha20-poly1305,2048,679,31700
chacha20-poly1305,2048,680,31300
chacha20-poly1305,2048,681,31700
chacha20-poly1305,2048,682,31900
chacha20-poly1305,2048,683,31500
chacha20-poly1305,2048,684,31500
chacha20-poly1305,2048,685,31700
chacha20-poly1305,2048,686,31500
chacha20-poly1305,2048,687,31700
chacha20-poly1305,2048,688,32000
chacha20-poly1305,2048,689,31300
chacha20-poly1305,2048,690,31900
chacha20-poly1305,2048,691,31500
chacha20-poly1305,2048,692,31900
chacha20-poly1305,2048,693,31500
chacha20-poly1305,2048,694,31600
chacha20-poly1305,2048,695,31100
chacha20-poly1305,2048,696,31400
chacha20-poly1305,2048,697,31800
chacha20-poly1305,2048,698,31200
chacha20-poly1305,2048,699,31700
chacha20-poly1305,2048,700,31500
chacha20-poly1305,2048,701,31500
chacha20-poly1305,2048,702,31600
chacha20-poly1305,2048,703,31900
chacha20-poly1305,2048,704,31100
chacha20-poly1305,2048,705,31600
chacha20-poly1305,2048,706,32600
chacha20-poly1305,2048,707,31500
chacha20-poly1305,2048,708,31800
chacha20-poly1305,2048,709,31800
chacha20-poly1305,2048,710,31800
chacha20-poly1305,2048,711,31500
chacha20-poly1305,2048,712,32100
chacha20-poly1305,2048,713,31200
chacha20-poly1305,2048,714,31600
chacha20-poly1305,2048,715,32000
chacha20-poly1305,2048,716,31200
chacha20-poly1305,2048,717,31800
chacha20-poly1305,2048,718,31400
chacha20-poly1305,2048,719,31400
chacha20-poly1305,2048,720,31700
chacha20-poly1305,2048,721,31900
chacha20-poly1305,2048,722,31700
chacha20-poly1305,2048,723,31500
chacha20-poly1305,2048,724,31800
chacha20-poly1305,2048,725,31300
chacha20-poly1305,2048,726,32300
chacha20-poly1305,2048,727,31700
chacha20-poly1305,2048,728,31300
chacha20-poly1305,2048,729,31400
chacha20-poly1305,2048,730,31900
chacha20-poly1305,2048,731,32400
chacha20-poly1305,2048,732,31800
chacha20-poly1305,2048,733,31800
chacha20-poly1305,2048,734,31300
chacha20-poly1305,2048,735,31800
chacha20-poly1305,2048,736,31600
chacha20-poly1305,2048,737,31500
chacha20-poly1305,2048,738,31600
chacha20-poly1305,2048,739,31600
chacha20-poly1305,2048,740,31500
chacha20-poly1305,2048,741,31400
chacha20-poly1305,2048,742,32300
chacha20-poly1305,2048,743,31300
chacha20-poly1305,2048,744,31700
chacha20-poly1305,2048,745,31700
chacha20-poly1305,2048,746,31700
chacha20-poly1305,2048,747,31600
chacha20-poly1305,2048,748,31600
chacha20-poly1305,2048,749,31300
chacha20-poly1305,2048,750,31700
chacha20-poly1305,2048,751,31700
chacha20-poly1305,2048,752,31600
chacha20-poly1305,2048,753,31900
chacha20-poly1305,2048,754,31600
chacha20-poly1305,2048,755,31500
chacha20-poly1305,2048,756,31600
chacha20-poly1305,2048,757,31900
chacha20-poly1305,2048,758,31100
chacha20-poly1305,2048,759,31300
chacha20-poly1305,2048,760,31800
chacha20-poly1305,2048,761,31600
chacha20-poly1305,2048,762,32000
chacha20-poly1305,2048,763,31600
chacha20-poly1305,2048,764,31400
chacha20-poly1305,2048,765,31500
chacha20-poly1305,2048,766,31800
chacha20-poly1305,2048,767,31400
chacha20-poly1305,2048,768,31500
chacha20-poly1305,2048,769,31700
chacha20-poly1305,2048,770,32200
chacha20-poly1305,2048,771,31900
chacha20-poly1305,2048,772,32000
chacha20-poly1305,2048,773,31400
chacha20-poly1305,2048,774,31700
chacha20-poly1305,2048,775,31800
chacha20-poly1305,2048,776,31000
chacha20-poly1305,2048,777,31600
chacha20-poly1305,2048,778,31900
chacha20-poly1305,2048,779,31100
chacha20-poly1305,2048,780,31700
chacha20-poly1305,2048,781,31500
chacha20-poly1305,2048,782,31600
chacha20-poly1305,2048,783,35600
chacha20-poly1305,2048,784,30500
chacha20-poly1305,2048,785,31400
chacha20-poly1305,2048,786,31600
chacha20-poly1305,2048,787,31800
chacha20-poly1305,2048,788,31300
chacha20-poly1305,2048,789,31800
chacha20-poly1305,2048,790,31700
chacha20-poly1305,2048,791,31600
chacha20-poly1305,2048,792,31800
chacha20-poly1305,2048,793,31800
chacha20-poly1305,2048,794,31300
chacha20-poly1305,2048,795,32600
chacha20-poly1305,2048,796,31700
chacha20-poly1305,2048,797,31200
chacha20-poly1305,2048,798,31700
chacha20-poly1305,2048,799,31600
chacha20-poly1305,2048,800,31600
chacha20-poly1305,2048,801,31500
chacha20-poly1305,2048,802,32100
chacha20-poly1305,2048,803,31300
chacha20-poly1305,2048,804,31600
chacha20-poly1305,2048,805,32100
chacha20-poly1305,2048,806,31400
chacha20-poly1305,2048,807,31800
chacha20-poly1305,2048,808,31600
chacha20-poly1305,2048,809,31400
chacha20-poly1305,2048,810,31700
chacha20-poly1305,2048,811,31800
chacha20-poly1305,2048,812,31600
chacha20-poly1305,2048,813,31500
chacha20-poly1305,2048,814,31900
chacha20-poly1305,2048,815,31100
chacha20-poly1305,2048,816,31800
chacha20-poly1305,2048,817,31800
chacha20-poly1305,2048,818,31500
chacha20-poly1305,2048,819,31500
chacha20-poly1305,2048,820,32200
chacha20-poly1305,2048,821,31200
chacha20-poly1305,2048,822,31700
chacha20-poly1305,2048,823,31700
chacha20-poly1305,2048,824,31500
chacha20-poly1305,2048,825,32100
chacha20-poly1305,2048,826,31700
chacha20-poly1305,2048,827,31600
chacha20-poly1305,2048,828,31500
chacha20-poly1305,2048,829,32000
chacha20-poly1305,2048,830,31300
chacha20-poly1305,2048,831,31600
chacha20-poly1305,2048,832,32100
chacha20-poly1305,2048,833,31900
chacha20-poly1305,2048,834,31800
chacha20-poly1305,2048,835,31700
chacha20-poly1305,2048,836,31200
chacha20-poly1305,2048,837,31600
chacha20-poly1305,2048,838,32000
chacha20-poly1305,2048,839,31000
chacha20-poly1305,2048,840,31400
chacha20-poly1305,2048,841,31500
chacha20-poly1305,2048,842,31800
chacha20-poly1305,2048,843,31600
chacha20-poly1305,2048,844,31500
chacha20-poly1305,2048,845,31500
chacha20-poly1305,2048,846,31600
chacha20-poly1305,2048,847,31800
chacha20-poly1305,2048,848,31400
chacha20-poly1305,2048,849,31400
chacha20-poly1305,2048,850,32000
chacha20-poly1305,2048,851,31100
chacha20-poly1305,2048,852,32100
chacha20-poly1305,2048,853,31500
chacha20-poly1305,2048,854,31300
chacha20-poly1305,2048,855,31600
chacha20-poly1305,2048,856,31900
chacha20-poly1305,2048,857,31200
chacha20-poly1305,2048,858,32100
chacha20-poly1305,2048,859,31900
chacha20-poly1305,2048,860,31200
chacha20-poly1305,2048,861,31500
chacha20-poly1305,2048,862,31800
chacha20-poly1305,2048,863,31500
chacha20-poly1305,2048,864,31600
chacha20-poly1305,2048,865,31900
chacha20-poly1305,2048,866,31500
chacha20-poly1305,2048,867,31700
chacha20-poly1305,2048,868,31700
chacha20-poly1305,2048,869,31000
chacha20-poly1305,2048,870,32000
chacha20-poly1305,2048,871,31800
chacha20-poly1305,2048,872,31900
chacha20-poly1305,2048,873,31500
chacha20-poly1305,2048,874,32100
chacha20-poly1305,2048,875,31300
chacha20-poly1305,2048,876,31600
chacha20-poly1305,2048,877,31800
chacha20-poly1305,2048,878,31200
chacha20-poly1305,2048,879,31500
chacha20-poly1305,2048,880,31800
chacha20-poly1305,2048,881,31400
chacha20-poly1305,2048,882,31800
chacha20-poly1305,2048,883,31900
chacha20-poly1305,2048,884,31500
chacha20-poly1305,2048,885,31500
chacha20-poly1305,2048,886,31900
chacha20-poly1305,2048,887,31400
chacha20-poly1305,2048,888,31900
chacha20-poly1305,2048,889,31700
chacha20-poly1305,2048,890,31600
chacha20-poly1305,2048,891,31700
chacha20-poly1305,2048,892,32000
chacha20-poly1305,2048,893,31200
chacha20-poly1305,2048,894,31400
chacha20-poly1305,2048,895,31800
chacha20-poly1305,2048,896,31200
chacha20-poly1305,2048,897,32400
chacha20-poly1305,2048,898,32000
chacha20-poly1305,2048,899,31300
chacha20-poly1305,2048,900,31500
chacha20-poly1305,2048,901,31600
chacha20-poly1305,2048,902,31700
chacha20-poly1305,2048,903,31700
chacha20-poly1305,2048,904,31900
chacha20-poly1305,2048,905,31400
chacha20-poly1305,2048,906,31900
chacha20-poly1305,2048,907,31600
chacha20-poly1305,2048,908,31300
chacha20-poly1305,2048,909,31300
chacha20-poly1305,2048,910,32000
chacha20-poly1305,2048,911,31200
chacha20-poly1305,2048,912,32100
chacha20-poly1305,2048,913,31900
chacha20-poly1305,2048,914,31300
chacha20-poly1305,2048,915,31700
chacha20-poly1305,2048,916,31700
chacha20-poly1305,2048,917,31400
chacha20-poly1305,2048,918,31500
chacha20-poly1305,2048,919,31500
chacha20-poly1305,2048,920,31300
chacha20-poly1305,2048,921,31300
chacha20-poly1305,2048,922,32900
chacha20-poly1305,2048,923,31400
chacha20-poly1305,2048,924,31800
chacha20-poly1305,2048,925,31800
chacha20-poly1305,2048,926,31500
chacha20-poly1305,2048,927,31700
chacha20-poly1305,2048,928,31800
chacha20-poly1305,2048,929,31100
chacha20-poly1305,2048,930,31900
chacha20-poly1305,2048,931,31800
chacha20-poly1305,2048,932,31600
chacha20-poly1305,2048,933,31600
chacha20-poly1305,2048,934,31700
chacha20-poly1305,2048,935,31500
chacha20-poly1305,2048,936,31400
chacha20-poly1305,2048,937,31700
chacha20-poly1305,2048,938,31500
chacha20-poly1305,2048,939,31400
chacha20-poly1305,2048,940,31800
chacha20-poly1305,2048,941,31100
chacha20-poly1305,2048,942,32100
chacha20-poly1305,2048,943,31600
chacha20-poly1305,2048,944,31500
chacha20-poly1305,2048,945,31500
chacha20-poly1305,2048,946,31800
chacha20-poly1305,2048,947,31300
chacha20-poly1305,2048,948,31800
chacha20-poly1305,2048,949,32100
chacha20-poly1305,2048,950,31200
chacha20-poly1305,2048,951,31600
chacha20-poly1305,2048,952,31900
chacha20-poly1305,2048,953,31600
chacha20-poly1305,2048,954,31400
chacha20-poly1305,2048,955,31900
chacha20-poly1305,2048,956,31200
chacha20-poly1305,2048,957,31600
chacha20-poly1305,2048,958,31700
chacha20-poly1305,2048,959,31300
chacha20-poly1305,2048,960,31600
chacha20-poly1305,2048,961,32200
chacha20-poly1305,2048,962,31800
chacha20-poly1305,2048,963,31500
chacha20-poly1305,2048,964,31800
chacha20-poly1305,2048,965,31400
chacha20-poly1305,2048,966,31800
chacha20-poly1305,2048,967,31800
chacha20-poly1305,2048,968,31200
chacha20-poly1305,2048,969,31600
chacha20-poly1305,2048,970,31800
chacha20-poly1305,2048,971,31500
chacha20-poly1305,2048,972,31700
chacha20-poly1305,2048,973,31700
chacha20-poly1305,2048,974,31300
chacha20-poly1305,2048,975,31500
chacha20-poly1305,2048,976,31900
chacha20-poly1305,2048,977,31300
chacha20-poly1305,2048,978,31600
chacha20-poly1305,2048,979,31600
chacha20-poly1305,2048,980,31600
chacha20-poly1305,2048,981,31300
chacha20-poly1305,2048,982,31900
chacha20-poly1305,2048,983,31300
chacha20-poly1305,2048,984,31500
chacha20-poly1305,2048,985,31900
chacha20-poly1305,2048,986,32000
chacha20-poly1305,2048,987,31900
chacha20-poly1305,2048,988,31600
chacha20-poly1305,2048,989,31300
chacha20-poly1305,2048,990,31500
chacha20-poly1305,2048,991,32000
chacha20-poly1305,2048,992,31500
chacha20-poly1305,2048,993,31500
chacha20-poly1305,2048,994,32000
chacha20-poly1305,2048,995,31100
chacha20-poly1305,2048,996,31500
chacha20-poly1305,2048,997,31700
chacha20-poly1305,2048,998,31800
chacha20-poly1305,2048,999,31400
chacha20-poly1305,2048,1000,31800
chacha20-poly1305,2048,1001,31400
chacha20-poly1305,2048,1002,32200
chacha20-poly1305,2048,1003,32100
chacha20-poly1305,2048,1004,31300
chacha20-poly1305,2048,1005,31900
chacha20-poly1305,2048,1006,31700
chacha20-poly1305,2048,1007,31400
chacha20-poly1305,2048,1008,31800
chacha20-poly1305,2048,1009,31800
chacha20-poly1305,2048,1010,31400
chacha20-poly1305,2048,1011,31400
chacha20-poly1305,2048,1012,32300
chacha20-poly1305,2048,1013,31200
chacha20-poly1305,2048,1014,31500
chacha20-poly1305,2048,1015,31900
chacha20-poly1305,2048,1016,31600
chacha20-poly1305,2048,1017,31700
chacha20-poly1305,2048,1018,31800
chacha20-poly1305,2048,1019,31300
chacha20-poly1305,2048,1020,31600
chacha20-poly1305,2048,1021,31800
chacha20-poly1305,2048,1022,31500
chacha20-poly1305,2048,1023,32000
chacha20-poly1305,2048,1024,31700
chacha20-poly1305,2048,1025,32400
chacha20-poly1305,2048,1026,31600
chacha20-poly1305,2048,1027,31900
chacha20-poly1305,2048,1028,31200
chacha20-poly1305,2048,1029,31400
chacha20-poly1305,2048,1030,32100
chacha20-poly1305,2048,1031,31200
chacha20-poly1305,2048,1032,32000
chacha20-poly1305,2048,1033,31700
chacha20-poly1305,2048,1034,31400
chacha20-poly1305,2048,1035,31400
chacha20-poly1305,2048,1036,31800
chacha20-poly1305,2048,1037,31200
chacha20-poly1305,2048,1038,31400
chacha20-poly1305,2048,1039,31700
chacha20-poly1305,2048,1040,31400
chacha20-poly1305,2048,1041,31500
chacha20-poly1305,2048,1042,31800
chacha20-poly1305,2048,1043,31300
chacha20-poly1305,2048,1044,31500
chacha20-poly1305,2048,1045,31800
chacha20-poly1305,2048,1046,31100
chacha20-poly1305,2048,1047,31500
chacha20-poly1305,2048,1048,31800
chacha20-poly1305,2048,1049,31200
chacha20-poly1305,2048,1050,36700
chacha20-poly1305,2048,1051,31800
chacha20-poly1305,2048,1052,31800
chacha20-poly1305,2048,1053,31500
chacha20-poly1305,2048,1054,31700
chacha20-poly1305,2048,1055,31400
chacha20-poly1305,2048,1056,31500
chacha20-poly1305,2048,1057,31900
chacha20-poly1305,2048,1058,31400
chacha20-poly1305,2048,1059,31800
chacha20-poly1305,2048,1060,31700
chacha20-poly1305,2048,1061,31300
chacha20-poly1305,2048,1062,31800
chacha20-poly1305,2048,1063,31700
chacha20-poly1305,2048,1064,31100
chacha20-poly1305,2048,1065,95600
chacha20-poly1305,2048,1066,205000
chacha20-poly1305,2048,1067,87400
chacha20-poly1305,2048,1068,114100
chacha20-poly1305,2048,1069,61600
chacha20-poly1305,2048,1070,35300
chacha20-poly1305,2048,1071,32500
chacha20-poly1305,2048,1072,32300
chacha20-poly1305,2048,1073,31700
chacha20-poly1305,2048,1074,32400
chacha20-poly1305,2048,1075,32200
chacha20-poly1305,2048,1076,31500
chacha20-poly1305,2048,1077,32000
chacha20-poly1305,2048,1078,31700
chacha20-poly1305,2048,1079,32100
chacha20-poly1305,2048,1080,31800
chacha20-poly1305,2048,1081,31900
chacha20-poly1305,2048,1082,31400
chacha20-poly1305,2048,1083,33600
chacha20-poly1305,2048,1084,32000
chacha20-poly1305,2048,1085,31500
chacha20-poly1305,2048,1086,32000
chacha20-poly1305,2048,1087,31800
chacha20-poly1305,2048,1088,32400
chacha20-poly1305,2048,1089,31600
chacha20-poly1305,2048,1090,32100
chacha20-poly1305,2048,1091,31200
chacha20-poly1305,2048,1092,31500
chacha20-poly1305,2048,1093,31900
chacha20-poly1305,2048,1094,31200
chacha20-poly1305,2048,1095,31800
chacha20-poly1305,2048,1096,31800
chacha20-poly1305,2048,1097,31500
chacha20-poly1305,2048,1098,31400
chacha20-poly1305,2048,1099,31900
chacha20-poly1305,2048,1100,31500
chacha20-poly1305,2048,1101,32000
chacha20-poly1305,2048,1102,31900
chacha20-poly1305,2048,1103,31000
chacha20-poly1305,2048,1104,31700
chacha20-poly1305,2048,1105,31700
chacha20-poly1305,2048,1106,31800
chacha20-poly1305,2048,1107,31600
chacha20-poly1305,2048,1108,31900
chacha20-poly1305,2048,1109,31200
chacha20-poly1305,2048,1110,31600
chacha20-poly1305,2048,1111,31800
chacha20-poly1305,2048,1112,31400
chacha20-poly1305,2048,1113,32800
chacha20-poly1305,2048,1114,31700
chacha20-poly1305,2048,1115,31700
chacha20-poly1305,2048,1116,31400
chacha20-poly1305,2048,1117,31900
chacha20-poly1305,2048,1118,31200
chacha20-poly1305,2048,1119,31400
chacha20-poly1305,2048,1120,31900
chacha20-poly1305,2048,1121,31200
chacha20-poly1305,2048,1122,31900
chacha20-poly1305,2048,1123,31800
chacha20-poly1305,2048,1124,31800
chacha20-poly1305,2048,1125,31500
chacha20-poly1305,2048,1126,31700
chacha20-poly1305,2048,1127,31300
chacha20-poly1305,2048,1128,31700
chacha20-poly1305,2048,1129,31900
chacha20-poly1305,2048,1130,31400
chacha20-poly1305,2048,1131,31800
chacha20-poly1305,2048,1132,31800
chacha20-poly1305,2048,1133,31800
chacha20-poly1305,2048,1134,31700
chacha20-poly1305,2048,1135,31900
chacha20-poly1305,2048,1136,31200
chacha20-poly1305,2048,1137,31700
chacha20-poly1305,2048,1138,32100
chacha20-poly1305,2048,1139,31500
chacha20-poly1305,2048,1140,31800
chacha20-poly1305,2048,1141,31600
chacha20-poly1305,2048,1142,31700
chacha20-poly1305,2048,1143,31700
chacha20-poly1305,2048,1144,31800
chacha20-poly1305,2048,1145,31300
chacha20-poly1305,2048,1146,31700
chacha20-poly1305,2048,1147,32300
chacha20-poly1305,2048,1148,31400
chacha20-poly1305,2048,1149,31900
chacha20-poly1305,2048,1150,31700
chacha20-poly1305,2048,1151,31600
chacha20-poly1305,2048,1152,34200
chacha20-poly1305,2048,1153,31900
chacha20-poly1305,2048,1154,31600
chacha20-poly1305,2048,1155,31700
chacha20-poly1305,2048,1156,32000
chacha20-poly1305,2048,1157,31500
chacha20-poly1305,2048,1158,31900
chacha20-poly1305,2048,1159,31700
chacha20-poly1305,2048,1160,31900
chacha20-poly1305,2048,1161,31500
chacha20-poly1305,2048,1162,31800
chacha20-poly1305,2048,1163,31300
chacha20-poly1305,2048,1164,31600
chacha20-poly1305,2048,1165,32200
chacha20-poly1305,2048,1166,31200
chacha20-poly1305,2048,1167,31900
chacha20-poly1305,2048,1168,31600
chacha20-poly1305,2048,1169,31400
chacha20-poly1305,2048,1170,31800
chacha20-poly1305,2048,1171,31800
chacha20-poly1305,2048,1172,31400
chacha20-poly1305,2048,1173,31700
chacha20-poly1305,2048,1174,32000
chacha20-poly1305,2048,1175,31600
chacha20-poly1305,2048,1176,31800
chacha20-poly1305,2048,1177,32400
chacha20-poly1305,2048,1178,31500
chacha20-poly1305,2048,1179,31500
chacha20-poly1305,2048,1180,32000
chacha20-poly1305,2048,1181,31500
chacha20-poly1305,2048,1182,31600
chacha20-poly1305,2048,1183,31900
chacha20-poly1305,2048,1184,31200
chacha20-poly1305,2048,1185,31800
chacha20-poly1305,2048,1186,32000
chacha20-poly1305,2048,1187,31600
chacha20-poly1305,2048,1188,31800
chacha20-poly1305,2048,1189,31800
chacha20-poly1305,2048,1190,31400
chacha20-poly1305,2048,1191,31500
chacha20-poly1305,2048,1192,32100
chacha20-poly1305,2048,1193,31200
chacha20-poly1305,2048,1194,31800
chacha20-poly1305,2048,1195,31900
chacha20-poly1305,2048,1196,31400
chacha20-poly1305,2048,1197,31700
chacha20-poly1305,2048,1198,31800
chacha20-poly1305,2048,1199,31200
chacha20-poly1305,2048,1200,31700
chacha20-poly1305,2048,1201,31900
chacha20-poly1305,2048,1202,31400
chacha20-poly1305,2048,1203,31800
chacha20-poly1305,2048,1204,31800
chacha20-poly1305,2048,1205,31500
chacha20-poly1305,2048,1206,31600
chacha20-poly1305,2048,1207,32200
chacha20-poly1305,2048,1208,31600
chacha20-poly1305,2048,1209,31400
chacha20-poly1305,2048,1210,32100
chacha20-poly1305,2048,1211,31600
chacha20-poly1305,2048,1212,31800
chacha20-poly1305,2048,1213,31800
chacha20-poly1305,2048,1214,31600
chacha20-poly1305,2048,1215,31600
chacha20-poly1305,2048,1216,32500
chacha20-poly1305,2048,1217,31400
chacha20-poly1305,2048,1218,31700
chacha20-poly1305,2048,1219,31800
chacha20-poly1305,2048,1220,31500
chacha20-poly1305,2048,1221,31900
chacha20-poly1305,2048,1222,31700
chacha20-poly1305,2048,1223,31600
chacha20-poly1305,2048,1224,32100
chacha20-poly1305,2048,1225,31900
chacha20-poly1305,2048,1226,31500
chacha20-poly1305,2048,1227,31700
chacha20-poly1305,2048,1228,32000
chacha20-poly1305,2048,1229,31600
chacha20-poly1305,2048,1230,31900
chacha20-poly1305,2048,1231,31700
chacha20-poly1305,2048,1232,31600
chacha20-poly1305,2048,1233,31600
chacha20-poly1305,2048,1234,32300
chacha20-poly1305,2048,1235,31500
chacha20-poly1305,2048,1236,31700
chacha20-poly1305,2048,1237,31800
chacha20-poly1305,2048,1238,31300
chacha20-poly1305,2048,1239,33100
chacha20-poly1305,2048,1240,42500
chacha20-poly1305,2048,1241,32800
chacha20-poly1305,2048,1242,31500
chacha20-poly1305,2048,1243,31900
chacha20-poly1305,2048,1244,31500
chacha20-poly1305,2048,1245,31900
chacha20-poly1305,2048,1246,31900
chacha20-poly1305,2048,1247,31400
chacha20-poly1305,2048,1248,31700
chacha20-poly1305,2048,1249,31700
chacha20-poly1305,2048,1250,31700
chacha20-poly1305,2048,1251,31600
chacha20-poly1305,2048,1252,31900
chacha20-poly1305,2048,1253,31600
chacha20-poly1305,2048,1254,31700
chacha20-poly1305,2048,1255,31800
chacha20-poly1305,2048,1256,31400
chacha20-poly1305,2048,1257,31900
chacha20-poly1305,2048,1258,31500
chacha20-poly1305,2048,1259,31600
chacha20-poly1305,2048,1260,31700
chacha20-poly1305,2048,1261,32000
chacha20-poly1305,2048,1262,31300
chacha20-poly1305,2048,1263,31500
chacha20-poly1305,2048,1264,32100
chacha20-poly1305,2048,1265,31600
chacha20-poly1305,2048,1266,32000
chacha20-poly1305,2048,1267,31700
chacha20-poly1305,2048,1268,31600
chacha20-poly1305,2048,1269,31600
chacha20-poly1305,2048,1270,31900
chacha20-poly1305,2048,1271,31600
chacha20-poly1305,2048,1272,31600
chacha20-poly1305,2048,1273,31900
chacha20-poly1305,2048,1274,31600
chacha20-poly1305,2048,1275,32000
chacha20-poly1305,2048,1276,31600
chacha20-poly1305,2048,1277,31800
chacha20-poly1305,2048,1278,31600
chacha20-poly1305,2048,1279,32100
chacha20-poly1305,2048,1280,32100
chacha20-poly1305,2048,1281,31600
chacha20-poly1305,2048,1282,32200
chacha20-poly1305,2048,1283,31500
chacha20-poly1305,2048,1284,31800
chacha20-poly1305,2048,1285,31800
chacha20-poly1305,2048,1286,31600
chacha20-poly1305,2048,1287,31600
chacha20-poly1305,2048,1288,32000
chacha20-poly1305,2048,1289,31300
chacha20-poly1305,2048,1290,31600
chacha20-poly1305,2048,1291,31900
chacha20-poly1305,2048,1292,31400
chacha20-poly1305,2048,1293,32000
chacha20-poly1305,2048,1294,31800
chacha20-poly1305,2048,1295,31700
chacha20-poly1305,2048,1296,31600
chacha20-poly1305,2048,1297,32000
chacha20-poly1305,2048,1298,31500
chacha20-poly1305,2048,1299,31600
chacha20-poly1305,2048,1300,31900
chacha20-poly1305,2048,1301,31300
chacha20-poly1305,2048,1302,31900
chacha20-poly1305,2048,1303,31900
chacha20-poly1305,2048,1304,31500
chacha20-poly1305,2048,1305,32900
chacha20-poly1305,2048,1306,31800
chacha20-poly1305,2048,1307,31400
chacha20-poly1305,2048,1308,31600
chacha20-poly1305,2048,1309,31900
chacha20-poly1305,2048,1310,31200
chacha20-poly1305,2048,1311,31700
chacha20-poly1305,2048,1312,31700
chacha20-poly1305,2048,1313,31500
chacha20-poly1305,2048,1314,31700
chacha20-poly1305,2048,1315,31900
chacha20-poly1305,2048,1316,31100
chacha20-poly1305,2048,1317,32000
chacha20-poly1305,2048,1318,31800
chacha20-poly1305,2048,1319,31300
chacha20-poly1305,2048,1320,31900
chacha20-poly1305,2048,1321,31500
chacha20-poly1305,2048,1322,31700
chacha20-poly1305,2048,1323,31500
chacha20-poly1305,2048,1324,31900
chacha20-poly1305,2048,1325,31600
chacha20-poly1305,2048,1326,31500
chacha20-poly1305,2048,1327,32100
chacha20-poly1305,2048,1328,31300
chacha20-poly1305,2048,1329,31700
chacha20-poly1305,2048,1330,31900
chacha20-poly1305,2048,1331,31500
chacha20-poly1305,2048,1332,31600
chacha20-poly1305,2048,1333,32000
chacha20-poly1305,2048,1334,31300
chacha20-poly1305,2048,1335,31800
chacha20-poly1305,2048,1336,31700
chacha20-poly1305,2048,1337,31300
chacha20-poly1305,2048,1338,31700
chacha20-poly1305,2048,1339,31700
chacha20-poly1305,2048,1340,31600
chacha20-poly1305,2048,1341,31700
chacha20-poly1305,2048,1342,31800
chacha20-poly1305,2048,1343,31800
chacha20-poly1305,2048,1344,31600
chacha20-poly1305,2048,1345,32000
chacha20-poly1305,2048,1346,31400
chacha20-poly1305,2048,1347,31800
chacha20-poly1305,2048,1348,31700
chacha20-poly1305,2048,1349,31600
chacha20-poly1305,2048,1350,31700
chacha20-poly1305,2048,1351,32100
chacha20-poly1305,2048,1352,31800
chacha20-poly1305,2048,1353,31700
chacha20-poly1305,2048,1354,31900
chacha20-poly1305,2048,1355,31400
chacha20-poly1305,2048,1356,31700
chacha20-poly1305,2048,1357,31800
chacha20-poly1305,2048,1358,31500
chacha20-poly1305,2048,1359,31500
chacha20-poly1305,2048,1360,32000
chacha20-poly1305,2048,1361,31300
chacha20-poly1305,2048,1362,31800
chacha20-poly1305,2048,1363,31900
chacha20-poly1305,2048,1364,31500
chacha20-poly1305,2048,1365,31900
chacha20-poly1305,2048,1366,31700
chacha20-poly1305,2048,1367,31800
chacha20-poly1305,2048,1368,32200
chacha20-poly1305,2048,1369,31800
chacha20-poly1305,2048,1370,31500
chacha20-poly1305,2048,1371,31700
chacha20-poly1305,2048,1372,32000
chacha20-poly1305,2048,1373,31500
chacha20-poly1305,2048,1374,32000
chacha20-poly1305,2048,1375,31800
chacha20-poly1305,2048,1376,31500
chacha20-poly1305,2048,1377,31800
chacha20-poly1305,2048,1378,32100
chacha20-poly1305,2048,1379,31400
chacha20-poly1305,2048,1380,31600
chacha20-poly1305,2048,1381,32400
chacha20-poly1305,2048,1382,31400
chacha20-poly1305,2048,1383,31700
chacha20-poly1305,2048,1384,31900
chacha20-poly1305,2048,1385,31600
chacha20-poly1305,2048,1386,31500
chacha20-poly1305,2048,1387,32100
chacha20-poly1305,2048,1388,31400
chacha20-poly1305,2048,1389,31700
chacha20-poly1305,2048,1390,31900
chacha20-poly1305,2048,1391,31200
chacha20-poly1305,2048,1392,31800
chacha20-poly1305,2048,1393,31800
chacha20-poly1305,2048,1394,31700
chacha20-poly1305,2048,1395,31600
chacha20-poly1305,2048,1396,31900
chacha20-poly1305,2048,1397,31500
chacha20-poly1305,2048,1398,31500
chacha20-poly1305,2048,1399,32000
chacha20-poly1305,2048,1400,31400
chacha20-poly1305,2048,1401,31700
chacha20-poly1305,2048,1402,31500
chacha20-poly1305,2048,1403,31600
chacha20-poly1305,2048,1404,31500
chacha20-poly1305,2048,1405,32100
chacha20-poly1305,2048,1406,31200
chacha20-poly1305,2048,1407,32300
chacha20-poly1305,2048,1408,31800
chacha20-poly1305,2048,1409,31200
chacha20-poly1305,2048,1410,32000
chacha20-poly1305,2048,1411,31800
chacha20-poly1305,2048,1412,31400
chacha20-poly1305,2048,1413,31700
chacha20-poly1305,2048,1414,32000
chacha20-poly1305,2048,1415,31300
chacha20-poly1305,2048,1416,31600
chacha20-poly1305,2048,1417,31900
chacha20-poly1305,2048,1418,31400
chacha20-poly1305,2048,1419,31800
chacha20-poly1305,2048,1420,31800
chacha20-poly1305,2048,1421,31700
chacha20-poly1305,2048,1422,31600
chacha20-poly1305,2048,1423,31900
chacha20-poly1305,2048,1424,31500
chacha20-poly1305,2048,1425,31700
chacha20-poly1305,2048,1426,31900
chacha20-poly1305,2048,1427,31500
chacha20-poly1305,2048,1428,31700
chacha20-poly1305,2048,1429,31600
chacha20-poly1305,2048,1430,31600
chacha20-poly1305,2048,1431,31600
chacha20-poly1305,2048,1432,32600
chacha20-poly1305,2048,1433,31400
chacha20-poly1305,2048,1434,31600
chacha20-poly1305,2048,1435,32000
chacha20-poly1305,2048,1436,31300
chacha20-poly1305,2048,1437,32200
chacha20-poly1305,2048,1438,31600
chacha20-poly1305,2048,1439,31600
chacha20-poly1305,2048,1440,31700
chacha20-poly1305,2048,1441,31800
chacha20-poly1305,2048,1442,31600
chacha20-poly1305,2048,1443,31600
chacha20-poly1305,2048,1444,32000
chacha20-poly1305,2048,1445,31700
chacha20-poly1305,2048,1446,31700
chacha20-poly1305,2048,1447,31800
chacha20-poly1305,2048,1448,31600
chacha20-poly1305,2048,1449,31500
chacha20-poly1305,2048,1450,32000
chacha20-poly1305,2048,1451,31300
chacha20-poly1305,2048,1452,31500
chacha20-poly1305,2048,1453,32100
chacha20-poly1305,2048,1454,31300
chacha20-poly1305,2048,1455,31800
chacha20-poly1305,2048,1456,31700
chacha20-poly1305,2048,1457,31600
chacha20-poly1305,2048,1458,31800
chacha20-poly1305,2048,1459,31700
chacha20-poly1305,2048,1460,31200
chacha20-poly1305,2048,1461,31600
chacha20-poly1305,2048,1462,31700
chacha20-poly1305,2048,1463,31400
chacha20-poly1305,2048,1464,31900
chacha20-poly1305,2048,1465,31700
chacha20-poly1305,2048,1466,31400
chacha20-poly1305,2048,1467,31600
chacha20-poly1305,2048,1468,31800
chacha20-poly1305,2048,1469,31500
chacha20-poly1305,2048,1470,31700
chacha20-poly1305,2048,1471,32400
chacha20-poly1305,2048,1472,31300
chacha20-poly1305,2048,1473,31800
chacha20-poly1305,2048,1474,31800
chacha20-poly1305,2048,1475,31500
chacha20-poly1305,2048,1476,31500
chacha20-poly1305,2048,1477,31900
chacha20-poly1305,2048,1478,31200
chacha20-poly1305,2048,1479,31600
chacha20-poly1305,2048,1480,32000
chacha20-poly1305,2048,1481,31200
chacha20-poly1305,2048,1482,31800
chacha20-poly1305,2048,1483,31600
chacha20-poly1305,2048,1484,31400
chacha20-poly1305,2048,1485,31900
chacha20-poly1305,2048,1486,31800
chacha20-poly1305,2048,1487,31600
chacha20-poly1305,2048,1488,31500
chacha20-poly1305,2048,1489,31600
chacha20-poly1305,2048,1490,31600
chacha20-poly1305,2048,1491,31600
chacha20-poly1305,2048,1492,31600
chacha20-poly1305,2048,1493,31600
chacha20-poly1305,2048,1494,31500
chacha20-poly1305,2048,1495,32200
chacha20-poly1305,2048,1496,32200
chacha20-poly1305,2048,1497,31600
chacha20-poly1305,2048,1498,31800
chacha20-poly1305,2048,1499,31400
chacha20-poly1305,2048,1500,32000
chacha20-poly1305,2048,1501,31900
chacha20-poly1305,2048,1502,31700
chacha20-poly1305,2048,1503,31600
chacha20-poly1305,2048,1504,32000
chacha20-poly1305,2048,1505,31500
chacha20-poly1305,2048,1506,31600
chacha20-poly1305,2048,1507,31900
chacha20-poly1305,2048,1508,31300
chacha20-poly1305,2048,1509,31900
chacha20-poly1305,2048,1510,31900
chacha20-poly1305,2048,1511,31400
chacha20-poly1305,2048,1512,31800
chacha20-poly1305,2048,1513,32000
chacha20-poly1305,2048,1514,31400
chacha20-poly1305,2048,1515,31700
chacha20-poly1305,2048,1516,31800
chacha20-poly1305,2048,1517,31600
chacha20-poly1305,2048,1518,31700
chacha20-poly1305,2048,1519,31600
chacha20-poly1305,2048,1520,31600
chacha20-poly1305,2048,1521,31500
chacha20-poly1305,2048,1522,32000
chacha20-poly1305,2048,1523,31300
chacha20-poly1305,2048,1524,31800
chacha20-poly1305,2048,1525,32400
chacha20-poly1305,2048,1526,31200
chacha20-poly1305,2048,1527,32100
chacha20-poly1305,2048,1528,31600
chacha20-poly1305,2048,1529,31500
chacha20-poly1305,2048,1530,31600
chacha20-poly1305,2048,1531,32000
chacha20-poly1305,2048,1532,31400
chacha20-poly1305,2048,1533,31800
chacha20-poly1305,2048,1534,31900
chacha20-poly1305,2048,1535,32300
chacha20-poly1305,2048,1536,31700
chacha20-poly1305,2048,1537,31600
chacha20-poly1305,2048,1538,31600
chacha20-poly1305,2048,1539,31600
chacha20-poly1305,2048,1540,31900
chacha20-poly1305,2048,1541,31200
chacha20-poly1305,2048,1542,31600
chacha20-poly1305,2048,1543,31700
chacha20-poly1305,2048,1544,31500
chacha20-poly1305,2048,1545,31700
chacha20-poly1305,2048,1546,31600
chacha20-poly1305,2048,1547,31700
chacha20-poly1305,2048,1548,31600
chacha20-poly1305,2048,1549,32000
chacha20-poly1305,2048,1550,31500
chacha20-poly1305,2048,1551,67400
chacha20-poly1305,2048,1552,124900
chacha20-poly1305,2048,1553,60000
chacha20-poly1305,2048,1554,41700
chacha20-poly1305,2048,1555,33400
chacha20-poly1305,2048,1556,33600
chacha20-poly1305,2048,1557,84000
chacha20-poly1305,2048,1558,192300
chacha20-poly1305,2048,1559,94600
chacha20-poly1305,2048,1560,46600
chacha20-poly1305,2048,1561,34700
chacha20-poly1305,2048,1562,32200
chacha20-poly1305,2048,1563,32400
chacha20-poly1305,2048,1564,32200
chacha20-poly1305,2048,1565,32600
chacha20-poly1305,2048,1566,32300
chacha20-poly1305,2048,1567,31900
chacha20-poly1305,2048,1568,31400
chacha20-poly1305,2048,1569,31700
chacha20-poly1305,2048,1570,32000
chacha20-poly1305,2048,1571,31100
chacha20-poly1305,2048,1572,31800
chacha20-poly1305,2048,1573,31600
chacha20-poly1305,2048,1574,31300
chacha20-poly1305,2048,1575,31700
chacha20-poly1305,2048,1576,31800
chacha20-poly1305,2048,1577,31500
chacha20-poly1305,2048,1578,31500
chacha20-poly1305,2048,1579,31800
chacha20-poly1305,2048,1580,31200
chacha20-poly1305,2048,1581,31700
chacha20-poly1305,2048,1582,31600
chacha20-poly1305,2048,1583,31400
chacha20-poly1305,2048,1584,31500
chacha20-poly1305,2048,1585,32100
chacha20-poly1305,2048,1586,31200
chacha20-poly1305,2048,1587,31600
chacha20-poly1305,2048,1588,32100
chacha20-poly1305,2048,1589,31300
chacha20-poly1305,2048,1590,31800
chacha20-poly1305,2048,1591,31500
chacha20-poly1305,2048,1592,31500
chacha20-poly1305,2048,1593,31300
chacha20-poly1305,2048,1594,31800
chacha20-poly1305,2048,1595,31500
chacha20-poly1305,2048,1596,31600
chacha20-poly1305,2048,1597,32000
chacha20-poly1305,2048,1598,33100
chacha20-poly1305,2048,1599,31600
chacha20-poly1305,2048,1600,31700
chacha20-poly1305,2048,1601,31300
chacha20-poly1305,2048,1602,31400
chacha20-poly1305,2048,1603,31600
chacha20-poly1305,2048,1604,31100
chacha20-poly1305,2048,1605,31800
chacha20-poly1305,2048,1606,31900
chacha20-poly1305,2048,1607,31300
chacha20-poly1305,2048,1608,31800
chacha20-poly1305,2048,1609,31800
chacha20-poly1305,2048,1610,31400
chacha20-poly1305,2048,1611,31600
chacha20-poly1305,2048,1612,32100
chacha20-poly1305,2048,1613,31100
chacha20-poly1305,2048,1614,75000
chacha20-poly1305,2048,1615,80200
chacha20-poly1305,2048,1616,95200
chacha20-poly1305,2048,1617,62000
chacha20-poly1305,2048,1618,35500
chacha20-poly1305,2048,1619,33000
chacha20-poly1305,2048,1620,32200
chacha20-poly1305,2048,1621,32000
chacha20-poly1305,2048,1622,31500
chacha20-poly1305,2048,1623,34500
chacha20-poly1305,2048,1624,32100
chacha20-poly1305,2048,1625,31300
chacha20-poly1305,2048,1626,32000
chacha20-poly1305,2048,1627,31600
chacha20-poly1305,2048,1628,31500
chacha20-poly1305,2048,1629,31900
chacha20-poly1305,2048,1630,32100
chacha20-poly1305,2048,1631,31200
chacha20-poly1305,2048,1632,31600
chacha20-poly1305,2048,1633,31800
chacha20-poly1305,2048,1634,31600
chacha20-poly1305,2048,1635,31900
chacha20-poly1305,2048,1636,31700
chacha20-poly1305,2048,1637,31500
chacha20-poly1305,2048,1638,31500
chacha20-poly1305,2048,1639,31700
chacha20-poly1305,2048,1640,31400
chacha20-poly1305,2048,1641,31700
chacha20-poly1305,2048,1642,31900
chacha20-poly1305,2048,1643,31300
chacha20-poly1305,2048,1644,76400
chacha20-poly1305,2048,1645,42700
chacha20-poly1305,2048,1646,33600
chacha20-poly1305,2048,1647,32500
chacha20-poly1305,2048,1648,32500
chacha20-poly1305,2048,1649,31500
chacha20-poly1305,2048,1650,31900
chacha20-poly1305,2048,1651,31300
chacha20-poly1305,2048,1652,31600
chacha20-poly1305,2048,1653,33000
chacha20-poly1305,2048,1654,31800
chacha20-poly1305,2048,1655,31400
chacha20-poly1305,2048,1656,31700
chacha20-poly1305,2048,1657,31900
chacha20-poly1305,2048,1658,31600
chacha20-poly1305,2048,1659,31800
chacha20-poly1305,2048,1660,31000
chacha20-poly1305,2048,1661,31500
chacha20-poly1305,2048,1662,35700
chacha20-poly1305,2048,1663,31800
chacha20-poly1305,2048,1664,31700
chacha20-poly1305,2048,1665,31300
chacha20-poly1305,2048,1666,31800
chacha20-poly1305,2048,1667,31500
chacha20-poly1305,2048,1668,31500
chacha20-poly1305,2048,1669,32000
chacha20-poly1305,2048,1670,64300
chacha20-poly1305,2048,1671,104500
chacha20-poly1305,2048,1672,64800
chacha20-poly1305,2048,1673,35600
chacha20-poly1305,2048,1674,51000
chacha20-poly1305,2048,1675,60500
chacha20-poly1305,2048,1676,35400
chacha20-poly1305,2048,1677,32800
chacha20-poly1305,2048,1678,32400
chacha20-poly1305,2048,1679,31400
chacha20-poly1305,2048,1680,32600
chacha20-poly1305,2048,1681,31700
chacha20-poly1305,2048,1682,45000
chacha20-poly1305,2048,1683,32000
chacha20-poly1305,2048,1684,32100
chacha20-poly1305,2048,1685,31400
chacha20-poly1305,2048,1686,31500
chacha20-poly1305,2048,1687,33000
chacha20-poly1305,2048,1688,31300
chacha20-poly1305,2048,1689,31700
chacha20-poly1305,2048,1690,32000
chacha20-poly1305,2048,1691,31400
chacha20-poly1305,2048,1692,31700
chacha20-poly1305,2048,1693,31700
chacha20-poly1305,2048,1694,31300
chacha20-poly1305,2048,1695,31900
chacha20-poly1305,2048,1696,31800
chacha20-poly1305,2048,1697,31300
chacha20-poly1305,2048,1698,31700
chacha20-poly1305,2048,1699,31700
chacha20-poly1305,2048,1700,31700
chacha20-poly1305,2048,1701,31700
chacha20-poly1305,2048,1702,31900
chacha20-poly1305,2048,1703,31100
chacha20-poly1305,2048,1704,31600
chacha20-poly1305,2048,1705,32300
chacha20-poly1305,2048,1706,31500
chacha20-poly1305,2048,1707,32000
chacha20-poly1305,2048,1708,32300
chacha20-poly1305,2048,1709,34500
chacha20-poly1305,2048,1710,31700
chacha20-poly1305,2048,1711,31600
chacha20-poly1305,2048,1712,31500
chacha20-poly1305,2048,1713,31300
chacha20-poly1305,2048,1714,31700
chacha20-poly1305,2048,1715,31300
chacha20-poly1305,2048,1716,32000
chacha20-poly1305,2048,1717,31700
chacha20-poly1305,2048,1718,31600
chacha20-poly1305,2048,1719,31500
chacha20-poly1305,2048,1720,31900
chacha20-poly1305,2048,1721,31400
chacha20-poly1305,2048,1722,31800
chacha20-poly1305,2048,1723,31800
chacha20-poly1305,2048,1724,31200
chacha20-poly1305,2048,1725,31800
chacha20-poly1305,2048,1726,32300
chacha20-poly1305,2048,1727,31900
chacha20-poly1305,2048,1728,31500
chacha20-poly1305,2048,1729,31700
chacha20-poly1305,2048,1730,31400
chacha20-poly1305,2048,1731,31400
chacha20-poly1305,2048,1732,31800
chacha20-poly1305,2048,1733,31300
chacha20-poly1305,2048,1734,31700
chacha20-poly1305,2048,1735,31700
chacha20-poly1305,2048,1736,31700
chacha20-poly1305,2048,1737,31800
chacha20-poly1305,2048,1738,32000
chacha20-poly1305,2048,1739,31200
chacha20-poly1305,2048,1740,31600
chacha20-poly1305,2048,1741,32000
chacha20-poly1305,2048,1742,31300
chacha20-poly1305,2048,1743,31600
chacha20-poly1305,2048,1744,31900
chacha20-poly1305,2048,1745,31600
chacha20-poly1305,2048,1746,31400
chacha20-poly1305,2048,1747,31900
chacha20-poly1305,2048,1748,31400
chacha20-poly1305,2048,1749,31400
chacha20-poly1305,2048,1750,31800
chacha20-poly1305,2048,1751,32200
chacha20-poly1305,2048,1752,31800
chacha20-poly1305,2048,1753,31500
chacha20-poly1305,2048,1754,31600
chacha20-poly1305,2048,1755,31600
chacha20-poly1305,2048,1756,32100
chacha20-poly1305,2048,1757,31400
chacha20-poly1305,2048,1758,31400
chacha20-poly1305,2048,1759,32000
chacha20-poly1305,2048,1760,31400
chacha20-poly1305,2048,1761,31600
chacha20-poly1305,2048,1762,31800
chacha20-poly1305,2048,1763,31500
chacha20-poly1305,2048,1764,31500
chacha20-poly1305,2048,1765,32100
chacha20-poly1305,2048,1766,31500
chacha20-poly1305,2048,1767,31700
chacha20-poly1305,2048,1768,31800
chacha20-poly1305,2048,1769,31300
chacha20-poly1305,2048,1770,31900
chacha20-poly1305,2048,1771,31600
chacha20-poly1305,2048,1772,31500
chacha20-poly1305,2048,1773,31400
chacha20-poly1305,2048,1774,31900
chacha20-poly1305,2048,1775,31300
chacha20-poly1305,2048,1776,31900
chacha20-poly1305,2048,1777,32100
chacha20-poly1305,2048,1778,31200
chacha20-poly1305,2048,1779,31800
chacha20-poly1305,2048,1780,31900
chacha20-poly1305,2048,1781,31700
chacha20-poly1305,2048,1782,31700
chacha20-poly1305,2048,1783,31900
chacha20-poly1305,2048,1784,31300
chacha20-poly1305,2048,1785,31700
chacha20-poly1305,2048,1786,31900
chacha20-poly1305,2048,1787,31400
chacha20-poly1305,2048,1788,31800
chacha20-poly1305,2048,1789,31600
chacha20-poly1305,2048,1790,76900
chacha20-poly1305,2048,1791,126000
chacha20-poly1305,2048,1792,64700
chacha20-poly1305,2048,1793,35200
chacha20-poly1305,2048,1794,33600
chacha20-poly1305,2048,1795,32900
chacha20-poly1305,2048,1796,31500
chacha20-poly1305,2048,1797,32600
chacha20-poly1305,2048,1798,31900
chacha20-poly1305,2048,1799,31500
chacha20-poly1305,2048,1800,31800
chacha20-poly1305,2048,1801,31800
chacha20-poly1305,2048,1802,31600
chacha20-poly1305,2048,1803,31500
chacha20-poly1305,2048,1804,32200
chacha20-poly1305,2048,1805,31300
chacha20-poly1305,2048,1806,31700
chacha20-poly1305,2048,1807,31800
chacha20-poly1305,2048,1808,31600
chacha20-poly1305,2048,1809,31400
chacha20-poly1305,2048,1810,31900
chacha20-poly1305,2048,1811,31400
chacha20-poly1305,2048,1812,31700
chacha20-poly1305,2048,1813,31900
chacha20-poly1305,2048,1814,31300
chacha20-poly1305,2048,1815,33400
chacha20-poly1305,2048,1816,31700
chacha20-poly1305,2048,1817,31800
chacha20-poly1305,2048,1818,31500
chacha20-poly1305,2048,1819,31800
chacha20-poly1305,2048,1820,31600
chacha20-poly1305,2048,1821,31400
chacha20-poly1305,2048,1822,31700
chacha20-poly1305,2048,1823,31200
chacha20-poly1305,2048,1824,31600
chacha20-poly1305,2048,1825,31600
chacha20-poly1305,2048,1826,31600
chacha20-poly1305,2048,1827,31900
chacha20-poly1305,2048,1828,31900
chacha20-poly1305,2048,1829,31200
chacha20-poly1305,2048,1830,31600
chacha20-poly1305,2048,1831,31700
chacha20-poly1305,2048,1832,31400
chacha20-poly1305,2048,1833,31600
chacha20-poly1305,2048,1834,31800
chacha20-poly1305,2048,1835,31400
chacha20-poly1305,2048,1836,32300
chacha20-poly1305,2048,1837,31900
chacha20-poly1305,2048,1838,31100
chacha20-poly1305,2048,1839,31500
chacha20-poly1305,2048,1840,32000
chacha20-poly1305,2048,1841,31200
chacha20-poly1305,2048,1842,31900
chacha20-poly1305,2048,1843,31700
chacha20-poly1305,2048,1844,31500
chacha20-poly1305,2048,1845,32000
chacha20-poly1305,2048,1846,31800
chacha20-poly1305,2048,1847,31600
chacha20-poly1305,2048,1848,31600
chacha20-poly1305,2048,1849,31900
chacha20-poly1305,2048,1850,31400
chacha20-poly1305,2048,1851,31600
chacha20-poly1305,2048,1852,31600
chacha20-poly1305,2048,1853,32000
chacha20-poly1305,2048,1854,31400
chacha20-poly1305,2048,1855,31900
chacha20-poly1305,2048,1856,31100
chacha20-poly1305,2048,1857,31800
chacha20-poly1305,2048,1858,32000
chacha20-poly1305,2048,1859,31200
chacha20-poly1305,2048,1860,32000
chacha20-poly1305,2048,1861,31600
chacha20-poly1305,2048,1862,31300
chacha20-poly1305,2048,1863,31500
chacha20-poly1305,2048,1864,31800
chacha20-poly1305,2048,1865,31400
chacha20-poly1305,2048,1866,31800
chacha20-poly1305,2048,1867,32100
chacha20-poly1305,2048,1868,31400
chacha20-poly1305,2048,1869,31700
chacha20-poly1305,2048,1870,31700
chacha20-poly1305,2048,1871,31500
chacha20-poly1305,2048,1872,31600
chacha20-poly1305,2048,1873,31700
chacha20-poly1305,2048,1874,31200
chacha20-poly1305,2048,1875,31600
chacha20-poly1305,2048,1876,31800
chacha20-poly1305,2048,1877,31800
chacha20-poly1305,2048,1878,32600
chacha20-poly1305,2048,1879,32000
chacha20-poly1305,2048,1880,31600
chacha20-poly1305,2048,1881,31500
chacha20-poly1305,2048,1882,31900
chacha20-poly1305,2048,1883,31200
chacha20-poly1305,2048,1884,31700
chacha20-poly1305,2048,1885,31800
chacha20-poly1305,2048,1886,31200
chacha20-poly1305,2048,1887,32000
chacha20-poly1305,2048,1888,31700
chacha20-poly1305,2048,1889,31500
chacha20-poly1305,2048,1890,31900
chacha20-poly1305,2048,1891,129500
chacha20-poly1305,2048,1892,91700
chacha20-poly1305,2048,1893,42200
chacha20-poly1305,2048,1894,34100
chacha20-poly1305,2048,1895,32200
chacha20-poly1305,2048,1896,32200
chacha20-poly1305,2048,1897,32000
chacha20-poly1305,2048,1898,32500
chacha20-poly1305,2048,1899,31500
chacha20-poly1305,2048,1900,31900
chacha20-poly1305,2048,1901,31300
chacha20-poly1305,2048,1902,31800
chacha20-poly1305,2048,1903,32100
chacha20-poly1305,2048,1904,31300
chacha20-poly1305,2048,1905,31600
chacha20-poly1305,2048,1906,31600
chacha20-poly1305,2048,1907,31600
chacha20-poly1305,2048,1908,31600
chacha20-poly1305,2048,1909,31800
chacha20-poly1305,2048,1910,31200
chacha20-poly1305,2048,1911,31500
chacha20-poly1305,2048,1912,31900
chacha20-poly1305,2048,1913,31300
chacha20-poly1305,2048,1914,31600
chacha20-poly1305,2048,1915,31700
chacha20-poly1305,2048,1916,31400
chacha20-poly1305,2048,1917,32700
chacha20-poly1305,2048,1918,31800
chacha20-poly1305,2048,1919,31400
chacha20-poly1305,2048,1920,31500
chacha20-poly1305,2048,1921,31700
chacha20-poly1305,2048,1922,31300
chacha20-poly1305,2048,1923,31700
chacha20-poly1305,2048,1924,31800
chacha20-poly1305,2048,1925,31600
chacha20-poly1305,2048,1926,31300
chacha20-poly1305,2048,1927,32000
chacha20-poly1305,2048,1928,31300
chacha20-poly1305,2048,1929,40800
chacha20-poly1305,2048,1930,34800
chacha20-poly1305,2048,1931,31500
chacha20-poly1305,2048,1932,32100
chacha20-poly1305,2048,1933,31700
chacha20-poly1305,2048,1934,31300
chacha20-poly1305,2048,1935,31600
chacha20-poly1305,2048,1936,32000
chacha20-poly1305,2048,1937,31300
chacha20-poly1305,2048,1938,31800
chacha20-poly1305,2048,1939,31900
chacha20-poly1305,2048,1940,31500
chacha20-poly1305,2048,1941,31900
chacha20-poly1305,2048,1942,32700
chacha20-poly1305,2048,1943,31500
chacha20-poly1305,2048,1944,31600
chacha20-poly1305,2048,1945,31900
chacha20-poly1305,2048,1946,31500
chacha20-poly1305,2048,1947,31600
chacha20-poly1305,2048,1948,31900
chacha20-poly1305,2048,1949,31500
chacha20-poly1305,2048,1950,31700
chacha20-poly1305,2048,1951,31700
chacha20-poly1305,2048,1952,31600
chacha20-poly1305,2048,1953,31500
chacha20-poly1305,2048,1954,31900
chacha20-poly1305,2048,1955,31300
chacha20-poly1305,2048,1956,31400
chacha20-poly1305,2048,1957,32200
chacha20-poly1305,2048,1958,31500
chacha20-poly1305,2048,1959,31800
chacha20-poly1305,2048,1960,31600
chacha20-poly1305,2048,1961,31500
chacha20-poly1305,2048,1962,31700
chacha20-poly1305,2048,1963,32200
chacha20-poly1305,2048,1964,31300
chacha20-poly1305,2048,1965,31700
chacha20-poly1305,2048,1966,32100
chacha20-poly1305,2048,1967,31500
chacha20-poly1305,2048,1968,32100
chacha20-poly1305,2048,1969,31900
chacha20-poly1305,2048,1970,31600
chacha20-poly1305,2048,1971,31400
chacha20-poly1305,2048,1972,31900
chacha20-poly1305,2048,1973,31300
chacha20-poly1305,2048,1974,31400
chacha20-poly1305,2048,1975,31900
chacha20-poly1305,2048,1976,31500
chacha20-poly1305,2048,1977,31700
chacha20-poly1305,2048,1978,31800
chacha20-poly1305,2048,1979,31600
chacha20-poly1305,2048,1980,31900
chacha20-poly1305,2048,1981,32500
chacha20-poly1305,2048,1982,31400
chacha20-poly1305,2048,1983,31800
chacha20-poly1305,2048,1984,31800
chacha20-poly1305,2048,1985,31400
chacha20-poly1305,2048,1986,31800
chacha20-poly1305,2048,1987,31700
chacha20-poly1305,2048,1988,32000
chacha20-poly1305,2048,1989,31600
chacha20-poly1305,2048,1990,31900
chacha20-poly1305,2048,1991,31200
chacha20-poly1305,2048,1992,31700
chacha20-poly1305,2048,1993,31800
chacha20-poly1305,2048,1994,31300
chacha20-poly1305,2048,1995,31700
chacha20-poly1305,2048,1996,31700
chacha20-poly1305,2048,1997,31500
chacha20-poly1305,2048,1998,31600
chacha20-poly1305,2048,1999,32000
