algorithm,message_size_bytes,iteration,latency_ns
chacha20-poly1305,128,0,32500
chacha20-poly1305,128,1,32400
chacha20-poly1305,128,2,31800
chacha20-poly1305,128,3,31900
chacha20-poly1305,128,4,31600
chacha20-poly1305,128,5,31900
chacha20-poly1305,128,6,31800
chacha20-poly1305,128,7,31800
chacha20-poly1305,128,8,31600
chacha20-poly1305,128,9,31900
chacha20-poly1305,128,10,31700
chacha20-poly1305,128,11,31800
chacha20-poly1305,128,12,31900
chacha20-poly1305,128,13,31600
chacha20-poly1305,128,14,31800
chacha20-poly1305,128,15,31600
chacha20-poly1305,128,16,33400
chacha20-poly1305,128,17,34000
chacha20-poly1305,128,18,31400
chacha20-poly1305,128,19,31600
chacha20-poly1305,128,20,31800
chacha20-poly1305,128,21,31700
chacha20-poly1305,128,22,32500
chacha20-poly1305,128,23,32500
chacha20-poly1305,128,24,31900
chacha20-poly1305,128,25,31600
chacha20-poly1305,128,26,31500
chacha20-poly1305,128,27,31600
chacha20-poly1305,128,28,31700
chacha20-poly1305,128,29,31700
chacha20-poly1305,128,30,31700
chacha20-poly1305,128,31,31400
chacha20-poly1305,128,32,31800
chacha20-poly1305,128,33,31700
chacha20-poly1305,128,34,31700
chacha20-poly1305,128,35,31500
chacha20-poly1305,128,36,31500
chacha20-poly1305,128,37,31900
chacha20-poly1305,128,38,31400
chacha20-poly1305,128,39,32200
chacha20-poly1305,128,40,31500
chacha20-poly1305,128,41,32100
chacha20-poly1305,128,42,31600
chacha20-poly1305,128,43,31900
chacha20-poly1305,128,44,31700
chacha20-poly1305,128,45,31500
chacha20-poly1305,128,46,31800
chacha20-poly1305,128,47,33900
chacha20-poly1305,128,48,31700
chacha20-poly1305,128,49,31500
chacha20-poly1305,128,50,31500
chacha20-poly1305,128,51,31300
chacha20-poly1305,128,52,32600
chacha20-poly1305,128,53,31600
chacha20-poly1305,128,54,31800
chacha20-poly1305,128,55,31500
chacha20-poly1305,128,56,31700
chacha20-poly1305,128,57,31800
chacha20-poly1305,128,58,31300
chacha20-poly1305,128,59,31900
chacha20-poly1305,128,60,31500
chacha20-poly1305,128,61,31600
chacha20-poly1305,128,62,31800
chacha20-poly1305,128,63,31700
chacha20-poly1305,128,64,31900
chacha20-poly1305,128,65,31600
chacha20-poly1305,128,66,31600
chacha20-poly1305,128,67,31500
chacha20-poly1305,128,68,31800
chacha20-poly1305,128,69,31400
chacha20-poly1305,128,70,31400
chacha20-poly1305,128,71,31400
chacha20-poly1305,128,72,31700
chacha20-poly1305,128,73,31700
chacha20-poly1305,128,74,31600
chacha20-poly1305,128,75,31800
chacha20-poly1305,128,76,31400
chacha20-poly1305,128,77,32400
chacha20-poly1305,128,78,31500
chacha20-poly1305,128,79,31800
chacha20-poly1305,128,80,31400
chacha20-poly1305,128,81,31300
chacha20-poly1305,128,82,31700
chacha20-poly1305,128,83,31600
chacha20-poly1305,128,84,32000
chacha20-poly1305,128,85,31400
chacha20-poly1305,128,86,31900
chacha20-poly1305,128,87,31800
chacha20-poly1305,128,88,31600
chacha20-poly1305,128,89,31700
chacha20-poly1305,128,90,31300
chacha20-poly1305,128,91,31600
chacha20-poly1305,128,92,31700
chacha20-poly1305,128,93,31800
chacha20-poly1305,128,94,31800
chacha20-poly1305,128,95,31700
chacha20-poly1305,128,96,31600
chacha20-poly1305,128,97,31900
chacha20-poly1305,128,98,31400
chacha20-poly1305,128,99,31900
chacha20-poly1305,128,100,31600
chacha20-poly1305,128,101,31500
chacha20-poly1305,128,102,31800
chacha20-poly1305,128,103,31500
chacha20-poly1305,128,104,31900
chacha20-poly1305,128,105,31700
chacha20-poly1305,128,106,31700
chacha20-poly1305,128,107,31800
chacha20-poly1305,128,108,31500
chacha20-poly1305,128,109,31300
chacha20-poly1305,128,110,31800
chacha20-poly1305,128,111,31600
chacha20-poly1305,128,112,31500
chacha20-poly1305,128,113,31800
chacha20-poly1305,128,114,31700
chacha20-poly1305,128,115,31600
chacha20-poly1305,128,116,32300
chacha20-poly1305,128,117,31600
chacha20-poly1305,128,118,31800
chacha20-poly1305,128,119,31700
chacha20-poly1305,128,120,31600
chacha20-poly1305,128,121,31300
chacha20-poly1305,128,122,31700
chacha20-poly1305,128,123,31800
chacha20-poly1305,128,124,31800
chacha20-poly1305,128,125,31600
chacha20-poly1305,128,126,31800
chacha20-poly1305,128,127,31600
chacha20-poly1305,128,128,31600
chacha20-poly1305,128,129,32300
chacha20-poly1305,128,130,31700
chacha20-poly1305,128,131,31600
chacha20-poly1305,128,132,31500
chacha20-poly1305,128,133,31600
chacha20-poly1305,128,134,31600
chacha20-poly1305,128,135,31600
chacha20-poly1305,128,136,31600
chacha20-poly1305,128,137,31800
chacha20-poly1305,128,138,31700
chacha20-poly1305,128,139,32300
chacha20-poly1305,128,140,33500
chacha20-poly1305,128,141,88300
chacha20-poly1305,128,142,145500
chacha20-poly1305,128,143,53900
chacha20-poly1305,128,144,52300
chacha20-poly1305,128,145,115300
chacha20-poly1305,128,146,126700
chacha20-poly1305,128,147,160900
chacha20-poly1305,128,148,130600
chacha20-poly1305,128,149,129300
chacha20-poly1305,128,150,63900
chacha20-poly1305,128,151,36000
chacha20-poly1305,128,152,33400
chacha20-poly1305,128,153,32000
chacha20-poly1305,128,154,32300
chacha20-poly1305,128,155,31900
chacha20-poly1305,128,156,71100
chacha20-poly1305,128,157,42800
chacha20-poly1305,128,158,34900
chacha20-poly1305,128,159,33700
chacha20-poly1305,128,160,34100
chacha20-poly1305,128,161,33200
chacha20-poly1305,128,162,33100
chacha20-poly1305,128,163,33600
chacha20-poly1305,128,164,33300
chacha20-poly1305,128,165,33300
chacha20-poly1305,128,166,32900
chacha20-poly1305,128,167,33200
chacha20-poly1305,128,168,33100
chacha20-poly1305,128,169,33400
chacha20-poly1305,128,170,32900
chacha20-poly1305,128,171,33300
chacha20-poly1305,128,172,33000
chacha20-poly1305,128,173,33200
chacha20-poly1305,128,174,33100
chacha20-poly1305,128,175,32600
chacha20-poly1305,128,176,62900
chacha20-poly1305,128,177,90400
chacha20-poly1305,128,178,45100
chacha20-poly1305,128,179,35100
chacha20-poly1305,128,180,34700
chacha20-poly1305,128,181,32500
chacha20-poly1305,128,182,32200
chacha20-poly1305,128,183,32000
chacha20-poly1305,128,184,31900
chacha20-poly1305,128,185,31800
chacha20-poly1305,128,186,31900
chacha20-poly1305,128,187,31900
chacha20-poly1305,128,188,31400
chacha20-poly1305,128,189,31900
chacha20-poly1305,128,190,31800
chacha20-poly1305,128,191,31500
chacha20-poly1305,128,192,32100
chacha20-poly1305,128,193,31400
chacha20-poly1305,128,194,31800
chacha20-poly1305,128,195,31700
chacha20-poly1305,128,196,31500
chacha20-poly1305,128,197,31800
chacha20-poly1305,128,198,31500
chacha20-poly1305,128,199,32000
chacha20-poly1305,128,200,31700
chacha20-poly1305,128,201,32500
chacha20-poly1305,128,202,31900
chacha20-poly1305,128,203,32000
chacha20-poly1305,128,204,50900
chacha20-poly1305,128,205,106400
chacha20-poly1305,128,206,79800
chacha20-poly1305,128,207,58000
chacha20-poly1305,128,208,36000
chacha20-poly1305,128,209,32600
chacha20-poly1305,128,210,32600
chacha20-poly1305,128,211,31700
chacha20-poly1305,128,212,32000
chacha20-poly1305,128,213,31600
chacha20-poly1305,128,214,32700
chacha20-poly1305,128,215,31700
chacha20-poly1305,128,216,32300
chacha20-poly1305,128,217,32000
chacha20-poly1305,128,218,31400
chacha20-poly1305,128,219,31600
chacha20-poly1305,128,220,31200
chacha20-poly1305,128,221,31700
chacha20-poly1305,128,222,31800
chacha20-poly1305,128,223,31500
chacha20-poly1305,128,224,30900
chacha20-poly1305,128,225,31500
chacha20-poly1305,128,226,31500
chacha20-poly1305,128,227,31500
chacha20-poly1305,128,228,31500
chacha20-poly1305,128,229,31500
chacha20-poly1305,128,230,35000
chacha20-poly1305,128,231,31400
chacha20-poly1305,128,232,31000
chacha20-poly1305,128,233,31800
chacha20-poly1305,128,234,31500
chacha20-poly1305,128,235,30900
chacha20-poly1305,128,236,31200
chacha20-poly1305,128,237,52500
chacha20-poly1305,128,238,30400
chacha20-poly1305,128,239,29800
chacha20-poly1305,128,240,29800
chacha20-poly1305,128,241,30100
chacha20-poly1305,128,242,29400
chacha20-poly1305,128,243,30500
chacha20-poly1305,128,244,30000
chacha20-poly1305,128,245,29400
chacha20-poly1305,128,246,29700
chacha20-poly1305,128,247,29500
chacha20-poly1305,128,248,29400
chacha20-poly1305,128,249,29700
chacha20-poly1305,128,250,29600
chacha20-poly1305,128,251,29400
chacha20-poly1305,128,252,29400
chacha20-poly1305,128,253,29700
chacha20-poly1305,128,254,29300
chacha20-poly1305,128,255,29800
chacha20-poly1305,128,256,29300
chacha20-poly1305,128,257,29700
chacha20-poly1305,128,258,29600
chacha20-poly1305,128,259,30300
chacha20-poly1305,128,260,29400
chacha20-poly1305,128,261,29800
chacha20-poly1305,128,262,134400
chacha20-poly1305,128,263,83900
chacha20-poly1305,128,264,40000
chacha20-poly1305,128,265,31200
chacha20-poly1305,128,266,32000
chacha20-poly1305,128,267,30100
chacha20-poly1305,128,268,29700
chacha20-poly1305,128,269,30000
chacha20-poly1305,128,270,29300
chacha20-poly1305,128,271,30400
chacha20-poly1305,128,272,29300
chacha20-poly1305,128,273,29600
chacha20-poly1305,128,274,29400
chacha20-poly1305,128,275,29400
chacha20-poly1305,128,276,29200
chacha20-poly1305,128,277,30000
chacha20-poly1305,128,278,29100
chacha20-poly1305,128,279,30100
chacha20-poly1305,128,280,29500
chacha20-poly1305,128,281,29400
chacha20-poly1305,128,282,29900
chacha20-poly1305,128,283,29600
chacha20-poly1305,128,284,29100
chacha20-poly1305,128,285,29700
chacha20-poly1305,128,286,29500
chacha20-poly1305,128,287,29600
chacha20-poly1305,128,288,29300
chacha20-poly1305,128,289,32700
chacha20-poly1305,128,290,29500
chacha20-poly1305,128,291,29800
chacha20-poly1305,128,292,29700
chacha20-poly1305,128,293,29600
chacha20-poly1305,128,294,29300
chacha20-poly1305,128,295,30100
chacha20-poly1305,128,296,29000
chacha20-poly1305,128,297,29900
chacha20-poly1305,128,298,29400
chacha20-poly1305,128,299,29500
chacha20-poly1305,128,300,29500
chacha20-poly1305,128,301,29900
chacha20-poly1305,128,302,29500
chacha20-poly1305,128,303,30000
chacha20-poly1305,128,304,29600
chacha20-poly1305,128,305,29300
chacha20-poly1305,128,306,29500
chacha20-poly1305,128,307,30900
chacha20-poly1305,128,308,29200
chacha20-poly1305,128,309,30200
chacha20-poly1305,128,310,29200
chacha20-poly1305,128,311,29800
chacha20-poly1305,128,312,29800
chacha20-poly1305,128,313,29300
chacha20-poly1305,128,314,29600
chacha20-poly1305,128,315,29400
chacha20-poly1305,128,316,29800
chacha20-poly1305,128,317,29100
chacha20-poly1305,128,318,29700
chacha20-poly1305,128,319,29300
chacha20-poly1305,128,320,29700
chacha20-poly1305,128,321,29400
chacha20-poly1305,128,322,30300
chacha20-poly1305,128,323,51200
chacha20-poly1305,128,324,30100
chacha20-poly1305,128,325,29300
chacha20-poly1305,128,326,29300
chacha20-poly1305,128,327,29700
chacha20-poly1305,128,328,29500
chacha20-poly1305,128,329,29200
chacha20-poly1305,128,330,30200
chacha20-poly1305,128,331,29500
chacha20-poly1305,128,332,29500
chacha20-poly1305,128,333,29200
chacha20-poly1305,128,334,29800
chacha20-poly1305,128,335,29300
chacha20-poly1305,128,336,29900
chacha20-poly1305,128,337,29300
chacha20-poly1305,128,338,29600
chacha20-poly1305,128,339,29500
chacha20-poly1305,128,340,29800
chacha20-poly1305,128,341,29100
chacha20-poly1305,128,342,29800
chacha20-poly1305,128,343,29500
chacha20-poly1305,128,344,29500
chacha20-poly1305,128,345,29400
chacha20-poly1305,128,346,29700
chacha20-poly1305,128,347,29300
chacha20-poly1305,128,348,29600
chacha20-poly1305,128,349,29500
chacha20-poly1305,128,350,29500
chacha20-poly1305,128,351,29300
chacha20-poly1305,128,352,29900
chacha20-poly1305,128,353,29200
chacha20-poly1305,128,354,30100
chacha20-poly1305,128,355,31800
chacha20-poly1305,128,356,29600
chacha20-poly1305,128,357,29500
chacha20-poly1305,128,358,29500
chacha20-poly1305,128,359,29200
chacha20-poly1305,128,360,29400
chacha20-poly1305,128,361,29800
chacha20-poly1305,128,362,29300
chacha20-poly1305,128,363,29600
chacha20-poly1305,128,364,29400
chacha20-poly1305,128,365,29300
chacha20-poly1305,128,366,29200
chacha20-poly1305,128,367,29800
chacha20-poly1305,128,368,29100
chacha20-poly1305,128,369,29500
chacha20-poly1305,128,370,29400
chacha20-poly1305,128,371,29900
chacha20-poly1305,128,372,29600
chacha20-poly1305,128,373,29200
chacha20-poly1305,128,374,29300
chacha20-poly1305,128,375,29400
chacha20-poly1305,128,376,29300
chacha20-poly1305,128,377,29200
chacha20-poly1305,128,378,29300
chacha20-poly1305,128,379,29600
chacha20-poly1305,128,380,29100
chacha20-poly1305,128,381,29500
chacha20-poly1305,128,382,29400
chacha20-poly1305,128,383,29100
chacha20-poly1305,128,384,29400
chacha20-poly1305,128,385,29300
chacha20-poly1305,128,386,29300
chacha20-poly1305,128,387,29600
chacha20-poly1305,128,388,29600
chacha20-poly1305,128,389,29200
chacha20-poly1305,128,390,29400
chacha20-poly1305,128,391,29100
chacha20-poly1305,128,392,29400
chacha20-poly1305,128,393,29100
chacha20-poly1305,128,394,30200
chacha20-poly1305,128,395,29000
chacha20-poly1305,128,396,29300
chacha20-poly1305,128,397,29600
chacha20-poly1305,128,398,28900
chacha20-poly1305,128,399,29800
chacha20-poly1305,128,400,29300
chacha20-poly1305,128,401,29500
chacha20-poly1305,128,402,29800
chacha20-poly1305,128,403,29400
chacha20-poly1305,128,404,29200
chacha20-poly1305,128,405,29300
chacha20-poly1305,128,406,29800
chacha20-poly1305,128,407,29300
chacha20-poly1305,128,408,29400
chacha20-poly1305,128,409,29400
chacha20-poly1305,128,410,29500
chacha20-poly1305,128,411,29400
chacha20-poly1305,128,412,29500
chacha20-poly1305,128,413,29000
chacha20-poly1305,128,414,29200
chacha20-poly1305,128,415,29400
chacha20-poly1305,128,416,28900
chacha20-poly1305,128,417,29600
chacha20-poly1305,128,418,29400
chacha20-poly1305,128,419,79500
chacha20-poly1305,128,420,195900
chacha20-poly1305,128,421,205400
chacha20-poly1305,128,422,193300
chacha20-poly1305,128,423,162700
chacha20-poly1305,128,424,137500
chacha20-poly1305,128,425,56600
chacha20-poly1305,128,426,34300
chacha20-poly1305,128,427,30600
chacha20-poly1305,128,428,42200
chacha20-poly1305,128,429,114900
chacha20-poly1305,128,430,102500
chacha20-poly1305,128,431,103200
chacha20-poly1305,128,432,101500
chacha20-poly1305,128,433,102400
chacha20-poly1305,128,434,101200
chacha20-poly1305,128,435,66700
chacha20-poly1305,128,436,34500
chacha20-poly1305,128,437,87700
chacha20-poly1305,128,438,57300
chacha20-poly1305,128,439,33200
chacha20-poly1305,128,440,30000
chacha20-poly1305,128,441,29700
chacha20-poly1305,128,442,29600
chacha20-poly1305,128,443,38500
chacha20-poly1305,128,444,30300
chacha20-poly1305,128,445,29500
chacha20-poly1305,128,446,30000
chacha20-poly1305,128,447,29600
chacha20-poly1305,128,448,29800
chacha20-poly1305,128,449,29200
chacha20-poly1305,128,450,29400
chacha20-poly1305,128,451,29400
chacha20-poly1305,128,452,29200
chacha20-poly1305,128,453,29500
chacha20-poly1305,128,454,29400
chacha20-poly1305,128,455,29200
chacha20-poly1305,128,456,29300
chacha20-poly1305,128,457,30000
chacha20-poly1305,128,458,30000
chacha20-poly1305,128,459,29600
chacha20-poly1305,128,460,29500
chacha20-poly1305,128,461,29100
chacha20-poly1305,128,462,29700
chacha20-poly1305,128,463,29300
chacha20-poly1305,128,464,29500
chacha20-poly1305,128,465,29300
chacha20-poly1305,128,466,29300
chacha20-poly1305,128,467,29400
chacha20-poly1305,128,468,29400
chacha20-poly1305,128,469,29700
chacha20-poly1305,128,470,28900
chacha20-poly1305,128,471,29400
chacha20-poly1305,128,472,29400
chacha20-poly1305,128,473,29300
chacha20-poly1305,128,474,29300
chacha20-poly1305,128,475,29500
chacha20-poly1305,128,476,33600
chacha20-poly1305,128,477,30600
chacha20-poly1305,128,478,29700
chacha20-poly1305,128,479,29100
chacha20-poly1305,128,480,29800
chacha20-poly1305,128,481,29200
chacha20-poly1305,128,482,29100
chacha20-poly1305,128,483,29200
chacha20-poly1305,128,484,29400
chacha20-poly1305,128,485,29200
chacha20-poly1305,128,486,29300
chacha20-poly1305,128,487,29700
chacha20-poly1305,128,488,29200
chacha20-poly1305,128,489,29600
chacha20-poly1305,128,490,29200
chacha20-poly1305,128,491,29400
chacha20-poly1305,128,492,29500
chacha20-poly1305,128,493,29500
chacha20-poly1305,128,494,29300
chacha20-poly1305,128,495,29200
chacha20-poly1305,128,496,29500
chacha20-poly1305,128,497,29300
chacha20-poly1305,128,498,30300
chacha20-poly1305,128,499,29700
chacha20-poly1305,128,500,29200
chacha20-poly1305,128,501,29500
chacha20-poly1305,128,502,29600
chacha20-poly1305,128,503,29000
chacha20-poly1305,128,504,29500
chacha20-poly1305,128,505,29500
chacha20-poly1305,128,506,28900
chacha20-poly1305,128,507,29700
chacha20-poly1305,128,508,29400
chacha20-poly1305,128,509,31100
chacha20-poly1305,128,510,29500
chacha20-poly1305,128,511,81200
chacha20-poly1305,128,512,82700
chacha20-poly1305,128,513,39000
chacha20-poly1305,128,514,31800
chacha20-poly1305,128,515,29600
chacha20-poly1305,128,516,30600
chacha20-poly1305,128,517,29800
chacha20-poly1305,128,518,29600
chacha20-poly1305,128,519,29800
chacha20-poly1305,128,520,29600
chacha20-poly1305,128,521,31800
chacha20-poly1305,128,522,29400
chacha20-poly1305,128,523,29500
chacha20-poly1305,128,524,29100
chacha20-poly1305,128,525,29400
chacha20-poly1305,128,526,29500
chacha20-poly1305,128,527,29400
chacha20-poly1305,128,528,29300
chacha20-poly1305,128,529,29500
chacha20-poly1305,128,530,29100
chacha20-poly1305,128,531,29300
chacha20-poly1305,128,532,29700
chacha20-poly1305,128,533,29300
chacha20-poly1305,128,534,29700
chacha20-poly1305,128,535,29500
chacha20-poly1305,128,536,32200
chacha20-poly1305,128,537,85800
chacha20-poly1305,128,538,86900
chacha20-poly1305,128,539,60700
chacha20-poly1305,128,540,58200
chacha20-poly1305,128,541,85100
chacha20-poly1305,128,542,125100
chacha20-poly1305,128,543,66000
chacha20-poly1305,128,544,57300
chacha20-poly1305,128,545,91600
chacha20-poly1305,128,546,64800
chacha20-poly1305,128,547,33800
chacha20-poly1305,128,548,30200
chacha20-poly1305,128,549,30100
chacha20-poly1305,128,550,65100
chacha20-poly1305,128,551,39600
chacha20-poly1305,128,552,33400
chacha20-poly1305,128,553,30900
chacha20-poly1305,128,554,31400
chacha20-poly1305,128,555,31500
chacha20-poly1305,128,556,102100
chacha20-poly1305,128,557,55100
chacha20-poly1305,128,558,31900
chacha20-poly1305,128,559,30300
chacha20-poly1305,128,560,29400
chacha20-poly1305,128,561,29900
chacha20-poly1305,128,562,31700
chacha20-poly1305,128,563,29900
chacha20-poly1305,128,564,29800
chacha20-poly1305,128,565,29600
chacha20-poly1305,128,566,29600
chacha20-poly1305,128,567,29600
chacha20-poly1305,128,568,29500
chacha20-poly1305,128,569,29300
chacha20-poly1305,128,570,29700
chacha20-poly1305,128,571,29300
chacha20-poly1305,128,572,29600
chacha20-poly1305,128,573,29800
chacha20-poly1305,128,574,29500
chacha20-poly1305,128,575,29100
chacha20-poly1305,128,576,29200
chacha20-poly1305,128,577,29600
chacha20-poly1305,128,578,29000
chacha20-poly1305,128,579,29800
chacha20-poly1305,128,580,29300
chacha20-poly1305,128,581,29300
chacha20-poly1305,128,582,29400
chacha20-poly1305,128,583,29500
chacha20-poly1305,128,584,29500
chacha20-poly1305,128,585,30200
chacha20-poly1305,128,586,29400
chacha20-poly1305,128,587,29900
chacha20-poly1305,128,588,30000
chacha20-poly1305,128,589,29700
chacha20-poly1305,128,590,29400
chacha20-poly1305,128,591,29200
chacha20-poly1305,128,592,29500
chacha20-poly1305,128,593,29300
chacha20-poly1305,128,594,29400
chacha20-poly1305,128,595,29700
chacha20-poly1305,128,596,28900
chacha20-poly1305,128,597,29500
chacha20-poly1305,128,598,29400
chacha20-poly1305,128,599,29500
chacha20-poly1305,128,600,29500
chacha20-poly1305,128,601,29400
chacha20-poly1305,128,602,29200
chacha20-poly1305,128,603,29300
chacha20-poly1305,128,604,53000
chacha20-poly1305,128,605,171900
chacha20-poly1305,128,606,98000
chacha20-poly1305,128,607,39100
chacha20-poly1305,128,608,31200
chacha20-poly1305,128,609,30400
chacha20-poly1305,128,610,30800
chacha20-poly1305,128,611,29500
chacha20-poly1305,128,612,29500
chacha20-poly1305,128,613,29600
chacha20-poly1305,128,614,29300
chacha20-poly1305,128,615,29800
chacha20-poly1305,128,616,29200
chacha20-poly1305,128,617,29500
chacha20-poly1305,128,618,29300
chacha20-poly1305,128,619,29600
chacha20-poly1305,128,620,29400
chacha20-poly1305,128,621,29900
chacha20-poly1305,128,622,29400
chacha20-poly1305,128,623,29100
chacha20-poly1305,128,624,29500
chacha20-poly1305,128,625,29100
chacha20-poly1305,128,626,31400
chacha20-poly1305,128,627,29500
chacha20-poly1305,128,628,29300
chacha20-poly1305,128,629,29200
chacha20-poly1305,128,630,29500
chacha20-poly1305,128,631,29700
chacha20-poly1305,128,632,29200
chacha20-poly1305,128,633,29600
chacha20-poly1305,128,634,29300
chacha20-poly1305,128,635,29300
chacha20-poly1305,128,636,29200
chacha20-poly1305,128,637,29600
chacha20-poly1305,128,638,29000
chacha20-poly1305,128,639,29600
chacha20-poly1305,128,640,29400
chacha20-poly1305,128,641,29100
chacha20-poly1305,128,642,30000
chacha20-poly1305,128,643,29400
chacha20-poly1305,128,644,29400
chacha20-poly1305,128,645,31700
chacha20-poly1305,128,646,29300
chacha20-poly1305,128,647,29200
chacha20-poly1305,128,648,29300
chacha20-poly1305,128,649,30400
chacha20-poly1305,128,650,29100
chacha20-poly1305,128,651,29600
chacha20-poly1305,128,652,29500
chacha20-poly1305,128,653,29500
chacha20-poly1305,128,654,29500
chacha20-poly1305,128,655,29300
chacha20-poly1305,128,656,29100
chacha20-poly1305,128,657,29400
chacha20-poly1305,128,658,29300
chacha20-poly1305,128,659,29200
chacha20-poly1305,128,660,29600
chacha20-poly1305,128,661,29300
chacha20-poly1305,128,662,29400
chacha20-poly1305,128,663,29400
chacha20-poly1305,128,664,29700
chacha20-poly1305,128,665,29100
chacha20-poly1305,128,666,29300
chacha20-poly1305,128,667,29800
chacha20-poly1305,128,668,29100
chacha20-poly1305,128,669,37300
chacha20-poly1305,128,670,54700
chacha20-poly1305,128,671,47600
chacha20-poly1305,128,672,34400
chacha20-poly1305,128,673,30300
chacha20-poly1305,128,674,29700
chacha20-poly1305,128,675,30000
chacha20-poly1305,128,676,40400
chacha20-poly1305,128,677,45800
chacha20-poly1305,128,678,96900
chacha20-poly1305,128,679,57400
chacha20-poly1305,128,680,33300
chacha20-poly1305,128,681,30400
chacha20-poly1305,128,682,30300
chacha20-poly1305,128,683,30200
chacha20-poly1305,128,684,29800
chacha20-poly1305,128,685,106000
chacha20-poly1305,128,686,63000
chacha20-poly1305,128,687,86400
chacha20-poly1305,128,688,38700
chacha20-poly1305,128,689,31400
chacha20-poly1305,128,690,32200
chacha20-poly1305,128,691,29900
chacha20-poly1305,128,692,51300
chacha20-poly1305,128,693,118700
chacha20-poly1305,128,694,44400
chacha20-poly1305,128,695,39800
chacha20-poly1305,128,696,35400
chacha20-poly1305,128,697,29500
chacha20-poly1305,128,698,29400
chacha20-poly1305,128,699,29600
chacha20-poly1305,128,700,29400
chacha20-poly1305,128,701,29000
chacha20-poly1305,128,702,29400
chacha20-poly1305,128,703,29500
chacha20-poly1305,128,704,29400
chacha20-poly1305,128,705,29800
chacha20-poly1305,128,706,29500
chacha20-poly1305,128,707,29600
chacha20-poly1305,128,708,29300
chacha20-poly1305,128,709,29700
chacha20-poly1305,128,710,29100
chacha20-poly1305,128,711,29400
chacha20-poly1305,128,712,29800
chacha20-poly1305,128,713,30400
chacha20-poly1305,128,714,29900
chacha20-poly1305,128,715,29200
chacha20-poly1305,128,716,29400
chacha20-poly1305,128,717,29700
chacha20-poly1305,128,718,29500
chacha20-poly1305,128,719,29200
chacha20-poly1305,128,720,29300
chacha20-poly1305,128,721,29600
chacha20-poly1305,128,722,29400
chacha20-poly1305,128,723,29500
chacha20-poly1305,128,724,29800
chacha20-poly1305,128,725,29600
chacha20-poly1305,128,726,29400
chacha20-poly1305,128,727,29900
chacha20-poly1305,128,728,29300
chacha20-poly1305,128,729,39300
chacha20-poly1305,128,730,28700
chacha20-poly1305,128,731,32900
chacha20-poly1305,128,732,33700
chacha20-poly1305,128,733,31800
chacha20-poly1305,128,734,48900
chacha20-poly1305,128,735,86000
chacha20-poly1305,128,736,40100
chacha20-poly1305,128,737,84900
chacha20-poly1305,128,738,98000
chacha20-poly1305,128,739,89400
chacha20-poly1305,128,740,38600
chacha20-poly1305,128,741,31300
chacha20-poly1305,128,742,30000
chacha20-poly1305,128,743,30700
chacha20-poly1305,128,744,29900
chacha20-poly1305,128,745,29600
chacha20-poly1305,128,746,29200
chacha20-poly1305,128,747,38000
chacha20-poly1305,128,748,90700
chacha20-poly1305,128,749,60800
chacha20-poly1305,128,750,35700
chacha20-poly1305,128,751,37700
chacha20-poly1305,128,752,51800
chacha20-poly1305,128,753,103900
chacha20-poly1305,128,754,100100
chacha20-poly1305,128,755,87400
chacha20-poly1305,128,756,39400
chacha20-poly1305,128,757,32000
chacha20-poly1305,128,758,65300
chacha20-poly1305,128,759,39500
chacha20-poly1305,128,760,31400
chacha20-poly1305,128,761,30200
chacha20-poly1305,128,762,29900
chacha20-poly1305,128,763,29600
chacha20-poly1305,128,764,29200
chacha20-poly1305,128,765,29500
chacha20-poly1305,128,766,29800
chacha20-poly1305,128,767,29700
chacha20-poly1305,128,768,29500
chacha20-poly1305,128,769,29800
chacha20-poly1305,128,770,29300
chacha20-poly1305,128,771,29400
chacha20-poly1305,128,772,33200
chacha20-poly1305,128,773,29200
chacha20-poly1305,128,774,29400
chacha20-poly1305,128,775,29600
chacha20-poly1305,128,776,30100
chacha20-poly1305,128,777,29700
chacha20-poly1305,128,778,29500
chacha20-poly1305,128,779,29600
chacha20-poly1305,128,780,29500
chacha20-poly1305,128,781,29500
chacha20-poly1305,128,782,29200
chacha20-poly1305,128,783,29500
chacha20-poly1305,128,784,29600
chacha20-poly1305,128,785,29000
chacha20-poly1305,128,786,29600
chacha20-poly1305,128,787,29400
chacha20-poly1305,128,788,29300
chacha20-poly1305,128,789,29500
chacha20-poly1305,128,790,29600
chacha20-poly1305,128,791,29200
chacha20-poly1305,128,792,29700
chacha20-poly1305,128,793,29400
chacha20-poly1305,128,794,29400
chacha20-poly1305,128,795,29700
chacha20-poly1305,128,796,91800
chacha20-poly1305,128,797,84300
chacha20-poly1305,128,798,39400
chacha20-poly1305,128,799,31600
chacha20-poly1305,128,800,30200
chacha20-poly1305,128,801,68400
chacha20-poly1305,128,802,104800
chacha20-poly1305,128,803,118000
chacha20-poly1305,128,804,62600
chacha20-poly1305,128,805,49200
chacha20-poly1305,128,806,94000
chacha20-poly1305,128,807,57900
chacha20-poly1305,128,808,33500
chacha20-poly1305,128,809,30600
chacha20-poly1305,128,810,30000
chacha20-poly1305,128,811,30300
chacha20-poly1305,128,812,29500
chacha20-poly1305,128,813,29500
chacha20-poly1305,128,814,29500
chacha20-poly1305,128,815,29300
chacha20-poly1305,128,816,29600
chacha20-poly1305,128,817,42400
chacha20-poly1305,128,818,84500
chacha20-poly1305,128,819,75000
chacha20-poly1305,128,820,63100
chacha20-poly1305,128,821,66000
chacha20-poly1305,128,822,87600
chacha20-poly1305,128,823,56700
chacha20-poly1305,128,824,98200
chacha20-poly1305,128,825,83800
chacha20-poly1305,128,826,44500
chacha20-poly1305,128,827,32900
chacha20-poly1305,128,828,31300
chacha20-poly1305,128,829,31000
chacha20-poly1305,128,830,31000
chacha20-poly1305,128,831,69000
chacha20-poly1305,128,832,41100
chacha20-poly1305,128,833,31100
chacha20-poly1305,128,834,30000
chacha20-poly1305,128,835,29600
chacha20-poly1305,128,836,29200
chacha20-poly1305,128,837,29600
chacha20-poly1305,128,838,29600
chacha20-poly1305,128,839,29200
chacha20-poly1305,128,840,32000
chacha20-poly1305,128,841,29400
chacha20-poly1305,128,842,29400
chacha20-poly1305,128,843,29200
chacha20-poly1305,128,844,29800
chacha20-poly1305,128,845,29000
chacha20-poly1305,128,846,29400
chacha20-poly1305,128,847,29500
chacha20-poly1305,128,848,29000
chacha20-poly1305,128,849,29700
chacha20-poly1305,128,850,29200
chacha20-poly1305,128,851,29400
chacha20-poly1305,128,852,29300
chacha20-poly1305,128,853,29400
chacha20-poly1305,128,854,29100
chacha20-poly1305,128,855,29400
chacha20-poly1305,128,856,29600
chacha20-poly1305,128,857,29300
chacha20-poly1305,128,858,29500
chacha20-poly1305,128,859,29400
chacha20-poly1305,128,860,29200
chacha20-poly1305,128,861,29000
chacha20-poly1305,128,862,29600
chacha20-poly1305,128,863,28900
chacha20-poly1305,128,864,29500
chacha20-poly1305,128,865,29500
chacha20-poly1305,128,866,29100
chacha20-poly1305,128,867,29600
chacha20-poly1305,128,868,29100
chacha20-poly1305,128,869,29300
chacha20-poly1305,128,870,29500
chacha20-poly1305,128,871,29700
chacha20-poly1305,128,872,29000
chacha20-poly1305,128,873,29600
chacha20-poly1305,128,874,32200
chacha20-poly1305,128,875,29000
chacha20-poly1305,128,876,29600
chacha20-poly1305,128,877,29200
chacha20-poly1305,128,878,29100
chacha20-poly1305,128,879,29300
chacha20-poly1305,128,880,29500
chacha20-poly1305,128,881,29600
chacha20-poly1305,128,882,29400
chacha20-poly1305,128,883,29300
chacha20-poly1305,128,884,29300
chacha20-poly1305,128,885,29500
chacha20-poly1305,128,886,29100
chacha20-poly1305,128,887,29700
chacha20-poly1305,128,888,29100
chacha20-poly1305,128,889,29700
chacha20-poly1305,128,890,29100
chacha20-poly1305,128,891,29300
chacha20-poly1305,128,892,29500
chacha20-poly1305,128,893,29100
chacha20-poly1305,128,894,29500
chacha20-poly1305,128,895,29200
chacha20-poly1305,128,896,29300
chacha20-poly1305,128,897,29600
chacha20-poly1305,128,898,29300
chacha20-poly1305,128,899,29100
chacha20-poly1305,128,900,29200
chacha20-poly1305,128,901,29300
chacha20-poly1305,128,902,67900
chacha20-poly1305,128,903,129600
chacha20-poly1305,128,904,139500
chacha20-poly1305,128,905,121200
chacha20-poly1305,128,906,126500
chacha20-poly1305,128,907,54100
chacha20-poly1305,128,908,110800
chacha20-poly1305,128,909,41600
chacha20-poly1305,128,910,66600
chacha20-poly1305,128,911,124800
chacha20-poly1305,128,912,126800
chacha20-poly1305,128,913,57800
chacha20-poly1305,128,914,33200
chacha20-poly1305,128,915,30400
chacha20-poly1305,128,916,30000
chacha20-poly1305,128,917,29900
chacha20-poly1305,128,918,30500
chacha20-poly1305,128,919,29900
chacha20-poly1305,128,920,87000
chacha20-poly1305,128,921,83800
chacha20-poly1305,128,922,38700
chacha20-poly1305,128,923,31400
chacha20-poly1305,128,924,30600
chacha20-poly1305,128,925,29800
chacha20-poly1305,128,926,29400
chacha20-poly1305,128,927,29800
chacha20-poly1305,128,928,29500
chacha20-poly1305,128,929,29400
chacha20-poly1305,128,930,29600
chacha20-poly1305,128,931,30000
chacha20-poly1305,128,932,29600
chacha20-poly1305,128,933,29500
chacha20-poly1305,128,934,29800
chacha20-poly1305,128,935,29500
chacha20-poly1305,128,936,29400
chacha20-poly1305,128,937,29700
chacha20-poly1305,128,938,29100
chacha20-poly1305,128,939,29700
chacha20-poly1305,128,940,29600
chacha20-poly1305,128,941,29500
chacha20-poly1305,128,942,30000
chacha20-poly1305,128,943,33700
chacha20-poly1305,128,944,29300
chacha20-poly1305,128,945,36300
chacha20-poly1305,128,946,29700
chacha20-poly1305,128,947,29600
chacha20-poly1305,128,948,29600
chacha20-poly1305,128,949,29400
chacha20-poly1305,128,950,29200
chacha20-poly1305,128,951,29500
chacha20-poly1305,128,952,29800
chacha20-poly1305,128,953,29100
chacha20-poly1305,128,954,29600
chacha20-poly1305,128,955,29500
chacha20-poly1305,128,956,29300
chacha20-poly1305,128,957,29800
chacha20-poly1305,128,958,29400
chacha20-poly1305,128,959,29500
chacha20-poly1305,128,960,29300
chacha20-poly1305,128,961,29600
chacha20-poly1305,128,962,29200
chacha20-poly1305,128,963,29400
chacha20-poly1305,128,964,29500
chacha20-poly1305,128,965,29100
chacha20-poly1305,128,966,29600
chacha20-poly1305,128,967,29500
chacha20-poly1305,128,968,30400
chacha20-poly1305,128,969,29500
chacha20-poly1305,128,970,29500
chacha20-poly1305,128,971,29100
chacha20-poly1305,128,972,29500
chacha20-poly1305,128,973,29700
chacha20-poly1305,128,974,29300
chacha20-poly1305,128,975,29500
chacha20-poly1305,128,976,31000
chacha20-poly1305,128,977,29700
chacha20-poly1305,128,978,29300
chacha20-poly1305,128,979,29600
chacha20-poly1305,128,980,29000
chacha20-poly1305,128,981,29200
chacha20-poly1305,128,982,29600
chacha20-poly1305,128,983,29000
chacha20-poly1305,128,984,29800
chacha20-poly1305,128,985,29300
chacha20-poly1305,128,986,29500
chacha20-poly1305,128,987,29800
chacha20-poly1305,128,988,29700
chacha20-poly1305,128,989,29300
chacha20-poly1305,128,990,29500
chacha20-poly1305,128,991,29600
chacha20-poly1305,128,992,29200
chacha20-poly1305,128,993,29400
chacha20-poly1305,128,994,29500
chacha20-poly1305,128,995,29300
chacha20-poly1305,128,996,29300
chacha20-poly1305,128,997,29700
chacha20-poly1305,128,998,29300
chacha20-poly1305,128,999,29600
chacha20-poly1305,128,1000,29500
chacha20-poly1305,128,1001,29200
chacha20-poly1305,128,1002,29600
chacha20-poly1305,128,1003,29300
chacha20-poly1305,128,1004,78800
chacha20-poly1305,128,1005,76500
chacha20-poly1305,128,1006,150700
chacha20-poly1305,128,1007,129600
chacha20-poly1305,128,1008,84900
chacha20-poly1305,128,1009,94700
chacha20-poly1305,128,1010,58600
chacha20-poly1305,128,1011,33400
chacha20-poly1305,128,1012,42300
chacha20-poly1305,128,1013,53100
chacha20-poly1305,128,1014,47300
chacha20-poly1305,128,1015,46700
chacha20-poly1305,128,1016,46200
chacha20-poly1305,128,1017,94900
chacha20-poly1305,128,1018,58300
chacha20-poly1305,128,1019,32800
chacha20-poly1305,128,1020,30900
chacha20-poly1305,128,1021,82900
chacha20-poly1305,128,1022,82800
chacha20-poly1305,128,1023,39600
chacha20-poly1305,128,1024,31800
chacha20-poly1305,128,1025,29500
chacha20-poly1305,128,1026,29600
chacha20-poly1305,128,1027,29800
chacha20-poly1305,128,1028,29200
chacha20-poly1305,128,1029,30000
chacha20-poly1305,128,1030,29500
chacha20-poly1305,128,1031,31400
chacha20-poly1305,128,1032,29700
chacha20-poly1305,128,1033,29500
chacha20-poly1305,128,1034,29600
chacha20-poly1305,128,1035,29500
chacha20-poly1305,128,1036,29500
chacha20-poly1305,128,1037,29200
chacha20-poly1305,128,1038,29600
chacha20-poly1305,128,1039,29300
chacha20-poly1305,128,1040,29600
chacha20-poly1305,128,1041,50900
chacha20-poly1305,128,1042,132400
chacha20-poly1305,128,1043,81200
chacha20-poly1305,128,1044,99400
chacha20-poly1305,128,1045,55500
chacha20-poly1305,128,1046,33200
chacha20-poly1305,128,1047,30700
chacha20-poly1305,128,1048,30600
chacha20-poly1305,128,1049,29800
chacha20-poly1305,128,1050,29700
chacha20-poly1305,128,1051,29700
chacha20-poly1305,128,1052,29500
chacha20-poly1305,128,1053,30000
chacha20-poly1305,128,1054,29700
chacha20-poly1305,128,1055,32100
chacha20-poly1305,128,1056,29600
chacha20-poly1305,128,1057,29300
chacha20-poly1305,128,1058,29300
chacha20-poly1305,128,1059,29600
chacha20-poly1305,128,1060,29800
chacha20-poly1305,128,1061,29100
chacha20-poly1305,128,1062,29800
chacha20-poly1305,128,1063,29500
chacha20-poly1305,128,1064,29300
chacha20-poly1305,128,1065,29500
chacha20-poly1305,128,1066,29200
chacha20-poly1305,128,1067,29400
chacha20-poly1305,128,1068,29200
chacha20-poly1305,128,1069,29700
chacha20-poly1305,128,1070,29200
chacha20-poly1305,128,1071,29300
chacha20-poly1305,128,1072,31700
chacha20-poly1305,128,1073,29000
chacha20-poly1305,128,1074,28900
chacha20-poly1305,128,1075,29500
chacha20-poly1305,128,1076,29500
chacha20-poly1305,128,1077,29600
chacha20-poly1305,128,1078,29500
chacha20-poly1305,128,1079,29400
chacha20-poly1305,128,1080,29500
chacha20-poly1305,128,1081,29700
chacha20-poly1305,128,1082,29200
chacha20-poly1305,128,1083,29500
chacha20-poly1305,128,1084,29400
chacha20-poly1305,128,1085,29600
chacha20-poly1305,128,1086,29400
chacha20-poly1305,128,1087,29800
chacha20-poly1305,128,1088,29000
chacha20-poly1305,128,1089,29500
chacha20-poly1305,128,1090,29500
chacha20-poly1305,128,1091,29300
chacha20-poly1305,128,1092,29600
chacha20-poly1305,128,1093,29300
chacha20-poly1305,128,1094,29500
chacha20-poly1305,128,1095,30300
chacha20-poly1305,128,1096,29700
chacha20-poly1305,128,1097,29500
chacha20-poly1305,128,1098,29300
chacha20-poly1305,128,1099,29500
chacha20-poly1305,128,1100,29200
chacha20-poly1305,128,1101,29800
chacha20-poly1305,128,1102,29500
chacha20-poly1305,128,1103,29400
chacha20-poly1305,128,1104,29600
chacha20-poly1305,128,1105,29600
chacha20-poly1305,128,1106,29200
chacha20-poly1305,128,1107,33100
chacha20-poly1305,128,1108,44200
chacha20-poly1305,128,1109,29400
chacha20-poly1305,128,1110,29800
chacha20-poly1305,128,1111,29400
chacha20-poly1305,128,1112,29700
chacha20-poly1305,128,1113,29700
chacha20-poly1305,128,1114,29700
chacha20-poly1305,128,1115,29200
chacha20-poly1305,128,1116,29400
chacha20-poly1305,128,1117,29700
chacha20-poly1305,128,1118,29100
chacha20-poly1305,128,1119,29700
chacha20-poly1305,128,1120,29300
chacha20-poly1305,128,1121,29300
chacha20-poly1305,128,1122,29500
chacha20-poly1305,128,1123,29800
chacha20-poly1305,128,1124,29400
chacha20-poly1305,128,1125,29500
chacha20-poly1305,128,1126,29600
chacha20-poly1305,128,1127,29400
chacha20-poly1305,128,1128,29800
chacha20-poly1305,128,1129,29400
chacha20-poly1305,128,1130,29500
chacha20-poly1305,128,1131,29500
chacha20-poly1305,128,1132,29700
chacha20-poly1305,128,1133,29100
chacha20-poly1305,128,1134,29500
chacha20-poly1305,128,1135,29600
chacha20-poly1305,128,1136,30100
chacha20-poly1305,128,1137,30000
chacha20-poly1305,128,1138,29100
chacha20-poly1305,128,1139,29700
chacha20-poly1305,128,1140,31300
chacha20-poly1305,128,1141,29700
chacha20-poly1305,128,1142,29300
chacha20-poly1305,128,1143,29600
chacha20-poly1305,128,1144,29700
chacha20-poly1305,128,1145,29200
chacha20-poly1305,128,1146,29600
chacha20-poly1305,128,1147,29400
chacha20-poly1305,128,1148,29400
chacha20-poly1305,128,1149,29800
chacha20-poly1305,128,1150,29400
chacha20-poly1305,128,1151,29100
chacha20-poly1305,128,1152,29600
chacha20-poly1305,128,1153,29600
chacha20-poly1305,128,1154,29100
chacha20-poly1305,128,1155,29800
chacha20-poly1305,128,1156,29200
chacha20-poly1305,128,1157,29600
chacha20-poly1305,128,1158,29200
chacha20-poly1305,128,1159,30600
chacha20-poly1305,128,1160,29400
chacha20-poly1305,128,1161,29400
chacha20-poly1305,128,1162,29800
chacha20-poly1305,128,1163,29100
chacha20-poly1305,128,1164,29800
chacha20-poly1305,128,1165,29600
chacha20-poly1305,128,1166,29600
chacha20-poly1305,128,1167,29600
chacha20-poly1305,128,1168,29500
chacha20-poly1305,128,1169,29300
chacha20-poly1305,128,1170,29400
chacha20-poly1305,128,1171,29800
chacha20-poly1305,128,1172,29400
chacha20-poly1305,128,1173,29800
chacha20-poly1305,128,1174,28900
chacha20-poly1305,128,1175,29200
chacha20-poly1305,128,1176,29600
chacha20-poly1305,128,1177,29500
chacha20-poly1305,128,1178,29100
chacha20-poly1305,128,1179,29500
chacha20-poly1305,128,1180,29500
chacha20-poly1305,128,1181,29400
chacha20-poly1305,128,1182,29800
chacha20-poly1305,128,1183,29300
chacha20-poly1305,128,1184,29400
chacha20-poly1305,128,1185,29300
chacha20-poly1305,128,1186,29500
chacha20-poly1305,128,1187,29200
chacha20-poly1305,128,1188,29300
chacha20-poly1305,128,1189,29700
chacha20-poly1305,128,1190,29100
chacha20-poly1305,128,1191,29700
chacha20-poly1305,128,1192,29600
chacha20-poly1305,128,1193,29500
chacha20-poly1305,128,1194,29500
chacha20-poly1305,128,1195,29400
chacha20-poly1305,128,1196,29000
chacha20-poly1305,128,1197,29500
chacha20-poly1305,128,1198,29400
chacha20-poly1305,128,1199,29400
chacha20-poly1305,128,1200,30500
chacha20-poly1305,128,1201,29400
chacha20-poly1305,128,1202,74000
chacha20-poly1305,128,1203,176500
chacha20-poly1305,128,1204,95900
chacha20-poly1305,128,1205,112500
chacha20-poly1305,128,1206,134300
chacha20-poly1305,128,1207,71600
chacha20-poly1305,128,1208,93600
chacha20-poly1305,128,1209,58800
chacha20-poly1305,128,1210,33200
chacha20-poly1305,128,1211,30400
chacha20-poly1305,128,1212,29900
chacha20-poly1305,128,1213,124500
chacha20-poly1305,128,1214,105300
chacha20-poly1305,128,1215,131800
chacha20-poly1305,128,1216,55400
chacha20-poly1305,128,1217,91000
chacha20-poly1305,128,1218,58900
chacha20-poly1305,128,1219,71400
chacha20-poly1305,128,1220,59000
chacha20-poly1305,128,1221,99900
chacha20-poly1305,128,1222,87100
chacha20-poly1305,128,1223,43300
chacha20-poly1305,128,1224,31900
chacha20-poly1305,128,1225,91300
chacha20-poly1305,128,1226,82000
chacha20-poly1305,128,1227,40300
chacha20-poly1305,128,1228,30900
chacha20-poly1305,128,1229,30100
chacha20-poly1305,128,1230,33400
chacha20-poly1305,128,1231,30000
chacha20-poly1305,128,1232,29900
chacha20-poly1305,128,1233,30100
chacha20-poly1305,128,1234,29800
chacha20-poly1305,128,1235,29100
chacha20-poly1305,128,1236,29500
chacha20-poly1305,128,1237,29700
chacha20-poly1305,128,1238,29400
chacha20-poly1305,128,1239,29400
chacha20-poly1305,128,1240,29600
chacha20-poly1305,128,1241,29200
chacha20-poly1305,128,1242,29200
chacha20-poly1305,128,1243,29500
chacha20-poly1305,128,1244,29400
chacha20-poly1305,128,1245,29600
chacha20-poly1305,128,1246,29300
chacha20-poly1305,128,1247,29600
chacha20-poly1305,128,1248,29300
chacha20-poly1305,128,1249,29600
chacha20-poly1305,128,1250,29100
chacha20-poly1305,128,1251,29500
chacha20-poly1305,128,1252,29700
chacha20-poly1305,128,1253,29100
chacha20-poly1305,128,1254,29800
chacha20-poly1305,128,1255,29500
chacha20-poly1305,128,1256,29300
chacha20-poly1305,128,1257,29600
chacha20-poly1305,128,1258,53100
chacha20-poly1305,128,1259,98600
chacha20-poly1305,128,1260,83400
chacha20-poly1305,128,1261,101300
chacha20-poly1305,128,1262,62500
chacha20-poly1305,128,1263,88500
chacha20-poly1305,128,1264,58300
chacha20-poly1305,128,1265,64500
chacha20-poly1305,128,1266,39000
chacha20-poly1305,128,1267,32600
chacha20-poly1305,128,1268,31600
chacha20-poly1305,128,1269,31200
chacha20-poly1305,128,1270,53900
chacha20-poly1305,128,1271,83800
chacha20-poly1305,128,1272,39900
chacha20-poly1305,128,1273,30500
chacha20-poly1305,128,1274,30400
chacha20-poly1305,128,1275,29800
chacha20-poly1305,128,1276,30400
chacha20-poly1305,128,1277,29400
chacha20-poly1305,128,1278,29300
chacha20-poly1305,128,1279,29800
chacha20-poly1305,128,1280,30100
chacha20-poly1305,128,1281,29700
chacha20-poly1305,128,1282,29400
chacha20-poly1305,128,1283,29200
chacha20-poly1305,128,1284,29500
chacha20-poly1305,128,1285,29700
chacha20-poly1305,128,1286,31600
chacha20-poly1305,128,1287,29600
chacha20-poly1305,128,1288,29500
chacha20-poly1305,128,1289,29200
chacha20-poly1305,128,1290,29400
chacha20-poly1305,128,1291,29100
chacha20-poly1305,128,1292,29500
chacha20-poly1305,128,1293,29200
chacha20-poly1305,128,1294,29500
chacha20-poly1305,128,1295,29100
chacha20-poly1305,128,1296,29500
chacha20-poly1305,128,1297,29600
chacha20-poly1305,128,1298,29100
chacha20-poly1305,128,1299,29700
chacha20-poly1305,128,1300,29300
chacha20-poly1305,128,1301,49000
chacha20-poly1305,128,1302,53500
chacha20-poly1305,128,1303,34000
chacha20-poly1305,128,1304,30900
chacha20-poly1305,128,1305,31600
chacha20-poly1305,128,1306,31300
chacha20-poly1305,128,1307,31000
chacha20-poly1305,128,1308,31000
chacha20-poly1305,128,1309,30900
chacha20-poly1305,128,1310,30400
chacha20-poly1305,128,1311,31000
chacha20-poly1305,128,1312,30900
chacha20-poly1305,128,1313,30700
chacha20-poly1305,128,1314,54800
chacha20-poly1305,128,1315,57800
chacha20-poly1305,128,1316,33700
chacha20-poly1305,128,1317,30800
chacha20-poly1305,128,1318,29900
chacha20-poly1305,128,1319,29600
chacha20-poly1305,128,1320,29300
chacha20-poly1305,128,1321,30100
chacha20-poly1305,128,1322,29300
chacha20-poly1305,128,1323,29300
chacha20-poly1305,128,1324,29600
chacha20-poly1305,128,1325,29000
chacha20-poly1305,128,1326,29600
chacha20-poly1305,128,1327,31500
chacha20-poly1305,128,1328,29500
chacha20-poly1305,128,1329,29800
chacha20-poly1305,128,1330,29400
chacha20-poly1305,128,1331,29100
chacha20-poly1305,128,1332,29600
chacha20-poly1305,128,1333,29400
chacha20-poly1305,128,1334,29200
chacha20-poly1305,128,1335,31300
chacha20-poly1305,128,1336,31100
chacha20-poly1305,128,1337,85200
chacha20-poly1305,128,1338,84400
chacha20-poly1305,128,1339,59300
chacha20-poly1305,128,1340,86400
chacha20-poly1305,128,1341,55400
chacha20-poly1305,128,1342,66300
chacha20-poly1305,128,1343,46800
chacha20-poly1305,128,1344,35000
chacha20-poly1305,128,1345,30000
chacha20-poly1305,128,1346,30100
chacha20-poly1305,128,1347,29700
chacha20-poly1305,128,1348,37300
chacha20-poly1305,128,1349,33700
chacha20-poly1305,128,1350,33600
chacha20-poly1305,128,1351,35000
chacha20-poly1305,128,1352,30200
chacha20-poly1305,128,1353,31000
chacha20-poly1305,128,1354,30500
chacha20-poly1305,128,1355,89000
chacha20-poly1305,128,1356,57000
chacha20-poly1305,128,1357,33400
chacha20-poly1305,128,1358,30000
chacha20-poly1305,128,1359,30100
chacha20-poly1305,128,1360,29800
chacha20-poly1305,128,1361,30200
chacha20-poly1305,128,1362,30300
chacha20-poly1305,128,1363,29200
chacha20-poly1305,128,1364,29200
chacha20-poly1305,128,1365,29200
chacha20-poly1305,128,1366,29400
chacha20-poly1305,128,1367,29300
chacha20-poly1305,128,1368,29200
chacha20-poly1305,128,1369,29600
chacha20-poly1305,128,1370,28900
chacha20-poly1305,128,1371,29400
chacha20-poly1305,128,1372,29600
chacha20-poly1305,128,1373,29700
chacha20-poly1305,128,1374,29400
chacha20-poly1305,128,1375,29300
chacha20-poly1305,128,1376,29100
chacha20-poly1305,128,1377,29300
chacha20-poly1305,128,1378,29400
chacha20-poly1305,128,1379,29000
chacha20-poly1305,128,1380,29400
chacha20-poly1305,128,1381,29200
chacha20-poly1305,128,1382,29500
chacha20-poly1305,128,1383,29500
chacha20-poly1305,128,1384,29500
chacha20-poly1305,128,1385,29100
chacha20-poly1305,128,1386,29100
chacha20-poly1305,128,1387,29500
chacha20-poly1305,128,1388,29000
chacha20-poly1305,128,1389,29600
chacha20-poly1305,128,1390,29200
chacha20-poly1305,128,1391,30100
chacha20-poly1305,128,1392,29300
chacha20-poly1305,128,1393,29600
chacha20-poly1305,128,1394,31800
chacha20-poly1305,128,1395,29300
chacha20-poly1305,128,1396,29300
chacha20-poly1305,128,1397,29100
chacha20-poly1305,128,1398,29500
chacha20-poly1305,128,1399,29200
chacha20-poly1305,128,1400,29200
chacha20-poly1305,128,1401,29400
chacha20-poly1305,128,1402,29500
chacha20-poly1305,128,1403,29600
chacha20-poly1305,128,1404,29600
chacha20-poly1305,128,1405,29900
chacha20-poly1305,128,1406,29000
chacha20-poly1305,128,1407,29700
chacha20-poly1305,128,1408,29300
chacha20-poly1305,128,1409,29300
chacha20-poly1305,128,1410,29100
chacha20-poly1305,128,1411,29600
chacha20-poly1305,128,1412,29200
chacha20-poly1305,128,1413,29300
chacha20-poly1305,128,1414,30300
chacha20-poly1305,128,1415,29200
chacha20-poly1305,128,1416,29300
chacha20-poly1305,128,1417,29200
chacha20-poly1305,128,1418,29200
chacha20-poly1305,128,1419,29300
chacha20-poly1305,128,1420,29400
chacha20-poly1305,128,1421,29100
chacha20-poly1305,128,1422,29400
chacha20-poly1305,128,1423,29300
chacha20-poly1305,128,1424,29300
chacha20-poly1305,128,1425,29600
chacha20-poly1305,128,1426,29300
chacha20-poly1305,128,1427,29300
chacha20-poly1305,128,1428,29100
chacha20-poly1305,128,1429,29700
chacha20-poly1305,128,1430,29100
chacha20-poly1305,128,1431,29500
chacha20-poly1305,128,1432,29700
chacha20-poly1305,128,1433,29000
chacha20-poly1305,128,1434,29600
chacha20-poly1305,128,1435,29200
chacha20-poly1305,128,1436,29600
chacha20-poly1305,128,1437,29600
chacha20-poly1305,128,1438,29500
chacha20-poly1305,128,1439,29300
chacha20-poly1305,128,1440,29200
chacha20-poly1305,128,1441,29500
chacha20-poly1305,128,1442,29100
chacha20-poly1305,128,1443,29600
chacha20-poly1305,128,1444,29300
chacha20-poly1305,128,1445,29600
chacha20-poly1305,128,1446,29400
chacha20-poly1305,128,1447,29800
chacha20-poly1305,128,1448,29200
chacha20-poly1305,128,1449,29600
chacha20-poly1305,128,1450,29300
chacha20-poly1305,128,1451,29200
chacha20-poly1305,128,1452,29700
chacha20-poly1305,128,1453,29300
chacha20-poly1305,128,1454,29600
chacha20-poly1305,128,1455,30200
chacha20-poly1305,128,1456,38300
chacha20-poly1305,128,1457,146600
chacha20-poly1305,128,1458,96300
chacha20-poly1305,128,1459,164200
chacha20-poly1305,128,1460,59500
chacha20-poly1305,128,1461,52300
chacha20-poly1305,128,1462,48300
chacha20-poly1305,128,1463,47900
chacha20-poly1305,128,1464,95700
chacha20-poly1305,128,1465,64100
chacha20-poly1305,128,1466,32700
chacha20-poly1305,128,1467,39800
chacha20-poly1305,128,1468,39400
chacha20-poly1305,128,1469,31000
chacha20-poly1305,128,1470,29800
chacha20-poly1305,128,1471,29600
chacha20-poly1305,128,1472,29500
chacha20-poly1305,128,1473,29500
chacha20-poly1305,128,1474,29600
chacha20-poly1305,128,1475,29200
chacha20-poly1305,128,1476,62100
chacha20-poly1305,128,1477,41500
chacha20-poly1305,128,1478,34500
chacha20-poly1305,128,1479,32100
chacha20-poly1305,128,1480,30700
chacha20-poly1305,128,1481,70600
chacha20-poly1305,128,1482,41500
chacha20-poly1305,128,1483,31400
chacha20-poly1305,128,1484,29500
chacha20-poly1305,128,1485,29600
chacha20-poly1305,128,1486,29400
chacha20-poly1305,128,1487,29200
chacha20-poly1305,128,1488,29700
chacha20-poly1305,128,1489,29300
chacha20-poly1305,128,1490,29300
chacha20-poly1305,128,1491,29600
chacha20-poly1305,128,1492,29600
chacha20-poly1305,128,1493,29100
chacha20-poly1305,128,1494,29300
chacha20-poly1305,128,1495,29500
chacha20-poly1305,128,1496,29000
chacha20-poly1305,128,1497,29700
chacha20-poly1305,128,1498,29300
chacha20-poly1305,128,1499,29400
chacha20-poly1305,128,1500,29300
chacha20-poly1305,128,1501,29400
chacha20-poly1305,128,1502,29500
chacha20-poly1305,128,1503,34300
chacha20-poly1305,128,1504,54600
chacha20-poly1305,128,1505,54500
chacha20-poly1305,128,1506,87300
chacha20-poly1305,128,1507,101100
chacha20-poly1305,128,1508,54900
chacha20-poly1305,128,1509,32100
chacha20-poly1305,128,1510,34500
chacha20-poly1305,128,1511,65100
chacha20-poly1305,128,1512,40600
chacha20-poly1305,128,1513,34200
chacha20-poly1305,128,1514,53600
chacha20-poly1305,128,1515,47900
chacha20-poly1305,128,1516,34600
chacha20-poly1305,128,1517,30900
chacha20-poly1305,128,1518,31900
chacha20-poly1305,128,1519,30700
chacha20-poly1305,128,1520,29200
chacha20-poly1305,128,1521,29400
chacha20-poly1305,128,1522,29800
chacha20-poly1305,128,1523,29600
chacha20-poly1305,128,1524,29800
chacha20-poly1305,128,1525,29400
chacha20-poly1305,128,1526,29400
chacha20-poly1305,128,1527,29500
chacha20-poly1305,128,1528,29600
chacha20-poly1305,128,1529,31100
chacha20-poly1305,128,1530,86100
chacha20-poly1305,128,1531,79300
chacha20-poly1305,128,1532,46900
chacha20-poly1305,128,1533,35500
chacha20-poly1305,128,1534,30400
chacha20-poly1305,128,1535,29700
chacha20-poly1305,128,1536,29800
chacha20-poly1305,128,1537,29600
chacha20-poly1305,128,1538,29300
chacha20-poly1305,128,1539,29900
chacha20-poly1305,128,1540,29300
chacha20-poly1305,128,1541,31100
chacha20-poly1305,128,1542,29800
chacha20-poly1305,128,1543,29400
chacha20-poly1305,128,1544,29600
chacha20-poly1305,128,1545,29300
chacha20-poly1305,128,1546,29600
chacha20-poly1305,128,1547,29100
chacha20-poly1305,128,1548,29300
chacha20-poly1305,128,1549,29500
chacha20-poly1305,128,1550,29100
chacha20-poly1305,128,1551,29600
chacha20-poly1305,128,1552,29300
chacha20-poly1305,128,1553,29100
chacha20-poly1305,128,1554,29600
chacha20-poly1305,128,1555,29500
chacha20-poly1305,128,1556,29000
chacha20-poly1305,128,1557,29500
chacha20-poly1305,128,1558,36300
chacha20-poly1305,128,1559,31400
chacha20-poly1305,128,1560,29700
chacha20-poly1305,128,1561,29500
chacha20-poly1305,128,1562,29500
chacha20-poly1305,128,1563,29400
chacha20-poly1305,128,1564,29600
chacha20-poly1305,128,1565,29200
chacha20-poly1305,128,1566,29300
chacha20-poly1305,128,1567,29600
chacha20-poly1305,128,1568,29200
chacha20-poly1305,128,1569,29700
chacha20-poly1305,128,1570,29400
chacha20-poly1305,128,1571,29300
chacha20-poly1305,128,1572,29400
chacha20-poly1305,128,1573,29600
chacha20-poly1305,128,1574,29400
chacha20-poly1305,128,1575,29200
chacha20-poly1305,128,1576,29600
chacha20-poly1305,128,1577,29100
chacha20-poly1305,128,1578,29600
chacha20-poly1305,128,1579,29500
chacha20-poly1305,128,1580,29500
chacha20-poly1305,128,1581,29400
chacha20-poly1305,128,1582,30500
chacha20-poly1305,128,1583,83900
chacha20-poly1305,128,1584,60400
chacha20-poly1305,128,1585,33600
chacha20-poly1305,128,1586,30700
chacha20-poly1305,128,1587,85300
chacha20-poly1305,128,1588,102100
chacha20-poly1305,128,1589,58100
chacha20-poly1305,128,1590,88800
chacha20-poly1305,128,1591,84900
chacha20-poly1305,128,1592,39300
chacha20-poly1305,128,1593,31700
chacha20-poly1305,128,1594,31200
chacha20-poly1305,128,1595,29600
chacha20-poly1305,128,1596,30000
chacha20-poly1305,128,1597,29600
chacha20-poly1305,128,1598,29900
chacha20-poly1305,128,1599,29900
chacha20-poly1305,128,1600,29800
chacha20-poly1305,128,1601,29300
chacha20-poly1305,128,1602,29400
chacha20-poly1305,128,1603,29600
chacha20-poly1305,128,1604,52100
chacha20-poly1305,128,1605,67200
chacha20-poly1305,128,1606,47200
chacha20-poly1305,128,1607,34300
chacha20-poly1305,128,1608,30200
chacha20-poly1305,128,1609,30700
chacha20-poly1305,128,1610,30500
chacha20-poly1305,128,1611,29800
chacha20-poly1305,128,1612,29800
chacha20-poly1305,128,1613,29300
chacha20-poly1305,128,1614,29900
chacha20-poly1305,128,1615,29400
chacha20-poly1305,128,1616,29500
chacha20-poly1305,128,1617,29700
chacha20-poly1305,128,1618,29500
chacha20-poly1305,128,1619,29300
chacha20-poly1305,128,1620,29400
chacha20-poly1305,128,1621,29600
chacha20-poly1305,128,1622,29200
chacha20-poly1305,128,1623,29600
chacha20-poly1305,128,1624,29400
chacha20-poly1305,128,1625,29400
chacha20-poly1305,128,1626,29900
chacha20-poly1305,128,1627,29800
chacha20-poly1305,128,1628,29200
chacha20-poly1305,128,1629,29500
chacha20-poly1305,128,1630,29600
chacha20-poly1305,128,1631,29300
chacha20-poly1305,128,1632,29800
chacha20-poly1305,128,1633,29400
chacha20-poly1305,128,1634,29500
chacha20-poly1305,128,1635,29600
chacha20-poly1305,128,1636,29700
chacha20-poly1305,128,1637,36300
chacha20-poly1305,128,1638,33600
chacha20-poly1305,128,1639,84600
chacha20-poly1305,128,1640,79500
chacha20-poly1305,128,1641,99800
chacha20-poly1305,128,1642,114500
chacha20-poly1305,128,1643,106700
chacha20-poly1305,128,1644,101800
chacha20-poly1305,128,1645,65200
chacha20-poly1305,128,1646,87300
chacha20-poly1305,128,1647,52700
chacha20-poly1305,128,1648,36800
chacha20-poly1305,128,1649,36700
chacha20-poly1305,128,1650,84900
chacha20-poly1305,128,1651,71100
chacha20-poly1305,128,1652,67900
chacha20-poly1305,128,1653,101900
chacha20-poly1305,128,1654,87400
chacha20-poly1305,128,1655,68800
chacha20-poly1305,128,1656,38500
chacha20-poly1305,128,1657,32000
chacha20-poly1305,128,1658,29800
chacha20-poly1305,128,1659,30200
chacha20-poly1305,128,1660,29700
chacha20-poly1305,128,1661,29500
chacha20-poly1305,128,1662,29500
chacha20-poly1305,128,1663,30200
chacha20-poly1305,128,1664,29100
chacha20-poly1305,128,1665,92200
chacha20-poly1305,128,1666,85800
chacha20-poly1305,128,1667,38900
chacha20-poly1305,128,1668,31600
chacha20-poly1305,128,1669,32800
chacha20-poly1305,128,1670,29800
chacha20-poly1305,128,1671,29700
chacha20-poly1305,128,1672,29600
chacha20-poly1305,128,1673,29000
chacha20-poly1305,128,1674,29700
chacha20-poly1305,128,1675,29500
chacha20-poly1305,128,1676,29100
chacha20-poly1305,128,1677,34000
chacha20-poly1305,128,1678,29700
chacha20-poly1305,128,1679,29700
chacha20-poly1305,128,1680,29600
chacha20-poly1305,128,1681,29600
chacha20-poly1305,128,1682,29200
chacha20-poly1305,128,1683,29300
chacha20-poly1305,128,1684,29700
chacha20-poly1305,128,1685,29200
chacha20-poly1305,128,1686,29500
chacha20-poly1305,128,1687,29300
chacha20-poly1305,128,1688,29700
chacha20-poly1305,128,1689,29600
chacha20-poly1305,128,1690,29600
chacha20-poly1305,128,1691,29200
chacha20-poly1305,128,1692,29500
chacha20-poly1305,128,1693,29600
chacha20-poly1305,128,1694,29300
chacha20-poly1305,128,1695,29700
chacha20-poly1305,128,1696,29300
chacha20-poly1305,128,1697,29400
chacha20-poly1305,128,1698,29600
chacha20-poly1305,128,1699,52800
chacha20-poly1305,128,1700,54400
chacha20-poly1305,128,1701,36000
chacha20-poly1305,128,1702,177200
chacha20-poly1305,128,1703,85100
chacha20-poly1305,128,1704,67100
chacha20-poly1305,128,1705,101300
chacha20-poly1305,128,1706,57300
chacha20-poly1305,128,1707,33900
chacha20-poly1305,128,1708,31100
chacha20-poly1305,128,1709,30000
chacha20-poly1305,128,1710,30700
chacha20-poly1305,128,1711,51700
chacha20-poly1305,128,1712,48800
chacha20-poly1305,128,1713,32000
chacha20-poly1305,128,1714,29700
chacha20-poly1305,128,1715,29600
chacha20-poly1305,128,1716,29600
chacha20-poly1305,128,1717,29700
chacha20-poly1305,128,1718,29200
chacha20-poly1305,128,1719,29700
chacha20-poly1305,128,1720,29600
chacha20-poly1305,128,1721,29200
chacha20-poly1305,128,1722,30000
chacha20-poly1305,128,1723,29300
chacha20-poly1305,128,1724,30400
chacha20-poly1305,128,1725,29200
chacha20-poly1305,128,1726,29300
chacha20-poly1305,128,1727,29200
chacha20-poly1305,128,1728,29200
chacha20-poly1305,128,1729,29900
chacha20-poly1305,128,1730,29100
chacha20-poly1305,128,1731,29800
chacha20-poly1305,128,1732,29400
chacha20-poly1305,128,1733,30800
chacha20-poly1305,128,1734,29600
chacha20-poly1305,128,1735,29700
chacha20-poly1305,128,1736,29200
chacha20-poly1305,128,1737,29500
chacha20-poly1305,128,1738,29400
chacha20-poly1305,128,1739,29300
chacha20-poly1305,128,1740,29700
chacha20-poly1305,128,1741,29300
chacha20-poly1305,128,1742,29500
chacha20-poly1305,128,1743,29300
chacha20-poly1305,128,1744,29700
chacha20-poly1305,128,1745,29200
chacha20-poly1305,128,1746,29500
chacha20-poly1305,128,1747,29800
chacha20-poly1305,128,1748,29200
chacha20-poly1305,128,1749,29700
chacha20-poly1305,128,1750,29200
chacha20-poly1305,128,1751,29500
chacha20-poly1305,128,1752,29400
chacha20-poly1305,128,1753,29500
chacha20-poly1305,128,1754,29500
chacha20-poly1305,128,1755,29400
chacha20-poly1305,128,1756,30100
chacha20-poly1305,128,1757,29400
chacha20-poly1305,128,1758,29800
chacha20-poly1305,128,1759,29600
chacha20-poly1305,128,1760,29500
chacha20-poly1305,128,1761,29400
chacha20-poly1305,128,1762,32400
chacha20-poly1305,128,1763,29200
chacha20-poly1305,128,1764,29600
chacha20-poly1305,128,1765,29500
chacha20-poly1305,128,1766,29100
chacha20-poly1305,128,1767,29800
chacha20-poly1305,128,1768,29200
chacha20-poly1305,128,1769,29500
chacha20-poly1305,128,1770,29400
chacha20-poly1305,128,1771,29500
chacha20-poly1305,128,1772,29300
chacha20-poly1305,128,1773,30100
chacha20-poly1305,128,1774,29800
chacha20-poly1305,128,1775,29200
chacha20-poly1305,128,1776,29700
chacha20-poly1305,128,1777,29800
chacha20-poly1305,128,1778,29400
chacha20-poly1305,128,1779,29700
chacha20-poly1305,128,1780,29400
chacha20-poly1305,128,1781,29200
chacha20-poly1305,128,1782,29500
chacha20-poly1305,128,1783,29500
chacha20-poly1305,128,1784,29200
chacha20-poly1305,128,1785,29600
chacha20-poly1305,128,1786,29400
chacha20-poly1305,128,1787,29400
chacha20-poly1305,128,1788,29600
chacha20-poly1305,128,1789,29700
chacha20-poly1305,128,1790,29100
chacha20-poly1305,128,1791,29400
chacha20-poly1305,128,1792,29500
chacha20-poly1305,128,1793,28800
chacha20-poly1305,128,1794,29800
chacha20-poly1305,128,1795,29500
chacha20-poly1305,128,1796,30300
chacha20-poly1305,128,1797,29700
chacha20-poly1305,128,1798,29700
chacha20-poly1305,128,1799,29700
chacha20-poly1305,128,1800,48600
chacha20-poly1305,128,1801,46900
chacha20-poly1305,128,1802,30500
chacha20-poly1305,128,1803,29600
chacha20-poly1305,128,1804,29400
chacha20-poly1305,128,1805,63600
chacha20-poly1305,128,1806,71600
chacha20-poly1305,128,1807,53400
chacha20-poly1305,128,1808,95800
chacha20-poly1305,128,1809,60000
chacha20-poly1305,128,1810,33100
chacha20-poly1305,128,1811,30100
chacha20-poly1305,128,1812,30800
chacha20-poly1305,128,1813,29900
chacha20-poly1305,128,1814,29800
chacha20-poly1305,128,1815,85000
chacha20-poly1305,128,1816,91900
chacha20-poly1305,128,1817,40600
chacha20-poly1305,128,1818,50400
chacha20-poly1305,128,1819,48700
chacha20-poly1305,128,1820,30800
chacha20-poly1305,128,1821,30200
chacha20-poly1305,128,1822,71800
chacha20-poly1305,128,1823,83800
chacha20-poly1305,128,1824,84600
chacha20-poly1305,128,1825,40400
chacha20-poly1305,128,1826,31500
chacha20-poly1305,128,1827,30000
chacha20-poly1305,128,1828,30000
chacha20-poly1305,128,1829,29500
chacha20-poly1305,128,1830,48400
chacha20-poly1305,128,1831,98700
chacha20-poly1305,128,1832,56700
chacha20-poly1305,128,1833,32900
chacha20-poly1305,128,1834,30300
chacha20-poly1305,128,1835,29400
chacha20-poly1305,128,1836,30400
chacha20-poly1305,128,1837,31100
chacha20-poly1305,128,1838,29600
chacha20-poly1305,128,1839,32400
chacha20-poly1305,128,1840,29200
chacha20-poly1305,128,1841,66700
chacha20-poly1305,128,1842,73900
chacha20-poly1305,128,1843,31600
chacha20-poly1305,128,1844,32800
chacha20-poly1305,128,1845,29600
chacha20-poly1305,128,1846,29500
chacha20-poly1305,128,1847,29300
chacha20-poly1305,128,1848,29700
chacha20-poly1305,128,1849,29100
chacha20-poly1305,128,1850,29700
chacha20-poly1305,128,1851,29100
chacha20-poly1305,128,1852,29400
chacha20-poly1305,128,1853,28900
chacha20-poly1305,128,1854,29400
chacha20-poly1305,128,1855,29400
chacha20-poly1305,128,1856,29300
chacha20-poly1305,128,1857,29600
chacha20-poly1305,128,1858,29200
chacha20-poly1305,128,1859,29400
chacha20-poly1305,128,1860,30300
chacha20-poly1305,128,1861,29500
chacha20-poly1305,128,1862,29200
chacha20-poly1305,128,1863,29200
chacha20-poly1305,128,1864,29500
chacha20-poly1305,128,1865,29100
chacha20-poly1305,128,1866,29500
chacha20-poly1305,128,1867,29200
chacha20-poly1305,128,1868,29300
chacha20-poly1305,128,1869,29400
chacha20-poly1305,128,1870,29500
chacha20-poly1305,128,1871,29100
chacha20-poly1305,128,1872,29400
chacha20-poly1305,128,1873,29400
chacha20-poly1305,128,1874,29400
chacha20-poly1305,128,1875,29600
chacha20-poly1305,128,1876,29100
chacha20-poly1305,128,1877,29500
chacha20-poly1305,128,1878,29600
chacha20-poly1305,128,1879,29800
chacha20-poly1305,128,1880,29100
chacha20-poly1305,128,1881,29300
chacha20-poly1305,128,1882,29800
chacha20-poly1305,128,1883,29100
chacha20-poly1305,128,1884,29600
chacha20-poly1305,128,1885,29300
chacha20-poly1305,128,1886,29200
chacha20-poly1305,128,1887,29300
chacha20-poly1305,128,1888,29600
chacha20-poly1305,128,1889,29100
chacha20-poly1305,128,1890,29500
chacha20-poly1305,128,1891,29300
chacha20-poly1305,128,1892,29200
chacha20-poly1305,128,1893,29400
chacha20-poly1305,128,1894,29500
chacha20-poly1305,128,1895,29300
chacha20-poly1305,128,1896,29200
chacha20-poly1305,128,1897,29600
chacha20-poly1305,128,1898,125900
chacha20-poly1305,128,1899,138300
chacha20-poly1305,128,1900,108500
chacha20-poly1305,128,1901,88100
chacha20-poly1305,128,1902,97600
chacha20-poly1305,128,1903,58500
chacha20-poly1305,128,1904,33600
chacha20-poly1305,128,1905,30000
chacha20-poly1305,128,1906,29600
chacha20-poly1305,128,1907,30100
chacha20-poly1305,128,1908,29800
chacha20-poly1305,128,1909,29700
chacha20-poly1305,128,1910,29300
chacha20-poly1305,128,1911,127800
chacha20-poly1305,128,1912,75500
chacha20-poly1305,128,1913,74300
chacha20-poly1305,128,1914,56200
chacha20-poly1305,128,1915,97000
chacha20-poly1305,128,1916,89100
chacha20-poly1305,128,1917,69500
chacha20-poly1305,128,1918,34200
chacha20-poly1305,128,1919,30400
chacha20-poly1305,128,1920,30700
chacha20-poly1305,128,1921,30100
chacha20-poly1305,128,1922,29700
chacha20-poly1305,128,1923,29600
chacha20-poly1305,128,1924,31800
chacha20-poly1305,128,1925,51100
chacha20-poly1305,128,1926,100400
chacha20-poly1305,128,1927,58000
chacha20-poly1305,128,1928,32600
chacha20-poly1305,128,1929,30600
chacha20-poly1305,128,1930,29700
chacha20-poly1305,128,1931,29900
chacha20-poly1305,128,1932,29500
chacha20-poly1305,128,1933,29400
chacha20-poly1305,128,1934,29100
chacha20-poly1305,128,1935,29200
chacha20-poly1305,128,1936,29600
chacha20-poly1305,128,1937,29000
chacha20-poly1305,128,1938,29900
chacha20-poly1305,128,1939,29300
chacha20-poly1305,128,1940,29300
chacha20-poly1305,128,1941,30200
chacha20-poly1305,128,1942,29400
chacha20-poly1305,128,1943,29000
chacha20-poly1305,128,1944,29300
chacha20-poly1305,128,1945,29400
chacha20-poly1305,128,1946,29100
chacha20-poly1305,128,1947,29400
chacha20-poly1305,128,1948,29100
chacha20-poly1305,128,1949,29400
chacha20-poly1305,128,1950,29600
chacha20-poly1305,128,1951,29500
chacha20-poly1305,128,1952,29200
chacha20-poly1305,128,1953,29100
chacha20-poly1305,128,1954,29500
chacha20-poly1305,128,1955,28800
chacha20-poly1305,128,1956,29400
chacha20-poly1305,128,1957,29200
chacha20-poly1305,128,1958,29300
chacha20-poly1305,128,1959,29400
chacha20-poly1305,128,1960,29400
chacha20-poly1305,128,1961,28800
chacha20-poly1305,128,1962,87500
chacha20-poly1305,128,1963,59500
chacha20-poly1305,128,1964,56500
chacha20-poly1305,128,1965,104100
chacha20-poly1305,128,1966,44400
chacha20-poly1305,128,1967,32800
chacha20-poly1305,128,1968,53600
chacha20-poly1305,128,1969,98600
chacha20-poly1305,128,1970,102500
chacha20-poly1305,128,1971,58000
chacha20-poly1305,128,1972,33500
chacha20-poly1305,128,1973,29700
chacha20-poly1305,128,1974,30600
chacha20-poly1305,128,1975,30000
chacha20-poly1305,128,1976,29500
chacha20-poly1305,128,1977,29400
chacha20-poly1305,128,1978,29200
chacha20-poly1305,128,1979,29200
chacha20-poly1305,128,1980,29500
chacha20-poly1305,128,1981,29400
chacha20-poly1305,128,1982,29100
chacha20-poly1305,128,1983,29500
chacha20-poly1305,128,1984,29600
chacha20-poly1305,128,1985,29600
chacha20-poly1305,128,1986,29300
chacha20-poly1305,128,1987,29500
chacha20-poly1305,128,1988,31200
chacha20-poly1305,128,1989,29500
chacha20-poly1305,128,1990,29600
chacha20-poly1305,128,1991,32700
chacha20-poly1305,128,1992,29800
chacha20-poly1305,128,1993,29200
chacha20-poly1305,128,1994,29600
chacha20-poly1305,128,1995,29400
chacha20-poly1305,128,1996,29500
chacha20-poly1305,128,1997,29200
chacha20-poly1305,128,1998,29300
chacha20-poly1305,128,1999,29600
chacha20-poly1305,512,0,31100
chacha20-poly1305,512,1,52600
chacha20-poly1305,512,2,56000
chacha20-poly1305,512,3,38800
chacha20-poly1305,512,4,33000
chacha20-poly1305,512,5,31500
chacha20-poly1305,512,6,31600
chacha20-poly1305,512,7,90900
chacha20-poly1305,512,8,96000
chacha20-poly1305,512,9,107700
chacha20-poly1305,512,10,59900
chacha20-poly1305,512,11,52600
chacha20-poly1305,512,12,100900
chacha20-poly1305,512,13,60700
chacha20-poly1305,512,14,34600
chacha20-poly1305,512,15,31100
chacha20-poly1305,512,16,30800
chacha20-poly1305,512,17,31200
chacha20-poly1305,512,18,30800
chacha20-poly1305,512,19,30100
chacha20-poly1305,512,20,30400
chacha20-poly1305,512,21,30100
chacha20-poly1305,512,22,35700
chacha20-poly1305,512,23,92100
chacha20-poly1305,512,24,59800
chacha20-poly1305,512,25,34400
chacha20-poly1305,512,26,31400
chacha20-poly1305,512,27,31000
chacha20-poly1305,512,28,31700
chacha20-poly1305,512,29,31200
chacha20-poly1305,512,30,31000
chacha20-poly1305,512,31,30200
chacha20-poly1305,512,32,29900
chacha20-poly1305,512,33,30300
chacha20-poly1305,512,34,30600
chacha20-poly1305,512,35,30000
chacha20-poly1305,512,36,30200
chacha20-poly1305,512,37,30500
chacha20-poly1305,512,38,30200
chacha20-poly1305,512,39,30000
chacha20-poly1305,512,40,30600
chacha20-poly1305,512,41,30200
chacha20-poly1305,512,42,30700
chacha20-poly1305,512,43,30400
chacha20-poly1305,512,44,30300
chacha20-poly1305,512,45,30400
chacha20-poly1305,512,46,30200
chacha20-poly1305,512,47,30400
chacha20-poly1305,512,48,30000
chacha20-poly1305,512,49,30400
chacha20-poly1305,512,50,30100
chacha20-poly1305,512,51,30400
chacha20-poly1305,512,52,30400
chacha20-poly1305,512,53,29900
chacha20-poly1305,512,54,30400
chacha20-poly1305,512,55,30100
chacha20-poly1305,512,56,30200
chacha20-poly1305,512,57,30300
chacha20-poly1305,512,58,30500
chacha20-poly1305,512,59,30100
chacha20-poly1305,512,60,80800
chacha20-poly1305,512,61,106800
chacha20-poly1305,512,62,101500
chacha20-poly1305,512,63,91600
chacha20-poly1305,512,64,71100
chacha20-poly1305,512,65,67500
chacha20-poly1305,512,66,40000
chacha20-poly1305,512,67,32800
chacha20-poly1305,512,68,30500
chacha20-poly1305,512,69,40200
chacha20-poly1305,512,70,33500
chacha20-poly1305,512,71,30900
chacha20-poly1305,512,72,32700
chacha20-poly1305,512,73,31700
chacha20-poly1305,512,74,31600
chacha20-poly1305,512,75,72700
chacha20-poly1305,512,76,33500
chacha20-poly1305,512,77,31700
chacha20-poly1305,512,78,31800
chacha20-poly1305,512,79,73900
chacha20-poly1305,512,80,42400
chacha20-poly1305,512,81,73000
chacha20-poly1305,512,82,36500
chacha20-poly1305,512,83,54900
chacha20-poly1305,512,84,105500
chacha20-poly1305,512,85,106800
chacha20-poly1305,512,86,91400
chacha20-poly1305,512,87,69500
chacha20-poly1305,512,88,64400
chacha20-poly1305,512,89,56900
chacha20-poly1305,512,90,35800
chacha20-poly1305,512,91,32500
chacha20-poly1305,512,92,33000
chacha20-poly1305,512,93,89900
chacha20-poly1305,512,94,102700
chacha20-poly1305,512,95,112600
chacha20-poly1305,512,96,61100
chacha20-poly1305,512,97,41500
chacha20-poly1305,512,98,94900
chacha20-poly1305,512,99,87300
chacha20-poly1305,512,100,37000
chacha20-poly1305,512,101,32200
chacha20-poly1305,512,102,31200
chacha20-poly1305,512,103,32600
chacha20-poly1305,512,104,53000
chacha20-poly1305,512,105,101800
chacha20-poly1305,512,106,60500
chacha20-poly1305,512,107,33900
chacha20-poly1305,512,108,31400
chacha20-poly1305,512,109,31300
chacha20-poly1305,512,110,30700
chacha20-poly1305,512,111,30100
chacha20-poly1305,512,112,30500
chacha20-poly1305,512,113,29700
chacha20-poly1305,512,114,30300
chacha20-poly1305,512,115,30400
chacha20-poly1305,512,116,30300
chacha20-poly1305,512,117,30600
chacha20-poly1305,512,118,30000
chacha20-poly1305,512,119,32100
chacha20-poly1305,512,120,30600
chacha20-poly1305,512,121,30300
chacha20-poly1305,512,122,30200
chacha20-poly1305,512,123,30100
chacha20-poly1305,512,124,30500
chacha20-poly1305,512,125,29600
chacha20-poly1305,512,126,30900
chacha20-poly1305,512,127,30200
chacha20-poly1305,512,128,30600
chacha20-poly1305,512,129,30400
chacha20-poly1305,512,130,30500
chacha20-poly1305,512,131,29900
chacha20-poly1305,512,132,30300
chacha20-poly1305,512,133,30300
chacha20-poly1305,512,134,30100
chacha20-poly1305,512,135,30300
chacha20-poly1305,512,136,30100
chacha20-poly1305,512,137,30200
chacha20-poly1305,512,138,30200
chacha20-poly1305,512,139,30200
chacha20-poly1305,512,140,29800
chacha20-poly1305,512,141,30200
chacha20-poly1305,512,142,30600
chacha20-poly1305,512,143,29900
chacha20-poly1305,512,144,30500
chacha20-poly1305,512,145,130500
chacha20-poly1305,512,146,94600
chacha20-poly1305,512,147,40500
chacha20-poly1305,512,148,31800
chacha20-poly1305,512,149,73900
chacha20-poly1305,512,150,123300
chacha20-poly1305,512,151,60300
chacha20-poly1305,512,152,34300
chacha20-poly1305,512,153,31400
chacha20-poly1305,512,154,31200
chacha20-poly1305,512,155,30700
chacha20-poly1305,512,156,31500
chacha20-poly1305,512,157,31500
chacha20-poly1305,512,158,31300
chacha20-poly1305,512,159,118400
chacha20-poly1305,512,160,62300
chacha20-poly1305,512,161,86200
chacha20-poly1305,512,162,41900
chacha20-poly1305,512,163,32200
chacha20-poly1305,512,164,31700
chacha20-poly1305,512,165,30500
chacha20-poly1305,512,166,31600
chacha20-poly1305,512,167,30300
chacha20-poly1305,512,168,30100
chacha20-poly1305,512,169,30400
chacha20-poly1305,512,170,29900
chacha20-poly1305,512,171,30200
chacha20-poly1305,512,172,30200
chacha20-poly1305,512,173,30100
chacha20-poly1305,512,174,30200
chacha20-poly1305,512,175,30400
chacha20-poly1305,512,176,29900
chacha20-poly1305,512,177,30300
chacha20-poly1305,512,178,30200
chacha20-poly1305,512,179,29900
chacha20-poly1305,512,180,30200
chacha20-poly1305,512,181,30000
chacha20-poly1305,512,182,30900
chacha20-poly1305,512,183,30000
chacha20-poly1305,512,184,30400
chacha20-poly1305,512,185,30300
chacha20-poly1305,512,186,30000
chacha20-poly1305,512,187,30300
chacha20-poly1305,512,188,30100
chacha20-poly1305,512,189,52900
chacha20-poly1305,512,190,56200
chacha20-poly1305,512,191,77200
chacha20-poly1305,512,192,87500
chacha20-poly1305,512,193,88000
chacha20-poly1305,512,194,46200
chacha20-poly1305,512,195,92900
chacha20-poly1305,512,196,106700
chacha20-poly1305,512,197,101200
chacha20-poly1305,512,198,65400
chacha20-poly1305,512,199,36800
chacha20-poly1305,512,200,31900
chacha20-poly1305,512,201,30600
chacha20-poly1305,512,202,30600
chacha20-poly1305,512,203,34500
chacha20-poly1305,512,204,34400
chacha20-poly1305,512,205,33400
chacha20-poly1305,512,206,31400
chacha20-poly1305,512,207,73900
chacha20-poly1305,512,208,60700
chacha20-poly1305,512,209,56200
chacha20-poly1305,512,210,74000
chacha20-poly1305,512,211,51500
chacha20-poly1305,512,212,105500
chacha20-poly1305,512,213,55600
chacha20-poly1305,512,214,34100
chacha20-poly1305,512,215,30900
chacha20-poly1305,512,216,31100
chacha20-poly1305,512,217,30600
chacha20-poly1305,512,218,66200
chacha20-poly1305,512,219,42500
chacha20-poly1305,512,220,36400
chacha20-poly1305,512,221,32100
chacha20-poly1305,512,222,32600
chacha20-poly1305,512,223,71700
chacha20-poly1305,512,224,42600
chacha20-poly1305,512,225,32500
chacha20-poly1305,512,226,30400
chacha20-poly1305,512,227,30500
chacha20-poly1305,512,228,30400
chacha20-poly1305,512,229,31000
chacha20-poly1305,512,230,30100
chacha20-poly1305,512,231,30800
chacha20-poly1305,512,232,30300
chacha20-poly1305,512,233,30100
chacha20-poly1305,512,234,30500
chacha20-poly1305,512,235,34000
chacha20-poly1305,512,236,30200
chacha20-poly1305,512,237,30200
chacha20-poly1305,512,238,31100
chacha20-poly1305,512,239,30300
chacha20-poly1305,512,240,30200
chacha20-poly1305,512,241,30200
chacha20-poly1305,512,242,30200
chacha20-poly1305,512,243,30600
chacha20-poly1305,512,244,30600
chacha20-poly1305,512,245,30300
chacha20-poly1305,512,246,30100
chacha20-poly1305,512,247,30400
chacha20-poly1305,512,248,30000
chacha20-poly1305,512,249,30100
chacha20-poly1305,512,250,30800
chacha20-poly1305,512,251,30000
chacha20-poly1305,512,252,30300
chacha20-poly1305,512,253,29800
chacha20-poly1305,512,254,30200
chacha20-poly1305,512,255,30100
chacha20-poly1305,512,256,30300
chacha20-poly1305,512,257,29800
chacha20-poly1305,512,258,30200
chacha20-poly1305,512,259,30400
chacha20-poly1305,512,260,30000
chacha20-poly1305,512,261,30300
chacha20-poly1305,512,262,30300
chacha20-poly1305,512,263,30200
chacha20-poly1305,512,264,36300
chacha20-poly1305,512,265,56700
chacha20-poly1305,512,266,117600
chacha20-poly1305,512,267,205700
chacha20-poly1305,512,268,85200
chacha20-poly1305,512,269,36400
chacha20-poly1305,512,270,37800
chacha20-poly1305,512,271,31100
chacha20-poly1305,512,272,113000
chacha20-poly1305,512,273,128200
chacha20-poly1305,512,274,61600
chacha20-poly1305,512,275,33700
chacha20-poly1305,512,276,31000
chacha20-poly1305,512,277,89500
chacha20-poly1305,512,278,58900
chacha20-poly1305,512,279,109400
chacha20-poly1305,512,280,70800
chacha20-poly1305,512,281,60800
chacha20-poly1305,512,282,105900
chacha20-poly1305,512,283,61400
chacha20-poly1305,512,284,34200
chacha20-poly1305,512,285,31600
chacha20-poly1305,512,286,31300
chacha20-poly1305,512,287,30400
chacha20-poly1305,512,288,31100
chacha20-poly1305,512,289,30500
chacha20-poly1305,512,290,30300
chacha20-poly1305,512,291,30200
chacha20-poly1305,512,292,30600
chacha20-poly1305,512,293,67900
chacha20-poly1305,512,294,63200
chacha20-poly1305,512,295,88800
chacha20-poly1305,512,296,37100
chacha20-poly1305,512,297,33100
chacha20-poly1305,512,298,32000
chacha20-poly1305,512,299,32300
chacha20-poly1305,512,300,32200
chacha20-poly1305,512,301,31700
chacha20-poly1305,512,302,31100
chacha20-poly1305,512,303,52300
chacha20-poly1305,512,304,106600
chacha20-poly1305,512,305,54900
chacha20-poly1305,512,306,33700
chacha20-poly1305,512,307,31200
chacha20-poly1305,512,308,31000
chacha20-poly1305,512,309,30400
chacha20-poly1305,512,310,30500
chacha20-poly1305,512,311,30600
chacha20-poly1305,512,312,30500
chacha20-poly1305,512,313,30500
chacha20-poly1305,512,314,30200
chacha20-poly1305,512,315,32900
chacha20-poly1305,512,316,31800
chacha20-poly1305,512,317,52000
chacha20-poly1305,512,318,87500
chacha20-poly1305,512,319,41100
chacha20-poly1305,512,320,32000
chacha20-poly1305,512,321,30600
chacha20-poly1305,512,322,32800
chacha20-poly1305,512,323,30100
chacha20-poly1305,512,324,31100
chacha20-poly1305,512,325,30200
chacha20-poly1305,512,326,30800
chacha20-poly1305,512,327,30100
chacha20-poly1305,512,328,30500
chacha20-poly1305,512,329,30100
chacha20-poly1305,512,330,30300
chacha20-poly1305,512,331,30200
chacha20-poly1305,512,332,29900
chacha20-poly1305,512,333,30200
chacha20-poly1305,512,334,30200
chacha20-poly1305,512,335,30300
chacha20-poly1305,512,336,30200
chacha20-poly1305,512,337,30500
chacha20-poly1305,512,338,30100
chacha20-poly1305,512,339,30200
chacha20-poly1305,512,340,30300
chacha20-poly1305,512,341,29800
chacha20-poly1305,512,342,30500
chacha20-poly1305,512,343,30100
chacha20-poly1305,512,344,30200
chacha20-poly1305,512,345,30000
chacha20-poly1305,512,346,30500
chacha20-poly1305,512,347,30800
chacha20-poly1305,512,348,30500
chacha20-poly1305,512,349,30500
chacha20-poly1305,512,350,49500
chacha20-poly1305,512,351,96700
chacha20-poly1305,512,352,63700
chacha20-poly1305,512,353,58600
chacha20-poly1305,512,354,74000
chacha20-poly1305,512,355,87400
chacha20-poly1305,512,356,86500
chacha20-poly1305,512,357,40400
chacha20-poly1305,512,358,32200
chacha20-poly1305,512,359,53500
chacha20-poly1305,512,360,56000
chacha20-poly1305,512,361,35400
chacha20-poly1305,512,362,32800
chacha20-poly1305,512,363,31900
chacha20-poly1305,512,364,55000
chacha20-poly1305,512,365,48400
chacha20-poly1305,512,366,35400
chacha20-poly1305,512,367,33000
chacha20-poly1305,512,368,32000
chacha20-poly1305,512,369,87400
chacha20-poly1305,512,370,98600
chacha20-poly1305,512,371,61900
chacha20-poly1305,512,372,70800
chacha20-poly1305,512,373,43000
chacha20-poly1305,512,374,89800
chacha20-poly1305,512,375,75200
chacha20-poly1305,512,376,90700
chacha20-poly1305,512,377,40900
chacha20-poly1305,512,378,33000
chacha20-poly1305,512,379,30700
chacha20-poly1305,512,380,30400
chacha20-poly1305,512,381,30300
chacha20-poly1305,512,382,50200
chacha20-poly1305,512,383,96500
chacha20-poly1305,512,384,59700
chacha20-poly1305,512,385,34300
chacha20-poly1305,512,386,31000
chacha20-poly1305,512,387,31000
chacha20-poly1305,512,388,30600
chacha20-poly1305,512,389,34400
chacha20-poly1305,512,390,30200
chacha20-poly1305,512,391,30100
chacha20-poly1305,512,392,30500
chacha20-poly1305,512,393,30700
chacha20-poly1305,512,394,30700
chacha20-poly1305,512,395,29900
chacha20-poly1305,512,396,30500
chacha20-poly1305,512,397,30400
chacha20-poly1305,512,398,30600
chacha20-poly1305,512,399,30300
chacha20-poly1305,512,400,30200
chacha20-poly1305,512,401,30100
chacha20-poly1305,512,402,30200
chacha20-poly1305,512,403,30600
chacha20-poly1305,512,404,30500
chacha20-poly1305,512,405,30400
chacha20-poly1305,512,406,30800
chacha20-poly1305,512,407,30100
chacha20-poly1305,512,408,30200
chacha20-poly1305,512,409,30600
chacha20-poly1305,512,410,30000
chacha20-poly1305,512,411,90900
chacha20-poly1305,512,412,104200
chacha20-poly1305,512,413,60000
chacha20-poly1305,512,414,94500
chacha20-poly1305,512,415,103300
chacha20-poly1305,512,416,60800
chacha20-poly1305,512,417,88800
chacha20-poly1305,512,418,103300
chacha20-poly1305,512,419,87800
chacha20-poly1305,512,420,40500
chacha20-poly1305,512,421,32400
chacha20-poly1305,512,422,31200
chacha20-poly1305,512,423,30900
chacha20-poly1305,512,424,30500
chacha20-poly1305,512,425,30500
chacha20-poly1305,512,426,30400
chacha20-poly1305,512,427,31000
chacha20-poly1305,512,428,30000
chacha20-poly1305,512,429,30200
chacha20-poly1305,512,430,30500
chacha20-poly1305,512,431,30000
chacha20-poly1305,512,432,30900
chacha20-poly1305,512,433,30100
chacha20-poly1305,512,434,30700
chacha20-poly1305,512,435,30100
chacha20-poly1305,512,436,34300
chacha20-poly1305,512,437,30100
chacha20-poly1305,512,438,30400
chacha20-poly1305,512,439,30600
chacha20-poly1305,512,440,30100
chacha20-poly1305,512,441,30300
chacha20-poly1305,512,442,30600
chacha20-poly1305,512,443,30500
chacha20-poly1305,512,444,30200
chacha20-poly1305,512,445,30200
chacha20-poly1305,512,446,29900
chacha20-poly1305,512,447,30100
chacha20-poly1305,512,448,30300
chacha20-poly1305,512,449,30300
chacha20-poly1305,512,450,30300
chacha20-poly1305,512,451,30100
chacha20-poly1305,512,452,30400
chacha20-poly1305,512,453,30100
chacha20-poly1305,512,454,30600
chacha20-poly1305,512,455,29900
chacha20-poly1305,512,456,30200
chacha20-poly1305,512,457,30400
chacha20-poly1305,512,458,30000
chacha20-poly1305,512,459,30600
chacha20-poly1305,512,460,30000
chacha20-poly1305,512,461,30200
chacha20-poly1305,512,462,30400
chacha20-poly1305,512,463,79000
chacha20-poly1305,512,464,158800
chacha20-poly1305,512,465,82400
chacha20-poly1305,512,466,93300
chacha20-poly1305,512,467,63400
chacha20-poly1305,512,468,56400
chacha20-poly1305,512,469,33900
chacha20-poly1305,512,470,31500
chacha20-poly1305,512,471,30700
chacha20-poly1305,512,472,30600
chacha20-poly1305,512,473,39700
chacha20-poly1305,512,474,49600
chacha20-poly1305,512,475,99300
chacha20-poly1305,512,476,59500
chacha20-poly1305,512,477,35400
chacha20-poly1305,512,478,31500
chacha20-poly1305,512,479,31000
chacha20-poly1305,512,480,54100
chacha20-poly1305,512,481,52300
chacha20-poly1305,512,482,52500
chacha20-poly1305,512,483,82000
chacha20-poly1305,512,484,39600
chacha20-poly1305,512,485,87700
chacha20-poly1305,512,486,86800
chacha20-poly1305,512,487,40100
chacha20-poly1305,512,488,32400
chacha20-poly1305,512,489,31200
chacha20-poly1305,512,490,31100
chacha20-poly1305,512,491,50400
chacha20-poly1305,512,492,51400
chacha20-poly1305,512,493,34500
chacha20-poly1305,512,494,31900
chacha20-poly1305,512,495,32000
chacha20-poly1305,512,496,90600
chacha20-poly1305,512,497,59500
chacha20-poly1305,512,498,34100
chacha20-poly1305,512,499,32000
chacha20-poly1305,512,500,30600
chacha20-poly1305,512,501,30200
chacha20-poly1305,512,502,30500
chacha20-poly1305,512,503,29700
chacha20-poly1305,512,504,30500
chacha20-poly1305,512,505,30600
chacha20-poly1305,512,506,30700
chacha20-poly1305,512,507,30100
chacha20-poly1305,512,508,30200
chacha20-poly1305,512,509,30000
chacha20-poly1305,512,510,30500
chacha20-poly1305,512,511,30200
chacha20-poly1305,512,512,30000
chacha20-poly1305,512,513,30400
chacha20-poly1305,512,514,30100
chacha20-poly1305,512,515,30000
chacha20-poly1305,512,516,30000
chacha20-poly1305,512,517,30500
chacha20-poly1305,512,518,30600
chacha20-poly1305,512,519,30300
chacha20-poly1305,512,520,30400
chacha20-poly1305,512,521,30100
chacha20-poly1305,512,522,30500
chacha20-poly1305,512,523,30000
chacha20-poly1305,512,524,30500
chacha20-poly1305,512,525,30100
chacha20-poly1305,512,526,30400
chacha20-poly1305,512,527,85100
chacha20-poly1305,512,528,102300
chacha20-poly1305,512,529,65400
chacha20-poly1305,512,530,88300
chacha20-poly1305,512,531,161400
chacha20-poly1305,512,532,109300
chacha20-poly1305,512,533,77300
chacha20-poly1305,512,534,102100
chacha20-poly1305,512,535,61300
chacha20-poly1305,512,536,34500
chacha20-poly1305,512,537,31300
chacha20-poly1305,512,538,31400
chacha20-poly1305,512,539,30800
chacha20-poly1305,512,540,30700
chacha20-poly1305,512,541,30400
chacha20-poly1305,512,542,30400
chacha20-poly1305,512,543,30300
chacha20-poly1305,512,544,30400
chacha20-poly1305,512,545,37100
chacha20-poly1305,512,546,35200
chacha20-poly1305,512,547,52900
chacha20-poly1305,512,548,58000
chacha20-poly1305,512,549,38500
chacha20-poly1305,512,550,30900
chacha20-poly1305,512,551,31200
chacha20-poly1305,512,552,30300
chacha20-poly1305,512,553,30200
chacha20-poly1305,512,554,30300
chacha20-poly1305,512,555,30400
chacha20-poly1305,512,556,30400
chacha20-poly1305,512,557,30200
chacha20-poly1305,512,558,30300
chacha20-poly1305,512,559,30200
chacha20-poly1305,512,560,30200
chacha20-poly1305,512,561,30100
chacha20-poly1305,512,562,30700
chacha20-poly1305,512,563,30000
chacha20-poly1305,512,564,30300
chacha20-poly1305,512,565,30300
chacha20-poly1305,512,566,30000
chacha20-poly1305,512,567,30200
chacha20-poly1305,512,568,30300
chacha20-poly1305,512,569,30200
chacha20-poly1305,512,570,30100
chacha20-poly1305,512,571,30400
chacha20-poly1305,512,572,30100
chacha20-poly1305,512,573,30100
chacha20-poly1305,512,574,30700
chacha20-poly1305,512,575,30200
chacha20-poly1305,512,576,90700
chacha20-poly1305,512,577,63400
chacha20-poly1305,512,578,73100
chacha20-poly1305,512,579,64700
chacha20-poly1305,512,580,53100
chacha20-poly1305,512,581,53100
chacha20-poly1305,512,582,100300
chacha20-poly1305,512,583,64600
chacha20-poly1305,512,584,35400
chacha20-poly1305,512,585,32600
chacha20-poly1305,512,586,32000
chacha20-poly1305,512,587,90900
chacha20-poly1305,512,588,59100
chacha20-poly1305,512,589,34400
chacha20-poly1305,512,590,30800
chacha20-poly1305,512,591,30500
chacha20-poly1305,512,592,30700
chacha20-poly1305,512,593,85900
chacha20-poly1305,512,594,107500
chacha20-poly1305,512,595,61200
chacha20-poly1305,512,596,90200
chacha20-poly1305,512,597,88800
chacha20-poly1305,512,598,60300
chacha20-poly1305,512,599,102900
chacha20-poly1305,512,600,57900
chacha20-poly1305,512,601,96500
chacha20-poly1305,512,602,67400
chacha20-poly1305,512,603,54600
chacha20-poly1305,512,604,59500
chacha20-poly1305,512,605,87400
chacha20-poly1305,512,606,76000
chacha20-poly1305,512,607,57800
chacha20-poly1305,512,608,53000
chacha20-poly1305,512,609,101100
chacha20-poly1305,512,610,96900
chacha20-poly1305,512,611,57200
chacha20-poly1305,512,612,34900
chacha20-poly1305,512,613,31200
chacha20-poly1305,512,614,30900
chacha20-poly1305,512,615,30400
chacha20-poly1305,512,616,30500
chacha20-poly1305,512,617,30100
chacha20-poly1305,512,618,30400
chacha20-poly1305,512,619,30300
chacha20-poly1305,512,620,29900
chacha20-poly1305,512,621,30300
chacha20-poly1305,512,622,30400
chacha20-poly1305,512,623,30300
chacha20-poly1305,512,624,30300
chacha20-poly1305,512,625,87300
chacha20-poly1305,512,626,101800
chacha20-poly1305,512,627,79500
chacha20-poly1305,512,628,115000
chacha20-poly1305,512,629,71600
chacha20-poly1305,512,630,90200
chacha20-poly1305,512,631,86300
chacha20-poly1305,512,632,86200
chacha20-poly1305,512,633,40300
chacha20-poly1305,512,634,32800
chacha20-poly1305,512,635,30800
chacha20-poly1305,512,636,30600
chacha20-poly1305,512,637,30800
chacha20-poly1305,512,638,49700
chacha20-poly1305,512,639,103100
chacha20-poly1305,512,640,57900
chacha20-poly1305,512,641,34100
chacha20-poly1305,512,642,31300
chacha20-poly1305,512,643,30600
chacha20-poly1305,512,644,31600
chacha20-poly1305,512,645,30200
chacha20-poly1305,512,646,30600
chacha20-poly1305,512,647,29900
chacha20-poly1305,512,648,30300
chacha20-poly1305,512,649,30100
chacha20-poly1305,512,650,30300
chacha20-poly1305,512,651,30300
chacha20-poly1305,512,652,30600
chacha20-poly1305,512,653,30000
chacha20-poly1305,512,654,30200
chacha20-poly1305,512,655,30700
chacha20-poly1305,512,656,30100
chacha20-poly1305,512,657,30400
chacha20-poly1305,512,658,30500
chacha20-poly1305,512,659,30200
chacha20-poly1305,512,660,30100
chacha20-poly1305,512,661,30300
chacha20-poly1305,512,662,30100
chacha20-poly1305,512,663,29900
chacha20-poly1305,512,664,30300
chacha20-poly1305,512,665,29900
chacha20-poly1305,512,666,31300
chacha20-poly1305,512,667,30500
chacha20-poly1305,512,668,30100
chacha20-poly1305,512,669,30300
chacha20-poly1305,512,670,30200
chacha20-poly1305,512,671,30500
chacha20-poly1305,512,672,32900
chacha20-poly1305,512,673,30300
chacha20-poly1305,512,674,93100
chacha20-poly1305,512,675,92800
chacha20-poly1305,512,676,43500
chacha20-poly1305,512,677,61400
chacha20-poly1305,512,678,101300
chacha20-poly1305,512,679,61400
chacha20-poly1305,512,680,83800
chacha20-poly1305,512,681,89800
chacha20-poly1305,512,682,40700
chacha20-poly1305,512,683,31300
chacha20-poly1305,512,684,37200
chacha20-poly1305,512,685,31800
chacha20-poly1305,512,686,33200
chacha20-poly1305,512,687,32000
chacha20-poly1305,512,688,32000
chacha20-poly1305,512,689,31600
chacha20-poly1305,512,690,72200
chacha20-poly1305,512,691,42900
chacha20-poly1305,512,692,32000
chacha20-poly1305,512,693,30700
chacha20-poly1305,512,694,30300
chacha20-poly1305,512,695,30100
chacha20-poly1305,512,696,30400
chacha20-poly1305,512,697,34200
chacha20-poly1305,512,698,30900
chacha20-poly1305,512,699,30200
chacha20-poly1305,512,700,30400
chacha20-poly1305,512,701,29900
chacha20-poly1305,512,702,30500
chacha20-poly1305,512,703,30000
chacha20-poly1305,512,704,30300
chacha20-poly1305,512,705,30100
chacha20-poly1305,512,706,30400
chacha20-poly1305,512,707,30000
chacha20-poly1305,512,708,30300
chacha20-poly1305,512,709,30600
chacha20-poly1305,512,710,30000
chacha20-poly1305,512,711,30300
chacha20-poly1305,512,712,30500
chacha20-poly1305,512,713,30600
chacha20-poly1305,512,714,30700
chacha20-poly1305,512,715,30500
chacha20-poly1305,512,716,30000
chacha20-poly1305,512,717,30400
chacha20-poly1305,512,718,30400
chacha20-poly1305,512,719,30100
chacha20-poly1305,512,720,30200
chacha20-poly1305,512,721,29900
chacha20-poly1305,512,722,30200
chacha20-poly1305,512,723,30300
chacha20-poly1305,512,724,30400
chacha20-poly1305,512,725,29800
chacha20-poly1305,512,726,30100
chacha20-poly1305,512,727,30500
chacha20-poly1305,512,728,29900
chacha20-poly1305,512,729,30400
chacha20-poly1305,512,730,33200
chacha20-poly1305,512,731,30200
chacha20-poly1305,512,732,30200
chacha20-poly1305,512,733,30300
chacha20-poly1305,512,734,30300
chacha20-poly1305,512,735,29900
chacha20-poly1305,512,736,30100
chacha20-poly1305,512,737,30100
chacha20-poly1305,512,738,30300
chacha20-poly1305,512,739,30100
chacha20-poly1305,512,740,29900
chacha20-poly1305,512,741,30100
chacha20-poly1305,512,742,30700
chacha20-poly1305,512,743,29900
chacha20-poly1305,512,744,30400
chacha20-poly1305,512,745,30200
chacha20-poly1305,512,746,29900
chacha20-poly1305,512,747,30500
chacha20-poly1305,512,748,30100
chacha20-poly1305,512,749,30300
chacha20-poly1305,512,750,30200
chacha20-poly1305,512,751,30800
chacha20-poly1305,512,752,30200
chacha20-poly1305,512,753,30200
chacha20-poly1305,512,754,54400
chacha20-poly1305,512,755,85000
chacha20-poly1305,512,756,40700
chacha20-poly1305,512,757,32100
chacha20-poly1305,512,758,31200
chacha20-poly1305,512,759,74600
chacha20-poly1305,512,760,74900
chacha20-poly1305,512,761,103600
chacha20-poly1305,512,762,129000
chacha20-poly1305,512,763,106800
chacha20-poly1305,512,764,61000
chacha20-poly1305,512,765,34900
chacha20-poly1305,512,766,31500
chacha20-poly1305,512,767,30900
chacha20-poly1305,512,768,30500
chacha20-poly1305,512,769,30800
chacha20-poly1305,512,770,30500
chacha20-poly1305,512,771,110500
chacha20-poly1305,512,772,42400
chacha20-poly1305,512,773,39100
chacha20-poly1305,512,774,61000
chacha20-poly1305,512,775,92200
chacha20-poly1305,512,776,40200
chacha20-poly1305,512,777,32800
chacha20-poly1305,512,778,31300
chacha20-poly1305,512,779,30700
chacha20-poly1305,512,780,30800
chacha20-poly1305,512,781,30600
chacha20-poly1305,512,782,30200
chacha20-poly1305,512,783,30300
chacha20-poly1305,512,784,30500
chacha20-poly1305,512,785,30500
chacha20-poly1305,512,786,30400
chacha20-poly1305,512,787,30400
chacha20-poly1305,512,788,29800
chacha20-poly1305,512,789,30100
chacha20-poly1305,512,790,30600
chacha20-poly1305,512,791,29800
chacha20-poly1305,512,792,30400
chacha20-poly1305,512,793,30800
chacha20-poly1305,512,794,30100
chacha20-poly1305,512,795,30100
chacha20-poly1305,512,796,30200
chacha20-poly1305,512,797,30100
chacha20-poly1305,512,798,30400
chacha20-poly1305,512,799,30400
chacha20-poly1305,512,800,30000
chacha20-poly1305,512,801,30500
chacha20-poly1305,512,802,30100
chacha20-poly1305,512,803,50700
chacha20-poly1305,512,804,121600
chacha20-poly1305,512,805,92300
chacha20-poly1305,512,806,37500
chacha20-poly1305,512,807,31600
chacha20-poly1305,512,808,31100
chacha20-poly1305,512,809,30700
chacha20-poly1305,512,810,30900
chacha20-poly1305,512,811,30100
chacha20-poly1305,512,812,30200
chacha20-poly1305,512,813,30000
chacha20-poly1305,512,814,69200
chacha20-poly1305,512,815,42200
chacha20-poly1305,512,816,33400
chacha20-poly1305,512,817,32200
chacha20-poly1305,512,818,54500
chacha20-poly1305,512,819,89000
chacha20-poly1305,512,820,40300
chacha20-poly1305,512,821,32300
chacha20-poly1305,512,822,31400
chacha20-poly1305,512,823,30400
chacha20-poly1305,512,824,30100
chacha20-poly1305,512,825,30300
chacha20-poly1305,512,826,30700
chacha20-poly1305,512,827,30300
chacha20-poly1305,512,828,30400
chacha20-poly1305,512,829,30200
chacha20-poly1305,512,830,30600
chacha20-poly1305,512,831,30000
chacha20-poly1305,512,832,30500
chacha20-poly1305,512,833,30200
chacha20-poly1305,512,834,30300
chacha20-poly1305,512,835,30300
chacha20-poly1305,512,836,29900
chacha20-poly1305,512,837,30600
chacha20-poly1305,512,838,30100
chacha20-poly1305,512,839,30600
chacha20-poly1305,512,840,30500
chacha20-poly1305,512,841,30300
chacha20-poly1305,512,842,29900
chacha20-poly1305,512,843,30000
chacha20-poly1305,512,844,30500
chacha20-poly1305,512,845,29900
chacha20-poly1305,512,846,30400
chacha20-poly1305,512,847,30100
chacha20-poly1305,512,848,30300
chacha20-poly1305,512,849,30400
chacha20-poly1305,512,850,30500
chacha20-poly1305,512,851,30000
chacha20-poly1305,512,852,30100
chacha20-poly1305,512,853,48600
chacha20-poly1305,512,854,109500
chacha20-poly1305,512,855,101900
chacha20-poly1305,512,856,140600
chacha20-poly1305,512,857,91700
chacha20-poly1305,512,858,37500
chacha20-poly1305,512,859,32300
chacha20-poly1305,512,860,30300
chacha20-poly1305,512,861,30500
chacha20-poly1305,512,862,31300
chacha20-poly1305,512,863,30300
chacha20-poly1305,512,864,30600
chacha20-poly1305,512,865,30200
chacha20-poly1305,512,866,30200
chacha20-poly1305,512,867,30200
chacha20-poly1305,512,868,30700
chacha20-poly1305,512,869,30100
chacha20-poly1305,512,870,30300
chacha20-poly1305,512,871,50900
chacha20-poly1305,512,872,56200
chacha20-poly1305,512,873,34600
chacha20-poly1305,512,874,32800
chacha20-poly1305,512,875,32400
chacha20-poly1305,512,876,31800
chacha20-poly1305,512,877,32200
chacha20-poly1305,512,878,31700
chacha20-poly1305,512,879,32000
chacha20-poly1305,512,880,31600
chacha20-poly1305,512,881,31700
chacha20-poly1305,512,882,32700
chacha20-poly1305,512,883,91000
chacha20-poly1305,512,884,61300
chacha20-poly1305,512,885,34500
chacha20-poly1305,512,886,31500
chacha20-poly1305,512,887,30600
chacha20-poly1305,512,888,30600
chacha20-poly1305,512,889,31200
chacha20-poly1305,512,890,30200
chacha20-poly1305,512,891,30500
chacha20-poly1305,512,892,30600
chacha20-poly1305,512,893,30300
chacha20-poly1305,512,894,30600
chacha20-poly1305,512,895,30200
chacha20-poly1305,512,896,29900
chacha20-poly1305,512,897,30000
chacha20-poly1305,512,898,30400
chacha20-poly1305,512,899,29900
chacha20-poly1305,512,900,30600
chacha20-poly1305,512,901,30100
chacha20-poly1305,512,902,30300
chacha20-poly1305,512,903,30100
chacha20-poly1305,512,904,30600
chacha20-poly1305,512,905,30000
chacha20-poly1305,512,906,30300
chacha20-poly1305,512,907,30400
chacha20-poly1305,512,908,31900
chacha20-poly1305,512,909,30500
chacha20-poly1305,512,910,31000
chacha20-poly1305,512,911,30200
chacha20-poly1305,512,912,30300
chacha20-poly1305,512,913,30400
chacha20-poly1305,512,914,30200
chacha20-poly1305,512,915,30300
chacha20-poly1305,512,916,30400
chacha20-poly1305,512,917,30000
chacha20-poly1305,512,918,30200
chacha20-poly1305,512,919,30000
chacha20-poly1305,512,920,30000
chacha20-poly1305,512,921,30800
chacha20-poly1305,512,922,30500
chacha20-poly1305,512,923,29900
chacha20-poly1305,512,924,30300
chacha20-poly1305,512,925,30200
chacha20-poly1305,512,926,29900
chacha20-poly1305,512,927,30300
chacha20-poly1305,512,928,30100
chacha20-poly1305,512,929,30100
chacha20-poly1305,512,930,30000
chacha20-poly1305,512,931,30300
chacha20-poly1305,512,932,30500
chacha20-poly1305,512,933,30000
chacha20-poly1305,512,934,30500
chacha20-poly1305,512,935,29900
chacha20-poly1305,512,936,30500
chacha20-poly1305,512,937,30200
chacha20-poly1305,512,938,30400
chacha20-poly1305,512,939,30000
chacha20-poly1305,512,940,30300
chacha20-poly1305,512,941,30100
chacha20-poly1305,512,942,30700
chacha20-poly1305,512,943,30300
chacha20-poly1305,512,944,30000
chacha20-poly1305,512,945,30300
chacha20-poly1305,512,946,30100
chacha20-poly1305,512,947,30300
chacha20-poly1305,512,948,30500
chacha20-poly1305,512,949,30400
chacha20-poly1305,512,950,30000
chacha20-poly1305,512,951,30200
chacha20-poly1305,512,952,30600
chacha20-poly1305,512,953,30000
chacha20-poly1305,512,954,30500
chacha20-poly1305,512,955,30100
chacha20-poly1305,512,956,30200
chacha20-poly1305,512,957,30100
chacha20-poly1305,512,958,30500
chacha20-poly1305,512,959,29900
chacha20-poly1305,512,960,30000
chacha20-poly1305,512,961,30100
chacha20-poly1305,512,962,30100
chacha20-poly1305,512,963,30300
chacha20-poly1305,512,964,31000
chacha20-poly1305,512,965,30200
chacha20-poly1305,512,966,30400
chacha20-poly1305,512,967,39200
chacha20-poly1305,512,968,82600
chacha20-poly1305,512,969,128000
chacha20-poly1305,512,970,145300
chacha20-poly1305,512,971,92800
chacha20-poly1305,512,972,81400
chacha20-poly1305,512,973,89800
chacha20-poly1305,512,974,41000
chacha20-poly1305,512,975,31700
chacha20-poly1305,512,976,31000
chacha20-poly1305,512,977,48900
chacha20-poly1305,512,978,46500
chacha20-poly1305,512,979,49600
chacha20-poly1305,512,980,45100
chacha20-poly1305,512,981,74000
chacha20-poly1305,512,982,88500
chacha20-poly1305,512,983,40600
chacha20-poly1305,512,984,36300
chacha20-poly1305,512,985,33600
chacha20-poly1305,512,986,31100
chacha20-poly1305,512,987,30600
chacha20-poly1305,512,988,30400
chacha20-poly1305,512,989,30000
chacha20-poly1305,512,990,30400
chacha20-poly1305,512,991,30600
chacha20-poly1305,512,992,30300
chacha20-poly1305,512,993,30000
chacha20-poly1305,512,994,31100
chacha20-poly1305,512,995,30200
chacha20-poly1305,512,996,30100
chacha20-poly1305,512,997,30500
chacha20-poly1305,512,998,30000
chacha20-poly1305,512,999,30300
chacha20-poly1305,512,1000,29900
chacha20-poly1305,512,1001,30200
chacha20-poly1305,512,1002,30300
chacha20-poly1305,512,1003,30400
chacha20-poly1305,512,1004,29900
chacha20-poly1305,512,1005,30100
chacha20-poly1305,512,1006,48900
chacha20-poly1305,512,1007,54900
chacha20-poly1305,512,1008,35700
chacha20-poly1305,512,1009,32300
chacha20-poly1305,512,1010,32300
chacha20-poly1305,512,1011,31400
chacha20-poly1305,512,1012,31800
chacha20-poly1305,512,1013,31200
chacha20-poly1305,512,1014,31700
chacha20-poly1305,512,1015,57500
chacha20-poly1305,512,1016,110100
chacha20-poly1305,512,1017,161600
chacha20-poly1305,512,1018,64700
chacha20-poly1305,512,1019,35600
chacha20-poly1305,512,1020,31200
chacha20-poly1305,512,1021,30900
chacha20-poly1305,512,1022,31300
chacha20-poly1305,512,1023,30100
chacha20-poly1305,512,1024,30800
chacha20-poly1305,512,1025,29900
chacha20-poly1305,512,1026,30500
chacha20-poly1305,512,1027,30400
chacha20-poly1305,512,1028,30200
chacha20-poly1305,512,1029,30300
chacha20-poly1305,512,1030,30600
chacha20-poly1305,512,1031,30000
chacha20-poly1305,512,1032,30300
chacha20-poly1305,512,1033,30300
chacha20-poly1305,512,1034,30000
chacha20-poly1305,512,1035,30300
chacha20-poly1305,512,1036,30100
chacha20-poly1305,512,1037,30300
chacha20-poly1305,512,1038,33700
chacha20-poly1305,512,1039,30400
chacha20-poly1305,512,1040,29900
chacha20-poly1305,512,1041,30400
chacha20-poly1305,512,1042,30400
chacha20-poly1305,512,1043,29700
chacha20-poly1305,512,1044,30700
chacha20-poly1305,512,1045,30200
chacha20-poly1305,512,1046,30100
chacha20-poly1305,512,1047,30200
chacha20-poly1305,512,1048,31000
chacha20-poly1305,512,1049,29900
chacha20-poly1305,512,1050,30300
chacha20-poly1305,512,1051,30300
chacha20-poly1305,512,1052,30300
chacha20-poly1305,512,1053,30200
chacha20-poly1305,512,1054,30600
chacha20-poly1305,512,1055,30100
chacha20-poly1305,512,1056,30000
chacha20-poly1305,512,1057,30300
chacha20-poly1305,512,1058,29800
chacha20-poly1305,512,1059,30200
chacha20-poly1305,512,1060,30300
chacha20-poly1305,512,1061,30100
chacha20-poly1305,512,1062,30600
chacha20-poly1305,512,1063,30000
chacha20-poly1305,512,1064,30300
chacha20-poly1305,512,1065,30200
chacha20-poly1305,512,1066,30400
chacha20-poly1305,512,1067,30200
chacha20-poly1305,512,1068,30000
chacha20-poly1305,512,1069,30200
chacha20-poly1305,512,1070,29900
chacha20-poly1305,512,1071,30500
chacha20-poly1305,512,1072,30200
chacha20-poly1305,512,1073,30100
chacha20-poly1305,512,1074,30200
chacha20-poly1305,512,1075,30300
chacha20-poly1305,512,1076,30200
chacha20-poly1305,512,1077,30500
chacha20-poly1305,512,1078,30500
chacha20-poly1305,512,1079,30000
chacha20-poly1305,512,1080,30300
chacha20-poly1305,512,1081,30000
chacha20-poly1305,512,1082,30200
chacha20-poly1305,512,1083,30200
chacha20-poly1305,512,1084,30400
chacha20-poly1305,512,1085,29800
chacha20-poly1305,512,1086,30300
chacha20-poly1305,512,1087,30200
chacha20-poly1305,512,1088,29900
chacha20-poly1305,512,1089,30300
chacha20-poly1305,512,1090,30000
chacha20-poly1305,512,1091,30400
chacha20-poly1305,512,1092,30100
chacha20-poly1305,512,1093,30400
chacha20-poly1305,512,1094,30300
chacha20-poly1305,512,1095,30100
chacha20-poly1305,512,1096,30500
chacha20-poly1305,512,1097,30100
chacha20-poly1305,512,1098,30300
chacha20-poly1305,512,1099,29900
chacha20-poly1305,512,1100,30100
chacha20-poly1305,512,1101,30100
chacha20-poly1305,512,1102,30300
chacha20-poly1305,512,1103,29800
chacha20-poly1305,512,1104,31900
chacha20-poly1305,512,1105,30400
chacha20-poly1305,512,1106,30300
chacha20-poly1305,512,1107,30400
chacha20-poly1305,512,1108,30300
chacha20-poly1305,512,1109,30300
chacha20-poly1305,512,1110,30100
chacha20-poly1305,512,1111,30700
chacha20-poly1305,512,1112,30700
chacha20-poly1305,512,1113,30000
chacha20-poly1305,512,1114,30500
chacha20-poly1305,512,1115,29900
chacha20-poly1305,512,1116,30300
chacha20-poly1305,512,1117,30100
chacha20-poly1305,512,1118,30300
chacha20-poly1305,512,1119,30100
chacha20-poly1305,512,1120,30200
chacha20-poly1305,512,1121,29900
chacha20-poly1305,512,1122,30100
chacha20-poly1305,512,1123,30100
chacha20-poly1305,512,1124,30200
chacha20-poly1305,512,1125,30200
chacha20-poly1305,512,1126,30300
chacha20-poly1305,512,1127,30100
chacha20-poly1305,512,1128,30100
chacha20-poly1305,512,1129,30600
chacha20-poly1305,512,1130,29900
chacha20-poly1305,512,1131,30200
chacha20-poly1305,512,1132,30500
chacha20-poly1305,512,1133,30100
chacha20-poly1305,512,1134,145700
chacha20-poly1305,512,1135,138100
chacha20-poly1305,512,1136,100700
chacha20-poly1305,512,1137,128700
chacha20-poly1305,512,1138,61700
chacha20-poly1305,512,1139,34300
chacha20-poly1305,512,1140,31200
chacha20-poly1305,512,1141,31000
chacha20-poly1305,512,1142,30400
chacha20-poly1305,512,1143,30700
chacha20-poly1305,512,1144,34400
chacha20-poly1305,512,1145,30200
chacha20-poly1305,512,1146,30300
chacha20-poly1305,512,1147,76800
chacha20-poly1305,512,1148,107700
chacha20-poly1305,512,1149,60800
chacha20-poly1305,512,1150,35200
chacha20-poly1305,512,1151,33100
chacha20-poly1305,512,1152,32700
chacha20-poly1305,512,1153,31600
chacha20-poly1305,512,1154,31900
chacha20-poly1305,512,1155,31700
chacha20-poly1305,512,1156,31700
chacha20-poly1305,512,1157,32300
chacha20-poly1305,512,1158,31500
chacha20-poly1305,512,1159,31800
chacha20-poly1305,512,1160,31500
chacha20-poly1305,512,1161,91300
chacha20-poly1305,512,1162,60500
chacha20-poly1305,512,1163,34200
chacha20-poly1305,512,1164,31400
chacha20-poly1305,512,1165,30900
chacha20-poly1305,512,1166,30300
chacha20-poly1305,512,1167,30300
chacha20-poly1305,512,1168,30700
chacha20-poly1305,512,1169,30600
chacha20-poly1305,512,1170,30300
chacha20-poly1305,512,1171,30100
chacha20-poly1305,512,1172,30100
chacha20-poly1305,512,1173,30000
chacha20-poly1305,512,1174,30500
chacha20-poly1305,512,1175,30000
chacha20-poly1305,512,1176,30900
chacha20-poly1305,512,1177,30500
chacha20-poly1305,512,1178,33600
chacha20-poly1305,512,1179,31500
chacha20-poly1305,512,1180,30300
chacha20-poly1305,512,1181,30100
chacha20-poly1305,512,1182,30100
chacha20-poly1305,512,1183,30200
chacha20-poly1305,512,1184,29900
chacha20-poly1305,512,1185,30000
chacha20-poly1305,512,1186,30300
chacha20-poly1305,512,1187,29900
chacha20-poly1305,512,1188,30300
chacha20-poly1305,512,1189,30200
chacha20-poly1305,512,1190,30700
chacha20-poly1305,512,1191,30100
chacha20-poly1305,512,1192,30200
chacha20-poly1305,512,1193,29700
chacha20-poly1305,512,1194,30000
chacha20-poly1305,512,1195,30200
chacha20-poly1305,512,1196,30100
chacha20-poly1305,512,1197,30400
chacha20-poly1305,512,1198,29900
chacha20-poly1305,512,1199,30200
chacha20-poly1305,512,1200,30200
chacha20-poly1305,512,1201,30400
chacha20-poly1305,512,1202,30100
chacha20-poly1305,512,1203,30100
chacha20-poly1305,512,1204,30400
chacha20-poly1305,512,1205,29800
chacha20-poly1305,512,1206,30500
chacha20-poly1305,512,1207,30100
chacha20-poly1305,512,1208,114000
chacha20-poly1305,512,1209,68700
chacha20-poly1305,512,1210,41100
chacha20-poly1305,512,1211,115200
chacha20-poly1305,512,1212,126700
chacha20-poly1305,512,1213,61500
chacha20-poly1305,512,1214,33900
chacha20-poly1305,512,1215,44700
chacha20-poly1305,512,1216,48800
chacha20-poly1305,512,1217,49000
chacha20-poly1305,512,1218,46400
chacha20-poly1305,512,1219,48200
chacha20-poly1305,512,1220,96000
chacha20-poly1305,512,1221,59200
chacha20-poly1305,512,1222,35600
chacha20-poly1305,512,1223,30600
chacha20-poly1305,512,1224,31400
chacha20-poly1305,512,1225,30400
chacha20-poly1305,512,1226,34200
chacha20-poly1305,512,1227,30200
chacha20-poly1305,512,1228,30700
chacha20-poly1305,512,1229,30100
chacha20-poly1305,512,1230,30400
chacha20-poly1305,512,1231,30900
chacha20-poly1305,512,1232,30100
chacha20-poly1305,512,1233,30400
chacha20-poly1305,512,1234,30600
chacha20-poly1305,512,1235,30400
chacha20-poly1305,512,1236,30200
chacha20-poly1305,512,1237,30400
chacha20-poly1305,512,1238,30000
chacha20-poly1305,512,1239,30300
chacha20-poly1305,512,1240,31300
chacha20-poly1305,512,1241,29900
chacha20-poly1305,512,1242,30700
chacha20-poly1305,512,1243,30200
chacha20-poly1305,512,1244,30400
chacha20-poly1305,512,1245,30200
chacha20-poly1305,512,1246,30700
chacha20-poly1305,512,1247,29900
chacha20-poly1305,512,1248,30000
chacha20-poly1305,512,1249,30700
chacha20-poly1305,512,1250,30100
chacha20-poly1305,512,1251,30300
chacha20-poly1305,512,1252,30300
chacha20-poly1305,512,1253,30100
chacha20-poly1305,512,1254,30700
chacha20-poly1305,512,1255,30200
chacha20-poly1305,512,1256,29900
chacha20-poly1305,512,1257,30100
chacha20-poly1305,512,1258,32500
chacha20-poly1305,512,1259,30000
chacha20-poly1305,512,1260,30400
chacha20-poly1305,512,1261,30100
chacha20-poly1305,512,1262,30400
chacha20-poly1305,512,1263,30200
chacha20-poly1305,512,1264,30400
chacha20-poly1305,512,1265,30000
chacha20-poly1305,512,1266,30100
chacha20-poly1305,512,1267,30400
chacha20-poly1305,512,1268,30000
chacha20-poly1305,512,1269,30500
chacha20-poly1305,512,1270,30200
chacha20-poly1305,512,1271,30200
chacha20-poly1305,512,1272,30300
chacha20-poly1305,512,1273,30300
chacha20-poly1305,512,1274,30500
chacha20-poly1305,512,1275,30300
chacha20-poly1305,512,1276,30300
chacha20-poly1305,512,1277,29800
chacha20-poly1305,512,1278,30300
chacha20-poly1305,512,1279,30400
chacha20-poly1305,512,1280,30300
chacha20-poly1305,512,1281,85300
chacha20-poly1305,512,1282,128600
chacha20-poly1305,512,1283,81100
chacha20-poly1305,512,1284,104100
chacha20-poly1305,512,1285,59500
chacha20-poly1305,512,1286,33800
chacha20-poly1305,512,1287,32100
chacha20-poly1305,512,1288,60700
chacha20-poly1305,512,1289,69400
chacha20-poly1305,512,1290,69000
chacha20-poly1305,512,1291,70300
chacha20-poly1305,512,1292,55700
chacha20-poly1305,512,1293,53900
chacha20-poly1305,512,1294,34800
chacha20-poly1305,512,1295,30700
chacha20-poly1305,512,1296,78400
chacha20-poly1305,512,1297,128800
chacha20-poly1305,512,1298,60400
chacha20-poly1305,512,1299,33900
chacha20-poly1305,512,1300,31200
chacha20-poly1305,512,1301,30300
chacha20-poly1305,512,1302,76400
chacha20-poly1305,512,1303,39200
chacha20-poly1305,512,1304,31400
chacha20-poly1305,512,1305,30800
chacha20-poly1305,512,1306,31000
chacha20-poly1305,512,1307,30500
chacha20-poly1305,512,1308,30500
chacha20-poly1305,512,1309,31100
chacha20-poly1305,512,1310,30300
chacha20-poly1305,512,1311,30200
chacha20-poly1305,512,1312,30500
chacha20-poly1305,512,1313,30200
chacha20-poly1305,512,1314,30600
chacha20-poly1305,512,1315,30200
chacha20-poly1305,512,1316,30300
chacha20-poly1305,512,1317,30500
chacha20-poly1305,512,1318,30500
chacha20-poly1305,512,1319,30700
chacha20-poly1305,512,1320,30000
chacha20-poly1305,512,1321,30200
chacha20-poly1305,512,1322,30100
chacha20-poly1305,512,1323,30500
chacha20-poly1305,512,1324,30200
chacha20-poly1305,512,1325,30000
chacha20-poly1305,512,1326,30100
chacha20-poly1305,512,1327,30600
chacha20-poly1305,512,1328,30200
chacha20-poly1305,512,1329,30600
chacha20-poly1305,512,1330,30900
chacha20-poly1305,512,1331,29800
chacha20-poly1305,512,1332,30500
chacha20-poly1305,512,1333,30000
chacha20-poly1305,512,1334,30300
chacha20-poly1305,512,1335,30000
chacha20-poly1305,512,1336,30200
chacha20-poly1305,512,1337,30000
chacha20-poly1305,512,1338,30300
chacha20-poly1305,512,1339,30400
chacha20-poly1305,512,1340,30000
chacha20-poly1305,512,1341,30300
chacha20-poly1305,512,1342,30200
chacha20-poly1305,512,1343,30000
chacha20-poly1305,512,1344,30300
chacha20-poly1305,512,1345,30200
chacha20-poly1305,512,1346,29900
chacha20-poly1305,512,1347,30100
chacha20-poly1305,512,1348,30400
chacha20-poly1305,512,1349,30000
chacha20-poly1305,512,1350,30500
chacha20-poly1305,512,1351,30200
chacha20-poly1305,512,1352,30300
chacha20-poly1305,512,1353,30200
chacha20-poly1305,512,1354,30300
chacha20-poly1305,512,1355,29900
chacha20-poly1305,512,1356,30200
chacha20-poly1305,512,1357,30400
chacha20-poly1305,512,1358,30300
chacha20-poly1305,512,1359,30700
chacha20-poly1305,512,1360,30300
chacha20-poly1305,512,1361,30100
chacha20-poly1305,512,1362,30400
chacha20-poly1305,512,1363,30400
chacha20-poly1305,512,1364,30200
chacha20-poly1305,512,1365,30200
chacha20-poly1305,512,1366,30300
chacha20-poly1305,512,1367,30600
chacha20-poly1305,512,1368,30400
chacha20-poly1305,512,1369,30200
chacha20-poly1305,512,1370,30200
chacha20-poly1305,512,1371,30200
chacha20-poly1305,512,1372,30400
chacha20-poly1305,512,1373,30000
chacha20-poly1305,512,1374,30300
chacha20-poly1305,512,1375,30300
chacha20-poly1305,512,1376,30000
chacha20-poly1305,512,1377,30500
chacha20-poly1305,512,1378,131600
chacha20-poly1305,512,1379,76200
chacha20-poly1305,512,1380,52700
chacha20-poly1305,512,1381,76100
chacha20-poly1305,512,1382,120900
chacha20-poly1305,512,1383,125900
chacha20-poly1305,512,1384,156400
chacha20-poly1305,512,1385,105600
chacha20-poly1305,512,1386,62300
chacha20-poly1305,512,1387,34300
chacha20-poly1305,512,1388,79800
chacha20-poly1305,512,1389,125400
chacha20-poly1305,512,1390,59200
chacha20-poly1305,512,1391,34200
chacha20-poly1305,512,1392,31500
chacha20-poly1305,512,1393,31700
chacha20-poly1305,512,1394,63900
chacha20-poly1305,512,1395,61700
chacha20-poly1305,512,1396,39300
chacha20-poly1305,512,1397,86300
chacha20-poly1305,512,1398,56200
chacha20-poly1305,512,1399,90800
chacha20-poly1305,512,1400,57600
chacha20-poly1305,512,1401,82300
chacha20-poly1305,512,1402,60100
chacha20-poly1305,512,1403,97500
chacha20-poly1305,512,1404,86900
chacha20-poly1305,512,1405,44300
chacha20-poly1305,512,1406,33300
chacha20-poly1305,512,1407,32500
chacha20-poly1305,512,1408,32100
chacha20-poly1305,512,1409,32100
chacha20-poly1305,512,1410,31200
chacha20-poly1305,512,1411,32000
chacha20-poly1305,512,1412,31600
chacha20-poly1305,512,1413,31400
chacha20-poly1305,512,1414,32300
chacha20-poly1305,512,1415,86800
chacha20-poly1305,512,1416,86500
chacha20-poly1305,512,1417,43100
chacha20-poly1305,512,1418,33600
chacha20-poly1305,512,1419,52700
chacha20-poly1305,512,1420,49300
chacha20-poly1305,512,1421,35200
chacha20-poly1305,512,1422,31400
chacha20-poly1305,512,1423,30200
chacha20-poly1305,512,1424,31600
chacha20-poly1305,512,1425,30300
chacha20-poly1305,512,1426,30200
chacha20-poly1305,512,1427,30000
chacha20-poly1305,512,1428,29900
chacha20-poly1305,512,1429,30200
chacha20-poly1305,512,1430,29900
chacha20-poly1305,512,1431,31100
chacha20-poly1305,512,1432,30000
chacha20-poly1305,512,1433,30000
chacha20-poly1305,512,1434,30100
chacha20-poly1305,512,1435,30500
chacha20-poly1305,512,1436,29900
chacha20-poly1305,512,1437,32400
chacha20-poly1305,512,1438,30300
chacha20-poly1305,512,1439,29800
chacha20-poly1305,512,1440,30600
chacha20-poly1305,512,1441,30100
chacha20-poly1305,512,1442,30800
chacha20-poly1305,512,1443,30100
chacha20-poly1305,512,1444,30400
chacha20-poly1305,512,1445,30200
chacha20-poly1305,512,1446,30400
chacha20-poly1305,512,1447,30400
chacha20-poly1305,512,1448,29600
chacha20-poly1305,512,1449,31000
chacha20-poly1305,512,1450,30000
chacha20-poly1305,512,1451,30200
chacha20-poly1305,512,1452,30000
chacha20-poly1305,512,1453,30200
chacha20-poly1305,512,1454,29800
chacha20-poly1305,512,1455,29900
chacha20-poly1305,512,1456,30500
chacha20-poly1305,512,1457,29800
chacha20-poly1305,512,1458,30200
chacha20-poly1305,512,1459,30100
chacha20-poly1305,512,1460,30000
chacha20-poly1305,512,1461,30200
chacha20-poly1305,512,1462,30600
chacha20-poly1305,512,1463,29800
chacha20-poly1305,512,1464,152700
chacha20-poly1305,512,1465,159500
chacha20-poly1305,512,1466,173500
chacha20-poly1305,512,1467,93700
chacha20-poly1305,512,1468,41100
chacha20-poly1305,512,1469,33400
chacha20-poly1305,512,1470,31700
chacha20-poly1305,512,1471,54700
chacha20-poly1305,512,1472,47000
chacha20-poly1305,512,1473,49100
chacha20-poly1305,512,1474,46400
chacha20-poly1305,512,1475,67800
chacha20-poly1305,512,1476,88900
chacha20-poly1305,512,1477,43900
chacha20-poly1305,512,1478,33300
chacha20-poly1305,512,1479,30900
chacha20-poly1305,512,1480,49000
chacha20-poly1305,512,1481,67200
chacha20-poly1305,512,1482,49000
chacha20-poly1305,512,1483,39300
chacha20-poly1305,512,1484,89100
chacha20-poly1305,512,1485,59600
chacha20-poly1305,512,1486,34300
chacha20-poly1305,512,1487,31700
chacha20-poly1305,512,1488,30800
chacha20-poly1305,512,1489,31100
chacha20-poly1305,512,1490,30000
chacha20-poly1305,512,1491,30000
chacha20-poly1305,512,1492,30600
chacha20-poly1305,512,1493,30100
chacha20-poly1305,512,1494,30600
chacha20-poly1305,512,1495,31100
chacha20-poly1305,512,1496,30400
chacha20-poly1305,512,1497,30400
chacha20-poly1305,512,1498,31100
chacha20-poly1305,512,1499,30300
chacha20-poly1305,512,1500,30200
chacha20-poly1305,512,1501,30200
chacha20-poly1305,512,1502,30100
chacha20-poly1305,512,1503,30400
chacha20-poly1305,512,1504,30500
chacha20-poly1305,512,1505,30000
chacha20-poly1305,512,1506,30200
chacha20-poly1305,512,1507,30500
chacha20-poly1305,512,1508,29700
chacha20-poly1305,512,1509,30300
chacha20-poly1305,512,1510,30400
chacha20-poly1305,512,1511,29900
chacha20-poly1305,512,1512,30600
chacha20-poly1305,512,1513,30100
chacha20-poly1305,512,1514,30500
chacha20-poly1305,512,1515,30000
chacha20-poly1305,512,1516,30400
chacha20-poly1305,512,1517,30100
chacha20-poly1305,512,1518,30600
chacha20-poly1305,512,1519,30400
chacha20-poly1305,512,1520,29700
chacha20-poly1305,512,1521,30400
chacha20-poly1305,512,1522,30300
chacha20-poly1305,512,1523,30400
chacha20-poly1305,512,1524,30600
chacha20-poly1305,512,1525,30100
chacha20-poly1305,512,1526,30100
chacha20-poly1305,512,1527,30300
chacha20-poly1305,512,1528,30400
chacha20-poly1305,512,1529,30000
chacha20-poly1305,512,1530,30200
chacha20-poly1305,512,1531,30100
chacha20-poly1305,512,1532,30300
chacha20-poly1305,512,1533,30000
chacha20-poly1305,512,1534,118800
chacha20-poly1305,512,1535,166600
chacha20-poly1305,512,1536,81900
chacha20-poly1305,512,1537,60700
chacha20-poly1305,512,1538,49500
chacha20-poly1305,512,1539,33200
chacha20-poly1305,512,1540,166400
chacha20-poly1305,512,1541,126300
chacha20-poly1305,512,1542,55800
chacha20-poly1305,512,1543,120800
chacha20-poly1305,512,1544,41800
chacha20-poly1305,512,1545,44200
chacha20-poly1305,512,1546,76700
chacha20-poly1305,512,1547,85500
chacha20-poly1305,512,1548,41400
chacha20-poly1305,512,1549,31900
chacha20-poly1305,512,1550,30800
chacha20-poly1305,512,1551,30400
chacha20-poly1305,512,1552,30700
chacha20-poly1305,512,1553,29800
chacha20-poly1305,512,1554,30800
chacha20-poly1305,512,1555,30300
chacha20-poly1305,512,1556,30100
chacha20-poly1305,512,1557,30600
chacha20-poly1305,512,1558,30800
chacha20-poly1305,512,1559,30700
chacha20-poly1305,512,1560,30000
chacha20-poly1305,512,1561,30100
chacha20-poly1305,512,1562,30000
chacha20-poly1305,512,1563,30100
chacha20-poly1305,512,1564,30200
chacha20-poly1305,512,1565,29600
chacha20-poly1305,512,1566,30200
chacha20-poly1305,512,1567,30000
chacha20-poly1305,512,1568,30200
chacha20-poly1305,512,1569,30000
chacha20-poly1305,512,1570,30300
chacha20-poly1305,512,1571,30200
chacha20-poly1305,512,1572,30100
chacha20-poly1305,512,1573,30400
chacha20-poly1305,512,1574,30000
chacha20-poly1305,512,1575,30400
chacha20-poly1305,512,1576,30200
chacha20-poly1305,512,1577,30200
chacha20-poly1305,512,1578,30000
chacha20-poly1305,512,1579,32600
chacha20-poly1305,512,1580,30000
chacha20-poly1305,512,1581,29900
chacha20-poly1305,512,1582,30500
chacha20-poly1305,512,1583,30000
chacha20-poly1305,512,1584,30200
chacha20-poly1305,512,1585,29900
chacha20-poly1305,512,1586,30100
chacha20-poly1305,512,1587,30300
chacha20-poly1305,512,1588,30300
chacha20-poly1305,512,1589,30400
chacha20-poly1305,512,1590,29900
chacha20-poly1305,512,1591,30400
chacha20-poly1305,512,1592,29900
chacha20-poly1305,512,1593,30000
chacha20-poly1305,512,1594,30200
chacha20-poly1305,512,1595,30000
chacha20-poly1305,512,1596,30000
chacha20-poly1305,512,1597,30200
chacha20-poly1305,512,1598,29700
chacha20-poly1305,512,1599,30000
chacha20-poly1305,512,1600,30200
chacha20-poly1305,512,1601,29800
chacha20-poly1305,512,1602,30600
chacha20-poly1305,512,1603,29900
chacha20-poly1305,512,1604,30100
chacha20-poly1305,512,1605,30000
chacha20-poly1305,512,1606,30200
chacha20-poly1305,512,1607,30100
chacha20-poly1305,512,1608,29900
chacha20-poly1305,512,1609,30300
chacha20-poly1305,512,1610,30100
chacha20-poly1305,512,1611,32600
chacha20-poly1305,512,1612,30400
chacha20-poly1305,512,1613,29900
chacha20-poly1305,512,1614,30200
chacha20-poly1305,512,1615,30400
chacha20-poly1305,512,1616,30100
chacha20-poly1305,512,1617,72200
chacha20-poly1305,512,1618,126600
chacha20-poly1305,512,1619,58500
chacha20-poly1305,512,1620,34900
chacha20-poly1305,512,1621,32500
chacha20-poly1305,512,1622,32800
chacha20-poly1305,512,1623,30300
chacha20-poly1305,512,1624,30600
chacha20-poly1305,512,1625,30000
chacha20-poly1305,512,1626,30200
chacha20-poly1305,512,1627,30600
chacha20-poly1305,512,1628,29900
chacha20-poly1305,512,1629,30500
chacha20-poly1305,512,1630,30000
chacha20-poly1305,512,1631,30000
chacha20-poly1305,512,1632,30600
chacha20-poly1305,512,1633,30300
chacha20-poly1305,512,1634,30100
chacha20-poly1305,512,1635,30300
chacha20-poly1305,512,1636,30400
chacha20-poly1305,512,1637,30100
chacha20-poly1305,512,1638,30500
chacha20-poly1305,512,1639,30500
chacha20-poly1305,512,1640,30200
chacha20-poly1305,512,1641,30000
chacha20-poly1305,512,1642,30600
chacha20-poly1305,512,1643,29900
chacha20-poly1305,512,1644,30200
chacha20-poly1305,512,1645,30300
chacha20-poly1305,512,1646,29800
chacha20-poly1305,512,1647,30600
chacha20-poly1305,512,1648,30400
chacha20-poly1305,512,1649,30200
chacha20-poly1305,512,1650,30200
chacha20-poly1305,512,1651,30200
chacha20-poly1305,512,1652,29900
chacha20-poly1305,512,1653,30600
chacha20-poly1305,512,1654,30600
chacha20-poly1305,512,1655,30000
chacha20-poly1305,512,1656,30300
chacha20-poly1305,512,1657,30300
chacha20-poly1305,512,1658,30000
chacha20-poly1305,512,1659,30200
chacha20-poly1305,512,1660,30200
chacha20-poly1305,512,1661,29600
chacha20-poly1305,512,1662,30000
chacha20-poly1305,512,1663,30100
chacha20-poly1305,512,1664,30400
chacha20-poly1305,512,1665,135300
chacha20-poly1305,512,1666,144500
chacha20-poly1305,512,1667,97800
chacha20-poly1305,512,1668,128700
chacha20-poly1305,512,1669,61400
chacha20-poly1305,512,1670,114500
chacha20-poly1305,512,1671,42200
chacha20-poly1305,512,1672,45700
chacha20-poly1305,512,1673,75600
chacha20-poly1305,512,1674,89800
chacha20-poly1305,512,1675,40000
chacha20-poly1305,512,1676,48800
chacha20-poly1305,512,1677,37600
chacha20-poly1305,512,1678,32300
chacha20-poly1305,512,1679,31900
chacha20-poly1305,512,1680,30100
chacha20-poly1305,512,1681,34800
chacha20-poly1305,512,1682,48800
chacha20-poly1305,512,1683,97600
chacha20-poly1305,512,1684,59600
chacha20-poly1305,512,1685,34500
chacha20-poly1305,512,1686,87900
chacha20-poly1305,512,1687,102400
chacha20-poly1305,512,1688,65200
chacha20-poly1305,512,1689,35800
chacha20-poly1305,512,1690,33000
chacha20-poly1305,512,1691,53200
chacha20-poly1305,512,1692,59800
chacha20-poly1305,512,1693,34000
chacha20-poly1305,512,1694,31900
chacha20-poly1305,512,1695,30500
chacha20-poly1305,512,1696,30400
chacha20-poly1305,512,1697,52300
chacha20-poly1305,512,1698,110600
chacha20-poly1305,512,1699,102500
chacha20-poly1305,512,1700,108400
chacha20-poly1305,512,1701,59600
chacha20-poly1305,512,1702,88000
chacha20-poly1305,512,1703,84800
chacha20-poly1305,512,1704,44300
chacha20-poly1305,512,1705,33700
chacha20-poly1305,512,1706,32000
chacha20-poly1305,512,1707,72100
chacha20-poly1305,512,1708,40800
chacha20-poly1305,512,1709,32500
chacha20-poly1305,512,1710,53600
chacha20-poly1305,512,1711,86200
chacha20-poly1305,512,1712,58300
chacha20-poly1305,512,1713,103600
chacha20-poly1305,512,1714,59000
chacha20-poly1305,512,1715,33800
chacha20-poly1305,512,1716,30900
chacha20-poly1305,512,1717,30900
chacha20-poly1305,512,1718,30000
chacha20-poly1305,512,1719,30300
chacha20-poly1305,512,1720,30300
chacha20-poly1305,512,1721,30100
chacha20-poly1305,512,1722,30600
chacha20-poly1305,512,1723,30500
chacha20-poly1305,512,1724,30200
chacha20-poly1305,512,1725,30200
chacha20-poly1305,512,1726,30400
chacha20-poly1305,512,1727,30000
chacha20-poly1305,512,1728,30400
chacha20-poly1305,512,1729,30200
chacha20-poly1305,512,1730,30200
chacha20-poly1305,512,1731,30000
chacha20-poly1305,512,1732,30400
chacha20-poly1305,512,1733,29800
chacha20-poly1305,512,1734,30100
chacha20-poly1305,512,1735,30900
chacha20-poly1305,512,1736,29900
chacha20-poly1305,512,1737,30400
chacha20-poly1305,512,1738,29800
chacha20-poly1305,512,1739,30100
chacha20-poly1305,512,1740,30100
chacha20-poly1305,512,1741,30300
chacha20-poly1305,512,1742,30000
chacha20-poly1305,512,1743,30400
chacha20-poly1305,512,1744,30300
chacha20-poly1305,512,1745,29900
chacha20-poly1305,512,1746,30500
chacha20-poly1305,512,1747,30100
chacha20-poly1305,512,1748,30000
chacha20-poly1305,512,1749,30200
chacha20-poly1305,512,1750,31600
chacha20-poly1305,512,1751,30000
chacha20-poly1305,512,1752,30500
chacha20-poly1305,512,1753,30400
chacha20-poly1305,512,1754,30000
chacha20-poly1305,512,1755,30300
chacha20-poly1305,512,1756,30100
chacha20-poly1305,512,1757,30200
chacha20-poly1305,512,1758,29900
chacha20-poly1305,512,1759,30300
chacha20-poly1305,512,1760,29900
chacha20-poly1305,512,1761,30000
chacha20-poly1305,512,1762,30300
chacha20-poly1305,512,1763,29900
chacha20-poly1305,512,1764,30300
chacha20-poly1305,512,1765,30100
chacha20-poly1305,512,1766,29900
chacha20-poly1305,512,1767,30300
chacha20-poly1305,512,1768,30400
chacha20-poly1305,512,1769,30000
chacha20-poly1305,512,1770,30100
chacha20-poly1305,512,1771,30600
chacha20-poly1305,512,1772,30000
chacha20-poly1305,512,1773,30400
chacha20-poly1305,512,1774,30600
chacha20-poly1305,512,1775,30100
chacha20-poly1305,512,1776,30000
chacha20-poly1305,512,1777,30200
chacha20-poly1305,512,1778,113400
chacha20-poly1305,512,1779,179500
chacha20-poly1305,512,1780,126000
chacha20-poly1305,512,1781,64900
chacha20-poly1305,512,1782,57100
chacha20-poly1305,512,1783,33900
chacha20-poly1305,512,1784,31500
chacha20-poly1305,512,1785,31000
chacha20-poly1305,512,1786,30400
chacha20-poly1305,512,1787,30100
chacha20-poly1305,512,1788,30100
chacha20-poly1305,512,1789,30900
chacha20-poly1305,512,1790,30000
chacha20-poly1305,512,1791,30100
chacha20-poly1305,512,1792,30400
chacha20-poly1305,512,1793,30400
chacha20-poly1305,512,1794,30100
chacha20-poly1305,512,1795,30200
chacha20-poly1305,512,1796,29700
chacha20-poly1305,512,1797,30100
chacha20-poly1305,512,1798,91500
chacha20-poly1305,512,1799,102800
chacha20-poly1305,512,1800,108600
chacha20-poly1305,512,1801,106600
chacha20-poly1305,512,1802,106600
chacha20-poly1305,512,1803,91000
chacha20-poly1305,512,1804,40900
chacha20-poly1305,512,1805,32100
chacha20-poly1305,512,1806,66100
chacha20-poly1305,512,1807,38800
chacha20-poly1305,512,1808,32000
chacha20-poly1305,512,1809,31000
chacha20-poly1305,512,1810,31100
chacha20-poly1305,512,1811,30300
chacha20-poly1305,512,1812,30800
chacha20-poly1305,512,1813,31100
chacha20-poly1305,512,1814,36500
chacha20-poly1305,512,1815,32300
chacha20-poly1305,512,1816,30500
chacha20-poly1305,512,1817,30000
chacha20-poly1305,512,1818,30400
chacha20-poly1305,512,1819,30100
chacha20-poly1305,512,1820,30100
chacha20-poly1305,512,1821,30200
chacha20-poly1305,512,1822,30700
chacha20-poly1305,512,1823,30000
chacha20-poly1305,512,1824,30500
chacha20-poly1305,512,1825,30600
chacha20-poly1305,512,1826,30000
chacha20-poly1305,512,1827,30400
chacha20-poly1305,512,1828,30100
chacha20-poly1305,512,1829,30300
chacha20-poly1305,512,1830,30200
chacha20-poly1305,512,1831,30300
chacha20-poly1305,512,1832,30100
chacha20-poly1305,512,1833,30400
chacha20-poly1305,512,1834,30800
chacha20-poly1305,512,1835,30000
chacha20-poly1305,512,1836,67200
chacha20-poly1305,512,1837,41700
chacha20-poly1305,512,1838,34200
chacha20-poly1305,512,1839,31900
chacha20-poly1305,512,1840,32500
chacha20-poly1305,512,1841,31300
chacha20-poly1305,512,1842,32000
chacha20-poly1305,512,1843,31400
chacha20-poly1305,512,1844,31600
chacha20-poly1305,512,1845,32100
chacha20-poly1305,512,1846,31500
chacha20-poly1305,512,1847,31700
chacha20-poly1305,512,1848,73200
chacha20-poly1305,512,1849,33100
chacha20-poly1305,512,1850,33700
chacha20-poly1305,512,1851,30800
chacha20-poly1305,512,1852,30800
chacha20-poly1305,512,1853,30000
chacha20-poly1305,512,1854,31000
chacha20-poly1305,512,1855,30000
chacha20-poly1305,512,1856,30200
chacha20-poly1305,512,1857,30300
chacha20-poly1305,512,1858,30100
chacha20-poly1305,512,1859,30000
chacha20-poly1305,512,1860,30000
chacha20-poly1305,512,1861,30200
chacha20-poly1305,512,1862,30400
chacha20-poly1305,512,1863,30200
chacha20-poly1305,512,1864,30000
chacha20-poly1305,512,1865,30400
chacha20-poly1305,512,1866,30200
chacha20-poly1305,512,1867,30400
chacha20-poly1305,512,1868,29900
chacha20-poly1305,512,1869,30100
chacha20-poly1305,512,1870,30200
chacha20-poly1305,512,1871,30000
chacha20-poly1305,512,1872,30500
chacha20-poly1305,512,1873,30000
chacha20-poly1305,512,1874,30300
chacha20-poly1305,512,1875,30100
chacha20-poly1305,512,1876,30600
chacha20-poly1305,512,1877,30900
chacha20-poly1305,512,1878,30100
chacha20-poly1305,512,1879,30200
chacha20-poly1305,512,1880,29900
chacha20-poly1305,512,1881,30700
chacha20-poly1305,512,1882,30200
chacha20-poly1305,512,1883,30400
chacha20-poly1305,512,1884,30300
chacha20-poly1305,512,1885,30300
chacha20-poly1305,512,1886,30200
chacha20-poly1305,512,1887,30200
chacha20-poly1305,512,1888,30200
chacha20-poly1305,512,1889,30300
chacha20-poly1305,512,1890,30700
chacha20-poly1305,512,1891,30200
chacha20-poly1305,512,1892,30300
chacha20-poly1305,512,1893,30000
chacha20-poly1305,512,1894,30500
chacha20-poly1305,512,1895,30000
chacha20-poly1305,512,1896,30200
chacha20-poly1305,512,1897,30800
chacha20-poly1305,512,1898,30000
chacha20-poly1305,512,1899,30500
chacha20-poly1305,512,1900,30100
chacha20-poly1305,512,1901,30400
chacha20-poly1305,512,1902,83800
chacha20-poly1305,512,1903,133400
chacha20-poly1305,512,1904,56100
chacha20-poly1305,512,1905,33700
chacha20-poly1305,512,1906,31600
chacha20-poly1305,512,1907,30100
chacha20-poly1305,512,1908,30800
chacha20-poly1305,512,1909,31500
chacha20-poly1305,512,1910,30400
chacha20-poly1305,512,1911,29800
chacha20-poly1305,512,1912,30500
chacha20-poly1305,512,1913,30200
chacha20-poly1305,512,1914,129700
chacha20-poly1305,512,1915,152200
chacha20-poly1305,512,1916,128300
chacha20-poly1305,512,1917,123000
chacha20-poly1305,512,1918,117800
chacha20-poly1305,512,1919,96200
chacha20-poly1305,512,1920,90300
chacha20-poly1305,512,1921,104500
chacha20-poly1305,512,1922,103000
chacha20-poly1305,512,1923,64900
chacha20-poly1305,512,1924,36400
chacha20-poly1305,512,1925,32000
chacha20-poly1305,512,1926,90400
chacha20-poly1305,512,1927,59600
chacha20-poly1305,512,1928,35200
chacha20-poly1305,512,1929,31200
chacha20-poly1305,512,1930,31500
chacha20-poly1305,512,1931,30300
chacha20-poly1305,512,1932,53700
chacha20-poly1305,512,1933,89500
chacha20-poly1305,512,1934,48800
chacha20-poly1305,512,1935,37300
chacha20-poly1305,512,1936,34300
chacha20-poly1305,512,1937,90300
chacha20-poly1305,512,1938,59000
chacha20-poly1305,512,1939,34200
chacha20-poly1305,512,1940,30700
chacha20-poly1305,512,1941,32600
chacha20-poly1305,512,1942,31000
chacha20-poly1305,512,1943,30200
chacha20-poly1305,512,1944,31400
chacha20-poly1305,512,1945,31000
chacha20-poly1305,512,1946,90800
chacha20-poly1305,512,1947,86100
chacha20-poly1305,512,1948,40500
chacha20-poly1305,512,1949,50700
chacha20-poly1305,512,1950,102000
chacha20-poly1305,512,1951,106200
chacha20-poly1305,512,1952,106600
chacha20-poly1305,512,1953,106700
chacha20-poly1305,512,1954,60000
chacha20-poly1305,512,1955,33500
chacha20-poly1305,512,1956,30700
chacha20-poly1305,512,1957,30800
chacha20-poly1305,512,1958,30400
chacha20-poly1305,512,1959,30300
chacha20-poly1305,512,1960,30600
chacha20-poly1305,512,1961,30400
chacha20-poly1305,512,1962,30800
chacha20-poly1305,512,1963,30000
chacha20-poly1305,512,1964,30500
chacha20-poly1305,512,1965,30400
chacha20-poly1305,512,1966,30600
chacha20-poly1305,512,1967,30100
chacha20-poly1305,512,1968,30200
chacha20-poly1305,512,1969,30500
chacha20-poly1305,512,1970,29900
chacha20-poly1305,512,1971,30600
chacha20-poly1305,512,1972,30500
chacha20-poly1305,512,1973,30300
chacha20-poly1305,512,1974,30500
chacha20-poly1305,512,1975,30200
chacha20-poly1305,512,1976,30200
chacha20-poly1305,512,1977,30300
chacha20-poly1305,512,1978,30400
chacha20-poly1305,512,1979,29800
chacha20-poly1305,512,1980,30400
chacha20-poly1305,512,1981,29600
chacha20-poly1305,512,1982,30400
chacha20-poly1305,512,1983,30100
chacha20-poly1305,512,1984,30500
chacha20-poly1305,512,1985,29800
chacha20-poly1305,512,1986,30100
chacha20-poly1305,512,1987,30600
chacha20-poly1305,512,1988,29800
chacha20-poly1305,512,1989,30300
chacha20-poly1305,512,1990,30200
chacha20-poly1305,512,1991,30100
chacha20-poly1305,512,1992,30000
chacha20-poly1305,512,1993,30400
chacha20-poly1305,512,1994,30100
chacha20-poly1305,512,1995,29900
chacha20-poly1305,512,1996,30600
chacha20-poly1305,512,1997,29700
chacha20-poly1305,512,1998,30200
chacha20-poly1305,512,1999,30000
chacha20-poly1305,2048,0,32800
chacha20-poly1305,2048,1,32300
chacha20-poly1305,2048,2,31100
chacha20-poly1305,2048,3,30900
chacha20-poly1305,2048,4,79800
chacha20-poly1305,2048,5,126400
chacha20-poly1305,2048,6,91900
chacha20-poly1305,2048,7,67900
chacha20-poly1305,2048,8,105800
chacha20-poly1305,2048,9,58200
chacha20-poly1305,2048,10,71800
chacha20-poly1305,2048,11,39800
chacha20-poly1305,2048,12,32200
chacha20-poly1305,2048,13,32000
chacha20-poly1305,2048,14,30800
chacha20-poly1305,2048,15,31400
chacha20-poly1305,2048,16,34400
chacha20-poly1305,2048,17,32700
chacha20-poly1305,2048,18,51500
chacha20-poly1305,2048,19,89100
chacha20-poly1305,2048,20,40300
chacha20-poly1305,2048,21,32700
chacha20-poly1305,2048,22,32300
chacha20-poly1305,2048,23,30500
chacha20-poly1305,2048,24,31100
chacha20-poly1305,2048,25,30900
chacha20-poly1305,2048,26,31200
chacha20-poly1305,2048,27,34700
chacha20-poly1305,2048,28,30900
chacha20-poly1305,2048,29,30500
chacha20-poly1305,2048,30,30700
chacha20-poly1305,2048,31,30700
chacha20-poly1305,2048,32,30500
chacha20-poly1305,2048,33,31000
chacha20-poly1305,2048,34,30600
chacha20-poly1305,2048,35,30300
chacha20-poly1305,2048,36,30400
chacha20-poly1305,2048,37,31000
chacha20-poly1305,2048,38,30300
chacha20-poly1305,2048,39,30800
chacha20-poly1305,2048,40,30500
chacha20-poly1305,2048,41,30300
chacha20-poly1305,2048,42,30700
chacha20-poly1305,2048,43,30700
chacha20-poly1305,2048,44,30600
chacha20-poly1305,2048,45,30400
chacha20-poly1305,2048,46,30600
chacha20-poly1305,2048,47,30700
chacha20-poly1305,2048,48,30500
chacha20-poly1305,2048,49,31000
chacha20-poly1305,2048,50,30400
chacha20-poly1305,2048,51,30700
chacha20-poly1305,2048,52,49500
chacha20-poly1305,2048,53,101900
chacha20-poly1305,2048,54,92800
chacha20-poly1305,2048,55,75300
chacha20-poly1305,2048,56,113800
chacha20-poly1305,2048,57,95000
chacha20-poly1305,2048,58,106300
chacha20-poly1305,2048,59,76400
chacha20-poly1305,2048,60,56500
chacha20-poly1305,2048,61,38800
chacha20-poly1305,2048,62,93900
chacha20-poly1305,2048,63,112800
chacha20-poly1305,2048,64,84000
chacha20-poly1305,2048,65,105600
chacha20-poly1305,2048,66,64200
chacha20-poly1305,2048,67,35500
chacha20-poly1305,2048,68,33800
chacha20-poly1305,2048,69,31600
chacha20-poly1305,2048,70,30900
chacha20-poly1305,2048,71,30700
chacha20-poly1305,2048,72,30700
chacha20-poly1305,2048,73,31500
chacha20-poly1305,2048,74,30800
chacha20-poly1305,2048,75,30600
chacha20-poly1305,2048,76,30800
chacha20-poly1305,2048,77,30400
chacha20-poly1305,2048,78,30900
chacha20-poly1305,2048,79,30600
chacha20-poly1305,2048,80,30800
chacha20-poly1305,2048,81,30600
chacha20-poly1305,2048,82,30900
chacha20-poly1305,2048,83,30500
chacha20-poly1305,2048,84,30600
chacha20-poly1305,2048,85,30800
chacha20-poly1305,2048,86,91200
chacha20-poly1305,2048,87,104200
chacha20-poly1305,2048,88,61400
chacha20-poly1305,2048,89,39200
chacha20-poly1305,2048,90,35700
chacha20-poly1305,2048,91,37100
chacha20-poly1305,2048,92,31500
chacha20-poly1305,2048,93,54200
chacha20-poly1305,2048,94,106400
chacha20-poly1305,2048,95,77700
chacha20-poly1305,2048,96,99900
chacha20-poly1305,2048,97,58200
chacha20-poly1305,2048,98,34200
chacha20-poly1305,2048,99,31400
chacha20-poly1305,2048,100,31100
chacha20-poly1305,2048,101,30500
chacha20-poly1305,2048,102,30400
chacha20-poly1305,2048,103,38300
chacha20-poly1305,2048,104,84600
chacha20-poly1305,2048,105,60000
chacha20-poly1305,2048,106,34800
chacha20-poly1305,2048,107,32400
chacha20-poly1305,2048,108,31000
chacha20-poly1305,2048,109,31000
chacha20-poly1305,2048,110,31100
chacha20-poly1305,2048,111,30700
chacha20-poly1305,2048,112,34800
chacha20-poly1305,2048,113,30700
chacha20-poly1305,2048,114,30900
chacha20-poly1305,2048,115,30400
chacha20-poly1305,2048,116,30700
chacha20-poly1305,2048,117,30700
chacha20-poly1305,2048,118,31100
chacha20-poly1305,2048,119,30800
chacha20-poly1305,2048,120,30600
chacha20-poly1305,2048,121,31000
chacha20-poly1305,2048,122,30700
chacha20-poly1305,2048,123,30700
chacha20-poly1305,2048,124,30600
chacha20-poly1305,2048,125,30700
chacha20-poly1305,2048,126,30500
chacha20-poly1305,2048,127,30800
chacha20-poly1305,2048,128,30400
chacha20-poly1305,2048,129,30800
chacha20-poly1305,2048,130,30600
chacha20-poly1305,2048,131,30600
chacha20-poly1305,2048,132,31600
chacha20-poly1305,2048,133,30400
chacha20-poly1305,2048,134,30600
chacha20-poly1305,2048,135,30600
chacha20-poly1305,2048,136,30800
chacha20-poly1305,2048,137,30500
chacha20-poly1305,2048,138,30500
chacha20-poly1305,2048,139,31300
chacha20-poly1305,2048,140,30500
chacha20-poly1305,2048,141,30600
chacha20-poly1305,2048,142,31000
chacha20-poly1305,2048,143,30600
chacha20-poly1305,2048,144,30600
chacha20-poly1305,2048,145,26600
chacha20-poly1305,2048,146,30500
chacha20-poly1305,2048,147,30800
chacha20-poly1305,2048,148,30900
chacha20-poly1305,2048,149,30800
chacha20-poly1305,2048,150,31000
chacha20-poly1305,2048,151,30600
chacha20-poly1305,2048,152,30600
chacha20-poly1305,2048,153,30700
chacha20-poly1305,2048,154,30800
chacha20-poly1305,2048,155,30600
chacha20-poly1305,2048,156,30500
chacha20-poly1305,2048,157,31100
chacha20-poly1305,2048,158,30500
chacha20-poly1305,2048,159,31000
chacha20-poly1305,2048,160,30500
chacha20-poly1305,2048,161,30400
chacha20-poly1305,2048,162,30600
chacha20-poly1305,2048,163,30900
chacha20-poly1305,2048,164,30400
chacha20-poly1305,2048,165,30500
chacha20-poly1305,2048,166,30600
chacha20-poly1305,2048,167,30300
chacha20-poly1305,2048,168,30900
chacha20-poly1305,2048,169,30600
chacha20-poly1305,2048,170,30500
chacha20-poly1305,2048,171,30700
chacha20-poly1305,2048,172,31000
chacha20-poly1305,2048,173,30500
chacha20-poly1305,2048,174,30800
chacha20-poly1305,2048,175,30800
chacha20-poly1305,2048,176,30300
chacha20-poly1305,2048,177,30300
chacha20-poly1305,2048,178,31000
chacha20-poly1305,2048,179,30800
chacha20-poly1305,2048,180,30700
chacha20-poly1305,2048,181,31000
chacha20-poly1305,2048,182,30700
chacha20-poly1305,2048,183,30500
chacha20-poly1305,2048,184,30700
chacha20-poly1305,2048,185,30400
chacha20-poly1305,2048,186,31400
chacha20-poly1305,2048,187,30700
chacha20-poly1305,2048,188,30300
chacha20-poly1305,2048,189,30600
chacha20-poly1305,2048,190,30500
chacha20-poly1305,2048,191,30300
chacha20-poly1305,2048,192,30700
chacha20-poly1305,2048,193,30700
chacha20-poly1305,2048,194,30200
chacha20-poly1305,2048,195,30800
chacha20-poly1305,2048,196,31100
chacha20-poly1305,2048,197,30800
chacha20-poly1305,2048,198,30600
chacha20-poly1305,2048,199,30900
chacha20-poly1305,2048,200,30200
chacha20-poly1305,2048,201,30400
chacha20-poly1305,2048,202,41300
chacha20-poly1305,2048,203,83300
chacha20-poly1305,2048,204,130100
chacha20-poly1305,2048,205,146900
chacha20-poly1305,2048,206,92300
chacha20-poly1305,2048,207,42400
chacha20-poly1305,2048,208,78800
chacha20-poly1305,2048,209,90500
chacha20-poly1305,2048,210,41700
chacha20-poly1305,2048,211,33600
chacha20-poly1305,2048,212,31000
chacha20-poly1305,2048,213,31300
chacha20-poly1305,2048,214,50100
chacha20-poly1305,2048,215,47300
chacha20-poly1305,2048,216,49800
chacha20-poly1305,2048,217,47200
chacha20-poly1305,2048,218,46100
chacha20-poly1305,2048,219,46600
chacha20-poly1305,2048,220,73200
chacha20-poly1305,2048,221,36400
chacha20-poly1305,2048,222,32900
chacha20-poly1305,2048,223,34200
chacha20-poly1305,2048,224,160000
chacha20-poly1305,2048,225,110400
chacha20-poly1305,2048,226,59600
chacha20-poly1305,2048,227,35800
chacha20-poly1305,2048,228,33000
chacha20-poly1305,2048,229,55700
chacha20-poly1305,2048,230,56700
chacha20-poly1305,2048,231,34200
chacha20-poly1305,2048,232,31500
chacha20-poly1305,2048,233,31100
chacha20-poly1305,2048,234,31100
chacha20-poly1305,2048,235,31600
chacha20-poly1305,2048,236,30600
chacha20-poly1305,2048,237,31300
chacha20-poly1305,2048,238,30900
chacha20-poly1305,2048,239,30500
chacha20-poly1305,2048,240,30900
chacha20-poly1305,2048,241,30500
chacha20-poly1305,2048,242,30600
chacha20-poly1305,2048,243,29800
chacha20-poly1305,2048,244,30900
chacha20-poly1305,2048,245,30600
chacha20-poly1305,2048,246,30600
chacha20-poly1305,2048,247,30700
chacha20-poly1305,2048,248,30600
chacha20-poly1305,2048,249,30800
chacha20-poly1305,2048,250,30700
chacha20-poly1305,2048,251,30600
chacha20-poly1305,2048,252,30700
chacha20-poly1305,2048,253,30800
chacha20-poly1305,2048,254,30500
chacha20-poly1305,2048,255,30600
chacha20-poly1305,2048,256,30900
chacha20-poly1305,2048,257,30400
chacha20-poly1305,2048,258,30800
chacha20-poly1305,2048,259,30900
chacha20-poly1305,2048,260,31500
chacha20-poly1305,2048,261,30500
chacha20-poly1305,2048,262,30900
chacha20-poly1305,2048,263,30400
chacha20-poly1305,2048,264,30600
chacha20-poly1305,2048,265,30800
chacha20-poly1305,2048,266,30100
chacha20-poly1305,2048,267,30700
chacha20-poly1305,2048,268,30400
chacha20-poly1305,2048,269,30700
chacha20-poly1305,2048,270,30700
chacha20-poly1305,2048,271,30700
chacha20-poly1305,2048,272,30200
chacha20-poly1305,2048,273,30400
chacha20-poly1305,2048,274,30700
chacha20-poly1305,2048,275,33000
chacha20-poly1305,2048,276,31100
chacha20-poly1305,2048,277,30700
chacha20-poly1305,2048,278,30500
chacha20-poly1305,2048,279,30700
chacha20-poly1305,2048,280,31000
chacha20-poly1305,2048,281,30300
chacha20-poly1305,2048,282,30500
chacha20-poly1305,2048,283,30800
chacha20-poly1305,2048,284,30300
chacha20-poly1305,2048,285,31800
chacha20-poly1305,2048,286,30600
chacha20-poly1305,2048,287,30600
chacha20-poly1305,2048,288,30900
chacha20-poly1305,2048,289,30800
chacha20-poly1305,2048,290,30300
chacha20-poly1305,2048,291,30800
chacha20-poly1305,2048,292,30900
chacha20-poly1305,2048,293,30200
chacha20-poly1305,2048,294,30900
chacha20-poly1305,2048,295,30400
chacha20-poly1305,2048,296,30600
chacha20-poly1305,2048,297,30400
chacha20-poly1305,2048,298,30500
chacha20-poly1305,2048,299,30400
chacha20-poly1305,2048,300,33100
chacha20-poly1305,2048,301,150100
chacha20-poly1305,2048,302,147500
chacha20-poly1305,2048,303,93100
chacha20-poly1305,2048,304,41000
chacha20-poly1305,2048,305,78500
chacha20-poly1305,2048,306,90200
chacha20-poly1305,2048,307,42000
chacha20-poly1305,2048,308,32200
chacha20-poly1305,2048,309,31200
chacha20-poly1305,2048,310,31900
chacha20-poly1305,2048,311,30700
chacha20-poly1305,2048,312,31200
chacha20-poly1305,2048,313,30600
chacha20-poly1305,2048,314,31600
chacha20-poly1305,2048,315,30600
chacha20-poly1305,2048,316,31000
chacha20-poly1305,2048,317,30800
chacha20-poly1305,2048,318,30600
chacha20-poly1305,2048,319,30800
chacha20-poly1305,2048,320,30200
chacha20-poly1305,2048,321,73500
chacha20-poly1305,2048,322,92000
chacha20-poly1305,2048,323,44100
chacha20-poly1305,2048,324,32800
chacha20-poly1305,2048,325,31700
chacha20-poly1305,2048,326,30500
chacha20-poly1305,2048,327,31000
chacha20-poly1305,2048,328,31700
chacha20-poly1305,2048,329,30500
chacha20-poly1305,2048,330,31600
chacha20-poly1305,2048,331,30700
chacha20-poly1305,2048,332,30700
chacha20-poly1305,2048,333,30500
chacha20-poly1305,2048,334,30900
chacha20-poly1305,2048,335,30300
chacha20-poly1305,2048,336,30400
chacha20-poly1305,2048,337,31000
chacha20-poly1305,2048,338,30500
chacha20-poly1305,2048,339,30900
chacha20-poly1305,2048,340,30500
chacha20-poly1305,2048,341,30600
chacha20-poly1305,2048,342,30700
chacha20-poly1305,2048,343,49200
chacha20-poly1305,2048,344,102300
chacha20-poly1305,2048,345,59500
chacha20-poly1305,2048,346,34700
chacha20-poly1305,2048,347,31900
chacha20-poly1305,2048,348,32300
chacha20-poly1305,2048,349,31000
chacha20-poly1305,2048,350,34900
chacha20-poly1305,2048,351,30800
chacha20-poly1305,2048,352,30900
chacha20-poly1305,2048,353,30800
chacha20-poly1305,2048,354,30700
chacha20-poly1305,2048,355,34200
chacha20-poly1305,2048,356,30400
chacha20-poly1305,2048,357,30800
chacha20-poly1305,2048,358,31000
chacha20-poly1305,2048,359,30500
chacha20-poly1305,2048,360,30300
chacha20-poly1305,2048,361,30800
chacha20-poly1305,2048,362,30200
chacha20-poly1305,2048,363,30400
chacha20-poly1305,2048,364,30700
chacha20-poly1305,2048,365,30600
chacha20-poly1305,2048,366,30600
chacha20-poly1305,2048,367,30400
chacha20-poly1305,2048,368,30800
chacha20-poly1305,2048,369,30700
chacha20-poly1305,2048,370,31000
chacha20-poly1305,2048,371,30400
chacha20-poly1305,2048,372,30700
chacha20-poly1305,2048,373,30800
chacha20-poly1305,2048,374,30300
chacha20-poly1305,2048,375,87600
chacha20-poly1305,2048,376,106900
chacha20-poly1305,2048,377,112800
chacha20-poly1305,2048,378,91700
chacha20-poly1305,2048,379,90200
chacha20-poly1305,2048,380,86400
chacha20-poly1305,2048,381,40800
chacha20-poly1305,2048,382,32800
chacha20-poly1305,2048,383,53000
chacha20-poly1305,2048,384,66900
chacha20-poly1305,2048,385,35600
chacha20-poly1305,2048,386,32800
chacha20-poly1305,2048,387,34500
chacha20-poly1305,2048,388,55800
chacha20-poly1305,2048,389,49200
chacha20-poly1305,2048,390,35700
chacha20-poly1305,2048,391,32500
chacha20-poly1305,2048,392,30600
chacha20-poly1305,2048,393,30600
chacha20-poly1305,2048,394,30800
chacha20-poly1305,2048,395,30900
chacha20-poly1305,2048,396,30600
chacha20-poly1305,2048,397,30300
chacha20-poly1305,2048,398,30700
chacha20-poly1305,2048,399,30700
chacha20-poly1305,2048,400,30700
chacha20-poly1305,2048,401,30400
chacha20-poly1305,2048,402,31000
chacha20-poly1305,2048,403,30300
chacha20-poly1305,2048,404,30800
chacha20-poly1305,2048,405,30500
chacha20-poly1305,2048,406,30700
chacha20-poly1305,2048,407,30300
chacha20-poly1305,2048,408,30600
chacha20-poly1305,2048,409,30700
chacha20-poly1305,2048,410,30300
chacha20-poly1305,2048,411,30600
chacha20-poly1305,2048,412,31400
chacha20-poly1305,2048,413,30600
chacha20-poly1305,2048,414,30600
chacha20-poly1305,2048,415,30500
chacha20-poly1305,2048,416,30200
chacha20-poly1305,2048,417,30700
chacha20-poly1305,2048,418,30700
chacha20-poly1305,2048,419,30600
chacha20-poly1305,2048,420,30800
chacha20-poly1305,2048,421,30800
chacha20-poly1305,2048,422,30600
chacha20-poly1305,2048,423,30600
chacha20-poly1305,2048,424,30900
chacha20-poly1305,2048,425,30500
chacha20-poly1305,2048,426,30500
chacha20-poly1305,2048,427,30800
chacha20-poly1305,2048,428,30500
chacha20-poly1305,2048,429,33000
chacha20-poly1305,2048,430,30500
chacha20-poly1305,2048,431,30600
chacha20-poly1305,2048,432,30900
chacha20-poly1305,2048,433,30800
chacha20-poly1305,2048,434,30600
chacha20-poly1305,2048,435,30600
chacha20-poly1305,2048,436,30900
chacha20-poly1305,2048,437,30200
chacha20-poly1305,2048,438,30700
chacha20-poly1305,2048,439,30500
chacha20-poly1305,2048,440,30500
chacha20-poly1305,2048,441,30400
chacha20-poly1305,2048,442,31000
chacha20-poly1305,2048,443,30300
chacha20-poly1305,2048,444,30700
chacha20-poly1305,2048,445,31000
chacha20-poly1305,2048,446,30300
chacha20-poly1305,2048,447,30800
chacha20-poly1305,2048,448,30500
chacha20-poly1305,2048,449,30900
chacha20-poly1305,2048,450,30300
chacha20-poly1305,2048,451,31500
chacha20-poly1305,2048,452,30200
chacha20-poly1305,2048,453,30400
chacha20-poly1305,2048,454,31000
chacha20-poly1305,2048,455,30500
chacha20-poly1305,2048,456,31000
chacha20-poly1305,2048,457,30700
chacha20-poly1305,2048,458,30500
chacha20-poly1305,2048,459,30700
chacha20-poly1305,2048,460,30700
chacha20-poly1305,2048,461,30300
chacha20-poly1305,2048,462,103400
chacha20-poly1305,2048,463,136800
chacha20-poly1305,2048,464,45400
chacha20-poly1305,2048,465,61400
chacha20-poly1305,2048,466,48400
chacha20-poly1305,2048,467,49600
chacha20-poly1305,2048,468,47800
chacha20-poly1305,2048,469,34000
chacha20-poly1305,2048,470,30400
chacha20-poly1305,2048,471,30700
chacha20-poly1305,2048,472,31200
chacha20-poly1305,2048,473,30800
chacha20-poly1305,2048,474,30900
chacha20-poly1305,2048,475,31200
chacha20-poly1305,2048,476,31500
chacha20-poly1305,2048,477,30700
chacha20-poly1305,2048,478,47000
chacha20-poly1305,2048,479,46000
chacha20-poly1305,2048,480,39600
chacha20-poly1305,2048,481,37700
chacha20-poly1305,2048,482,31300
chacha20-poly1305,2048,483,48800
chacha20-poly1305,2048,484,92000
chacha20-poly1305,2048,485,70200
chacha20-poly1305,2048,486,36800
chacha20-poly1305,2048,487,87500
chacha20-poly1305,2048,488,98400
chacha20-poly1305,2048,489,109400
chacha20-poly1305,2048,490,65600
chacha20-poly1305,2048,491,35100
chacha20-poly1305,2048,492,33900
chacha20-poly1305,2048,493,32300
chacha20-poly1305,2048,494,90600
chacha20-poly1305,2048,495,113100
chacha20-poly1305,2048,496,89700
chacha20-poly1305,2048,497,46000
chacha20-poly1305,2048,498,56300
chacha20-poly1305,2048,499,51900
chacha20-poly1305,2048,500,90300
chacha20-poly1305,2048,501,101100
chacha20-poly1305,2048,502,65700
chacha20-poly1305,2048,503,36200
chacha20-poly1305,2048,504,33500
chacha20-poly1305,2048,505,54800
chacha20-poly1305,2048,506,59100
chacha20-poly1305,2048,507,34400
chacha20-poly1305,2048,508,31800
chacha20-poly1305,2048,509,31300
chacha20-poly1305,2048,510,30800
chacha20-poly1305,2048,511,30800
chacha20-poly1305,2048,512,30700
chacha20-poly1305,2048,513,30600
chacha20-poly1305,2048,514,30700
chacha20-poly1305,2048,515,32700
chacha20-poly1305,2048,516,31400
chacha20-poly1305,2048,517,31200
chacha20-poly1305,2048,518,30500
chacha20-poly1305,2048,519,39500
chacha20-poly1305,2048,520,31900
chacha20-poly1305,2048,521,30700
chacha20-poly1305,2048,522,30600
chacha20-poly1305,2048,523,30700
chacha20-poly1305,2048,524,30600
chacha20-poly1305,2048,525,30500
chacha20-poly1305,2048,526,30500
chacha20-poly1305,2048,527,30800
chacha20-poly1305,2048,528,30800
chacha20-poly1305,2048,529,30700
chacha20-poly1305,2048,530,30600
chacha20-poly1305,2048,531,30900
chacha20-poly1305,2048,532,31000
chacha20-poly1305,2048,533,30300
chacha20-poly1305,2048,534,30800
chacha20-poly1305,2048,535,31000
chacha20-poly1305,2048,536,30300
chacha20-poly1305,2048,537,31100
chacha20-poly1305,2048,538,30700
chacha20-poly1305,2048,539,30800
chacha20-poly1305,2048,540,31900
chacha20-poly1305,2048,541,30900
chacha20-poly1305,2048,542,30500
chacha20-poly1305,2048,543,30500
chacha20-poly1305,2048,544,31100
chacha20-poly1305,2048,545,30300
chacha20-poly1305,2048,546,30500
chacha20-poly1305,2048,547,30800
chacha20-poly1305,2048,548,30800
chacha20-poly1305,2048,549,30900
chacha20-poly1305,2048,550,30900
chacha20-poly1305,2048,551,30400
chacha20-poly1305,2048,552,31400
chacha20-poly1305,2048,553,31000
chacha20-poly1305,2048,554,30400
chacha20-poly1305,2048,555,30800
chacha20-poly1305,2048,556,30700
chacha20-poly1305,2048,557,30800
chacha20-poly1305,2048,558,30500
chacha20-poly1305,2048,559,31000
chacha20-poly1305,2048,560,30500
chacha20-poly1305,2048,561,30700
chacha20-poly1305,2048,562,30900
chacha20-poly1305,2048,563,30500
chacha20-poly1305,2048,564,30900
chacha20-poly1305,2048,565,30500
chacha20-poly1305,2048,566,30400
chacha20-poly1305,2048,567,30800
chacha20-poly1305,2048,568,30800
chacha20-poly1305,2048,569,30500
chacha20-poly1305,2048,570,30600
chacha20-poly1305,2048,571,30800
chacha20-poly1305,2048,572,30500
chacha20-poly1305,2048,573,30800
chacha20-poly1305,2048,574,30600
chacha20-poly1305,2048,575,30600
chacha20-poly1305,2048,576,30600
chacha20-poly1305,2048,577,31100
chacha20-poly1305,2048,578,31200
chacha20-poly1305,2048,579,30800
chacha20-poly1305,2048,580,30900
chacha20-poly1305,2048,581,30400
chacha20-poly1305,2048,582,30900
chacha20-poly1305,2048,583,30000
chacha20-poly1305,2048,584,33200
chacha20-poly1305,2048,585,30400
chacha20-poly1305,2048,586,30800
chacha20-poly1305,2048,587,30400
chacha20-poly1305,2048,588,30500
chacha20-poly1305,2048,589,30800
chacha20-poly1305,2048,590,30500
chacha20-poly1305,2048,591,31000
chacha20-poly1305,2048,592,30700
chacha20-poly1305,2048,593,30600
chacha20-poly1305,2048,594,30700
chacha20-poly1305,2048,595,31000
chacha20-poly1305,2048,596,30400
chacha20-poly1305,2048,597,30800
chacha20-poly1305,2048,598,30800
chacha20-poly1305,2048,599,30600
chacha20-poly1305,2048,600,30700
chacha20-poly1305,2048,601,30700
chacha20-poly1305,2048,602,30600
chacha20-poly1305,2048,603,31500
chacha20-poly1305,2048,604,41100
chacha20-poly1305,2048,605,61100
chacha20-poly1305,2048,606,56900
chacha20-poly1305,2048,607,35100
chacha20-poly1305,2048,608,31100
chacha20-poly1305,2048,609,31300
chacha20-poly1305,2048,610,30800
chacha20-poly1305,2048,611,30600
chacha20-poly1305,2048,612,30400
chacha20-poly1305,2048,613,31400
chacha20-poly1305,2048,614,30800
chacha20-poly1305,2048,615,30400
chacha20-poly1305,2048,616,31000
chacha20-poly1305,2048,617,30400
chacha20-poly1305,2048,618,30700
chacha20-poly1305,2048,619,30700
chacha20-poly1305,2048,620,30400
chacha20-poly1305,2048,621,30700
chacha20-poly1305,2048,622,30900
chacha20-poly1305,2048,623,30500
chacha20-poly1305,2048,624,30900
chacha20-poly1305,2048,625,31300
chacha20-poly1305,2048,626,30400
chacha20-poly1305,2048,627,31000
chacha20-poly1305,2048,628,30600
chacha20-poly1305,2048,629,30700
chacha20-poly1305,2048,630,30500
chacha20-poly1305,2048,631,31000
chacha20-poly1305,2048,632,30400
chacha20-poly1305,2048,633,30800
chacha20-poly1305,2048,634,31100
chacha20-poly1305,2048,635,30500
chacha20-poly1305,2048,636,30900
chacha20-poly1305,2048,637,31100
chacha20-poly1305,2048,638,30800
chacha20-poly1305,2048,639,30600
chacha20-poly1305,2048,640,30700
chacha20-poly1305,2048,641,64200
chacha20-poly1305,2048,642,115600
chacha20-poly1305,2048,643,61000
chacha20-poly1305,2048,644,34900
chacha20-poly1305,2048,645,74300
chacha20-poly1305,2048,646,54600
chacha20-poly1305,2048,647,57400
chacha20-poly1305,2048,648,34800
chacha20-poly1305,2048,649,32100
chacha20-poly1305,2048,650,31100
chacha20-poly1305,2048,651,31400
chacha20-poly1305,2048,652,31200
chacha20-poly1305,2048,653,30600
chacha20-poly1305,2048,654,30900
chacha20-poly1305,2048,655,30600
chacha20-poly1305,2048,656,30500
chacha20-poly1305,2048,657,30600
chacha20-poly1305,2048,658,36000
chacha20-poly1305,2048,659,87400
chacha20-poly1305,2048,660,98900
chacha20-poly1305,2048,661,92100
chacha20-poly1305,2048,662,40400
chacha20-poly1305,2048,663,37300
chacha20-poly1305,2048,664,31700
chacha20-poly1305,2048,665,31100
chacha20-poly1305,2048,666,30600
chacha20-poly1305,2048,667,31700
chacha20-poly1305,2048,668,30800
chacha20-poly1305,2048,669,30900
chacha20-poly1305,2048,670,31000
chacha20-poly1305,2048,671,30300
chacha20-poly1305,2048,672,30800
chacha20-poly1305,2048,673,30900
chacha20-poly1305,2048,674,30800
chacha20-poly1305,2048,675,30600
chacha20-poly1305,2048,676,30800
chacha20-poly1305,2048,677,30600
chacha20-poly1305,2048,678,30500
chacha20-poly1305,2048,679,30800
chacha20-poly1305,2048,680,30400
chacha20-poly1305,2048,681,30700
chacha20-poly1305,2048,682,30700
chacha20-poly1305,2048,683,30600
chacha20-poly1305,2048,684,31000
chacha20-poly1305,2048,685,31100
chacha20-poly1305,2048,686,30100
chacha20-poly1305,2048,687,30300
chacha20-poly1305,2048,688,30700
chacha20-poly1305,2048,689,30500
chacha20-poly1305,2048,690,31000
chacha20-poly1305,2048,691,30500
chacha20-poly1305,2048,692,30800
chacha20-poly1305,2048,693,30500
chacha20-poly1305,2048,694,30900
chacha20-poly1305,2048,695,32400
chacha20-poly1305,2048,696,30500
chacha20-poly1305,2048,697,30800
chacha20-poly1305,2048,698,30200
chacha20-poly1305,2048,699,30700
chacha20-poly1305,2048,700,30600
chacha20-poly1305,2048,701,30700
chacha20-poly1305,2048,702,30600
chacha20-poly1305,2048,703,30800
chacha20-poly1305,2048,704,30700
chacha20-poly1305,2048,705,30700
chacha20-poly1305,2048,706,31600
chacha20-poly1305,2048,707,30500
chacha20-poly1305,2048,708,31100
chacha20-poly1305,2048,709,30600
chacha20-poly1305,2048,710,30500
chacha20-poly1305,2048,711,30600
chacha20-poly1305,2048,712,30600
chacha20-poly1305,2048,713,30200
chacha20-poly1305,2048,714,30700
chacha20-poly1305,2048,715,30800
chacha20-poly1305,2048,716,30600
chacha20-poly1305,2048,717,31000
chacha20-poly1305,2048,718,30400
chacha20-poly1305,2048,719,30600
chacha20-poly1305,2048,720,30400
chacha20-poly1305,2048,721,30700
chacha20-poly1305,2048,722,30400
chacha20-poly1305,2048,723,30700
chacha20-poly1305,2048,724,30900
chacha20-poly1305,2048,725,30300
chacha20-poly1305,2048,726,30600
chacha20-poly1305,2048,727,30700
chacha20-poly1305,2048,728,31000
chacha20-poly1305,2048,729,30600
chacha20-poly1305,2048,730,30700
chacha20-poly1305,2048,731,31000
chacha20-poly1305,2048,732,30500
chacha20-poly1305,2048,733,30700
chacha20-poly1305,2048,734,30400
chacha20-poly1305,2048,735,30700
chacha20-poly1305,2048,736,30700
chacha20-poly1305,2048,737,30800
chacha20-poly1305,2048,738,30700
chacha20-poly1305,2048,739,30900
chacha20-poly1305,2048,740,30300
chacha20-poly1305,2048,741,30500
chacha20-poly1305,2048,742,30900
chacha20-poly1305,2048,743,30500
chacha20-poly1305,2048,744,30800
chacha20-poly1305,2048,745,30800
chacha20-poly1305,2048,746,30600
chacha20-poly1305,2048,747,30600
chacha20-poly1305,2048,748,31100
chacha20-poly1305,2048,749,30600
chacha20-poly1305,2048,750,77900
chacha20-poly1305,2048,751,156800
chacha20-poly1305,2048,752,91200
chacha20-poly1305,2048,753,61400
chacha20-poly1305,2048,754,98300
chacha20-poly1305,2048,755,38400
chacha20-poly1305,2048,756,137800
chacha20-poly1305,2048,757,101000
chacha20-poly1305,2048,758,66500
chacha20-poly1305,2048,759,72000
chacha20-poly1305,2048,760,40500
chacha20-poly1305,2048,761,32500
chacha20-poly1305,2048,762,31800
chacha20-poly1305,2048,763,31000
chacha20-poly1305,2048,764,30900
chacha20-poly1305,2048,765,30700
chacha20-poly1305,2048,766,30800
chacha20-poly1305,2048,767,30900
chacha20-poly1305,2048,768,30700
chacha20-poly1305,2048,769,30900
chacha20-poly1305,2048,770,31200
chacha20-poly1305,2048,771,31000
chacha20-poly1305,2048,772,30700
chacha20-poly1305,2048,773,30400
chacha20-poly1305,2048,774,30700
chacha20-poly1305,2048,775,30800
chacha20-poly1305,2048,776,30500
chacha20-poly1305,2048,777,30700
chacha20-poly1305,2048,778,31100
chacha20-poly1305,2048,779,30500
chacha20-poly1305,2048,780,30800
chacha20-poly1305,2048,781,30800
chacha20-poly1305,2048,782,30700
chacha20-poly1305,2048,783,30400
chacha20-poly1305,2048,784,31100
chacha20-poly1305,2048,785,30400
chacha20-poly1305,2048,786,30500
chacha20-poly1305,2048,787,30900
chacha20-poly1305,2048,788,30400
chacha20-poly1305,2048,789,30900
chacha20-poly1305,2048,790,30600
chacha20-poly1305,2048,791,30800
chacha20-poly1305,2048,792,30700
chacha20-poly1305,2048,793,30800
chacha20-poly1305,2048,794,30600
chacha20-poly1305,2048,795,31700
chacha20-poly1305,2048,796,30800
chacha20-poly1305,2048,797,30400
chacha20-poly1305,2048,798,30900
chacha20-poly1305,2048,799,31200
chacha20-poly1305,2048,800,30500
chacha20-poly1305,2048,801,30500
chacha20-poly1305,2048,802,30700
chacha20-poly1305,2048,803,30600
chacha20-poly1305,2048,804,30500
chacha20-poly1305,2048,805,30700
chacha20-poly1305,2048,806,30500
chacha20-poly1305,2048,807,30800
chacha20-poly1305,2048,808,30600
chacha20-poly1305,2048,809,30600
chacha20-poly1305,2048,810,30700
chacha20-poly1305,2048,811,30800
chacha20-poly1305,2048,812,30500
chacha20-poly1305,2048,813,30500
chacha20-poly1305,2048,814,31000
chacha20-poly1305,2048,815,30100
chacha20-poly1305,2048,816,30800
chacha20-poly1305,2048,817,30600
chacha20-poly1305,2048,818,30600
chacha20-poly1305,2048,819,30500
chacha20-poly1305,2048,820,30700
chacha20-poly1305,2048,821,30400
chacha20-poly1305,2048,822,30500
chacha20-poly1305,2048,823,30700
chacha20-poly1305,2048,824,30600
chacha20-poly1305,2048,825,30800
chacha20-poly1305,2048,826,30600
chacha20-poly1305,2048,827,30800
chacha20-poly1305,2048,828,30400
chacha20-poly1305,2048,829,39000
chacha20-poly1305,2048,830,63400
chacha20-poly1305,2048,831,92000
chacha20-poly1305,2048,832,45200
chacha20-poly1305,2048,833,34500
chacha20-poly1305,2048,834,32200
chacha20-poly1305,2048,835,48000
chacha20-poly1305,2048,836,76300
chacha20-poly1305,2048,837,123100
chacha20-poly1305,2048,838,58900
chacha20-poly1305,2048,839,33400
chacha20-poly1305,2048,840,136400
chacha20-poly1305,2048,841,88700
chacha20-poly1305,2048,842,88900
chacha20-poly1305,2048,843,185600
chacha20-poly1305,2048,844,102800
chacha20-poly1305,2048,845,46100
chacha20-poly1305,2048,846,35400
chacha20-poly1305,2048,847,32500
chacha20-poly1305,2048,848,31000
chacha20-poly1305,2048,849,30700
chacha20-poly1305,2048,850,33200
chacha20-poly1305,2048,851,34000
chacha20-poly1305,2048,852,32000
chacha20-poly1305,2048,853,83900
chacha20-poly1305,2048,854,89600
chacha20-poly1305,2048,855,40800
chacha20-poly1305,2048,856,32400
chacha20-poly1305,2048,857,30700
chacha20-poly1305,2048,858,33200
chacha20-poly1305,2048,859,31200
chacha20-poly1305,2048,860,58500
chacha20-poly1305,2048,861,87800
chacha20-poly1305,2048,862,45000
chacha20-poly1305,2048,863,33000
chacha20-poly1305,2048,864,31400
chacha20-poly1305,2048,865,31100
chacha20-poly1305,2048,866,30300
chacha20-poly1305,2048,867,48700
chacha20-poly1305,2048,868,121300
chacha20-poly1305,2048,869,115100
chacha20-poly1305,2048,870,133500
chacha20-poly1305,2048,871,62000
chacha20-poly1305,2048,872,34700
chacha20-poly1305,2048,873,32000
chacha20-poly1305,2048,874,31500
chacha20-poly1305,2048,875,31300
chacha20-poly1305,2048,876,30600
chacha20-poly1305,2048,877,30700
chacha20-poly1305,2048,878,30300
chacha20-poly1305,2048,879,30900
chacha20-poly1305,2048,880,30500
chacha20-poly1305,2048,881,30700
chacha20-poly1305,2048,882,30600
chacha20-poly1305,2048,883,30600
chacha20-poly1305,2048,884,30800
chacha20-poly1305,2048,885,30600
chacha20-poly1305,2048,886,31100
chacha20-poly1305,2048,887,30600
chacha20-poly1305,2048,888,30700
chacha20-poly1305,2048,889,34900
chacha20-poly1305,2048,890,30600
chacha20-poly1305,2048,891,30600
chacha20-poly1305,2048,892,30900
chacha20-poly1305,2048,893,30200
chacha20-poly1305,2048,894,30600
chacha20-poly1305,2048,895,31200
chacha20-poly1305,2048,896,30400
chacha20-poly1305,2048,897,31700
chacha20-poly1305,2048,898,30600
chacha20-poly1305,2048,899,30500
chacha20-poly1305,2048,900,30400
chacha20-poly1305,2048,901,30800
chacha20-poly1305,2048,902,30400
chacha20-poly1305,2048,903,30300
chacha20-poly1305,2048,904,30800
chacha20-poly1305,2048,905,30500
chacha20-poly1305,2048,906,30700
chacha20-poly1305,2048,907,30700
chacha20-poly1305,2048,908,30400
chacha20-poly1305,2048,909,30500
chacha20-poly1305,2048,910,30800
chacha20-poly1305,2048,911,30300
chacha20-poly1305,2048,912,30500
chacha20-poly1305,2048,913,30600
chacha20-poly1305,2048,914,30600
chacha20-poly1305,2048,915,30700
chacha20-poly1305,2048,916,30700
chacha20-poly1305,2048,917,30400
chacha20-poly1305,2048,918,30500
chacha20-poly1305,2048,919,30600
chacha20-poly1305,2048,920,30200
chacha20-poly1305,2048,921,30300
chacha20-poly1305,2048,922,33800
chacha20-poly1305,2048,923,30200
chacha20-poly1305,2048,924,30800
chacha20-poly1305,2048,925,30300
chacha20-poly1305,2048,926,30600
chacha20-poly1305,2048,927,30500
chacha20-poly1305,2048,928,30600
chacha20-poly1305,2048,929,30600
chacha20-poly1305,2048,930,30400
chacha20-poly1305,2048,931,30600
chacha20-poly1305,2048,932,30300
chacha20-poly1305,2048,933,30500
chacha20-poly1305,2048,934,30700
chacha20-poly1305,2048,935,30900
chacha20-poly1305,2048,936,30300
chacha20-poly1305,2048,937,30900
chacha20-poly1305,2048,938,30200
chacha20-poly1305,2048,939,30800
chacha20-poly1305,2048,940,30600
chacha20-poly1305,2048,941,30300
chacha20-poly1305,2048,942,30700
chacha20-poly1305,2048,943,30800
chacha20-poly1305,2048,944,30600
chacha20-poly1305,2048,945,30400
chacha20-poly1305,2048,946,80300
chacha20-poly1305,2048,947,157600
chacha20-poly1305,2048,948,176100
chacha20-poly1305,2048,949,103100
chacha20-poly1305,2048,950,96200
chacha20-poly1305,2048,951,92000
chacha20-poly1305,2048,952,41800
chacha20-poly1305,2048,953,74900
chacha20-poly1305,2048,954,122500
chacha20-poly1305,2048,955,59100
chacha20-poly1305,2048,956,48200
chacha20-poly1305,2048,957,62100
chacha20-poly1305,2048,958,60800
chacha20-poly1305,2048,959,34000
chacha20-poly1305,2048,960,32200
chacha20-poly1305,2048,961,33400
chacha20-poly1305,2048,962,31100
chacha20-poly1305,2048,963,30600
chacha20-poly1305,2048,964,31500
chacha20-poly1305,2048,965,30300
chacha20-poly1305,2048,966,30500
chacha20-poly1305,2048,967,31400
chacha20-poly1305,2048,968,30300
chacha20-poly1305,2048,969,30800
chacha20-poly1305,2048,970,30500
chacha20-poly1305,2048,971,30800
chacha20-poly1305,2048,972,30600
chacha20-poly1305,2048,973,30600
chacha20-poly1305,2048,974,30600
chacha20-poly1305,2048,975,30500
chacha20-poly1305,2048,976,30700
chacha20-poly1305,2048,977,30400
chacha20-poly1305,2048,978,30900
chacha20-poly1305,2048,979,30700
chacha20-poly1305,2048,980,32700
chacha20-poly1305,2048,981,32300
chacha20-poly1305,2048,982,32600
chacha20-poly1305,2048,983,32300
chacha20-poly1305,2048,984,31300
chacha20-poly1305,2048,985,32500
chacha20-poly1305,2048,986,33600
chacha20-poly1305,2048,987,32100
chacha20-poly1305,2048,988,32200
chacha20-poly1305,2048,989,31700
chacha20-poly1305,2048,990,32300
chacha20-poly1305,2048,991,31900
chacha20-poly1305,2048,992,31900
chacha20-poly1305,2048,993,52300
chacha20-poly1305,2048,994,51700
chacha20-poly1305,2048,995,35000
chacha20-poly1305,2048,996,32100
chacha20-poly1305,2048,997,31100
chacha20-poly1305,2048,998,31100
chacha20-poly1305,2048,999,30900
chacha20-poly1305,2048,1000,30700
chacha20-poly1305,2048,1001,30900
chacha20-poly1305,2048,1002,30600
chacha20-poly1305,2048,1003,30800
chacha20-poly1305,2048,1004,30600
chacha20-poly1305,2048,1005,30600
chacha20-poly1305,2048,1006,30800
chacha20-poly1305,2048,1007,30600
chacha20-poly1305,2048,1008,30600
chacha20-poly1305,2048,1009,30900
chacha20-poly1305,2048,1010,30300
chacha20-poly1305,2048,1011,30600
chacha20-poly1305,2048,1012,31200
chacha20-poly1305,2048,1013,30500
chacha20-poly1305,2048,1014,31000
chacha20-poly1305,2048,1015,30600
chacha20-poly1305,2048,1016,30400
chacha20-poly1305,2048,1017,34000
chacha20-poly1305,2048,1018,30700
chacha20-poly1305,2048,1019,30600
chacha20-poly1305,2048,1020,30300
chacha20-poly1305,2048,1021,30600
chacha20-poly1305,2048,1022,30600
chacha20-poly1305,2048,1023,30900
chacha20-poly1305,2048,1024,30800
chacha20-poly1305,2048,1025,31700
chacha20-poly1305,2048,1026,30600
chacha20-poly1305,2048,1027,30900
chacha20-poly1305,2048,1028,30700
chacha20-poly1305,2048,1029,30700
chacha20-poly1305,2048,1030,30800
chacha20-poly1305,2048,1031,30300
chacha20-poly1305,2048,1032,30800
chacha20-poly1305,2048,1033,30800
chacha20-poly1305,2048,1034,30800
chacha20-poly1305,2048,1035,30600
chacha20-poly1305,2048,1036,30700
chacha20-poly1305,2048,1037,30500
chacha20-poly1305,2048,1038,30800
chacha20-poly1305,2048,1039,30800
chacha20-poly1305,2048,1040,30100
chacha20-poly1305,2048,1041,30700
chacha20-poly1305,2048,1042,30800
chacha20-poly1305,2048,1043,30400
chacha20-poly1305,2048,1044,30800
chacha20-poly1305,2048,1045,30900
chacha20-poly1305,2048,1046,30300
chacha20-poly1305,2048,1047,30900
chacha20-poly1305,2048,1048,30900
chacha20-poly1305,2048,1049,82800
chacha20-poly1305,2048,1050,152400
chacha20-poly1305,2048,1051,60700
chacha20-poly1305,2048,1052,35100
chacha20-poly1305,2048,1053,132700
chacha20-poly1305,2048,1054,91400
chacha20-poly1305,2048,1055,37100
chacha20-poly1305,2048,1056,80300
chacha20-poly1305,2048,1057,129000
chacha20-poly1305,2048,1058,59600
chacha20-poly1305,2048,1059,35300
chacha20-poly1305,2048,1060,32200
chacha20-poly1305,2048,1061,32100
chacha20-poly1305,2048,1062,31000
chacha20-poly1305,2048,1063,30800
chacha20-poly1305,2048,1064,30500
chacha20-poly1305,2048,1065,30800
chacha20-poly1305,2048,1066,30800
chacha20-poly1305,2048,1067,30600
chacha20-poly1305,2048,1068,39100
chacha20-poly1305,2048,1069,33700
chacha20-poly1305,2048,1070,52500
chacha20-poly1305,2048,1071,87700
chacha20-poly1305,2048,1072,42400
chacha20-poly1305,2048,1073,32100
chacha20-poly1305,2048,1074,31400
chacha20-poly1305,2048,1075,31400
chacha20-poly1305,2048,1076,30700
chacha20-poly1305,2048,1077,31000
chacha20-poly1305,2048,1078,31200
chacha20-poly1305,2048,1079,30800
chacha20-poly1305,2048,1080,30400
chacha20-poly1305,2048,1081,30700
chacha20-poly1305,2048,1082,30400
chacha20-poly1305,2048,1083,30800
chacha20-poly1305,2048,1084,30800
chacha20-poly1305,2048,1085,30300
chacha20-poly1305,2048,1086,30700
chacha20-poly1305,2048,1087,30500
chacha20-poly1305,2048,1088,31800
chacha20-poly1305,2048,1089,30600
chacha20-poly1305,2048,1090,30800
chacha20-poly1305,2048,1091,30700
chacha20-poly1305,2048,1092,30600
chacha20-poly1305,2048,1093,30700
chacha20-poly1305,2048,1094,30600
chacha20-poly1305,2048,1095,30800
chacha20-poly1305,2048,1096,30500
chacha20-poly1305,2048,1097,30700
chacha20-poly1305,2048,1098,30700
chacha20-poly1305,2048,1099,31000
chacha20-poly1305,2048,1100,30200
chacha20-poly1305,2048,1101,30500
chacha20-poly1305,2048,1102,30700
chacha20-poly1305,2048,1103,30300
chacha20-poly1305,2048,1104,30800
chacha20-poly1305,2048,1105,30500
chacha20-poly1305,2048,1106,30400
chacha20-poly1305,2048,1107,30400
chacha20-poly1305,2048,1108,30800
chacha20-poly1305,2048,1109,30200
chacha20-poly1305,2048,1110,30500
chacha20-poly1305,2048,1111,30500
chacha20-poly1305,2048,1112,30300
chacha20-poly1305,2048,1113,31500
chacha20-poly1305,2048,1114,30700
chacha20-poly1305,2048,1115,30600
chacha20-poly1305,2048,1116,30400
chacha20-poly1305,2048,1117,49700
chacha20-poly1305,2048,1118,55500
chacha20-poly1305,2048,1119,35800
chacha20-poly1305,2048,1120,34200
chacha20-poly1305,2048,1121,44200
chacha20-poly1305,2048,1122,49100
chacha20-poly1305,2048,1123,45800
chacha20-poly1305,2048,1124,46200
chacha20-poly1305,2048,1125,47800
chacha20-poly1305,2048,1126,46300
chacha20-poly1305,2048,1127,98000
chacha20-poly1305,2048,1128,60100
chacha20-poly1305,2048,1129,35900
chacha20-poly1305,2048,1130,31500
chacha20-poly1305,2048,1131,32300
chacha20-poly1305,2048,1132,31300
chacha20-poly1305,2048,1133,30800
chacha20-poly1305,2048,1134,30800
chacha20-poly1305,2048,1135,30900
chacha20-poly1305,2048,1136,31100
chacha20-poly1305,2048,1137,30900
chacha20-poly1305,2048,1138,30700
chacha20-poly1305,2048,1139,30500
chacha20-poly1305,2048,1140,31000
chacha20-poly1305,2048,1141,30700
chacha20-poly1305,2048,1142,30700
chacha20-poly1305,2048,1143,30500
chacha20-poly1305,2048,1144,30800
chacha20-poly1305,2048,1145,30600
chacha20-poly1305,2048,1146,30700
chacha20-poly1305,2048,1147,31200
chacha20-poly1305,2048,1148,30400
chacha20-poly1305,2048,1149,30900
chacha20-poly1305,2048,1150,30400
chacha20-poly1305,2048,1151,30500
chacha20-poly1305,2048,1152,31800
chacha20-poly1305,2048,1153,34200
chacha20-poly1305,2048,1154,30600
chacha20-poly1305,2048,1155,30400
chacha20-poly1305,2048,1156,31000
chacha20-poly1305,2048,1157,30700
chacha20-poly1305,2048,1158,30800
chacha20-poly1305,2048,1159,30600
chacha20-poly1305,2048,1160,30600
chacha20-poly1305,2048,1161,30500
chacha20-poly1305,2048,1162,30700
chacha20-poly1305,2048,1163,30400
chacha20-poly1305,2048,1164,30500
chacha20-poly1305,2048,1165,30800
chacha20-poly1305,2048,1166,30400
chacha20-poly1305,2048,1167,30900
chacha20-poly1305,2048,1168,30800
chacha20-poly1305,2048,1169,30600
chacha20-poly1305,2048,1170,30500
chacha20-poly1305,2048,1171,30600
chacha20-poly1305,2048,1172,30400
chacha20-poly1305,2048,1173,30500
chacha20-poly1305,2048,1174,30900
chacha20-poly1305,2048,1175,30200
chacha20-poly1305,2048,1176,30800
chacha20-poly1305,2048,1177,31700
chacha20-poly1305,2048,1178,33300
chacha20-poly1305,2048,1179,146800
chacha20-poly1305,2048,1180,92200
chacha20-poly1305,2048,1181,40600
chacha20-poly1305,2048,1182,42700
chacha20-poly1305,2048,1183,96100
chacha20-poly1305,2048,1184,147500
chacha20-poly1305,2048,1185,84000
chacha20-poly1305,2048,1186,70100
chacha20-poly1305,2048,1187,43400
chacha20-poly1305,2048,1188,32800
chacha20-poly1305,2048,1189,31800
chacha20-poly1305,2048,1190,30800
chacha20-poly1305,2048,1191,71500
chacha20-poly1305,2048,1192,74300
chacha20-poly1305,2048,1193,41200
chacha20-poly1305,2048,1194,54100
chacha20-poly1305,2048,1195,90700
chacha20-poly1305,2048,1196,58600
chacha20-poly1305,2048,1197,34600
chacha20-poly1305,2048,1198,32000
chacha20-poly1305,2048,1199,31700
chacha20-poly1305,2048,1200,30900
chacha20-poly1305,2048,1201,31000
chacha20-poly1305,2048,1202,30400
chacha20-poly1305,2048,1203,30700
chacha20-poly1305,2048,1204,30800
chacha20-poly1305,2048,1205,31200
chacha20-poly1305,2048,1206,30600
chacha20-poly1305,2048,1207,30800
chacha20-poly1305,2048,1208,30300
chacha20-poly1305,2048,1209,30700
chacha20-poly1305,2048,1210,30800
chacha20-poly1305,2048,1211,30200
chacha20-poly1305,2048,1212,30800
chacha20-poly1305,2048,1213,30500
chacha20-poly1305,2048,1214,30500
chacha20-poly1305,2048,1215,30400
chacha20-poly1305,2048,1216,31900
chacha20-poly1305,2048,1217,30300
chacha20-poly1305,2048,1218,30300
chacha20-poly1305,2048,1219,30700
chacha20-poly1305,2048,1220,82000
chacha20-poly1305,2048,1221,107400
chacha20-poly1305,2048,1222,109400
chacha20-poly1305,2048,1223,92200
chacha20-poly1305,2048,1224,70400
chacha20-poly1305,2048,1225,39900
chacha20-poly1305,2048,1226,32600
chacha20-poly1305,2048,1227,31400
chacha20-poly1305,2048,1228,31200
chacha20-poly1305,2048,1229,31300
chacha20-poly1305,2048,1230,31000
chacha20-poly1305,2048,1231,30800
chacha20-poly1305,2048,1232,31200
chacha20-poly1305,2048,1233,30800
chacha20-poly1305,2048,1234,35200
chacha20-poly1305,2048,1235,30400
chacha20-poly1305,2048,1236,30600
chacha20-poly1305,2048,1237,30800
chacha20-poly1305,2048,1238,30400
chacha20-poly1305,2048,1239,31200
chacha20-poly1305,2048,1240,30300
chacha20-poly1305,2048,1241,31400
chacha20-poly1305,2048,1242,30400
chacha20-poly1305,2048,1243,30700
chacha20-poly1305,2048,1244,30500
chacha20-poly1305,2048,1245,30700
chacha20-poly1305,2048,1246,31000
chacha20-poly1305,2048,1247,30600
chacha20-poly1305,2048,1248,30800
chacha20-poly1305,2048,1249,30800
chacha20-poly1305,2048,1250,30900
chacha20-poly1305,2048,1251,30700
chacha20-poly1305,2048,1252,30700
chacha20-poly1305,2048,1253,30300
chacha20-poly1305,2048,1254,30900
chacha20-poly1305,2048,1255,31000
chacha20-poly1305,2048,1256,30400
chacha20-poly1305,2048,1257,31100
chacha20-poly1305,2048,1258,30800
chacha20-poly1305,2048,1259,34000
chacha20-poly1305,2048,1260,30600
chacha20-poly1305,2048,1261,31100
chacha20-poly1305,2048,1262,30600
chacha20-poly1305,2048,1263,30600
chacha20-poly1305,2048,1264,30900
chacha20-poly1305,2048,1265,30100
chacha20-poly1305,2048,1266,30700
chacha20-poly1305,2048,1267,30600
chacha20-poly1305,2048,1268,30600
chacha20-poly1305,2048,1269,30700
chacha20-poly1305,2048,1270,30900
chacha20-poly1305,2048,1271,30700
chacha20-poly1305,2048,1272,30600
chacha20-poly1305,2048,1273,30600
chacha20-poly1305,2048,1274,30400
chacha20-poly1305,2048,1275,30800
chacha20-poly1305,2048,1276,30500
chacha20-poly1305,2048,1277,30700
chacha20-poly1305,2048,1278,30400
chacha20-poly1305,2048,1279,30800
chacha20-poly1305,2048,1280,31300
chacha20-poly1305,2048,1281,69400
chacha20-poly1305,2048,1282,126700
chacha20-poly1305,2048,1283,136700
chacha20-poly1305,2048,1284,72900
chacha20-poly1305,2048,1285,93300
chacha20-poly1305,2048,1286,41600
chacha20-poly1305,2048,1287,33500
chacha20-poly1305,2048,1288,31600
chacha20-poly1305,2048,1289,30900
chacha20-poly1305,2048,1290,32800
chacha20-poly1305,2048,1291,30900
chacha20-poly1305,2048,1292,31200
chacha20-poly1305,2048,1293,31000
chacha20-poly1305,2048,1294,30600
chacha20-poly1305,2048,1295,30700
chacha20-poly1305,2048,1296,30600
chacha20-poly1305,2048,1297,31200
chacha20-poly1305,2048,1298,30400
chacha20-poly1305,2048,1299,30600
chacha20-poly1305,2048,1300,30800
chacha20-poly1305,2048,1301,28600
chacha20-poly1305,2048,1302,43900
chacha20-poly1305,2048,1303,31300
chacha20-poly1305,2048,1304,30900
chacha20-poly1305,2048,1305,31800
chacha20-poly1305,2048,1306,30800
chacha20-poly1305,2048,1307,30400
chacha20-poly1305,2048,1308,30600
chacha20-poly1305,2048,1309,30800
chacha20-poly1305,2048,1310,30400
chacha20-poly1305,2048,1311,30600
chacha20-poly1305,2048,1312,30600
chacha20-poly1305,2048,1313,30500
chacha20-poly1305,2048,1314,30700
chacha20-poly1305,2048,1315,30700
chacha20-poly1305,2048,1316,30400
chacha20-poly1305,2048,1317,30600
chacha20-poly1305,2048,1318,30800
chacha20-poly1305,2048,1319,30500
chacha20-poly1305,2048,1320,30700
chacha20-poly1305,2048,1321,30600
chacha20-poly1305,2048,1322,30600
chacha20-poly1305,2048,1323,30500
chacha20-poly1305,2048,1324,31000
chacha20-poly1305,2048,1325,30200
chacha20-poly1305,2048,1326,143400
chacha20-poly1305,2048,1327,178800
chacha20-poly1305,2048,1328,163000
chacha20-poly1305,2048,1329,130900
chacha20-poly1305,2048,1330,61000
chacha20-poly1305,2048,1331,34600
chacha20-poly1305,2048,1332,31700
chacha20-poly1305,2048,1333,32200
chacha20-poly1305,2048,1334,30700
chacha20-poly1305,2048,1335,30800
chacha20-poly1305,2048,1336,30800
chacha20-poly1305,2048,1337,30600
chacha20-poly1305,2048,1338,31300
chacha20-poly1305,2048,1339,30800
chacha20-poly1305,2048,1340,31200
chacha20-poly1305,2048,1341,30700
chacha20-poly1305,2048,1342,31000
chacha20-poly1305,2048,1343,31500
chacha20-poly1305,2048,1344,30800
chacha20-poly1305,2048,1345,30800
chacha20-poly1305,2048,1346,30700
chacha20-poly1305,2048,1347,30900
chacha20-poly1305,2048,1348,30500
chacha20-poly1305,2048,1349,30600
chacha20-poly1305,2048,1350,30900
chacha20-poly1305,2048,1351,30700
chacha20-poly1305,2048,1352,30400
chacha20-poly1305,2048,1353,30500
chacha20-poly1305,2048,1354,31000
chacha20-poly1305,2048,1355,30500
chacha20-poly1305,2048,1356,30800
chacha20-poly1305,2048,1357,30700
chacha20-poly1305,2048,1358,30700
chacha20-poly1305,2048,1359,30900
chacha20-poly1305,2048,1360,30900
chacha20-poly1305,2048,1361,30700
chacha20-poly1305,2048,1362,31000
chacha20-poly1305,2048,1363,30800
chacha20-poly1305,2048,1364,30500
chacha20-poly1305,2048,1365,30800
chacha20-poly1305,2048,1366,30700
chacha20-poly1305,2048,1367,30700
chacha20-poly1305,2048,1368,31500
chacha20-poly1305,2048,1369,30800
chacha20-poly1305,2048,1370,65000
chacha20-poly1305,2048,1371,42700
chacha20-poly1305,2048,1372,50600
chacha20-poly1305,2048,1373,48800
chacha20-poly1305,2048,1374,47200
chacha20-poly1305,2048,1375,49300
chacha20-poly1305,2048,1376,45600
chacha20-poly1305,2048,1377,69300
chacha20-poly1305,2048,1378,90200
chacha20-poly1305,2048,1379,42000
chacha20-poly1305,2048,1380,32500
chacha20-poly1305,2048,1381,31600
chacha20-poly1305,2048,1382,30900
chacha20-poly1305,2048,1383,31100
chacha20-poly1305,2048,1384,30700
chacha20-poly1305,2048,1385,30800
chacha20-poly1305,2048,1386,31400
chacha20-poly1305,2048,1387,31100
chacha20-poly1305,2048,1388,30500
chacha20-poly1305,2048,1389,30800
chacha20-poly1305,2048,1390,31100
chacha20-poly1305,2048,1391,30400
chacha20-poly1305,2048,1392,30700
chacha20-poly1305,2048,1393,30700
chacha20-poly1305,2048,1394,30800
chacha20-poly1305,2048,1395,30700
chacha20-poly1305,2048,1396,30800
chacha20-poly1305,2048,1397,40200
chacha20-poly1305,2048,1398,31500
chacha20-poly1305,2048,1399,54900
chacha20-poly1305,2048,1400,107000
chacha20-poly1305,2048,1401,90300
chacha20-poly1305,2048,1402,43300
chacha20-poly1305,2048,1403,33200
chacha20-poly1305,2048,1404,70100
chacha20-poly1305,2048,1405,40700
chacha20-poly1305,2048,1406,32700
chacha20-poly1305,2048,1407,33100
chacha20-poly1305,2048,1408,31500
chacha20-poly1305,2048,1409,30700
chacha20-poly1305,2048,1410,31700
chacha20-poly1305,2048,1411,30600
chacha20-poly1305,2048,1412,31000
chacha20-poly1305,2048,1413,33700
chacha20-poly1305,2048,1414,32600
chacha20-poly1305,2048,1415,32100
chacha20-poly1305,2048,1416,36800
chacha20-poly1305,2048,1417,33000
chacha20-poly1305,2048,1418,32200
chacha20-poly1305,2048,1419,74300
chacha20-poly1305,2048,1420,42200
chacha20-poly1305,2048,1421,32300
chacha20-poly1305,2048,1422,30900
chacha20-poly1305,2048,1423,30900
chacha20-poly1305,2048,1424,30400
chacha20-poly1305,2048,1425,30500
chacha20-poly1305,2048,1426,36300
chacha20-poly1305,2048,1427,31500
chacha20-poly1305,2048,1428,31000
chacha20-poly1305,2048,1429,30600
chacha20-poly1305,2048,1430,30700
chacha20-poly1305,2048,1431,30600
chacha20-poly1305,2048,1432,31600
chacha20-poly1305,2048,1433,30300
chacha20-poly1305,2048,1434,30600
chacha20-poly1305,2048,1435,30900
chacha20-poly1305,2048,1436,30500
chacha20-poly1305,2048,1437,31200
chacha20-poly1305,2048,1438,30700
chacha20-poly1305,2048,1439,31000
chacha20-poly1305,2048,1440,30600
chacha20-poly1305,2048,1441,30900
chacha20-poly1305,2048,1442,30500
chacha20-poly1305,2048,1443,30600
chacha20-poly1305,2048,1444,30900
chacha20-poly1305,2048,1445,30400
chacha20-poly1305,2048,1446,31300
chacha20-poly1305,2048,1447,30700
chacha20-poly1305,2048,1448,31100
chacha20-poly1305,2048,1449,30700
chacha20-poly1305,2048,1450,30800
chacha20-poly1305,2048,1451,30400
chacha20-poly1305,2048,1452,30700
chacha20-poly1305,2048,1453,30800
chacha20-poly1305,2048,1454,30500
chacha20-poly1305,2048,1455,30700
chacha20-poly1305,2048,1456,30700
chacha20-poly1305,2048,1457,30700
chacha20-poly1305,2048,1458,32700
chacha20-poly1305,2048,1459,31200
chacha20-poly1305,2048,1460,30300
chacha20-poly1305,2048,1461,30600
chacha20-poly1305,2048,1462,30900
chacha20-poly1305,2048,1463,30200
chacha20-poly1305,2048,1464,30700
chacha20-poly1305,2048,1465,30500
chacha20-poly1305,2048,1466,30700
chacha20-poly1305,2048,1467,30600
chacha20-poly1305,2048,1468,30900
chacha20-poly1305,2048,1469,30800
chacha20-poly1305,2048,1470,30700
chacha20-poly1305,2048,1471,31600
chacha20-poly1305,2048,1472,30500
chacha20-poly1305,2048,1473,30800
chacha20-poly1305,2048,1474,30900
chacha20-poly1305,2048,1475,30500
chacha20-poly1305,2048,1476,30700
chacha20-poly1305,2048,1477,30800
chacha20-poly1305,2048,1478,30600
chacha20-poly1305,2048,1479,30800
chacha20-poly1305,2048,1480,31200
chacha20-poly1305,2048,1481,30300
chacha20-poly1305,2048,1482,31000
chacha20-poly1305,2048,1483,30500
chacha20-poly1305,2048,1484,30900
chacha20-poly1305,2048,1485,75700
chacha20-poly1305,2048,1486,102200
chacha20-poly1305,2048,1487,51300
chacha20-poly1305,2048,1488,47100
chacha20-poly1305,2048,1489,48300
chacha20-poly1305,2048,1490,44800
chacha20-poly1305,2048,1491,71200
chacha20-poly1305,2048,1492,40200
chacha20-poly1305,2048,1493,32600
chacha20-poly1305,2048,1494,31000
chacha20-poly1305,2048,1495,30800
chacha20-poly1305,2048,1496,31800
chacha20-poly1305,2048,1497,30800
chacha20-poly1305,2048,1498,30900
chacha20-poly1305,2048,1499,30600
chacha20-poly1305,2048,1500,30600
chacha20-poly1305,2048,1501,30700
chacha20-poly1305,2048,1502,30900
chacha20-poly1305,2048,1503,30700
chacha20-poly1305,2048,1504,30900
chacha20-poly1305,2048,1505,46900
chacha20-poly1305,2048,1506,46400
chacha20-poly1305,2048,1507,68300
chacha20-poly1305,2048,1508,87300
chacha20-poly1305,2048,1509,60000
chacha20-poly1305,2048,1510,69300
chacha20-poly1305,2048,1511,57000
chacha20-poly1305,2048,1512,34100
chacha20-poly1305,2048,1513,31800
chacha20-poly1305,2048,1514,30800
chacha20-poly1305,2048,1515,32700
chacha20-poly1305,2048,1516,31600
chacha20-poly1305,2048,1517,30600
chacha20-poly1305,2048,1518,30900
chacha20-poly1305,2048,1519,30800
chacha20-poly1305,2048,1520,30800
chacha20-poly1305,2048,1521,30600
chacha20-poly1305,2048,1522,30800
chacha20-poly1305,2048,1523,30400
chacha20-poly1305,2048,1524,30600
chacha20-poly1305,2048,1525,30800
chacha20-poly1305,2048,1526,30300
chacha20-poly1305,2048,1527,30900
chacha20-poly1305,2048,1528,30500
chacha20-poly1305,2048,1529,30900
chacha20-poly1305,2048,1530,30500
chacha20-poly1305,2048,1531,30600
chacha20-poly1305,2048,1532,37900
chacha20-poly1305,2048,1533,79600
chacha20-poly1305,2048,1534,72300
chacha20-poly1305,2048,1535,97900
chacha20-poly1305,2048,1536,88200
chacha20-poly1305,2048,1537,94400
chacha20-poly1305,2048,1538,57300
chacha20-poly1305,2048,1539,33600
chacha20-poly1305,2048,1540,31700
chacha20-poly1305,2048,1541,30800
chacha20-poly1305,2048,1542,31600
chacha20-poly1305,2048,1543,30900
chacha20-poly1305,2048,1544,30200
chacha20-poly1305,2048,1545,30500
chacha20-poly1305,2048,1546,30600
chacha20-poly1305,2048,1547,30800
chacha20-poly1305,2048,1548,30700
chacha20-poly1305,2048,1549,30800
chacha20-poly1305,2048,1550,30500
chacha20-poly1305,2048,1551,30500
chacha20-poly1305,2048,1552,30800
chacha20-poly1305,2048,1553,30700
chacha20-poly1305,2048,1554,30800
chacha20-poly1305,2048,1555,30400
chacha20-poly1305,2048,1556,30600
chacha20-poly1305,2048,1557,30800
chacha20-poly1305,2048,1558,31000
chacha20-poly1305,2048,1559,30900
chacha20-poly1305,2048,1560,31700
chacha20-poly1305,2048,1561,30900
chacha20-poly1305,2048,1562,30600
chacha20-poly1305,2048,1563,31000
chacha20-poly1305,2048,1564,30600
chacha20-poly1305,2048,1565,30600
chacha20-poly1305,2048,1566,30500
chacha20-poly1305,2048,1567,31000
chacha20-poly1305,2048,1568,30400
chacha20-poly1305,2048,1569,30900
chacha20-poly1305,2048,1570,30700
chacha20-poly1305,2048,1571,30600
chacha20-poly1305,2048,1572,30900
chacha20-poly1305,2048,1573,30700
chacha20-poly1305,2048,1574,30900
chacha20-poly1305,2048,1575,30900
chacha20-poly1305,2048,1576,31100
chacha20-poly1305,2048,1577,30600
chacha20-poly1305,2048,1578,30800
chacha20-poly1305,2048,1579,30900
chacha20-poly1305,2048,1580,30500
chacha20-poly1305,2048,1581,31000
chacha20-poly1305,2048,1582,30800
chacha20-poly1305,2048,1583,30800
chacha20-poly1305,2048,1584,30600
chacha20-poly1305,2048,1585,31000
chacha20-poly1305,2048,1586,30500
chacha20-poly1305,2048,1587,30800
chacha20-poly1305,2048,1588,30900
chacha20-poly1305,2048,1589,30700
chacha20-poly1305,2048,1590,30800
chacha20-poly1305,2048,1591,30700
chacha20-poly1305,2048,1592,30800
chacha20-poly1305,2048,1593,30800
chacha20-poly1305,2048,1594,31000
chacha20-poly1305,2048,1595,30400
chacha20-poly1305,2048,1596,30500
chacha20-poly1305,2048,1597,31000
chacha20-poly1305,2048,1598,31000
chacha20-poly1305,2048,1599,30800
chacha20-poly1305,2048,1600,30500
chacha20-poly1305,2048,1601,30700
chacha20-poly1305,2048,1602,30900
chacha20-poly1305,2048,1603,30700
chacha20-poly1305,2048,1604,30200
chacha20-poly1305,2048,1605,30400
chacha20-poly1305,2048,1606,30800
chacha20-poly1305,2048,1607,30400
chacha20-poly1305,2048,1608,30700
chacha20-poly1305,2048,1609,30600
chacha20-poly1305,2048,1610,30800
chacha20-poly1305,2048,1611,30500
chacha20-poly1305,2048,1612,31200
chacha20-poly1305,2048,1613,30200
chacha20-poly1305,2048,1614,30600
chacha20-poly1305,2048,1615,30700
chacha20-poly1305,2048,1616,30600
chacha20-poly1305,2048,1617,30800
chacha20-poly1305,2048,1618,30500
chacha20-poly1305,2048,1619,120300
chacha20-poly1305,2048,1620,46800
chacha20-poly1305,2048,1621,60400
chacha20-poly1305,2048,1622,140300
chacha20-poly1305,2048,1623,89700
chacha20-poly1305,2048,1624,94400
chacha20-poly1305,2048,1625,79800
chacha20-poly1305,2048,1626,72700
chacha20-poly1305,2048,1627,42800
chacha20-poly1305,2048,1628,57000
chacha20-poly1305,2048,1629,98600
chacha20-poly1305,2048,1630,60400
chacha20-poly1305,2048,1631,112500
chacha20-poly1305,2048,1632,43100
chacha20-poly1305,2048,1633,39400
chacha20-poly1305,2048,1634,32900
chacha20-poly1305,2048,1635,32500
chacha20-poly1305,2048,1636,31900
chacha20-poly1305,2048,1637,32400
chacha20-poly1305,2048,1638,32300
chacha20-poly1305,2048,1639,73800
chacha20-poly1305,2048,1640,42400
chacha20-poly1305,2048,1641,33000
chacha20-poly1305,2048,1642,31500
chacha20-poly1305,2048,1643,30900
chacha20-poly1305,2048,1644,31500
chacha20-poly1305,2048,1645,30800
chacha20-poly1305,2048,1646,30800
chacha20-poly1305,2048,1647,31000
chacha20-poly1305,2048,1648,30900
chacha20-poly1305,2048,1649,30600
chacha20-poly1305,2048,1650,30600
chacha20-poly1305,2048,1651,31200
chacha20-poly1305,2048,1652,30500
chacha20-poly1305,2048,1653,30800
chacha20-poly1305,2048,1654,30800
chacha20-poly1305,2048,1655,30800
chacha20-poly1305,2048,1656,30600
chacha20-poly1305,2048,1657,30800
chacha20-poly1305,2048,1658,47400
chacha20-poly1305,2048,1659,107000
chacha20-poly1305,2048,1660,105600
chacha20-poly1305,2048,1661,105300
chacha20-poly1305,2048,1662,79200
chacha20-poly1305,2048,1663,104500
chacha20-poly1305,2048,1664,87800
chacha20-poly1305,2048,1665,42100
chacha20-poly1305,2048,1666,55100
chacha20-poly1305,2048,1667,57700
chacha20-poly1305,2048,1668,36100
chacha20-poly1305,2048,1669,33400
chacha20-poly1305,2048,1670,32100
chacha20-poly1305,2048,1671,91200
chacha20-poly1305,2048,1672,61200
chacha20-poly1305,2048,1673,34800
chacha20-poly1305,2048,1674,31500
chacha20-poly1305,2048,1675,31200
chacha20-poly1305,2048,1676,31500
chacha20-poly1305,2048,1677,31100
chacha20-poly1305,2048,1678,31000
chacha20-poly1305,2048,1679,123300
chacha20-poly1305,2048,1680,101600
chacha20-poly1305,2048,1681,41700
chacha20-poly1305,2048,1682,70300
chacha20-poly1305,2048,1683,68700
chacha20-poly1305,2048,1684,68900
chacha20-poly1305,2048,1685,66900
chacha20-poly1305,2048,1686,55500
chacha20-poly1305,2048,1687,77200
chacha20-poly1305,2048,1688,54400
chacha20-poly1305,2048,1689,38400
chacha20-poly1305,2048,1690,32000
chacha20-poly1305,2048,1691,31700
chacha20-poly1305,2048,1692,30800
chacha20-poly1305,2048,1693,30900
chacha20-poly1305,2048,1694,86400
chacha20-poly1305,2048,1695,92000
chacha20-poly1305,2048,1696,42500
chacha20-poly1305,2048,1697,32900
chacha20-poly1305,2048,1698,31900
chacha20-poly1305,2048,1699,31200
chacha20-poly1305,2048,1700,30700
chacha20-poly1305,2048,1701,31500
chacha20-poly1305,2048,1702,37900
chacha20-poly1305,2048,1703,34000
chacha20-poly1305,2048,1704,31700
chacha20-poly1305,2048,1705,31000
chacha20-poly1305,2048,1706,30500
chacha20-poly1305,2048,1707,30900
chacha20-poly1305,2048,1708,30400
chacha20-poly1305,2048,1709,50100
chacha20-poly1305,2048,1710,96800
chacha20-poly1305,2048,1711,60200
chacha20-poly1305,2048,1712,84500
chacha20-poly1305,2048,1713,86900
chacha20-poly1305,2048,1714,66600
chacha20-poly1305,2048,1715,107400
chacha20-poly1305,2048,1716,106700
chacha20-poly1305,2048,1717,106400
chacha20-poly1305,2048,1718,89000
chacha20-poly1305,2048,1719,62300
chacha20-poly1305,2048,1720,99900
chacha20-poly1305,2048,1721,95000
chacha20-poly1305,2048,1722,117400
chacha20-poly1305,2048,1723,92600
chacha20-poly1305,2048,1724,59100
chacha20-poly1305,2048,1725,35700
chacha20-poly1305,2048,1726,88400
chacha20-poly1305,2048,1727,110200
chacha20-poly1305,2048,1728,87700
chacha20-poly1305,2048,1729,40900
chacha20-poly1305,2048,1730,53200
chacha20-poly1305,2048,1731,50900
chacha20-poly1305,2048,1732,37900
chacha20-poly1305,2048,1733,36000
chacha20-poly1305,2048,1734,72600
chacha20-poly1305,2048,1735,38300
chacha20-poly1305,2048,1736,58600
chacha20-poly1305,2048,1737,87700
chacha20-poly1305,2048,1738,43400
chacha20-poly1305,2048,1739,34900
chacha20-poly1305,2048,1740,51600
chacha20-poly1305,2048,1741,88000
chacha20-poly1305,2048,1742,46100
chacha20-poly1305,2048,1743,86900
chacha20-poly1305,2048,1744,93400
chacha20-poly1305,2048,1745,71900
chacha20-poly1305,2048,1746,67600
chacha20-poly1305,2048,1747,37100
chacha20-poly1305,2048,1748,32700
chacha20-poly1305,2048,1749,32500
chacha20-poly1305,2048,1750,32100
chacha20-poly1305,2048,1751,34000
chacha20-poly1305,2048,1752,54800
chacha20-poly1305,2048,1753,99800
chacha20-poly1305,2048,1754,57600
chacha20-poly1305,2048,1755,35800
chacha20-poly1305,2048,1756,73400
chacha20-poly1305,2048,1757,60600
chacha20-poly1305,2048,1758,59300
chacha20-poly1305,2048,1759,72700
chacha20-poly1305,2048,1760,34800
chacha20-poly1305,2048,1761,54600
chacha20-poly1305,2048,1762,104400
chacha20-poly1305,2048,1763,72700
chacha20-poly1305,2048,1764,54900
chacha20-poly1305,2048,1765,36400
chacha20-poly1305,2048,1766,33200
chacha20-poly1305,2048,1767,32500
chacha20-poly1305,2048,1768,31900
chacha20-poly1305,2048,1769,31900
chacha20-poly1305,2048,1770,32600
chacha20-poly1305,2048,1771,32100
chacha20-poly1305,2048,1772,32400
chacha20-poly1305,2048,1773,32100
chacha20-poly1305,2048,1774,32300
chacha20-poly1305,2048,1775,31700
chacha20-poly1305,2048,1776,32200
chacha20-poly1305,2048,1777,96100
chacha20-poly1305,2048,1778,52700
chacha20-poly1305,2048,1779,33300
chacha20-poly1305,2048,1780,31800
chacha20-poly1305,2048,1781,32400
chacha20-poly1305,2048,1782,32400
chacha20-poly1305,2048,1783,32100
chacha20-poly1305,2048,1784,31800
chacha20-poly1305,2048,1785,52200
chacha20-poly1305,2048,1786,51400
chacha20-poly1305,2048,1787,36600
chacha20-poly1305,2048,1788,32100
chacha20-poly1305,2048,1789,31400
chacha20-poly1305,2048,1790,32900
chacha20-poly1305,2048,1791,30800
chacha20-poly1305,2048,1792,31400
chacha20-poly1305,2048,1793,30500
chacha20-poly1305,2048,1794,30800
chacha20-poly1305,2048,1795,30800
chacha20-poly1305,2048,1796,30300
chacha20-poly1305,2048,1797,30900
chacha20-poly1305,2048,1798,30900
chacha20-poly1305,2048,1799,30700
chacha20-poly1305,2048,1800,30600
chacha20-poly1305,2048,1801,30900
chacha20-poly1305,2048,1802,30400
chacha20-poly1305,2048,1803,30700
chacha20-poly1305,2048,1804,31000
chacha20-poly1305,2048,1805,30400
chacha20-poly1305,2048,1806,82700
chacha20-poly1305,2048,1807,110500
chacha20-poly1305,2048,1808,102100
chacha20-poly1305,2048,1809,92200
chacha20-poly1305,2048,1810,93800
chacha20-poly1305,2048,1811,98800
chacha20-poly1305,2048,1812,61800
chacha20-poly1305,2048,1813,35300
chacha20-poly1305,2048,1814,70400
chacha20-poly1305,2048,1815,43400
chacha20-poly1305,2048,1816,34000
chacha20-poly1305,2048,1817,33300
chacha20-poly1305,2048,1818,32300
chacha20-poly1305,2048,1819,69600
chacha20-poly1305,2048,1820,40200
chacha20-poly1305,2048,1821,32400
chacha20-poly1305,2048,1822,31300
chacha20-poly1305,2048,1823,30200
chacha20-poly1305,2048,1824,31000
chacha20-poly1305,2048,1825,30500
chacha20-poly1305,2048,1826,32600
chacha20-poly1305,2048,1827,32200
chacha20-poly1305,2048,1828,71600
chacha20-poly1305,2048,1829,42100
chacha20-poly1305,2048,1830,32900
chacha20-poly1305,2048,1831,31000
chacha20-poly1305,2048,1832,30800
chacha20-poly1305,2048,1833,30800
chacha20-poly1305,2048,1834,31000
chacha20-poly1305,2048,1835,30700
chacha20-poly1305,2048,1836,31500
chacha20-poly1305,2048,1837,30900
chacha20-poly1305,2048,1838,30500
chacha20-poly1305,2048,1839,30700
chacha20-poly1305,2048,1840,30900
chacha20-poly1305,2048,1841,30400
chacha20-poly1305,2048,1842,31100
chacha20-poly1305,2048,1843,30400
chacha20-poly1305,2048,1844,30900
chacha20-poly1305,2048,1845,30600
chacha20-poly1305,2048,1846,30700
chacha20-poly1305,2048,1847,30400
chacha20-poly1305,2048,1848,30400
chacha20-poly1305,2048,1849,30900
chacha20-poly1305,2048,1850,30300
chacha20-poly1305,2048,1851,32900
chacha20-poly1305,2048,1852,49800
chacha20-poly1305,2048,1853,107900
chacha20-poly1305,2048,1854,58500
chacha20-poly1305,2048,1855,56500
chacha20-poly1305,2048,1856,104200
chacha20-poly1305,2048,1857,60000
chacha20-poly1305,2048,1858,34600
chacha20-poly1305,2048,1859,31100
chacha20-poly1305,2048,1860,31500
chacha20-poly1305,2048,1861,30800
chacha20-poly1305,2048,1862,30700
chacha20-poly1305,2048,1863,30800
chacha20-poly1305,2048,1864,31600
chacha20-poly1305,2048,1865,30500
chacha20-poly1305,2048,1866,30600
chacha20-poly1305,2048,1867,31100
chacha20-poly1305,2048,1868,30300
chacha20-poly1305,2048,1869,31100
chacha20-poly1305,2048,1870,30400
chacha20-poly1305,2048,1871,30800
chacha20-poly1305,2048,1872,30700
chacha20-poly1305,2048,1873,30700
chacha20-poly1305,2048,1874,30600
chacha20-poly1305,2048,1875,30500
chacha20-poly1305,2048,1876,31200
chacha20-poly1305,2048,1877,30400
chacha20-poly1305,2048,1878,31500
chacha20-poly1305,2048,1879,30600
chacha20-poly1305,2048,1880,30600
chacha20-poly1305,2048,1881,30400
chacha20-poly1305,2048,1882,31000
chacha20-poly1305,2048,1883,30500
chacha20-poly1305,2048,1884,30900
chacha20-poly1305,2048,1885,31100
chacha20-poly1305,2048,1886,30400
chacha20-poly1305,2048,1887,31000
chacha20-poly1305,2048,1888,30900
chacha20-poly1305,2048,1889,30700
chacha20-poly1305,2048,1890,30600
chacha20-poly1305,2048,1891,30900
chacha20-poly1305,2048,1892,30400
chacha20-poly1305,2048,1893,30500
chacha20-poly1305,2048,1894,30900
chacha20-poly1305,2048,1895,30300
chacha20-poly1305,2048,1896,31100
chacha20-poly1305,2048,1897,30700
chacha20-poly1305,2048,1898,30500
chacha20-poly1305,2048,1899,30800
chacha20-poly1305,2048,1900,30800
chacha20-poly1305,2048,1901,30100
chacha20-poly1305,2048,1902,30500
chacha20-poly1305,2048,1903,30700
chacha20-poly1305,2048,1904,30500
chacha20-poly1305,2048,1905,31000
chacha20-poly1305,2048,1906,30800
chacha20-poly1305,2048,1907,30600
chacha20-poly1305,2048,1908,30600
chacha20-poly1305,2048,1909,31000
chacha20-poly1305,2048,1910,30500
chacha20-poly1305,2048,1911,30300
chacha20-poly1305,2048,1912,30900
chacha20-poly1305,2048,1913,30200
chacha20-poly1305,2048,1914,32700
chacha20-poly1305,2048,1915,30600
chacha20-poly1305,2048,1916,30700
chacha20-poly1305,2048,1917,31600
chacha20-poly1305,2048,1918,30900
chacha20-poly1305,2048,1919,30300
chacha20-poly1305,2048,1920,30700
chacha20-poly1305,2048,1921,30700
chacha20-poly1305,2048,1922,30600
chacha20-poly1305,2048,1923,30600
chacha20-poly1305,2048,1924,30700
chacha20-poly1305,2048,1925,30600
chacha20-poly1305,2048,1926,30400
chacha20-poly1305,2048,1927,30800
chacha20-poly1305,2048,1928,30400
chacha20-poly1305,2048,1929,30500
chacha20-poly1305,2048,1930,30600
chacha20-poly1305,2048,1931,30400
chacha20-poly1305,2048,1932,30700
chacha20-poly1305,2048,1933,30500
chacha20-poly1305,2048,1934,30600
chacha20-poly1305,2048,1935,30600
chacha20-poly1305,2048,1936,30800
chacha20-poly1305,2048,1937,30600
chacha20-poly1305,2048,1938,30600
chacha20-poly1305,2048,1939,132700
chacha20-poly1305,2048,1940,142300
chacha20-poly1305,2048,1941,68300
chacha20-poly1305,2048,1942,95600
chacha20-poly1305,2048,1943,41300
chacha20-poly1305,2048,1944,33000
chacha20-poly1305,2048,1945,76700
chacha20-poly1305,2048,1946,119800
chacha20-poly1305,2048,1947,59900
chacha20-poly1305,2048,1948,35000
chacha20-poly1305,2048,1949,32000
chacha20-poly1305,2048,1950,31400
chacha20-poly1305,2048,1951,30800
chacha20-poly1305,2048,1952,133000
chacha20-poly1305,2048,1953,110300
chacha20-poly1305,2048,1954,115800
chacha20-poly1305,2048,1955,72500
chacha20-poly1305,2048,1956,92800
chacha20-poly1305,2048,1957,41900
chacha20-poly1305,2048,1958,32700
chacha20-poly1305,2048,1959,31800
chacha20-poly1305,2048,1960,31200
chacha20-poly1305,2048,1961,31800
chacha20-poly1305,2048,1962,31100
chacha20-poly1305,2048,1963,30700
chacha20-poly1305,2048,1964,30500
chacha20-poly1305,2048,1965,30400
chacha20-poly1305,2048,1966,30700
chacha20-poly1305,2048,1967,30100
chacha20-poly1305,2048,1968,30700
chacha20-poly1305,2048,1969,30700
chacha20-poly1305,2048,1970,30600
chacha20-poly1305,2048,1971,30800
chacha20-poly1305,2048,1972,30600
chacha20-poly1305,2048,1973,30600
chacha20-poly1305,2048,1974,30500
chacha20-poly1305,2048,1975,30500
chacha20-poly1305,2048,1976,30100
chacha20-poly1305,2048,1977,30900
chacha20-poly1305,2048,1978,30600
chacha20-poly1305,2048,1979,30800
chacha20-poly1305,2048,1980,30300
chacha20-poly1305,2048,1981,31500
chacha20-poly1305,2048,1982,34300
chacha20-poly1305,2048,1983,30500
chacha20-poly1305,2048,1984,30900
chacha20-poly1305,2048,1985,30100
chacha20-poly1305,2048,1986,30600
chacha20-poly1305,2048,1987,30500
chacha20-poly1305,2048,1988,30600
chacha20-poly1305,2048,1989,30400
chacha20-poly1305,2048,1990,30700
chacha20-poly1305,2048,1991,30400
chacha20-poly1305,2048,1992,30600
chacha20-poly1305,2048,1993,31100
chacha20-poly1305,2048,1994,30300
chacha20-poly1305,2048,1995,30700
chacha20-poly1305,2048,1996,30600
chacha20-poly1305,2048,1997,30600
chacha20-poly1305,2048,1998,30400
chacha20-poly1305,2048,1999,30900
